Cliente;Direccion;Localidad;FechaComprobante;FechaEntrega;FechaCarga;NroComprobante;TipoDeVenta;Empresa;Codigo;CantBase;ImporteNetoItem;ImporteItem;RazonSocial;MotivoDevolucion;Descuento;CodVendedor;Vendedor;RutaPreventa;Articulo;NetoItem;Reparto;ComentarioInterno;Ramo;Subramo;PrecioCosto;Chofer;valorDescuento;Mon_Simbolo;Mon_Decimales;Proveedor;PesoKg;ImpuestoInterno;CondicionPago;FechaLiquidacion;ComboCodigo;Marca;Linea;Sabor;Calibre;Familia;Rubro;Tags;Promociones;SegmentoRentabilidad;CodSupervisor;NomSupervisor;Origen;ComprobanteReferencia;Etiqueta;VentaDirecta;NumeroVenta;Pendiente;ListaPrecio;Taxonomia;OrdenPreparacion;FechaPreparacion;Bodeguistas;EtiquetaItem;UnidadFactor;PesoKgReal;NetoItemReal
27773;LAS FLORES 454;WILDE;2026-10-02;02-10-2026;28-09-2026;FAC-A-130127;Venta;LAGOPUELO S.A;61046;15,00;22306,05;26990,32;GABRIEL GERMAN ROSSO;;18,00 %;30;Oriana Songini;;Aydn RopQuitMnch BlncInt 15/1l;1487,07;3409;;georgalos-803;Perfumeria;1395,00;SIMON OLIVERA;;$;2;GRUPO AYUDIN ARGENTINA S.A;;;CON;;;;;;;LAVADO DE ROPA;;;;;25;JOHANA VIGIL;AXUM;;;False;130127;0;1;;;;;;1;;1487,07
27773;LAS FLORES 454;WILDE;2026-10-02;02-10-2026;28-09-2026;FAC-A-130127;Venta;LAGOPUELO S.A;36003;32,00;55648,00;67334,08;GABRIEL GERMAN ROSSO;;20,00 %;30;Oriana Songini;;AYDN LAVDNA OR 25g/l 8/2l;1739,00;3409;;georgalos-803;Perfumeria;1739,00;SIMON OLIVERA;;$;2;GRUPO AYUDIN ARGENTINA S.A;;;CON;;;;;;;LAVANDINA;;;;;25;JOHANA VIGIL;AXUM;;;False;130127;0;1;;;;;;1;;1739,00
27773;LAS FLORES 454;WILDE;2026-10-02;02-10-2026;28-09-2026;FAC-A-130127;Venta;LAGOPUELO S.A;17927;30,00;25470,00;30818,70;GABRIEL GERMAN ROSSO;;20,00 %;30;Oriana Songini;;AYDN LAVDNA OR 15/1L;849,00;3409;;georgalos-803;Perfumeria;849,00;SIMON OLIVERA;;$;2;GRUPO AYUDIN ARGENTINA S.A;;;CON;;;;;;;LAVANDINA;;;;;25;JOHANA VIGIL;AXUM;;;False;130127;0;1;;;;;;1;;849,00
27773;LAS FLORES 454;WILDE;2026-10-02;02-10-2026;28-09-2026;FAC-A-130127;Venta;LAGOPUELO S.A;22963;6,00;24577,80;29739,14;GABRIEL GERMAN ROSSO;;0,00 %;30;Oriana Songini;;Tren Oxi Trig EftEspma 12/500ml;4096,30;3409;;georgalos-803;Perfumeria;3151,00;SIMON OLIVERA;;$;2;GRUPO AYUDIN ARGENTINA S.A;;;CON;;;;;;;AERO POETT;;;;;25;JOHANA VIGIL;AXUM;;;False;130127;0;1;;;;;;1;;4096,30
27773;LAS FLORES 454;WILDE;2026-10-02;02-10-2026;28-09-2026;FAC-A-130127;Venta;LAGOPUELO S.A;21313;12,00;23629,32;28591,48;GABRIEL GERMAN ROSSO;;10,00 %;30;Oriana Songini;;Tren Bol 72/120ml;1969,11;3409;;georgalos-803;Perfumeria;1683,00;SIMON OLIVERA;;$;2;GRUPO AYUDIN ARGENTINA S.A;;;CON;;;;;;;LAVADO DE ROPA;;;;;25;JOHANA VIGIL;AXUM;;;False;130127;0;1;;;;;;1;;1969,11
27660;TUYUTI - (TRADICIONAL) 1098;EZEIZA;2026-10-01;01-10-2026;29-09-2026;FAC-A-130299;Venta;LAGOPUELO S.A;34320;4,00;5250,69;6353,33;FABRICIO ESCURRA ILJUSZYK;;20,00 %;075;Julieta Yegros;;Poett Desinf. Frescura de Lavanda 900ml;1312,67;3395;;3;Autoservicio B;1292,00;LEONARDO SANTA CRUZ;;$;2;GRUPO AYUDIN ARGENTINA S.A;;;CON;;;;;;;PISO;;;;;300;Bruno Centurion;AXUM;;;False;130299;0;1;;;;;;1;;1312,67
27660;TUYUTI - (TRADICIONAL) 1098;EZEIZA;2026-10-01;01-10-2026;29-09-2026;FAC-A-130299;Venta;LAGOPUELO S.A;34324;4,00;5250,69;6353,33;FABRICIO ESCURRA ILJUSZYK;;20,00 %;075;Julieta Yegros;;Poett Desinf. Flores de Primavera 900ml;1312,67;3395;;3;Autoservicio B;1292,00;LEONARDO SANTA CRUZ;;$;2;GRUPO AYUDIN ARGENTINA S.A;;;CON;;;;;;;PISO;;;;;300;Bruno Centurion;AXUM;;;False;130299;0;1;;;;;;1;;1312,67
27660;TUYUTI - (TRADICIONAL) 1098;EZEIZA;2026-10-01;01-10-2026;29-09-2026;FAC-A-130299;Venta;LAGOPUELO S.A;34327;4,00;5250,69;6353,33;FABRICIO ESCURRA ILJUSZYK;;20,00 %;075;Julieta Yegros;;Poett Desinf. Solo para ti 900ml;1312,67;3395;;3;Autoservicio B;1292,00;LEONARDO SANTA CRUZ;;$;2;GRUPO AYUDIN ARGENTINA S.A;;;CON;;;;;;;PISO;;;;;300;Bruno Centurion;AXUM;;;False;130299;0;1;;;;;;1;;1312,67
27832;MADRE SELVA ESQ DEFENSA 3610;TEMPERLEY;2026-10-01;01-10-2026;29-09-2026;FAC-A-130306;Venta;ELEBES;18098;12,00;18241,20;22071,85;ISABEL CARMEN SANTUCHO;;0,00 %;063;Daniel Martin;;Mort Esp DobCara 4/24c;1520,10;3399;;2;ALMACEN;1126,00;SIMON OLIVERA;;$;2;GRUPO AYUDIN ARGENTINA S.A;;;CON;;;;;;;MORTIMER;;;;;300;Bruno Centurion;AXUM;;;False;130306;0;1;;;;;;1;;1520,10
27832;MADRE SELVA ESQ DEFENSA 3610;TEMPERLEY;2026-10-01;01-10-2026;29-09-2026;FAC-A-130306;Venta;ELEBES;36003;8,00;13912,00;16833,52;ISABEL CARMEN SANTUCHO;;20,00 %;063;Daniel Martin;;AYDN LAVDNA OR 25g/l 8/2l;1739,00;3399;;2;ALMACEN;1739,00;SIMON OLIVERA;;$;2;GRUPO AYUDIN ARGENTINA S.A;;;CON;;;;;;;LAVANDINA;;;;;300;Bruno Centurion;AXUM;;;False;130306;0;1;;;;;;1;;1739,00
27832;MADRE SELVA ESQ DEFENSA 3610;TEMPERLEY;2026-10-01;01-10-2026;29-09-2026;FAC-A-130306;Venta;ELEBES;32288;3,00;5518,50;6677,39;ISABEL CARMEN SANTUCHO;;0,00 %;063;Daniel Martin;;Tren Oxi DoyPk 16/400ml;1839,50;3399;;2;ALMACEN;1415,00;SIMON OLIVERA;;$;2;GRUPO AYUDIN ARGENTINA S.A;;;CON;;;;;;;LAVADO DE ROPA;;;;;300;Bruno Centurion;AXUM;;;False;130306;0;1;;;;;;1;;1839,50
23664;TOMAS A EDISON - (AUTOSERVICIOS) 555;EL JAGUEL;2026-10-01;01-10-2026;29-09-2026;FAC-A-130326;Venta;LAGOPUELO S.A;33575;16,00;28848,23;34906,36;YAN SHIYUMEI;;5,00 %;064;Karina Fernandez;;Aydn Ropa ClrViv DoyPk 16/400ml;1803,01;3395;;3;Autoservicio A;1427,00;LEONARDO SANTA CRUZ;;$;2;GRUPO AYUDIN ARGENTINA S.A;;;CON;;;;;;;LAVADO DE ROPA;;;;;300;Bruno Centurion;AXUM;;;False;130326;0;1;;;;;;1;;1803,01
23664;TOMAS A EDISON - (AUTOSERVICIOS) 555;EL JAGUEL;2026-10-01;01-10-2026;29-09-2026;FAC-A-130326;Venta;LAGOPUELO S.A;33576;16,00;28848,23;34906,36;YAN SHIYUMEI;;5,00 %;064;Karina Fernandez;;Aydn Ropa BlncSprms DoyPk 16/400ml;1803,01;3395;;3;Autoservicio A;1427,00;LEONARDO SANTA CRUZ;;$;2;GRUPO AYUDIN ARGENTINA S.A;;;CON;;;;;;;LAVADO DE ROPA;;;;;300;Bruno Centurion;AXUM;;;False;130326;0;1;;;;;;1;;1803,01
23664;TOMAS A EDISON - (AUTOSERVICIOS) 555;EL JAGUEL;2026-10-01;01-10-2026;29-09-2026;FAC-A-130326;Venta;LAGOPUELO S.A;27529;4,00;26525,52;32095,88;YAN SHIYUMEI;;0,00 %;064;Karina Fernandez;;Aydn RopClr UltrQuitMnch 12/450g;6631,38;3395;;3;Autoservicio A;4986,00;LEONARDO SANTA CRUZ;;$;2;GRUPO AYUDIN ARGENTINA S.A;;;CON;;;;;;;LAVADO DE ROPA;;;;;300;Bruno Centurion;AXUM;;;False;130326;0;1;;;;;;1;;6631,38
23664;TOMAS A EDISON - (AUTOSERVICIOS) 555;EL JAGUEL;2026-10-01;01-10-2026;29-09-2026;FAC-A-130326;Venta;LAGOPUELO S.A;27536;6,00;39788,28;48143,82;YAN SHIYUMEI;;0,00 %;064;Karina Fernandez;;Aydn RopaBlnc UltrQuitMnch 12/450g;6631,38;3395;;3;Autoservicio A;4986,00;LEONARDO SANTA CRUZ;;$;2;GRUPO AYUDIN ARGENTINA S.A;;;CON;;;;;;;LAVADO DE ROPA;;;;;300;Bruno Centurion;AXUM;;;False;130326;0;1;;;;;;1;;6631,38
23664;TOMAS A EDISON - (AUTOSERVICIOS) 555;EL JAGUEL;2026-10-01;01-10-2026;29-09-2026;FAC-A-130326;Venta;LAGOPUELO S.A;60223;8,00;18493,28;22376,87;YAN SHIYUMEI;;15,00 %;064;Karina Fernandez;;Aydn Lavda TriPod 8/2l GP2;2311,66;3395;;3;Autoservicio A;2092,00;LEONARDO SANTA CRUZ;;$;2;GRUPO AYUDIN ARGENTINA S.A;;;CON;;;;;;;LAVANDINA;;;;;300;Bruno Centurion;AXUM;;;False;130326;0;1;;;;;;1;;2311,66
23667;BOUCHARD - (AUTOSERVICIOS) 839;ESTEBAN ECHEVERR√¬çA;2026-10-01;01-10-2026;29-09-2026;FAC-A-130385;Venta;LAGOPUELO S.A;36003;280,00;444314,50;537620,55;DOS DRAGONES;;27,00 %;064;Karina Fernandez;;AYDN LAVDNA OR 25g/l 8/2l;1586,84;3395;;3;Autoservicio A;1739,00;LEONARDO SANTA CRUZ;;$;2;GRUPO AYUDIN ARGENTINA S.A;;;CON;;;;;;;LAVANDINA;;;;;300;Bruno Centurion;AXUM;;;False;130385;0;1;;;;;;1;;1586,84
3878;LOS PLATANOS E/CASUARIAS Y ANCHORIS - (SAN JOSE) - (TRADICIONAL) 364;TEMPERLEY;2026-10-01;01-10-2026;29-09-2026;FAC-A-130399;Venta;ELEBES;24649;12,00;16598,40;20084,06;DAIANA MIRIAM DIAZ;;0,00 %;063;Daniel Martin;;Poett PastDesod 12/25g GP2;1383,20;3399;;2;ALMACEN;1064,00;SIMON OLIVERA;;$;2;GRUPO AYUDIN ARGENTINA S.A;;;CON;;;;;;;BAÒO;;;;;300;Bruno Centurion;AXUM;;;False;130399;0;1;;;;;;1;;1383,20
3878;LOS PLATANOS E/CASUARIAS Y ANCHORIS - (SAN JOSE) - (TRADICIONAL) 364;TEMPERLEY;2026-10-01;01-10-2026;29-09-2026;FAC-A-130399;Venta;ELEBES;61621;2,00;5456,23;6602,04;DAIANA MIRIAM DIAZ;;5,00 %;063;Daniel Martin;;Aydn Coc† Pod Act Or† Gat 12/500ml;2728,12;3399;;2;ALMACEN;2209,00;SIMON OLIVERA;;$;2;GRUPO AYUDIN ARGENTINA S.A;;;CON;;;;;;;COCINA;;;;;300;Bruno Centurion;AXUM;;;False;130399;0;1;;;;;;1;;2728,12
3878;LOS PLATANOS E/CASUARIAS Y ANCHORIS - (SAN JOSE) - (TRADICIONAL) 364;TEMPERLEY;2026-10-01;01-10-2026;29-09-2026;FAC-A-130399;Venta;ELEBES;33576;6,00;10818,09;13089,89;DAIANA MIRIAM DIAZ;;5,00 %;063;Daniel Martin;;Aydn Ropa BlncSprms DoyPk 16/400ml;1803,01;3399;;2;ALMACEN;1427,00;SIMON OLIVERA;;$;2;GRUPO AYUDIN ARGENTINA S.A;;;CON;;;;;;;LAVADO DE ROPA;;;;;300;Bruno Centurion;AXUM;;;False;130399;0;1;;;;;;1;;1803,01
27464;Diego Laure - (AUTOSERVICIOS) 278;EZEIZA;2026-10-01;01-10-2026;29-09-2026;FAC-A-130466;Venta;LAGOPUELO S.A;61577;16,00;22565,92;27304,76;Zhang Baojin;;5,00 %;075;Julieta Yegros;;Aydn Coc† Pod Act Or† DoyPk 16/450ml;1410,37;3395;;3;Autoservicio A;1142,00;LEONARDO SANTA CRUZ;;$;2;GRUPO AYUDIN ARGENTINA S.A;;;CON;;;;;;;COCINA;;;;;300;Bruno Centurion;AXUM;;;False;130466;0;1;;;;;;1;;1410,37
27464;Diego Laure - (AUTOSERVICIOS) 278;EZEIZA;2026-10-01;01-10-2026;29-09-2026;FAC-A-130466;Venta;LAGOPUELO S.A;61620;3,00;9540,38;11543,85;Zhang Baojin;;5,00 %;075;Julieta Yegros;;Aydn Bn Limp† Act Or Gat 12/500 ml;3180,13;3395;;3;Autoservicio A;2575,00;LEONARDO SANTA CRUZ;;$;2;GRUPO AYUDIN ARGENTINA S.A;;;CON;;;;;;;BAÒO;;;;;300;Bruno Centurion;AXUM;;;False;130466;0;1;;;;;;1;;3180,13
27464;Diego Laure - (AUTOSERVICIOS) 278;EZEIZA;2026-10-01;01-10-2026;29-09-2026;FAC-A-130466;Venta;LAGOPUELO S.A;60223;8,00;18493,28;22376,87;Zhang Baojin;;15,00 %;075;Julieta Yegros;;Aydn Lavda TriPod 8/2l GP2;2311,66;3395;;3;Autoservicio A;2092,00;LEONARDO SANTA CRUZ;;$;2;GRUPO AYUDIN ARGENTINA S.A;;;CON;;;;;;;LAVANDINA;;;;;300;Bruno Centurion;AXUM;;;False;130466;0;1;;;;;;1;;2311,66
27464;Diego Laure - (AUTOSERVICIOS) 278;EZEIZA;2026-10-01;01-10-2026;29-09-2026;FAC-A-130466;Venta;LAGOPUELO S.A;60227;8,00;18493,28;22376,87;Zhang Baojin;;15,00 %;075;Julieta Yegros;;Aydn PurGlac TriPod 8/2l GP2;2311,66;3395;;3;Autoservicio A;2092,00;LEONARDO SANTA CRUZ;;$;2;GRUPO AYUDIN ARGENTINA S.A;;;CON;;;;;;;LAVANDINA;;;;;300;Bruno Centurion;AXUM;;;False;130466;0;1;;;;;;1;;2311,66
27918;GABOTO - (AUTOSERVICIOS) 5666;SAN JOSE;2026-10-01;01-10-2026;29-09-2026;FAC-A-130493;Venta;LAGOPUELO S.A;61047;8,00;23682,26;28655,53;GUAN WEI;;18,00 %;063;Daniel Martin;;Aydn RopQuitMnch BlncInt 8/2l;2960,28;3399;;3;Autoservicio A;2777,00;SIMON OLIVERA;;$;2;GRUPO AYUDIN ARGENTINA S.A;;;CON;;;;;;;LAVADO DE ROPA;;;;;300;Bruno Centurion;AXUM;;;False;130493;0;1;;;;;;1;;2960,28
23538;Frias - (AUTOSERVICIOS) 5488;SAN JOSE;2026-10-01;01-10-2026;29-09-2026;FAC-A-130515;Venta;LAGOPUELO S.A;61621;6,00;17230,20;20848,54;XUE JIANGCAIMEI;;0,00 %;063;Daniel Martin;;Aydn Coc† Pod Act Or† Gat 12/500ml;2871,70;3399;;3;Autoservicio A;2209,00;SIMON OLIVERA;;$;2;GRUPO AYUDIN ARGENTINA S.A;;;CON;;;;;;;COCINA;;;;;300;Bruno Centurion;AXUM;;;False;130515;0;1;;;;;;1;;2871,70
23774;LA CALANDRIA - (KIOSCOS/MAXI) 50;ESTEBAN ECHEVERR√¬çA;2026-10-01;01-10-2026;29-09-2026;FAC-B-130519;Venta;LAGOPUELO S.A;17927;15,00;12735,00;15409,35;BENITEZ TERESA;;20,00 %;064;Karina Fernandez;;AYDN LAVDNA OR 15/1L;849,00;3395;;2;ALMACEN;849,00;LEONARDO SANTA CRUZ;;$;2;GRUPO AYUDIN ARGENTINA S.A;;;CON;;;;;;;LAVANDINA;;;;;300;Bruno Centurion;AXUM;;;False;130519;0;1;;;;;;1;;849,00
2978;AV. MILAZZO 809 ESQUINA CNO GRAL BELGRANO 0;Berazategui;2026-10-01;01-10-2026;29-09-2026;FAC-A-130524;Venta;LAGOPUELO S.A;36003;16,00;27824,00;33667,04;MONTERO JORGE MARCELO;;20,00 %;051;Ezequiel Valente;;AYDN LAVDNA OR 25g/l 8/2l;1739,00;3397;;3;AUTOSERVICIO;1739,00;JUAN ESCOTO;;$;2;GRUPO AYUDIN ARGENTINA S.A;;;CON;;;;;;;LAVANDINA;;;;;300;Bruno Centurion;AXUM;;;False;130524;0;1;;;;;;1;;1739,00
2978;AV. MILAZZO 809 ESQUINA CNO GRAL BELGRANO 0;Berazategui;2026-10-01;01-10-2026;29-09-2026;FAC-A-130524;Venta;LAGOPUELO S.A;17927;15,00;12735,00;15409,35;MONTERO JORGE MARCELO;;20,00 %;051;Ezequiel Valente;;AYDN LAVDNA OR 15/1L;849,00;3397;;3;AUTOSERVICIO;849,00;JUAN ESCOTO;;$;2;GRUPO AYUDIN ARGENTINA S.A;;;CON;;;;;;;LAVANDINA;;;;;300;Bruno Centurion;AXUM;;;False;130524;0;1;;;;;;1;;849,00
23959;EVITA - (AUTOSERVICIOS) 362;EL JAGUEL;2026-10-01;01-10-2026;29-09-2026;FAC-A-130625;Venta;LAGOPUELO S.A;36004;3,00;13544,70;16389,09;LIN MINGHUI;;0,00 %;064;Karina Fernandez;;AYDN LAVDNA OR 25 g/l 3/4l;4514,90;3395;;3;Autoservicio A;3473,00;LEONARDO SANTA CRUZ;;$;2;GRUPO AYUDIN ARGENTINA S.A;;;CON;;;;;;;LAVANDINA;;;;;300;Bruno Centurion;AXUM;;;False;130625;0;1;;;;;;1;;4514,90
23959;EVITA - (AUTOSERVICIOS) 362;EL JAGUEL;2026-10-01;01-10-2026;29-09-2026;FAC-A-130625;Venta;LAGOPUELO S.A;60228;3,00;16419,00;19866,99;LIN MINGHUI;;0,00 %;064;Karina Fernandez;;Aydn PurGlac TriPod 3/4l GP2;5473,00;3395;;3;Autoservicio A;4210,00;LEONARDO SANTA CRUZ;;$;2;GRUPO AYUDIN ARGENTINA S.A;;;CON;;;;;;;LAVANDINA;;;;;300;Bruno Centurion;AXUM;;;False;130625;0;1;;;;;;1;;5473,00
23959;EVITA - (AUTOSERVICIOS) 362;EL JAGUEL;2026-10-01;01-10-2026;29-09-2026;FAC-A-130625;Venta;LAGOPUELO S.A;61046;15,00;23122,13;27977,77;LIN MINGHUI;;15,00 %;064;Karina Fernandez;;Aydn RopQuitMnch BlncInt 15/1l;1541,48;3395;;3;Autoservicio A;1395,00;LEONARDO SANTA CRUZ;;$;2;GRUPO AYUDIN ARGENTINA S.A;;;CON;;;;;;;LAVADO DE ROPA;;;;;300;Bruno Centurion;AXUM;;;False;130625;0;1;;;;;;1;;1541,48
23959;EVITA - (AUTOSERVICIOS) 362;EL JAGUEL;2026-10-01;01-10-2026;29-09-2026;FAC-A-130625;Venta;LAGOPUELO S.A;17927;165,00;134831,81;163146,49;LIN MINGHUI;;23,00 %;064;Karina Fernandez;;AYDN LAVDNA OR 15/1L;817,16;3395;;3;Autoservicio A;849,00;LEONARDO SANTA CRUZ;;$;2;GRUPO AYUDIN ARGENTINA S.A;;;CON;;;;;;;LAVANDINA;;;;;300;Bruno Centurion;AXUM;;;False;130625;0;1;;;;;;1;;817,16
23662;EVITA - (PERFUMERIA) 633;EL JAGUEL;2026-10-01;01-10-2026;29-09-2026;FAC-B-130645;Venta;LAGOPUELO S.A;61046;15,00;23122,13;27977,77;ELIZABETH BUSTAMANTE;;15,00 %;064;Karina Fernandez;;Aydn RopQuitMnch BlncInt 15/1l;1541,48;3395;;georgalos-803;Perfumeria;1395,00;LEONARDO SANTA CRUZ;;$;2;GRUPO AYUDIN ARGENTINA S.A;;;CON;;;;;;;LAVADO DE ROPA;;;;;300;Bruno Centurion;AXUM;;;False;130645;0;1;;;;;;1;;1541,48
106448;Moreno 116 0;Lanus;2026-10-01;01-10-2026;29-09-2026;FAC-A-130656;Venta;LAGOPUELO S.A;19859;2,00;6967,62;8430,82;Fernando Daniel Isabella;;15,00 %;30;Oriana Songini;;Poett Frgnz SedPrm 12/250ml AR;3483,81;3391;;georgalos-7;Almacen;3036,00;CLAUDIO GARCIA;;$;2;GRUPO AYUDIN ARGENTINA S.A;;;EFV;;;;;;;AERO POETT;;;;;25;JOHANA VIGIL;AXUM;;;False;130656;0;1;;;;;;1;;3483,81
106448;Moreno 116 0;Lanus;2026-10-01;01-10-2026;29-09-2026;FAC-A-130656;Venta;LAGOPUELO S.A;19860;2,00;6967,62;8430,82;Fernando Daniel Isabella;;15,00 %;30;Oriana Songini;;Poett Frgnz FrsRoc 12/250ml AR;3483,81;3391;;georgalos-7;Almacen;3036,00;CLAUDIO GARCIA;;$;2;GRUPO AYUDIN ARGENTINA S.A;;;EFV;;;;;;;AERO POETT;;;;;25;JOHANA VIGIL;AXUM;;;False;130656;0;1;;;;;;1;;3483,81
106448;Moreno 116 0;Lanus;2026-10-01;01-10-2026;29-09-2026;FAC-A-130656;Venta;LAGOPUELO S.A;19861;2,00;6967,62;8430,82;Fernando Daniel Isabella;;15,00 %;30;Oriana Songini;;Poett Frgnz Suad Alg 12/250ml AR;3483,81;3391;;georgalos-7;Almacen;3036,00;CLAUDIO GARCIA;;$;2;GRUPO AYUDIN ARGENTINA S.A;;;EFV;;;;;;;AERO POETT;;;;;25;JOHANA VIGIL;AXUM;;;False;130656;0;1;;;;;;1;;3483,81
23841;Evita - (PA√‚ÄòALERA) 883;EL JAGUEL;2026-10-01;01-10-2026;29-09-2026;FAC-A-130702;Venta;LAGOPUELO S.A;34327;12,00;15752,06;19060,00;Gonzalez Fernando;;20,00 %;064;Karina Fernandez;;Poett Desinf. Solo para ti 900ml;1312,67;3395;;OTR;PaÒalera;1292,00;LEONARDO SANTA CRUZ;;$;2;GRUPO AYUDIN ARGENTINA S.A;;;CON;;;;;;;PISO;;;;;300;Bruno Centurion;AXUM;;;False;130702;0;1;;;;;;1;;1312,67
23841;Evita - (PA√‚ÄòALERA) 883;EL JAGUEL;2026-10-01;01-10-2026;29-09-2026;FAC-A-130702;Venta;LAGOPUELO S.A;34336;12,00;15752,06;19060,00;Gonzalez Fernando;;20,00 %;064;Karina Fernandez;;Poett Dsnf SuadAlg 12/900ml;1312,67;3395;;OTR;PaÒalera;1292,00;LEONARDO SANTA CRUZ;;$;2;GRUPO AYUDIN ARGENTINA S.A;;;CON;;;;;;;PISO;;;;;300;Bruno Centurion;AXUM;;;False;130702;0;1;;;;;;1;;1312,67
23841;Evita - (PA√‚ÄòALERA) 883;EL JAGUEL;2026-10-01;01-10-2026;29-09-2026;FAC-A-130702;Venta;LAGOPUELO S.A;60386;12,00;15752,06;19060,00;Gonzalez Fernando;;20,00 %;064;Karina Fernandez;;Poett EsptPly 12/900ml;1312,67;3395;;OTR;PaÒalera;1292,00;LEONARDO SANTA CRUZ;;$;2;GRUPO AYUDIN ARGENTINA S.A;;;CON;;;;;;;PISO;;;;;300;Bruno Centurion;AXUM;;;False;130702;0;1;;;;;;1;;1312,67
23841;Evita - (PA√‚ÄòALERA) 883;EL JAGUEL;2026-10-01;01-10-2026;29-09-2026;FAC-A-130702;Venta;LAGOPUELO S.A;34324;12,00;15752,06;19060,00;Gonzalez Fernando;;20,00 %;064;Karina Fernandez;;Poett Desinf. Flores de Primavera 900ml;1312,67;3395;;OTR;PaÒalera;1292,00;LEONARDO SANTA CRUZ;;$;2;GRUPO AYUDIN ARGENTINA S.A;;;CON;;;;;;;PISO;;;;;300;Bruno Centurion;AXUM;;;False;130702;0;1;;;;;;1;;1312,67
23520;Frias - (AUTOSERVICIOS) 4168;SAN JOSE;2026-10-01;01-10-2026;29-09-2026;FAC-A-130709;Venta;LAGOPUELO S.A;33576;6,00;10818,09;13089,89;LIN JINSEN;;5,00 %;063;Daniel Martin;;Aydn Ropa BlncSprms DoyPk 16/400ml;1803,01;3399;;3;Autoservicio A;1427,00;SIMON OLIVERA;;$;2;GRUPO AYUDIN ARGENTINA S.A;;;CON;;;;;;;LAVADO DE ROPA;;;;;300;Bruno Centurion;AXUM;;;False;130709;0;1;;;;;;1;;1803,01
23520;Frias - (AUTOSERVICIOS) 4168;SAN JOSE;2026-10-01;01-10-2026;29-09-2026;FAC-A-130709;Venta;LAGOPUELO S.A;36003;8,00;13912,00;16833,52;LIN JINSEN;;20,00 %;063;Daniel Martin;;AYDN LAVDNA OR 25g/l 8/2l;1739,00;3399;;3;Autoservicio A;1739,00;SIMON OLIVERA;;$;2;GRUPO AYUDIN ARGENTINA S.A;;;CON;;;;;;;LAVANDINA;;;;;300;Bruno Centurion;AXUM;;;False;130709;0;1;;;;;;1;;1739,00
23548;AMENEDO - (AUTOSERVICIOS) 4263;SAN JOSE;2026-10-01;01-10-2026;29-09-2026;FAC-A-130710;Venta;LAGOPUELO S.A;17927;30,00;24514,88;29663,00;LIN XING;;23,00 %;063;Daniel Martin;;AYDN LAVDNA OR 15/1L;817,16;3399;;3;Autoservicio A;849,00;SIMON OLIVERA;;$;2;GRUPO AYUDIN ARGENTINA S.A;;;CON;;;;;;;LAVANDINA;;;;;300;Bruno Centurion;AXUM;;;False;130710;0;1;;;;;;1;;817,16
24104;GARAY - (AUTOSERVICIOS) 2988;TEMPERLEY;2026-10-01;01-10-2026;29-09-2026;FAC-A-130801;Venta;LAGOPUELO S.A;61576;8,00;13268,84;16055,30;JIANG HuiHui;;5,00 %;063;Daniel Martin;;Aydn Bn Limp† Act Or DoyPk 16/450ml;1658,61;3399;;3;Autoservicio A;1343,00;SIMON OLIVERA;;$;2;GRUPO AYUDIN ARGENTINA S.A;;;CON;;;;;;;BAÒO;;;;;300;Bruno Centurion;AXUM;;;False;130801;0;1;;;;;;1;;1658,61
24104;GARAY - (AUTOSERVICIOS) 2988;TEMPERLEY;2026-10-01;01-10-2026;29-09-2026;FAC-A-130801;Venta;LAGOPUELO S.A;61577;8,00;11282,96;13652,38;JIANG HuiHui;;5,00 %;063;Daniel Martin;;Aydn Coc† Pod Act Or† DoyPk 16/450ml;1410,37;3399;;3;Autoservicio A;1142,00;SIMON OLIVERA;;$;2;GRUPO AYUDIN ARGENTINA S.A;;;CON;;;;;;;COCINA;;;;;300;Bruno Centurion;AXUM;;;False;130801;0;1;;;;;;1;;1410,37
24104;GARAY - (AUTOSERVICIOS) 2988;TEMPERLEY;2026-10-01;01-10-2026;29-09-2026;FAC-A-130801;Venta;LAGOPUELO S.A;61046;8,00;11896,56;14394,84;JIANG HuiHui;;18,00 %;063;Daniel Martin;;Aydn RopQuitMnch BlncInt 15/1l;1487,07;3399;;3;Autoservicio A;1395,00;SIMON OLIVERA;;$;2;GRUPO AYUDIN ARGENTINA S.A;;;CON;;;;;;;LAVADO DE ROPA;;;;;300;Bruno Centurion;AXUM;;;False;130801;0;1;;;;;;1;;1487,07
24104;GARAY - (AUTOSERVICIOS) 2988;TEMPERLEY;2026-10-01;01-10-2026;29-09-2026;FAC-A-130801;Venta;LAGOPUELO S.A;33575;3,00;5409,04;6544,94;JIANG HuiHui;;5,00 %;063;Daniel Martin;;Aydn Ropa ClrViv DoyPk 16/400ml;1803,01;3399;;3;Autoservicio A;1427,00;SIMON OLIVERA;;$;2;GRUPO AYUDIN ARGENTINA S.A;;;CON;;;;;;;LAVADO DE ROPA;;;;;300;Bruno Centurion;AXUM;;;False;130801;0;1;;;;;;1;;1803,01
24104;GARAY - (AUTOSERVICIOS) 2988;TEMPERLEY;2026-10-01;01-10-2026;29-09-2026;FAC-A-130801;Venta;LAGOPUELO S.A;32288;6,00;11037,00;13354,77;JIANG HuiHui;;0,00 %;063;Daniel Martin;;Tren Oxi DoyPk 16/400ml;1839,50;3399;;3;Autoservicio A;1415,00;SIMON OLIVERA;;$;2;GRUPO AYUDIN ARGENTINA S.A;;;CON;;;;;;;LAVADO DE ROPA;;;;;300;Bruno Centurion;AXUM;;;False;130801;0;1;;;;;;1;;1839,50
24104;GARAY - (AUTOSERVICIOS) 2988;TEMPERLEY;2026-10-01;01-10-2026;29-09-2026;FAC-A-130801;Venta;LAGOPUELO S.A;22963;3,00;12288,90;14869,57;JIANG HuiHui;;0,00 %;063;Daniel Martin;;Tren Oxi Trig EftEspma 12/500ml;4096,30;3399;;3;Autoservicio A;3151,00;SIMON OLIVERA;;$;2;GRUPO AYUDIN ARGENTINA S.A;;;CON;;;;;;;AERO POETT;;;;;300;Bruno Centurion;AXUM;;;False;130801;0;1;;;;;;1;;4096,30
3124;C. PELLEGRINI 1024;Quilmes;2026-10-02;02-10-2026;30-09-2026;FAC-A-130920;Venta;LAGOPUELO S.A;61046;15,00;22306,05;26990,32;CHEN LIJIAN;;18,00 %;054;Leonel Caruso;;Aydn RopQuitMnch BlncInt 15/1l;1487,07;3413;;3;AUTOSERVICIO;1395,00;HERNAN RIVERO;;$;2;GRUPO AYUDIN ARGENTINA S.A;;;CON;;;;;;;LAVADO DE ROPA;;;;;300;Bruno Centurion;AXUM;;;False;130920;0;1;;;;;;1;;1487,07
5674;AV. MEEKS E/Cnel Pringles Y J.M.Fern√°ndez - (Autoservicio) 639;TEMPERLEY;2026-10-01;01-10-2026;30-09-2026;FAC-A-130924;Venta;LAGOPUELO S.A;61731;6,00;20145,41;24375,94;FANNY YAN;;15,00 %;073;Florencia Cubilla;;Sltn MataCuca Aer AccProl 6/360ml BA;3357,57;3393;;3;Autoservicio B;3086,00;MARIANO SOSA;;$;2;GRUPO AYUDIN ARGENTINA S.A;;;CON;;;;;;;SELTON;;;;;300;Bruno Centurion;AXUM;;;False;130924;0;1;;;;;;1;;3357,57
5674;AV. MEEKS E/Cnel Pringles Y J.M.Fern√°ndez - (Autoservicio) 639;TEMPERLEY;2026-10-01;01-10-2026;30-09-2026;FAC-A-130924;Venta;LAGOPUELO S.A;61577;16,00;22565,92;27304,76;FANNY YAN;;5,00 %;073;Florencia Cubilla;;Aydn Coc† Pod Act Or† DoyPk 16/450ml;1410,37;3393;;3;Autoservicio B;1142,00;MARIANO SOSA;;$;2;GRUPO AYUDIN ARGENTINA S.A;;;CON;;;;;;;COCINA;;;;;300;Bruno Centurion;AXUM;;;False;130924;0;1;;;;;;1;;1410,37
5674;AV. MEEKS E/Cnel Pringles Y J.M.Fern√°ndez - (Autoservicio) 639;TEMPERLEY;2026-10-01;01-10-2026;30-09-2026;FAC-A-130924;Venta;LAGOPUELO S.A;60234;15,00;37086,05;44874,12;FANNY YAN;;15,00 %;073;Florencia Cubilla;;Aydn Lavdna Gel Ctra 15/700ml GP2;2472,40;3393;;3;Autoservicio B;2187,00;MARIANO SOSA;;$;2;GRUPO AYUDIN ARGENTINA S.A;;;CON;;;;;;;LAVANDINA;;;;;300;Bruno Centurion;AXUM;;;False;130924;0;1;;;;;;1;;2472,40
5674;AV. MEEKS E/Cnel Pringles Y J.M.Fern√°ndez - (Autoservicio) 639;TEMPERLEY;2026-10-01;01-10-2026;30-09-2026;FAC-A-130924;Venta;LAGOPUELO S.A;60239;15,00;37086,05;44874,12;FANNY YAN;;15,00 %;073;Florencia Cubilla;;Aydn Lavdna Gel MntFrs 15/700ml GP2;2472,40;3393;;3;Autoservicio B;2187,00;MARIANO SOSA;;$;2;GRUPO AYUDIN ARGENTINA S.A;;;CON;;;;;;;LAVANDINA;;;;;300;Bruno Centurion;AXUM;;;False;130924;0;1;;;;;;1;;2472,40
5674;AV. MEEKS E/Cnel Pringles Y J.M.Fern√°ndez - (Autoservicio) 639;TEMPERLEY;2026-10-01;01-10-2026;30-09-2026;FAC-A-130924;Venta;LAGOPUELO S.A;60240;15,00;37086,05;44874,12;FANNY YAN;;15,00 %;073;Florencia Cubilla;;Aydn Lavdna Gel Lavda EXPRT 15/700ml GP2;2472,40;3393;;3;Autoservicio B;2187,00;MARIANO SOSA;;$;2;GRUPO AYUDIN ARGENTINA S.A;;;CON;;;;;;;LAVANDINA;;;;;300;Bruno Centurion;AXUM;;;False;130924;0;1;;;;;;1;;2472,40
5674;AV. MEEKS E/Cnel Pringles Y J.M.Fern√°ndez - (Autoservicio) 639;TEMPERLEY;2026-10-01;01-10-2026;30-09-2026;FAC-A-130924;Venta;LAGOPUELO S.A;32288;16,00;29432,00;35612,72;FANNY YAN;;0,00 %;073;Florencia Cubilla;;Tren Oxi DoyPk 16/400ml;1839,50;3393;;3;Autoservicio B;1415,00;MARIANO SOSA;;$;2;GRUPO AYUDIN ARGENTINA S.A;;;CON;;;;;;;LAVADO DE ROPA;;;;;300;Bruno Centurion;AXUM;;;False;130924;0;1;;;;;;1;;1839,50
5674;AV. MEEKS E/Cnel Pringles Y J.M.Fern√°ndez - (Autoservicio) 639;TEMPERLEY;2026-10-01;01-10-2026;30-09-2026;FAC-A-130924;Venta;LAGOPUELO S.A;22963;6,00;24577,80;29739,14;FANNY YAN;;0,00 %;073;Florencia Cubilla;;Tren Oxi Trig EftEspma 12/500ml;4096,30;3393;;3;Autoservicio B;3151,00;MARIANO SOSA;;$;2;GRUPO AYUDIN ARGENTINA S.A;;;CON;;;;;;;AERO POETT;;;;;300;Bruno Centurion;AXUM;;;False;130924;0;1;;;;;;1;;4096,30
5674;AV. MEEKS E/Cnel Pringles Y J.M.Fern√°ndez - (Autoservicio) 639;TEMPERLEY;2026-10-01;01-10-2026;30-09-2026;FAC-A-130924;Venta;LAGOPUELO S.A;22057;12,00;18928,56;22903,56;FANNY YAN;;0,00 %;073;Florencia Cubilla;;Pluz Pino 12/900ml;1577,38;3393;;3;Autoservicio B;1186,00;MARIANO SOSA;;$;2;GRUPO AYUDIN ARGENTINA S.A;;;CON;;;;;;;PISO;;;;;300;Bruno Centurion;AXUM;;;False;130924;0;1;;;;;;1;;1577,38
29278;BOUCHARD - (TRADICIONAL) 1829;LANUS;2026-10-02;02-10-2026;30-09-2026;FAC-A-130938;Venta;ELEBES;17927;15,00;12735,00;15409,35;GABRIELA ALEJANDRA LARRINAGA;;20,00 %;26;Sabrina Pereyra;;AYDN LAVDNA OR 15/1L;849,00;3408;;2;ALMACEN;849,00;CLAUDIO GARCIA;;$;2;GRUPO AYUDIN ARGENTINA S.A;;;CON;;;;;;;LAVANDINA;;;;;25;JOHANA VIGIL;AXUM;;;False;130938;0;1;;;;;;1;;849,00
5649;GABOTO 4436;Almirante Brown;2026-10-01;01-10-2026;30-09-2026;FAC-A-130945;Venta;LAGOPUELO S.A;61301;16,00;30700,80;37147,97;shi zhangmei;;0,00 %;063;Daniel Martin;;Ayudin Expert Dsnf. Multisup Doypack 16/450m;1918,80;3399;;3;Autoservicio B;1476,00;SIMON OLIVERA;;$;2;GRUPO AYUDIN ARGENTINA S.A;;;CON;;;;;;;AERO AYUDIN;;;;;300;Bruno Centurion;AXUM;;;False;130945;0;1;;;;;;1;;1918,80
5649;GABOTO 4436;Almirante Brown;2026-10-01;01-10-2026;30-09-2026;FAC-A-130945;Venta;LAGOPUELO S.A;50001;6,00;11712,60;14172,25;shi zhangmei;;0,00 %;063;Daniel Martin;;Trenet Power Pr QuitManchas 24/120gr;1952,10;3399;;3;Autoservicio B;1446,00;SIMON OLIVERA;;$;2;GRUPO AYUDIN ARGENTINA S.A;;;CON;;;;;;;LAVADO DE ROPA;;;;;300;Bruno Centurion;AXUM;;;False;130945;0;1;;;;;;1;;1952,10
5649;GABOTO 4436;Almirante Brown;2026-10-01;01-10-2026;30-09-2026;FAC-A-130945;Venta;LAGOPUELO S.A;50087;6,00;20902,86;25292,46;shi zhangmei;;15,00 %;063;Daniel Martin;;Poett Frgnz Huellitas 12/250ml AR;3483,81;3399;;3;Autoservicio B;3036,00;SIMON OLIVERA;;$;2;GRUPO AYUDIN ARGENTINA S.A;;;CON;;;;;;;AERO POETT;;;;;300;Bruno Centurion;AXUM;;;False;130945;0;1;;;;;;1;;3483,81
5649;GABOTO 4436;Almirante Brown;2026-10-01;01-10-2026;30-09-2026;FAC-A-130945;Venta;LAGOPUELO S.A;61814;6,00;22452,75;27167,83;shi zhangmei;;15,00 %;063;Daniel Martin;;Sltn MataMosq Aer s/OlrQmc 6/360ml BA;3742,13;3399;;3;Autoservicio B;3522,00;SIMON OLIVERA;;$;2;GRUPO AYUDIN ARGENTINA S.A;;;CON;;;;;;;SELTON;;;;;300;Bruno Centurion;AXUM;;;False;130945;0;1;;;;;;1;;3742,13
27484;Luzuriaga - (AUTOSERVICIOS) 631;LAVALLOL;2026-10-02;02-10-2026;30-09-2026;FAC-A-130948;Venta;ELEBES;36027;5,00;3152,25;3814,22;Autoservicio Virginia;;0,00 %;074;Romina Baez;;Mort ESPON LISITA 8/12CT;630,45;3416;;OTR;SIN SUB;467,00;NAHUEL MONTOYA;;$;2;GRUPO AYUDIN ARGENTINA S.A;;;CON;;;;;;;MORTIMER;;;;;300;Bruno Centurion;AXUM;;;False;130948;0;1;;;;;;1;;630,45
27475;La Merced - (AUTOSERVICIOS) 114;EZEIZA;2026-10-06;06-10-2026;30-09-2026;FAC-A-130953;Venta;LAGOPUELO S.A;61576;8,00;13268,84;16055,30;CHEN LINHUI;;5,00 %;075;Julieta Yegros;;Aydn Bn Limp† Act Or DoyPk 16/450ml;1658,61;3446;;3;Autoservicio A;1343,00;IVAN MONTOYA;;$;2;GRUPO AYUDIN ARGENTINA S.A;;;CON;;;;;;;BAÒO;;;;;300;Bruno Centurion;AXUM;;;False;130953;0;1;;;;;;1;;1658,61
27475;La Merced - (AUTOSERVICIOS) 114;EZEIZA;2026-10-06;06-10-2026;30-09-2026;FAC-A-130953;Venta;LAGOPUELO S.A;61577;8,00;11282,96;13652,38;CHEN LINHUI;;5,00 %;075;Julieta Yegros;;Aydn Coc† Pod Act Or† DoyPk 16/450ml;1410,37;3446;;3;Autoservicio A;1142,00;IVAN MONTOYA;;$;2;GRUPO AYUDIN ARGENTINA S.A;;;CON;;;;;;;COCINA;;;;;300;Bruno Centurion;AXUM;;;False;130953;0;1;;;;;;1;;1410,37
27513;M Arrotea - (TRADICIONAL) 2102;LOMAS DE ZAMORA;2026-10-01;01-10-2026;30-09-2026;FAC-A-130958;Venta;LAGOPUELO S.A;34324;12,00;15752,06;19060,00;Segovia Marcela Itati;;20,00 %;073;Florencia Cubilla;;Poett Desinf. Flores de Primavera 900ml;1312,67;3393;;2;ALMACEN;1292,00;MARIANO SOSA;;$;2;GRUPO AYUDIN ARGENTINA S.A;;;CON;;;;;;;PISO;;;;;300;Bruno Centurion;AXUM;;;False;130958;0;1;;;;;;1;;1312,67
27513;M Arrotea - (TRADICIONAL) 2102;LOMAS DE ZAMORA;2026-10-01;01-10-2026;30-09-2026;FAC-A-130958;Venta;LAGOPUELO S.A;34320;12,00;15752,06;19060,00;Segovia Marcela Itati;;20,00 %;073;Florencia Cubilla;;Poett Desinf. Frescura de Lavanda 900ml;1312,67;3393;;2;ALMACEN;1292,00;MARIANO SOSA;;$;2;GRUPO AYUDIN ARGENTINA S.A;;;CON;;;;;;;PISO;;;;;300;Bruno Centurion;AXUM;;;False;130958;0;1;;;;;;1;;1312,67
27513;M Arrotea - (TRADICIONAL) 2102;LOMAS DE ZAMORA;2026-10-01;01-10-2026;30-09-2026;FAC-A-130958;Venta;LAGOPUELO S.A;34342;12,00;15752,06;19060,00;Segovia Marcela Itati;;20,00 %;073;Florencia Cubilla;;Poett Dsnf AlgrDia 12/900ml;1312,67;3393;;2;ALMACEN;1292,00;MARIANO SOSA;;$;2;GRUPO AYUDIN ARGENTINA S.A;;;CON;;;;;;;PISO;;;;;300;Bruno Centurion;AXUM;;;False;130958;0;1;;;;;;1;;1312,67
27513;M Arrotea - (TRADICIONAL) 2102;LOMAS DE ZAMORA;2026-10-01;01-10-2026;30-09-2026;FAC-A-130958;Venta;LAGOPUELO S.A;33575;16,00;28848,23;34906,36;Segovia Marcela Itati;;5,00 %;073;Florencia Cubilla;;Aydn Ropa ClrViv DoyPk 16/400ml;1803,01;3393;;2;ALMACEN;1427,00;MARIANO SOSA;;$;2;GRUPO AYUDIN ARGENTINA S.A;;;CON;;;;;;;LAVADO DE ROPA;;;;;300;Bruno Centurion;AXUM;;;False;130958;0;1;;;;;;1;;1803,01
27513;M Arrotea - (TRADICIONAL) 2102;LOMAS DE ZAMORA;2026-10-01;01-10-2026;30-09-2026;FAC-A-130958;Venta;LAGOPUELO S.A;33577;12,00;35736,83;43241,57;Segovia Marcela Itati;;5,00 %;073;Florencia Cubilla;;Aydn Ropa ClrViv DoyPk 12/650ml;2978,07;3393;;2;ALMACEN;2357,00;MARIANO SOSA;;$;2;GRUPO AYUDIN ARGENTINA S.A;;;CON;;;;;;;LAVADO DE ROPA;;;;;300;Bruno Centurion;AXUM;;;False;130958;0;1;;;;;;1;;2978,07
27513;M Arrotea - (TRADICIONAL) 2102;LOMAS DE ZAMORA;2026-10-01;01-10-2026;30-09-2026;FAC-A-130958;Venta;LAGOPUELO S.A;22057;12,00;18928,56;22903,56;Segovia Marcela Itati;;0,00 %;073;Florencia Cubilla;;Pluz Pino 12/900ml;1577,38;3393;;2;ALMACEN;1186,00;MARIANO SOSA;;$;2;GRUPO AYUDIN ARGENTINA S.A;;;CON;;;;;;;PISO;;;;;300;Bruno Centurion;AXUM;;;False;130958;0;1;;;;;;1;;1577,38
27513;M Arrotea - (TRADICIONAL) 2102;LOMAS DE ZAMORA;2026-10-01;01-10-2026;30-09-2026;FAC-A-130958;Venta;LAGOPUELO S.A;32288;6,00;11037,00;13354,77;Segovia Marcela Itati;;0,00 %;073;Florencia Cubilla;;Tren Oxi DoyPk 16/400ml;1839,50;3393;;2;ALMACEN;1415,00;MARIANO SOSA;;$;2;GRUPO AYUDIN ARGENTINA S.A;;;CON;;;;;;;LAVADO DE ROPA;;;;;300;Bruno Centurion;AXUM;;;False;130958;0;1;;;;;;1;;1839,50
27513;M Arrotea - (TRADICIONAL) 2102;LOMAS DE ZAMORA;2026-10-01;01-10-2026;30-09-2026;FAC-A-130958;Venta;LAGOPUELO S.A;61046;15,00;22306,05;26990,32;Segovia Marcela Itati;;18,00 %;073;Florencia Cubilla;;Aydn RopQuitMnch BlncInt 15/1l;1487,07;3393;;2;ALMACEN;1395,00;MARIANO SOSA;;$;2;GRUPO AYUDIN ARGENTINA S.A;;;CON;;;;;;;LAVADO DE ROPA;;;;;300;Bruno Centurion;AXUM;;;False;130958;0;1;;;;;;1;;1487,07
27513;M Arrotea - (TRADICIONAL) 2102;LOMAS DE ZAMORA;2026-10-01;01-10-2026;30-09-2026;FAC-A-130958;Venta;LAGOPUELO S.A;60234;15,00;37086,05;44874,12;Segovia Marcela Itati;;15,00 %;073;Florencia Cubilla;;Aydn Lavdna Gel Ctra 15/700ml GP2;2472,40;3393;;2;ALMACEN;2187,00;MARIANO SOSA;;$;2;GRUPO AYUDIN ARGENTINA S.A;;;CON;;;;;;;LAVANDINA;;;;;300;Bruno Centurion;AXUM;;;False;130958;0;1;;;;;;1;;2472,40
3191;ANDRES BARANDA 311;Quilmes;2026-10-02;02-10-2026;30-09-2026;FAC-A-130959;Venta;LAGOPUELO S.A;61576;6,00;10475,40;12675,23;BORAC NIDI S.R.L.;;0,00 %;054;Leonel Caruso;;Aydn Bn Limp† Act Or DoyPk 16/450ml;1745,90;3413;;3;AUTOSERVICIO;1343,00;HERNAN RIVERO;;$;2;GRUPO AYUDIN ARGENTINA S.A;;;CON;;;;;;;BAÒO;;;;;300;Bruno Centurion;AXUM;;;False;130959;0;1;;;;;;1;;1745,90
3191;ANDRES BARANDA 311;Quilmes;2026-10-02;02-10-2026;30-09-2026;FAC-A-130959;Venta;LAGOPUELO S.A;61577;6,00;8907,60;10778,20;BORAC NIDI S.R.L.;;0,00 %;054;Leonel Caruso;;Aydn Coc† Pod Act Or† DoyPk 16/450ml;1484,60;3413;;3;AUTOSERVICIO;1142,00;HERNAN RIVERO;;$;2;GRUPO AYUDIN ARGENTINA S.A;;;CON;;;;;;;COCINA;;;;;300;Bruno Centurion;AXUM;;;False;130959;0;1;;;;;;1;;1484,60
3191;ANDRES BARANDA 311;Quilmes;2026-10-02;02-10-2026;30-09-2026;FAC-A-130961;Venta;LAGOPUELO S.A;60233;6,00;14834,42;17949,65;BORAC NIDI S.R.L.;;15,00 %;054;Leonel Caruso;;Aydn Lavdna Gel Or 15/700ml GP2;2472,40;3413;;3;AUTOSERVICIO;2187,00;HERNAN RIVERO;;$;2;GRUPO AYUDIN ARGENTINA S.A;;;CON;;;;;;;LAVANDINA;;;;;300;Bruno Centurion;AXUM;;;False;130961;0;1;;;;;;1;;2472,40
6286;SALLARES 1546;Varela;2026-10-01;01-10-2026;30-09-2026;FAC-A-130968;Venta;LAGOPUELO S.A;61046;15,00;23122,13;27977,77;GUO XIU PING;;15,00 %;6;Nieves Alegre;;Aydn RopQuitMnch BlncInt 15/1l;1541,48;3392;;3;AUTOSERVICIO;1395,00;WALTER JANIUK;;$;2;GRUPO AYUDIN ARGENTINA S.A;;;CON;;;;;;;LAVADO DE ROPA;;;;;25;JOHANA VIGIL;AXUM;;;False;130968;0;1;;;;;;1;;1541,48
6286;SALLARES 1546;Varela;2026-10-01;01-10-2026;30-09-2026;FAC-A-130968;Venta;LAGOPUELO S.A;60226;15,00;17403,75;21058,54;GUO XIU PING;;15,00 %;6;Nieves Alegre;;Aydn PurGlac TriPod 15/1l GP2;1160,25;3392;;3;AUTOSERVICIO;1050,00;WALTER JANIUK;;$;2;GRUPO AYUDIN ARGENTINA S.A;;;CON;;;;;;;LAVANDINA;;;;;25;JOHANA VIGIL;AXUM;;;False;130968;0;1;;;;;;1;;1160,25
6286;SALLARES 1546;Varela;2026-10-01;01-10-2026;30-09-2026;FAC-A-130968;Venta;LAGOPUELO S.A;61814;6,00;22452,75;27167,83;GUO XIU PING;;15,00 %;6;Nieves Alegre;;Sltn MataMosq Aer s/OlrQmc 6/360ml BA;3742,13;3392;;3;AUTOSERVICIO;3522,00;WALTER JANIUK;;$;2;GRUPO AYUDIN ARGENTINA S.A;;;CON;;;;;;;SELTON;;;;;25;JOHANA VIGIL;AXUM;;;False;130968;0;1;;;;;;1;;3742,13
6286;SALLARES 1546;Varela;2026-10-01;01-10-2026;30-09-2026;FAC-A-130968;Venta;LAGOPUELO S.A;61816;6,00;18159,57;21973,08;GUO XIU PING;;15,00 %;6;Nieves Alegre;;Sltn MataMosq Aer AccInst 6/360ml BA;3026,60;3392;;3;AUTOSERVICIO;2739,00;WALTER JANIUK;;$;2;GRUPO AYUDIN ARGENTINA S.A;;;CON;;;;;;;SELTON;;;;;25;JOHANA VIGIL;AXUM;;;False;130968;0;1;;;;;;1;;3026,60
6286;SALLARES 1546;Varela;2026-10-01;01-10-2026;30-09-2026;FAC-A-130968;Venta;LAGOPUELO S.A;60885;6,00;14924,13;18058,20;GUO XIU PING;;15,00 %;6;Nieves Alegre;;Poett Aer FlrLavda ExtFrag 6/360ml;2487,36;3392;;3;AUTOSERVICIO;2251,00;WALTER JANIUK;;$;2;GRUPO AYUDIN ARGENTINA S.A;;;CON;;;;;;;AERO POETT;;;;;25;JOHANA VIGIL;AXUM;;;False;130968;0;1;;;;;;1;;2487,36
6286;SALLARES 1546;Varela;2026-10-01;01-10-2026;30-09-2026;FAC-A-130968;Venta;LAGOPUELO S.A;50090;6,00;14924,13;18058,20;GUO XIU PING;;15,00 %;6;Nieves Alegre;;Poett Aer Huellitas 6/360ml;2487,36;3392;;3;AUTOSERVICIO;2251,00;WALTER JANIUK;;$;2;GRUPO AYUDIN ARGENTINA S.A;;;CON;;;;;;;AERO POETT;;;;;25;JOHANA VIGIL;AXUM;;;False;130968;0;1;;;;;;1;;2487,36
6286;SALLARES 1546;Varela;2026-10-01;01-10-2026;30-09-2026;FAC-A-130968;Venta;LAGOPUELO S.A;60888;6,00;14924,13;18058,20;GUO XIU PING;;15,00 %;6;Nieves Alegre;;Poett Aer SvdAlg ExtFrag 6/360ml;2487,36;3392;;3;AUTOSERVICIO;2251,00;WALTER JANIUK;;$;2;GRUPO AYUDIN ARGENTINA S.A;;;CON;;;;;;;AERO POETT;;;;;25;JOHANA VIGIL;AXUM;;;False;130968;0;1;;;;;;1;;2487,36
6286;SALLARES 1546;Varela;2026-10-01;01-10-2026;30-09-2026;FAC-A-130968;Venta;LAGOPUELO S.A;61035;6,00;14924,13;18058,20;GUO XIU PING;;15,00 %;6;Nieves Alegre;;Poett Aer AlgrDia ExtFrag 6/360ml;2487,36;3392;;3;AUTOSERVICIO;2251,00;WALTER JANIUK;;$;2;GRUPO AYUDIN ARGENTINA S.A;;;CON;;;;;;;AERO POETT;;;;;25;JOHANA VIGIL;AXUM;;;False;130968;0;1;;;;;;1;;2487,36
6286;SALLARES 1546;Varela;2026-10-01;01-10-2026;30-09-2026;FAC-A-130968;Venta;LAGOPUELO S.A;33575;6,00;10818,09;13089,89;GUO XIU PING;;5,00 %;6;Nieves Alegre;;Aydn Ropa ClrViv DoyPk 16/400ml;1803,01;3392;;3;AUTOSERVICIO;1427,00;WALTER JANIUK;;$;2;GRUPO AYUDIN ARGENTINA S.A;;;CON;;;;;;;LAVADO DE ROPA;;;;;25;JOHANA VIGIL;AXUM;;;False;130968;0;1;;;;;;1;;1803,01
105324;RamÛn Cabrero 3315;REMEDIOS DE ESCALADA;2026-10-01;01-10-2026;30-09-2026;FAC-A-130984;Venta;LAGOPUELO S.A;36003;8,00;13912,00;16833,52;Bulla Walter Fabian;;20,00 %;29;Camila Navarrete;;AYDN LAVDNA OR 25g/l 8/2l;1739,00;3391;;5;KIOSCO;1739,00;CLAUDIO GARCIA;;$;2;GRUPO AYUDIN ARGENTINA S.A;;;EFV;;;;;;;LAVANDINA;;;;;25;JOHANA VIGIL;AXUM;;;False;130984;0;1;;;;;;1;;1739,00
105324;RamÛn Cabrero 3315;REMEDIOS DE ESCALADA;2026-10-01;01-10-2026;30-09-2026;FAC-A-130984;Venta;LAGOPUELO S.A;22057;6,00;9464,28;11451,78;Bulla Walter Fabian;;0,00 %;29;Camila Navarrete;;Pluz Pino 12/900ml;1577,38;3391;;5;KIOSCO;1186,00;CLAUDIO GARCIA;;$;2;GRUPO AYUDIN ARGENTINA S.A;;;EFV;;;;;;;PISO;;;;;25;JOHANA VIGIL;AXUM;;;False;130984;0;1;;;;;;1;;1577,38
28053;LUZURIAGA - (AUTOSERVICIOS) 490;LLAVALLOL;2026-10-02;02-10-2026;30-09-2026;FAC-A-130991;Venta;LAGOPUELO S.A;36012;6,00;9119,79;11034,95;SEBASTIAN COSME ROMERO;;10,00 %;074;Romina Baez;;Selton espirales 48x 12u;1519,97;3410;;2;ALMACEN;1251,00;MARIANO SOSA;;$;2;GRUPO AYUDIN ARGENTINA S.A;;;CON;;;;;;;SELTON;;;;;300;Bruno Centurion;AXUM;;;False;130991;0;1;;;;;;1;;1519,97
28053;LUZURIAGA - (AUTOSERVICIOS) 490;LLAVALLOL;2026-10-02;02-10-2026;30-09-2026;FAC-A-130991;Venta;LAGOPUELO S.A;24649;8,00;11065,60;13389,38;SEBASTIAN COSME ROMERO;;0,00 %;074;Romina Baez;;Poett PastDesod 12/25g GP2;1383,20;3410;;2;ALMACEN;1064,00;MARIANO SOSA;;$;2;GRUPO AYUDIN ARGENTINA S.A;;;CON;;;;;;;BAÒO;;;;;300;Bruno Centurion;AXUM;;;False;130991;0;1;;;;;;1;;1383,20
28053;LUZURIAGA - (AUTOSERVICIOS) 490;LLAVALLOL;2026-10-02;02-10-2026;30-09-2026;FAC-A-130991;Venta;LAGOPUELO S.A;24648;8,00;11065,60;13389,38;SEBASTIAN COSME ROMERO;;0,00 %;074;Romina Baez;;Poett PastDesod Lavda 12/25g GP2;1383,20;3410;;2;ALMACEN;1064,00;MARIANO SOSA;;$;2;GRUPO AYUDIN ARGENTINA S.A;;;CON;;;;;;;BAÒO;;;;;300;Bruno Centurion;AXUM;;;False;130991;0;1;;;;;;1;;1383,20
28053;LUZURIAGA - (AUTOSERVICIOS) 490;LLAVALLOL;2026-10-02;02-10-2026;30-09-2026;FAC-A-130991;Venta;LAGOPUELO S.A;60402;6,00;22886,64;27692,83;SEBASTIAN COSME ROMERO;;0,00 %;074;Romina Baez;;Ayudin Ropa Colores Vivos 15/700ml;3814,44;3410;;2;ALMACEN;2868,00;MARIANO SOSA;;$;2;GRUPO AYUDIN ARGENTINA S.A;;;CON;;;;;;;LAVADO DE ROPA;;;;;300;Bruno Centurion;AXUM;;;False;130991;0;1;;;;;;1;;3814,44
28053;LUZURIAGA - (AUTOSERVICIOS) 490;LLAVALLOL;2026-10-02;02-10-2026;30-09-2026;FAC-A-130991;Venta;LAGOPUELO S.A;33577;6,00;17868,42;21620,78;SEBASTIAN COSME ROMERO;;5,00 %;074;Romina Baez;;Aydn Ropa ClrViv DoyPk 12/650ml;2978,07;3410;;2;ALMACEN;2357,00;MARIANO SOSA;;$;2;GRUPO AYUDIN ARGENTINA S.A;;;CON;;;;;;;LAVADO DE ROPA;;;;;300;Bruno Centurion;AXUM;;;False;130991;0;1;;;;;;1;;2978,07
28053;LUZURIAGA - (AUTOSERVICIOS) 490;LLAVALLOL;2026-10-02;02-10-2026;30-09-2026;FAC-A-130991;Venta;LAGOPUELO S.A;60408;6,00;22886,64;27692,83;SEBASTIAN COSME ROMERO;;0,00 %;074;Romina Baez;;Ayudin Ropa Blancos Supremos 15/700ml;3814,44;3410;;2;ALMACEN;2868,00;MARIANO SOSA;;$;2;GRUPO AYUDIN ARGENTINA S.A;;;CON;;;;;;;LAVADO DE ROPA;;;;;300;Bruno Centurion;AXUM;;;False;130991;0;1;;;;;;1;;3814,44
28053;LUZURIAGA - (AUTOSERVICIOS) 490;LLAVALLOL;2026-10-02;02-10-2026;30-09-2026;FAC-A-130991;Venta;LAGOPUELO S.A;61621;2,00;5456,23;6602,04;SEBASTIAN COSME ROMERO;;5,00 %;074;Romina Baez;;Aydn Coc† Pod Act Or† Gat 12/500ml;2728,12;3410;;2;ALMACEN;2209,00;MARIANO SOSA;;$;2;GRUPO AYUDIN ARGENTINA S.A;;;CON;;;;;;;COCINA;;;;;300;Bruno Centurion;AXUM;;;False;130991;0;1;;;;;;1;;2728,12
28053;LUZURIAGA - (AUTOSERVICIOS) 490;LLAVALLOL;2026-10-02;02-10-2026;30-09-2026;FAC-A-130991;Venta;LAGOPUELO S.A;61577;6,00;8462,22;10239,29;SEBASTIAN COSME ROMERO;;5,00 %;074;Romina Baez;;Aydn Coc† Pod Act Or† DoyPk 16/450ml;1410,37;3410;;2;ALMACEN;1142,00;MARIANO SOSA;;$;2;GRUPO AYUDIN ARGENTINA S.A;;;CON;;;;;;;COCINA;;;;;300;Bruno Centurion;AXUM;;;False;130991;0;1;;;;;;1;;1410,37
28053;LUZURIAGA - (AUTOSERVICIOS) 490;LLAVALLOL;2026-10-02;02-10-2026;30-09-2026;FAC-A-130991;Venta;LAGOPUELO S.A;61620;2,00;6360,25;7695,90;SEBASTIAN COSME ROMERO;;5,00 %;074;Romina Baez;;Aydn Bn Limp† Act Or Gat 12/500 ml;3180,13;3410;;2;ALMACEN;2575,00;MARIANO SOSA;;$;2;GRUPO AYUDIN ARGENTINA S.A;;;CON;;;;;;;BAÒO;;;;;300;Bruno Centurion;AXUM;;;False;130991;0;1;;;;;;1;;3180,13
28053;LUZURIAGA - (AUTOSERVICIOS) 490;LLAVALLOL;2026-10-02;02-10-2026;30-09-2026;FAC-A-130991;Venta;LAGOPUELO S.A;32288;4,00;7358,00;8903,18;SEBASTIAN COSME ROMERO;;0,00 %;074;Romina Baez;;Tren Oxi DoyPk 16/400ml;1839,50;3410;;2;ALMACEN;1415,00;MARIANO SOSA;;$;2;GRUPO AYUDIN ARGENTINA S.A;;;CON;;;;;;;LAVADO DE ROPA;;;;;300;Bruno Centurion;AXUM;;;False;130991;0;1;;;;;;1;;1839,50
28053;LUZURIAGA - (AUTOSERVICIOS) 490;LLAVALLOL;2026-10-02;02-10-2026;30-09-2026;FAC-A-130991;Venta;LAGOPUELO S.A;60233;6,00;13961,81;16893,79;SEBASTIAN COSME ROMERO;;20,00 %;074;Romina Baez;;Aydn Lavdna Gel Or 15/700ml GP2;2326,97;3410;;2;ALMACEN;2187,00;MARIANO SOSA;;$;2;GRUPO AYUDIN ARGENTINA S.A;;;CON;;;;;;;LAVANDINA;;;;;300;Bruno Centurion;AXUM;;;False;130991;0;1;;;;;;1;;2326,97
28053;LUZURIAGA - (AUTOSERVICIOS) 490;LLAVALLOL;2026-10-02;02-10-2026;30-09-2026;FAC-A-130991;Venta;LAGOPUELO S.A;60237;6,00;13961,81;16893,79;SEBASTIAN COSME ROMERO;;20,00 %;074;Romina Baez;;Aydn Lavdna Gel Flr 15/700ml GP2;2326,97;3410;;2;ALMACEN;2187,00;MARIANO SOSA;;$;2;GRUPO AYUDIN ARGENTINA S.A;;;CON;;;;;;;LAVANDINA;;;;;300;Bruno Centurion;AXUM;;;False;130991;0;1;;;;;;1;;2326,97
28053;LUZURIAGA - (AUTOSERVICIOS) 490;LLAVALLOL;2026-10-02;02-10-2026;30-09-2026;FAC-A-130991;Venta;LAGOPUELO S.A;60240;6,00;13961,81;16893,79;SEBASTIAN COSME ROMERO;;20,00 %;074;Romina Baez;;Aydn Lavdna Gel Lavda EXPRT 15/700ml GP2;2326,97;3410;;2;ALMACEN;2187,00;MARIANO SOSA;;$;2;GRUPO AYUDIN ARGENTINA S.A;;;CON;;;;;;;LAVANDINA;;;;;300;Bruno Centurion;AXUM;;;False;130991;0;1;;;;;;1;;2326,97
28053;LUZURIAGA - (AUTOSERVICIOS) 490;LLAVALLOL;2026-10-02;02-10-2026;30-09-2026;FAC-A-130991;Venta;LAGOPUELO S.A;60222;15,00;17403,75;21058,54;SEBASTIAN COSME ROMERO;;15,00 %;074;Romina Baez;;Aydn Lavda TriPod 15/1l GP2;1160,25;3410;;2;ALMACEN;1050,00;MARIANO SOSA;;$;2;GRUPO AYUDIN ARGENTINA S.A;;;CON;;;;;;;LAVANDINA;;;;;300;Bruno Centurion;AXUM;;;False;130991;0;1;;;;;;1;;1160,25
28053;LUZURIAGA - (AUTOSERVICIOS) 490;LLAVALLOL;2026-10-02;02-10-2026;30-09-2026;FAC-A-130991;Venta;LAGOPUELO S.A;60223;8,00;18493,28;22376,87;SEBASTIAN COSME ROMERO;;15,00 %;074;Romina Baez;;Aydn Lavda TriPod 8/2l GP2;2311,66;3410;;2;ALMACEN;2092,00;MARIANO SOSA;;$;2;GRUPO AYUDIN ARGENTINA S.A;;;CON;;;;;;;LAVANDINA;;;;;300;Bruno Centurion;AXUM;;;False;130991;0;1;;;;;;1;;2311,66
28053;LUZURIAGA - (AUTOSERVICIOS) 490;LLAVALLOL;2026-10-02;02-10-2026;30-09-2026;FAC-A-130991;Venta;LAGOPUELO S.A;17927;15,00;12735,00;15409,35;SEBASTIAN COSME ROMERO;;20,00 %;074;Romina Baez;;AYDN LAVDNA OR 15/1L;849,00;3410;;2;ALMACEN;849,00;MARIANO SOSA;;$;2;GRUPO AYUDIN ARGENTINA S.A;;;CON;;;;;;;LAVANDINA;;;;;300;Bruno Centurion;AXUM;;;False;130991;0;1;;;;;;1;;849,00
28053;LUZURIAGA - (AUTOSERVICIOS) 490;LLAVALLOL;2026-10-02;02-10-2026;30-09-2026;FAC-A-130991;Venta;LAGOPUELO S.A;36003;8,00;13912,00;16833,52;SEBASTIAN COSME ROMERO;;20,00 %;074;Romina Baez;;AYDN LAVDNA OR 25g/l 8/2l;1739,00;3410;;2;ALMACEN;1739,00;MARIANO SOSA;;$;2;GRUPO AYUDIN ARGENTINA S.A;;;CON;;;;;;;LAVANDINA;;;;;300;Bruno Centurion;AXUM;;;False;130991;0;1;;;;;;1;;1739,00
4669;CALLE 808 2227;Quilmes;2026-10-02;02-10-2026;30-09-2026;FAC-A-130999;Venta;LAGOPUELO S.A;60885;6,00;14924,13;18058,20;LOISOTTO ANTONIA;;15,00 %;053;Verona Abati;;Poett Aer FlrLavda ExtFrag 6/360ml;2487,36;3413;;2;ALMACEN;2251,00;HERNAN RIVERO;;$;2;GRUPO AYUDIN ARGENTINA S.A;;;CON;;;;;;;AERO POETT;;;;;300;Bruno Centurion;AXUM;;;False;130999;0;1;;;;;;1;;2487,36
28041;Lavalle - (TRADICIONAL) 699;TEMPERLEY;2026-10-01;01-10-2026;30-09-2026;FAC-B-131005;Venta;LAGOPUELO S.A;34336;6,00;8860,54;10721,25;ARES MARIA DEL CARMEN;;10,00 %;073;Florencia Cubilla;;Poett Dsnf SuadAlg 12/900ml;1476,76;3393;;2;ALMACEN;1292,00;MARIANO SOSA;;$;2;GRUPO AYUDIN ARGENTINA S.A;;;CON;;;;;;;PISO;;;;;300;Bruno Centurion;AXUM;;;False;131005;0;1;;;;;;1;;1476,76
28041;Lavalle - (TRADICIONAL) 699;TEMPERLEY;2026-10-01;01-10-2026;30-09-2026;FAC-B-131005;Venta;LAGOPUELO S.A;36003;4,00;7825,50;9468,86;ARES MARIA DEL CARMEN;;10,00 %;073;Florencia Cubilla;;AYDN LAVDNA OR 25g/l 8/2l;1956,38;3393;;2;ALMACEN;1739,00;MARIANO SOSA;;$;2;GRUPO AYUDIN ARGENTINA S.A;;;CON;;;;;;;LAVANDINA;;;;;300;Bruno Centurion;AXUM;;;False;131005;0;1;;;;;;1;;1956,38
28041;Lavalle - (TRADICIONAL) 699;TEMPERLEY;2026-10-01;01-10-2026;30-09-2026;FAC-B-131005;Venta;LAGOPUELO S.A;61047;1,00;3610,10;4368,22;ARES MARIA DEL CARMEN;;0,00 %;073;Florencia Cubilla;;Aydn RopQuitMnch BlncInt 8/2l;3610,10;3393;;2;ALMACEN;2777,00;MARIANO SOSA;;$;2;GRUPO AYUDIN ARGENTINA S.A;;;CON;;;;;;;LAVADO DE ROPA;;;;;300;Bruno Centurion;AXUM;;;False;131005;0;1;;;;;;1;;3610,10
28041;Lavalle - (TRADICIONAL) 699;TEMPERLEY;2026-10-01;01-10-2026;30-09-2026;FAC-B-131005;Venta;LAGOPUELO S.A;32288;2,00;3679,00;4451,59;ARES MARIA DEL CARMEN;;0,00 %;073;Florencia Cubilla;;Tren Oxi DoyPk 16/400ml;1839,50;3393;;2;ALMACEN;1415,00;MARIANO SOSA;;$;2;GRUPO AYUDIN ARGENTINA S.A;;;CON;;;;;;;LAVADO DE ROPA;;;;;300;Bruno Centurion;AXUM;;;False;131005;0;1;;;;;;1;;1839,50
4734;JUJUY 999;Quilmes;2026-10-02;02-10-2026;30-09-2026;FAC-A-131026;Venta;LAGOPUELO S.A;36003;8,00;13912,00;16833,52;CHEN SHENGXUAN;;20,00 %;054;Leonel Caruso;;AYDN LAVDNA OR 25g/l 8/2l;1739,00;3413;;3;AUTOSERVICIO;1739,00;HERNAN RIVERO;;$;2;GRUPO AYUDIN ARGENTINA S.A;;;CON;;;;;;;LAVANDINA;;;;;300;Bruno Centurion;AXUM;;;False;131026;0;1;;;;;;1;;1739,00
4734;JUJUY 999;Quilmes;2026-10-02;02-10-2026;30-09-2026;FAC-A-131026;Venta;LAGOPUELO S.A;33576;6,00;11387,46;13778,83;CHEN SHENGXUAN;;0,00 %;054;Leonel Caruso;;Aydn Ropa BlncSprms DoyPk 16/400ml;1897,91;3413;;3;AUTOSERVICIO;1427,00;HERNAN RIVERO;;$;2;GRUPO AYUDIN ARGENTINA S.A;;;CON;;;;;;;LAVADO DE ROPA;;;;;300;Bruno Centurion;AXUM;;;False;131026;0;1;;;;;;1;;1897,91
4734;JUJUY 999;Quilmes;2026-10-02;02-10-2026;30-09-2026;FAC-A-131026;Venta;LAGOPUELO S.A;22057;12,00;18928,56;22903,56;CHEN SHENGXUAN;;0,00 %;054;Leonel Caruso;;Pluz Pino 12/900ml;1577,38;3413;;3;AUTOSERVICIO;1186,00;HERNAN RIVERO;;$;2;GRUPO AYUDIN ARGENTINA S.A;;;CON;;;;;;;PISO;;;;;300;Bruno Centurion;AXUM;;;False;131026;0;1;;;;;;1;;1577,38
670;JUNCAL 2738;Lan˙s Oeste;2026-10-01;01-10-2026;30-09-2026;FAC-B-131028;Venta;LAGOPUELO S.A;60886;3,00;7462,07;9029,10;Cristian Ariel locuratolo;;15,00 %;28;Nadia Diaz;;Poett Aer FlrPrm ExtFrag 6/360ml;2487,36;3391;;2;ALMACEN;2251,00;CLAUDIO GARCIA;;$;2;GRUPO AYUDIN ARGENTINA S.A;;;EFV;;;;;;;AERO POETT;;;;;25;JOHANA VIGIL;AXUM;;;False;131028;0;1;;;;;;1;;2487,36
670;JUNCAL 2738;Lan˙s Oeste;2026-10-01;01-10-2026;30-09-2026;FAC-B-131028;Venta;LAGOPUELO S.A;60885;3,00;7462,07;9029,10;Cristian Ariel locuratolo;;15,00 %;28;Nadia Diaz;;Poett Aer FlrLavda ExtFrag 6/360ml;2487,36;3391;;2;ALMACEN;2251,00;CLAUDIO GARCIA;;$;2;GRUPO AYUDIN ARGENTINA S.A;;;EFV;;;;;;;AERO POETT;;;;;25;JOHANA VIGIL;AXUM;;;False;131028;0;1;;;;;;1;;2487,36
27730;LUJAN - (ARTICULO DE LIMPIEZA) 912;LANUS;2026-10-01;01-10-2026;30-09-2026;FAC-A-131031;Venta;LAGOPUELO S.A;34320;12,00;15752,06;19060,00;LEANDRO MAXIMILIANO FILIPPELLI;;20,00 %;28;Nadia Diaz;;Poett Desinf. Frescura de Lavanda 900ml;1312,67;3391;;OTR;Articulo de limpieza;1292,00;CLAUDIO GARCIA;;$;2;GRUPO AYUDIN ARGENTINA S.A;;;CON;;;;;;;PISO;;;;;25;JOHANA VIGIL;AXUM;;;False;131031;0;1;;;;;;1;;1312,67
27730;LUJAN - (ARTICULO DE LIMPIEZA) 912;LANUS;2026-10-01;01-10-2026;30-09-2026;FAC-A-131031;Venta;LAGOPUELO S.A;34324;12,00;15752,06;19060,00;LEANDRO MAXIMILIANO FILIPPELLI;;20,00 %;28;Nadia Diaz;;Poett Desinf. Flores de Primavera 900ml;1312,67;3391;;OTR;Articulo de limpieza;1292,00;CLAUDIO GARCIA;;$;2;GRUPO AYUDIN ARGENTINA S.A;;;CON;;;;;;;PISO;;;;;25;JOHANA VIGIL;AXUM;;;False;131031;0;1;;;;;;1;;1312,67
27730;LUJAN - (ARTICULO DE LIMPIEZA) 912;LANUS;2026-10-01;01-10-2026;30-09-2026;FAC-A-131031;Venta;LAGOPUELO S.A;34327;12,00;15752,06;19060,00;LEANDRO MAXIMILIANO FILIPPELLI;;20,00 %;28;Nadia Diaz;;Poett Desinf. Solo para ti 900ml;1312,67;3391;;OTR;Articulo de limpieza;1292,00;CLAUDIO GARCIA;;$;2;GRUPO AYUDIN ARGENTINA S.A;;;CON;;;;;;;PISO;;;;;25;JOHANA VIGIL;AXUM;;;False;131031;0;1;;;;;;1;;1312,67
22337;CALLE 779 - (AUTOSERVICIOS) 138;BERAZATEGUI;2026-10-05;05-10-2026;30-09-2026;FAC-A-131036;Venta;LAGOPUELO S.A;17927;15,00;12735,00;15409,35;Andurell Melany Belen;;20,00 %;4;Selene Pawlikowski;;AYDN LAVDNA OR 15/1L;849,00;3430;;3;Autoservicio B;849,00;LEONARDO SANTA CRUZ;;$;2;GRUPO AYUDIN ARGENTINA S.A;;;CON;;;;;;;LAVANDINA;;;;;25;JOHANA VIGIL;AXUM;;;False;131036;0;1;;;;;;1;;849,00
22337;CALLE 779 - (AUTOSERVICIOS) 138;BERAZATEGUI;2026-10-05;05-10-2026;30-09-2026;FAC-A-131036;Venta;LAGOPUELO S.A;60222;15,00;17403,75;21058,54;Andurell Melany Belen;;15,00 %;4;Selene Pawlikowski;;Aydn Lavda TriPod 15/1l GP2;1160,25;3430;;3;Autoservicio B;1050,00;LEONARDO SANTA CRUZ;;$;2;GRUPO AYUDIN ARGENTINA S.A;;;CON;;;;;;;LAVANDINA;;;;;25;JOHANA VIGIL;AXUM;;;False;131036;0;1;;;;;;1;;1160,25
23678;A. RIVERO - (AUTOSERVICIOS) 129;ESTEBAN ECHEVERR√¬çA;2026-10-05;05-10-2026;30-09-2026;FAC-A-131038;Venta;LAGOPUELO S.A;61046;15,00;23122,13;27977,77;ZHEN XIANG;;15,00 %;064;Karina Fernandez;;Aydn RopQuitMnch BlncInt 15/1l;1541,48;3429;;3;Autoservicio A;1395,00;SIMON OLIVERA;;$;2;GRUPO AYUDIN ARGENTINA S.A;;;CON;;;;;;;LAVADO DE ROPA;;;;;300;Bruno Centurion;AXUM;;;False;131038;0;1;;;;;;1;;1541,48
23678;A. RIVERO - (AUTOSERVICIOS) 129;ESTEBAN ECHEVERR√¬çA;2026-10-05;05-10-2026;30-09-2026;FAC-A-131038;Venta;LAGOPUELO S.A;34320;24,00;29535,12;35737,50;ZHEN XIANG;;25,00 %;064;Karina Fernandez;;Poett Desinf. Frescura de Lavanda 900ml;1230,63;3429;;3;Autoservicio A;1292,00;SIMON OLIVERA;;$;2;GRUPO AYUDIN ARGENTINA S.A;;;CON;;;;;;;PISO;;;;;300;Bruno Centurion;AXUM;;;False;131038;0;1;;;;;;1;;1230,63
23678;A. RIVERO - (AUTOSERVICIOS) 129;ESTEBAN ECHEVERR√¬çA;2026-10-05;05-10-2026;30-09-2026;FAC-A-131038;Venta;LAGOPUELO S.A;34336;12,00;14767,56;17868,75;ZHEN XIANG;;25,00 %;064;Karina Fernandez;;Poett Dsnf SuadAlg 12/900ml;1230,63;3429;;3;Autoservicio A;1292,00;SIMON OLIVERA;;$;2;GRUPO AYUDIN ARGENTINA S.A;;;CON;;;;;;;PISO;;;;;300;Bruno Centurion;AXUM;;;False;131038;0;1;;;;;;1;;1230,63
23678;A. RIVERO - (AUTOSERVICIOS) 129;ESTEBAN ECHEVERR√¬çA;2026-10-05;05-10-2026;30-09-2026;FAC-A-131038;Venta;LAGOPUELO S.A;60386;24,00;29535,12;35737,50;ZHEN XIANG;;25,00 %;064;Karina Fernandez;;Poett EsptPly 12/900ml;1230,63;3429;;3;Autoservicio A;1292,00;SIMON OLIVERA;;$;2;GRUPO AYUDIN ARGENTINA S.A;;;CON;;;;;;;PISO;;;;;300;Bruno Centurion;AXUM;;;False;131038;0;1;;;;;;1;;1230,63
23678;A. RIVERO - (AUTOSERVICIOS) 129;ESTEBAN ECHEVERR√¬çA;2026-10-05;05-10-2026;30-09-2026;FAC-A-131038;Venta;LAGOPUELO S.A;36001;24,00;29535,12;35737,50;ZHEN XIANG;;25,00 %;064;Karina Fernandez;;POETT FRSC TROP 12/900;1230,63;3429;;3;Autoservicio A;1292,00;SIMON OLIVERA;;$;2;GRUPO AYUDIN ARGENTINA S.A;;;CON;;;;;;;PISO;;;;;300;Bruno Centurion;AXUM;;;False;131038;0;1;;;;;;1;;1230,63
23678;A. RIVERO - (AUTOSERVICIOS) 129;ESTEBAN ECHEVERR√¬çA;2026-10-05;05-10-2026;30-09-2026;FAC-A-131038;Venta;LAGOPUELO S.A;34327;12,00;14767,56;17868,75;ZHEN XIANG;;25,00 %;064;Karina Fernandez;;Poett Desinf. Solo para ti 900ml;1230,63;3429;;3;Autoservicio A;1292,00;SIMON OLIVERA;;$;2;GRUPO AYUDIN ARGENTINA S.A;;;CON;;;;;;;PISO;;;;;300;Bruno Centurion;AXUM;;;False;131038;0;1;;;;;;1;;1230,63
22942;roman bravo 477;ALTE BROWN;2026-10-01;01-10-2026;30-09-2026;FAC-B-131039;Venta;LAGOPUELO S.A;60885;3,00;7462,07;9029,10;CALLEJAS PAULINA;;15,00 %;056;Ezequiel Ferreira;;Poett Aer FlrLavda ExtFrag 6/360ml;2487,36;3398;;2;ALMACEN;2251,00;NAHUEL MONTOYA;;$;2;GRUPO AYUDIN ARGENTINA S.A;;;CON;;;;;;;AERO POETT;;;;;300;Bruno Centurion;AXUM;;;False;131039;0;1;;;;;;1;;2487,36
22942;roman bravo 477;ALTE BROWN;2026-10-01;01-10-2026;30-09-2026;FAC-B-131039;Venta;LAGOPUELO S.A;60886;3,00;7462,07;9029,10;CALLEJAS PAULINA;;15,00 %;056;Ezequiel Ferreira;;Poett Aer FlrPrm ExtFrag 6/360ml;2487,36;3398;;2;ALMACEN;2251,00;NAHUEL MONTOYA;;$;2;GRUPO AYUDIN ARGENTINA S.A;;;CON;;;;;;;AERO POETT;;;;;300;Bruno Centurion;AXUM;;;False;131039;0;1;;;;;;1;;2487,36
22942;roman bravo 477;ALTE BROWN;2026-10-01;01-10-2026;30-09-2026;FAC-B-131039;Venta;LAGOPUELO S.A;61816;6,00;17091,36;20680,55;CALLEJAS PAULINA;;20,00 %;056;Ezequiel Ferreira;;Sltn MataMosq Aer AccInst 6/360ml BA;2848,56;3398;;2;ALMACEN;2739,00;NAHUEL MONTOYA;;$;2;GRUPO AYUDIN ARGENTINA S.A;;;CON;;;;;;;SELTON;;;;;300;Bruno Centurion;AXUM;;;False;131039;0;1;;;;;;1;;2848,56
22942;roman bravo 477;ALTE BROWN;2026-10-01;01-10-2026;30-09-2026;FAC-B-131039;Venta;LAGOPUELO S.A;61814;1,00;3742,13;4527,97;CALLEJAS PAULINA;;15,00 %;056;Ezequiel Ferreira;;Sltn MataMosq Aer s/OlrQmc 6/360ml BA;3742,13;3398;;2;ALMACEN;3522,00;NAHUEL MONTOYA;;$;2;GRUPO AYUDIN ARGENTINA S.A;;;CON;;;;;;;SELTON;;;;;300;Bruno Centurion;AXUM;;;False;131039;0;1;;;;;;1;;3742,13
23516;FRIAS 3453;JOSE MARMOL;2026-10-01;01-10-2026;30-09-2026;FAC-A-131051;Venta;LAGOPUELO S.A;60234;5,00;11198,53;13550,23;LIN HAIYING;;23,00 %;063;Daniel Martin;;Aydn Lavdna Gel Ctra 15/700ml GP2;2239,71;3399;;3;Autoservicio A;2187,00;SIMON OLIVERA;;$;2;GRUPO AYUDIN ARGENTINA S.A;;;CON;;;;;;;LAVANDINA;;;;;300;Bruno Centurion;AXUM;;;False;131051;0;1;;;;;;1;;2239,71
23516;FRIAS 3453;JOSE MARMOL;2026-10-01;01-10-2026;30-09-2026;FAC-A-131051;Venta;LAGOPUELO S.A;60237;5,00;11198,53;13550,23;LIN HAIYING;;23,00 %;063;Daniel Martin;;Aydn Lavdna Gel Flr 15/700ml GP2;2239,71;3399;;3;Autoservicio A;2187,00;SIMON OLIVERA;;$;2;GRUPO AYUDIN ARGENTINA S.A;;;CON;;;;;;;LAVANDINA;;;;;300;Bruno Centurion;AXUM;;;False;131051;0;1;;;;;;1;;2239,71
23516;FRIAS 3453;JOSE MARMOL;2026-10-01;01-10-2026;30-09-2026;FAC-A-131051;Venta;LAGOPUELO S.A;60240;5,00;11198,53;13550,23;LIN HAIYING;;23,00 %;063;Daniel Martin;;Aydn Lavdna Gel Lavda EXPRT 15/700ml GP2;2239,71;3399;;3;Autoservicio A;2187,00;SIMON OLIVERA;;$;2;GRUPO AYUDIN ARGENTINA S.A;;;CON;;;;;;;LAVANDINA;;;;;300;Bruno Centurion;AXUM;;;False;131051;0;1;;;;;;1;;2239,71
23516;FRIAS 3453;JOSE MARMOL;2026-10-01;01-10-2026;30-09-2026;FAC-A-131051;Venta;LAGOPUELO S.A;61731;6,00;20145,41;24375,94;LIN HAIYING;;15,00 %;063;Daniel Martin;;Sltn MataCuca Aer AccProl 6/360ml BA;3357,57;3399;;3;Autoservicio A;3086,00;SIMON OLIVERA;;$;2;GRUPO AYUDIN ARGENTINA S.A;;;CON;;;;;;;SELTON;;;;;300;Bruno Centurion;AXUM;;;False;131051;0;1;;;;;;1;;3357,57
23516;FRIAS 3453;JOSE MARMOL;2026-10-01;01-10-2026;30-09-2026;FAC-A-131051;Venta;LAGOPUELO S.A;60223;8,00;18493,28;22376,87;LIN HAIYING;;15,00 %;063;Daniel Martin;;Aydn Lavda TriPod 8/2l GP2;2311,66;3399;;3;Autoservicio A;2092,00;SIMON OLIVERA;;$;2;GRUPO AYUDIN ARGENTINA S.A;;;CON;;;;;;;LAVANDINA;;;;;300;Bruno Centurion;AXUM;;;False;131051;0;1;;;;;;1;;2311,66
23516;FRIAS 3453;JOSE MARMOL;2026-10-01;01-10-2026;30-09-2026;FAC-A-131051;Venta;LAGOPUELO S.A;61620;2,00;6360,25;7695,90;LIN HAIYING;;5,00 %;063;Daniel Martin;;Aydn Bn Limp† Act Or Gat 12/500 ml;3180,13;3399;;3;Autoservicio A;2575,00;SIMON OLIVERA;;$;2;GRUPO AYUDIN ARGENTINA S.A;;;CON;;;;;;;BAÒO;;;;;300;Bruno Centurion;AXUM;;;False;131051;0;1;;;;;;1;;3180,13
27954;NESTOR DE LA PE√‚ÄòA ENTRE OLLEROS Y EL ROSEDAL - (TRADICIONAL) 226;LLAVALLOL;2026-10-02;02-10-2026;30-09-2026;FAC-A-131055;Venta;LAGOPUELO S.A;36003;8,00;13912,00;16833,52;GUSTAVO ARIEL CARNERO;;20,00 %;074;Romina Baez;;AYDN LAVDNA OR 25g/l 8/2l;1739,00;3410;;2;ALMACEN;1739,00;MARIANO SOSA;;$;2;GRUPO AYUDIN ARGENTINA S.A;;;CON;;;;;;;LAVANDINA;;;;;300;Bruno Centurion;AXUM;;;False;131055;0;1;;;;;;1;;1739,00
5309;PABLO PODESTA 1629;FLORENCIO VARELA;2026-10-01;01-10-2026;30-09-2026;FAC-A-131060;Venta;LAGOPUELO S.A;60222;45,00;52211,25;63175,61;YANG JIANXING;;15,00 %;051;Ezequiel Valente;;Aydn Lavda TriPod 15/1l GP2;1160,25;3397;;3;AUTOSERVICIO;1050,00;JUAN ESCOTO;;$;2;GRUPO AYUDIN ARGENTINA S.A;;;CON;;;;;;;LAVANDINA;;;;;300;Bruno Centurion;AXUM;;;False;131060;0;1;;;;;;1;;1160,25
5309;PABLO PODESTA 1629;FLORENCIO VARELA;2026-10-01;01-10-2026;30-09-2026;FAC-A-131060;Venta;LAGOPUELO S.A;60226;30,00;34807,50;42117,08;YANG JIANXING;;15,00 %;051;Ezequiel Valente;;Aydn PurGlac TriPod 15/1l GP2;1160,25;3397;;3;AUTOSERVICIO;1050,00;JUAN ESCOTO;;$;2;GRUPO AYUDIN ARGENTINA S.A;;;CON;;;;;;;LAVANDINA;;;;;300;Bruno Centurion;AXUM;;;False;131060;0;1;;;;;;1;;1160,25
5309;PABLO PODESTA 1629;FLORENCIO VARELA;2026-10-01;01-10-2026;30-09-2026;FAC-A-131060;Venta;LAGOPUELO S.A;60231;15,00;21905,10;26505,17;YANG JIANXING;;10,00 %;051;Ezequiel Valente;;Aydn A-Sp Trad 15/1l GP2;1460,34;3397;;3;AUTOSERVICIO;1220,00;JUAN ESCOTO;;$;2;GRUPO AYUDIN ARGENTINA S.A;;;CON;;;;;;;LAVANDINA;;;;;300;Bruno Centurion;AXUM;;;False;131060;0;1;;;;;;1;;1460,34
5309;PABLO PODESTA 1629;FLORENCIO VARELA;2026-10-01;01-10-2026;30-09-2026;FAC-A-131060;Venta;LAGOPUELO S.A;61047;8,00;25992,72;31451,19;YANG JIANXING;;10,00 %;051;Ezequiel Valente;;Aydn RopQuitMnch BlncInt 8/2l;3249,09;3397;;3;AUTOSERVICIO;2777,00;JUAN ESCOTO;;$;2;GRUPO AYUDIN ARGENTINA S.A;;;CON;;;;;;;LAVADO DE ROPA;;;;;300;Bruno Centurion;AXUM;;;False;131060;0;1;;;;;;1;;3249,09
5309;PABLO PODESTA 1629;FLORENCIO VARELA;2026-10-01;01-10-2026;30-09-2026;FAC-A-131060;Venta;LAGOPUELO S.A;60223;32,00;73973,12;89507,48;YANG JIANXING;;15,00 %;051;Ezequiel Valente;;Aydn Lavda TriPod 8/2l GP2;2311,66;3397;;3;AUTOSERVICIO;2092,00;JUAN ESCOTO;;$;2;GRUPO AYUDIN ARGENTINA S.A;;;CON;;;;;;;LAVANDINA;;;;;300;Bruno Centurion;AXUM;;;False;131060;0;1;;;;;;1;;2311,66
5309;PABLO PODESTA 1629;FLORENCIO VARELA;2026-10-01;01-10-2026;30-09-2026;FAC-A-131060;Venta;LAGOPUELO S.A;60227;8,00;18493,28;22376,87;YANG JIANXING;;15,00 %;051;Ezequiel Valente;;Aydn PurGlac TriPod 8/2l GP2;2311,66;3397;;3;AUTOSERVICIO;2092,00;JUAN ESCOTO;;$;2;GRUPO AYUDIN ARGENTINA S.A;;;CON;;;;;;;LAVANDINA;;;;;300;Bruno Centurion;AXUM;;;False;131060;0;1;;;;;;1;;2311,66
5309;PABLO PODESTA 1629;FLORENCIO VARELA;2026-10-01;01-10-2026;30-09-2026;FAC-A-131060;Venta;LAGOPUELO S.A;36003;80,00;130425,00;157814,25;YANG JIANXING;;25,00 %;051;Ezequiel Valente;;AYDN LAVDNA OR 25g/l 8/2l;1630,31;3397;;3;AUTOSERVICIO;1739,00;JUAN ESCOTO;;$;2;GRUPO AYUDIN ARGENTINA S.A;;;CON;;;;;;;LAVANDINA;;;;;300;Bruno Centurion;AXUM;;;False;131060;0;1;;;;;;1;;1630,31
5309;PABLO PODESTA 1629;FLORENCIO VARELA;2026-10-01;01-10-2026;30-09-2026;FAC-A-131060;Venta;LAGOPUELO S.A;34320;36,00;44302,68;53606,24;YANG JIANXING;;25,00 %;051;Ezequiel Valente;;Poett Desinf. Frescura de Lavanda 900ml;1230,63;3397;;3;AUTOSERVICIO;1292,00;JUAN ESCOTO;;$;2;GRUPO AYUDIN ARGENTINA S.A;;;CON;;;;;;;PISO;;;;;300;Bruno Centurion;AXUM;;;False;131060;0;1;;;;;;1;;1230,63
5309;PABLO PODESTA 1629;FLORENCIO VARELA;2026-10-01;01-10-2026;30-09-2026;FAC-A-131060;Venta;LAGOPUELO S.A;34324;24,00;29535,12;35737,50;YANG JIANXING;;25,00 %;051;Ezequiel Valente;;Poett Desinf. Flores de Primavera 900ml;1230,63;3397;;3;AUTOSERVICIO;1292,00;JUAN ESCOTO;;$;2;GRUPO AYUDIN ARGENTINA S.A;;;CON;;;;;;;PISO;;;;;300;Bruno Centurion;AXUM;;;False;131060;0;1;;;;;;1;;1230,63
5309;PABLO PODESTA 1629;FLORENCIO VARELA;2026-10-01;01-10-2026;30-09-2026;FAC-A-131060;Venta;LAGOPUELO S.A;34327;12,00;14767,56;17868,75;YANG JIANXING;;25,00 %;051;Ezequiel Valente;;Poett Desinf. Solo para ti 900ml;1230,63;3397;;3;AUTOSERVICIO;1292,00;JUAN ESCOTO;;$;2;GRUPO AYUDIN ARGENTINA S.A;;;CON;;;;;;;PISO;;;;;300;Bruno Centurion;AXUM;;;False;131060;0;1;;;;;;1;;1230,63
5309;PABLO PODESTA 1629;FLORENCIO VARELA;2026-10-01;01-10-2026;30-09-2026;FAC-A-131060;Venta;LAGOPUELO S.A;60386;12,00;14767,56;17868,75;YANG JIANXING;;25,00 %;051;Ezequiel Valente;;Poett EsptPly 12/900ml;1230,63;3397;;3;AUTOSERVICIO;1292,00;JUAN ESCOTO;;$;2;GRUPO AYUDIN ARGENTINA S.A;;;CON;;;;;;;PISO;;;;;300;Bruno Centurion;AXUM;;;False;131060;0;1;;;;;;1;;1230,63
5309;PABLO PODESTA 1629;FLORENCIO VARELA;2026-10-01;01-10-2026;30-09-2026;FAC-A-131060;Venta;LAGOPUELO S.A;34334;12,00;14767,56;17868,75;YANG JIANXING;;25,00 %;051;Ezequiel Valente;;Poett Dsnf SuadBebe 12/900ml;1230,63;3397;;3;AUTOSERVICIO;1292,00;JUAN ESCOTO;;$;2;GRUPO AYUDIN ARGENTINA S.A;;;CON;;;;;;;PISO;;;;;300;Bruno Centurion;AXUM;;;False;131060;0;1;;;;;;1;;1230,63
5309;PABLO PODESTA 1629;FLORENCIO VARELA;2026-10-01;01-10-2026;30-09-2026;FAC-A-131060;Venta;LAGOPUELO S.A;34336;12,00;14767,56;17868,75;YANG JIANXING;;25,00 %;051;Ezequiel Valente;;Poett Dsnf SuadAlg 12/900ml;1230,63;3397;;3;AUTOSERVICIO;1292,00;JUAN ESCOTO;;$;2;GRUPO AYUDIN ARGENTINA S.A;;;CON;;;;;;;PISO;;;;;300;Bruno Centurion;AXUM;;;False;131060;0;1;;;;;;1;;1230,63
5309;PABLO PODESTA 1629;FLORENCIO VARELA;2026-10-01;01-10-2026;30-09-2026;FAC-A-131060;Venta;LAGOPUELO S.A;34342;12,00;14767,56;17868,75;YANG JIANXING;;25,00 %;051;Ezequiel Valente;;Poett Dsnf AlgrDia 12/900ml;1230,63;3397;;3;AUTOSERVICIO;1292,00;JUAN ESCOTO;;$;2;GRUPO AYUDIN ARGENTINA S.A;;;CON;;;;;;;PISO;;;;;300;Bruno Centurion;AXUM;;;False;131060;0;1;;;;;;1;;1230,63
27366;CORDOBA - (TRADICIONAL) 850;LANUS;2026-10-02;02-10-2026;30-09-2026;FAC-A-131063;Venta;LAGOPUELO S.A;33576;3,00;5693,73;6889,41;PATRICIA MARIA JUAREZ;;0,00 %;26;Sabrina Pereyra;;Aydn Ropa BlncSprms DoyPk 16/400ml;1897,91;3408;;3;Autoservicio B;1427,00;CLAUDIO GARCIA;;$;2;GRUPO AYUDIN ARGENTINA S.A;;;CON;;;;;;;LAVADO DE ROPA;;;;;25;JOHANA VIGIL;AXUM;;;False;131063;0;1;;;;;;1;;1897,91
27366;CORDOBA - (TRADICIONAL) 850;LANUS;2026-10-02;02-10-2026;30-09-2026;FAC-A-131063;Venta;LAGOPUELO S.A;36003;8,00;13912,00;16833,52;PATRICIA MARIA JUAREZ;;20,00 %;26;Sabrina Pereyra;;AYDN LAVDNA OR 25g/l 8/2l;1739,00;3408;;3;Autoservicio B;1739,00;CLAUDIO GARCIA;;$;2;GRUPO AYUDIN ARGENTINA S.A;;;CON;;;;;;;LAVANDINA;;;;;25;JOHANA VIGIL;AXUM;;;False;131063;0;1;;;;;;1;;1739,00
27366;CORDOBA - (TRADICIONAL) 850;LANUS;2026-10-02;02-10-2026;30-09-2026;FAC-A-131063;Venta;LAGOPUELO S.A;61816;6,00;17091,36;20680,55;PATRICIA MARIA JUAREZ;;20,00 %;26;Sabrina Pereyra;;Sltn MataMosq Aer AccInst 6/360ml BA;2848,56;3408;;3;Autoservicio B;2739,00;CLAUDIO GARCIA;;$;2;GRUPO AYUDIN ARGENTINA S.A;;;CON;;;;;;;SELTON;;;;;25;JOHANA VIGIL;AXUM;;;False;131063;0;1;;;;;;1;;2848,56
29518;MOLDES E/DE LA PE√‚ÄòA Y DARDO ROCHA - (AUTOSERVICIOS) 683;LLAVALLOL;2026-10-02;02-10-2026;30-09-2026;FAC-B-131069;Venta;ELEBES;17927;6,00;5221,35;6317,83;ISABEL PITINOS;;18,00 %;074;Romina Baez;;AYDN LAVDNA OR 15/1L;870,23;3410;;2;ALMACEN;849,00;MARIANO SOSA;;$;2;GRUPO AYUDIN ARGENTINA S.A;;;CON;;;;;;;LAVANDINA;;;;;300;Bruno Centurion;AXUM;;;False;131069;0;1;;;;;;1;;870,23
29518;MOLDES E/DE LA PE√‚ÄòA Y DARDO ROCHA - (AUTOSERVICIOS) 683;LLAVALLOL;2026-10-02;02-10-2026;30-09-2026;FAC-B-131069;Venta;ELEBES;36003;2,00;3564,95;4313,59;ISABEL PITINOS;;18,00 %;074;Romina Baez;;AYDN LAVDNA OR 25g/l 8/2l;1782,48;3410;;2;ALMACEN;1739,00;MARIANO SOSA;;$;2;GRUPO AYUDIN ARGENTINA S.A;;;CON;;;;;;;LAVANDINA;;;;;300;Bruno Centurion;AXUM;;;False;131069;0;1;;;;;;1;;1782,48
29518;MOLDES E/DE LA PE√‚ÄòA Y DARDO ROCHA - (AUTOSERVICIOS) 683;LLAVALLOL;2026-10-02;02-10-2026;30-09-2026;FAC-B-131069;Venta;ELEBES;33575;2,00;3795,82;4592,94;ISABEL PITINOS;;0,00 %;074;Romina Baez;;Aydn Ropa ClrViv DoyPk 16/400ml;1897,91;3410;;2;ALMACEN;1427,00;MARIANO SOSA;;$;2;GRUPO AYUDIN ARGENTINA S.A;;;CON;;;;;;;LAVADO DE ROPA;;;;;300;Bruno Centurion;AXUM;;;False;131069;0;1;;;;;;1;;1897,91
29518;MOLDES E/DE LA PE√‚ÄòA Y DARDO ROCHA - (AUTOSERVICIOS) 683;LLAVALLOL;2026-10-02;02-10-2026;30-09-2026;FAC-B-131069;Venta;ELEBES;33576;2,00;3795,82;4592,94;ISABEL PITINOS;;0,00 %;074;Romina Baez;;Aydn Ropa BlncSprms DoyPk 16/400ml;1897,91;3410;;2;ALMACEN;1427,00;MARIANO SOSA;;$;2;GRUPO AYUDIN ARGENTINA S.A;;;CON;;;;;;;LAVADO DE ROPA;;;;;300;Bruno Centurion;AXUM;;;False;131069;0;1;;;;;;1;;1897,91
28027;9 DE JULIO - (TRADICIONAL) 1657;LLAVALLOL;2026-10-02;02-10-2026;30-09-2026;FAC-A-131072;Venta;LAGOPUELO S.A;36027;1,00;630,45;762,84;MIGUEL ANGEL CASTA—O;;0,00 %;074;Romina Baez;;Mort ESPON LISITA 8/12CT;630,45;3410;;2;ALMACEN;467,00;MARIANO SOSA;;$;2;GRUPO AYUDIN ARGENTINA S.A;;;CON;;;;;;;MORTIMER;;;;;300;Bruno Centurion;AXUM;;;False;131072;0;1;;;;;;1;;630,45
41;12 DE OCTUBRE 4778;Quilmes;2026-10-02;02-10-2026;30-09-2026;FAC-A-131078;Venta;LAGOPUELO S.A;33576;6,00;11387,46;13778,83;Maria Elsa ayala MartÌnez;;0,00 %;053;Verona Abati;;Aydn Ropa BlncSprms DoyPk 16/400ml;1897,91;3413;;2;ALMACEN;1427,00;HERNAN RIVERO;;$;2;GRUPO AYUDIN ARGENTINA S.A;;;EFV;;;;;;;LAVADO DE ROPA;;;;;300;Bruno Centurion;AXUM;;;False;131078;0;1;;;;;;1;;1897,91
106137;Salta 669 0;LANUS;2026-10-02;02-10-2026;30-09-2026;FAC-A-131079;Venta;ELEBES;33575;6,00;11387,46;13778,83;Sol Radiante Srl;;0,00 %;26;Sabrina Pereyra;;Aydn Ropa ClrViv DoyPk 16/400ml;1897,91;3408;;georgalos-7;Almacen;1427,00;CLAUDIO GARCIA;;$;2;GRUPO AYUDIN ARGENTINA S.A;;;EFV;;;;;;;LAVADO DE ROPA;;;;;25;JOHANA VIGIL;AXUM;;;False;131079;0;1;;;;;;1;;1897,91
106137;Salta 669 0;LANUS;2026-10-02;02-10-2026;30-09-2026;FAC-A-131079;Venta;ELEBES;33576;6,00;11387,46;13778,83;Sol Radiante Srl;;0,00 %;26;Sabrina Pereyra;;Aydn Ropa BlncSprms DoyPk 16/400ml;1897,91;3408;;georgalos-7;Almacen;1427,00;CLAUDIO GARCIA;;$;2;GRUPO AYUDIN ARGENTINA S.A;;;EFV;;;;;;;LAVADO DE ROPA;;;;;25;JOHANA VIGIL;AXUM;;;False;131079;0;1;;;;;;1;;1897,91
27310;BLASCO IBA√‚ÄòEZ - (AUTOSERVICIOS) 460;JOSE MARMOL;2026-10-01;01-10-2026;30-09-2026;FAC-A-131082;Venta;LAGOPUELO S.A;60234;3,00;6719,12;8130,14;ZHENG SHUNXING;;23,00 %;063;Daniel Martin;;Aydn Lavdna Gel Ctra 15/700ml GP2;2239,71;3399;;3;Autoservicio A;2187,00;SIMON OLIVERA;;$;2;GRUPO AYUDIN ARGENTINA S.A;;;CON;;;;;;;LAVANDINA;;;;;300;Bruno Centurion;AXUM;;;False;131082;0;1;;;;;;1;;2239,71
27310;BLASCO IBA√‚ÄòEZ - (AUTOSERVICIOS) 460;JOSE MARMOL;2026-10-01;01-10-2026;30-09-2026;FAC-A-131082;Venta;LAGOPUELO S.A;60237;3,00;6719,12;8130,14;ZHENG SHUNXING;;23,00 %;063;Daniel Martin;;Aydn Lavdna Gel Flr 15/700ml GP2;2239,71;3399;;3;Autoservicio A;2187,00;SIMON OLIVERA;;$;2;GRUPO AYUDIN ARGENTINA S.A;;;CON;;;;;;;LAVANDINA;;;;;300;Bruno Centurion;AXUM;;;False;131082;0;1;;;;;;1;;2239,71
27310;BLASCO IBA√‚ÄòEZ - (AUTOSERVICIOS) 460;JOSE MARMOL;2026-10-01;01-10-2026;30-09-2026;FAC-A-131082;Venta;LAGOPUELO S.A;60240;3,00;6719,12;8130,14;ZHENG SHUNXING;;23,00 %;063;Daniel Martin;;Aydn Lavdna Gel Lavda EXPRT 15/700ml GP2;2239,71;3399;;3;Autoservicio A;2187,00;SIMON OLIVERA;;$;2;GRUPO AYUDIN ARGENTINA S.A;;;CON;;;;;;;LAVANDINA;;;;;300;Bruno Centurion;AXUM;;;False;131082;0;1;;;;;;1;;2239,71
27310;BLASCO IBA√‚ÄòEZ - (AUTOSERVICIOS) 460;JOSE MARMOL;2026-10-01;01-10-2026;30-09-2026;FAC-A-131082;Venta;LAGOPUELO S.A;60239;3,00;6719,12;8130,14;ZHENG SHUNXING;;23,00 %;063;Daniel Martin;;Aydn Lavdna Gel MntFrs 15/700ml GP2;2239,71;3399;;3;Autoservicio A;2187,00;SIMON OLIVERA;;$;2;GRUPO AYUDIN ARGENTINA S.A;;;CON;;;;;;;LAVANDINA;;;;;300;Bruno Centurion;AXUM;;;False;131082;0;1;;;;;;1;;2239,71
27310;BLASCO IBA√‚ÄòEZ - (AUTOSERVICIOS) 460;JOSE MARMOL;2026-10-01;01-10-2026;30-09-2026;FAC-A-131082;Venta;LAGOPUELO S.A;60233;3,00;6719,12;8130,14;ZHENG SHUNXING;;23,00 %;063;Daniel Martin;;Aydn Lavdna Gel Or 15/700ml GP2;2239,71;3399;;3;Autoservicio A;2187,00;SIMON OLIVERA;;$;2;GRUPO AYUDIN ARGENTINA S.A;;;CON;;;;;;;LAVANDINA;;;;;300;Bruno Centurion;AXUM;;;False;131082;0;1;;;;;;1;;2239,71
1183;Calle 131 A 1833;BERAZATEGUI;2026-10-05;05-10-2026;30-09-2026;FAC-A-131087;Venta;LAGOPUELO S.A;17927;15,00;12735,00;15409,35;MARCIANESI MARIA LAURA;;20,00 %;4;Selene Pawlikowski;;AYDN LAVDNA OR 15/1L;849,00;3430;;2;ALMACEN;849,00;LEONARDO SANTA CRUZ;;$;2;GRUPO AYUDIN ARGENTINA S.A;;;CON;;;;;;;LAVANDINA;;;;;25;JOHANA VIGIL;AXUM;;;False;131087;0;1;;;;;;1;;849,00
1183;Calle 131 A 1833;BERAZATEGUI;2026-10-05;05-10-2026;30-09-2026;FAC-A-131087;Venta;LAGOPUELO S.A;36003;8,00;13912,00;16833,52;MARCIANESI MARIA LAURA;;20,00 %;4;Selene Pawlikowski;;AYDN LAVDNA OR 25g/l 8/2l;1739,00;3430;;2;ALMACEN;1739,00;LEONARDO SANTA CRUZ;;$;2;GRUPO AYUDIN ARGENTINA S.A;;;CON;;;;;;;LAVANDINA;;;;;25;JOHANA VIGIL;AXUM;;;False;131087;0;1;;;;;;1;;1739,00
5296;AMENEDO E/BLASCO IBA√‚ÄòEZ Y 20 SEPTIEMBRE - (TRADICIONAL) 3127;JOSE MARMOL;2026-10-01;01-10-2026;30-09-2026;FAC-B-131117;Venta;ELEBES;17927;30,00;25470,00;30818,70;RICHARD VASQUEZZ;;20,00 %;063;Daniel Martin;;AYDN LAVDNA OR 15/1L;849,00;3399;;3;Autoservicio B;849,00;SIMON OLIVERA;;$;2;GRUPO AYUDIN ARGENTINA S.A;;;CON;;;;;;;LAVANDINA;;;;;300;Bruno Centurion;AXUM;;;False;131117;0;1;;;;;;1;;849,00
913;LINIERS 2147;Lavallol;2026-10-02;02-10-2026;30-09-2026;FAC-A-131135;Venta;LAGOPUELO S.A;61621;6,00;16368,69;19806,11;Yan huiling;;5,00 %;074;Romina Baez;;Aydn Coc† Pod Act Or† Gat 12/500ml;2728,12;3410;;3;AUTOSERVICIO;2209,00;MARIANO SOSA;;$;2;GRUPO AYUDIN ARGENTINA S.A;;;CON;;;;;;;COCINA;;;;;300;Bruno Centurion;AXUM;;;False;131135;0;1;;;;;;1;;2728,12
6034;Calle 131 N 5261;Berazategui;2026-10-01;01-10-2026;30-09-2026;FAC-A-131140;Venta;LAGOPUELO S.A;60231;15,00;24339,00;29450,19;Staniscia Claudio Roque;;0,00 %;052;Nicole Sosa;;Aydn A-Sp Trad 15/1l GP2;1622,60;3394;;3;AUTOSERVICIO;1220,00;IVAN MONTOYA;;$;2;GRUPO AYUDIN ARGENTINA S.A;;;CON;;;;;;;LAVANDINA;;;;;300;Bruno Centurion;AXUM;;;False;131140;0;1;;;;;;1;;1622,60
23133;Amancio Alcorta 4023;CLAYPOLE;2026-10-01;01-10-2026;30-09-2026;FAC-A-131143;Venta;LAGOPUELO S.A;27816;12,00;26785,20;32410,09;Xiao guanglin;;0,00 %;061;Nailah Guzman;;Poett Cnsta 12/27.5g;2232,10;3398;;3;Autoservicio B;1717,00;NAHUEL MONTOYA;;$;2;GRUPO AYUDIN ARGENTINA S.A;;;CON;;;;;;;BAÒO;;;;;300;Bruno Centurion;AXUM;;;False;131143;0;1;;;;;;1;;2232,10
23133;Amancio Alcorta 4023;CLAYPOLE;2026-10-01;01-10-2026;30-09-2026;FAC-A-131143;Venta;LAGOPUELO S.A;24649;6,00;8299,20;10042,03;Xiao guanglin;;0,00 %;061;Nailah Guzman;;Poett PastDesod 12/25g GP2;1383,20;3398;;3;Autoservicio B;1064,00;NAHUEL MONTOYA;;$;2;GRUPO AYUDIN ARGENTINA S.A;;;CON;;;;;;;BAÒO;;;;;300;Bruno Centurion;AXUM;;;False;131143;0;1;;;;;;1;;1383,20
6034;Calle 131 N 5261;Berazategui;2026-10-01;01-10-2026;30-09-2026;FAC-A-131158;Venta;LAGOPUELO S.A;34324;24,00;30322,72;36690,50;Staniscia Claudio Roque;;23,00 %;052;Nicole Sosa;;Poett Desinf. Flores de Primavera 900ml;1263,45;3394;;3;AUTOSERVICIO;1292,00;IVAN MONTOYA;;$;2;GRUPO AYUDIN ARGENTINA S.A;;;CON;;;;;;;PISO;;;;;300;Bruno Centurion;AXUM;;;False;131158;0;1;;;;;;1;;1263,45
6034;Calle 131 N 5261;Berazategui;2026-10-01;01-10-2026;30-09-2026;FAC-A-131158;Venta;LAGOPUELO S.A;34320;24,00;30322,72;36690,50;Staniscia Claudio Roque;;23,00 %;052;Nicole Sosa;;Poett Desinf. Frescura de Lavanda 900ml;1263,45;3394;;3;AUTOSERVICIO;1292,00;IVAN MONTOYA;;$;2;GRUPO AYUDIN ARGENTINA S.A;;;CON;;;;;;;PISO;;;;;300;Bruno Centurion;AXUM;;;False;131158;0;1;;;;;;1;;1263,45
6034;Calle 131 N 5261;Berazategui;2026-10-01;01-10-2026;30-09-2026;FAC-A-131158;Venta;LAGOPUELO S.A;34327;12,00;15161,36;18345,25;Staniscia Claudio Roque;;23,00 %;052;Nicole Sosa;;Poett Desinf. Solo para ti 900ml;1263,45;3394;;3;AUTOSERVICIO;1292,00;IVAN MONTOYA;;$;2;GRUPO AYUDIN ARGENTINA S.A;;;CON;;;;;;;PISO;;;;;300;Bruno Centurion;AXUM;;;False;131158;0;1;;;;;;1;;1263,45
6034;Calle 131 N 5261;Berazategui;2026-10-01;01-10-2026;30-09-2026;FAC-A-131158;Venta;LAGOPUELO S.A;34342;12,00;15161,36;18345,25;Staniscia Claudio Roque;;23,00 %;052;Nicole Sosa;;Poett Dsnf AlgrDia 12/900ml;1263,45;3394;;3;AUTOSERVICIO;1292,00;IVAN MONTOYA;;$;2;GRUPO AYUDIN ARGENTINA S.A;;;CON;;;;;;;PISO;;;;;300;Bruno Centurion;AXUM;;;False;131158;0;1;;;;;;1;;1263,45
6034;Calle 131 N 5261;Berazategui;2026-10-01;01-10-2026;30-09-2026;FAC-A-131158;Venta;LAGOPUELO S.A;34338;12,00;15161,36;18345,25;Staniscia Claudio Roque;;23,00 %;052;Nicole Sosa;;Poett Dsnf MscPrmvra 12/900ml;1263,45;3394;;3;AUTOSERVICIO;1292,00;IVAN MONTOYA;;$;2;GRUPO AYUDIN ARGENTINA S.A;;;CON;;;;;;;PISO;;;;;300;Bruno Centurion;AXUM;;;False;131158;0;1;;;;;;1;;1263,45
6034;Calle 131 N 5261;Berazategui;2026-10-01;01-10-2026;30-09-2026;FAC-A-131158;Venta;LAGOPUELO S.A;34336;12,00;15161,36;18345,25;Staniscia Claudio Roque;;23,00 %;052;Nicole Sosa;;Poett Dsnf SuadAlg 12/900ml;1263,45;3394;;3;AUTOSERVICIO;1292,00;IVAN MONTOYA;;$;2;GRUPO AYUDIN ARGENTINA S.A;;;CON;;;;;;;PISO;;;;;300;Bruno Centurion;AXUM;;;False;131158;0;1;;;;;;1;;1263,45
6034;Calle 131 N 5261;Berazategui;2026-10-01;01-10-2026;30-09-2026;FAC-A-131158;Venta;LAGOPUELO S.A;34334;12,00;15161,36;18345,25;Staniscia Claudio Roque;;23,00 %;052;Nicole Sosa;;Poett Dsnf SuadBebe 12/900ml;1263,45;3394;;3;AUTOSERVICIO;1292,00;IVAN MONTOYA;;$;2;GRUPO AYUDIN ARGENTINA S.A;;;CON;;;;;;;PISO;;;;;300;Bruno Centurion;AXUM;;;False;131158;0;1;;;;;;1;;1263,45
6034;Calle 131 N 5261;Berazategui;2026-10-01;01-10-2026;30-09-2026;FAC-A-131158;Venta;LAGOPUELO S.A;60386;12,00;15161,36;18345,25;Staniscia Claudio Roque;;23,00 %;052;Nicole Sosa;;Poett EsptPly 12/900ml;1263,45;3394;;3;AUTOSERVICIO;1292,00;IVAN MONTOYA;;$;2;GRUPO AYUDIN ARGENTINA S.A;;;CON;;;;;;;PISO;;;;;300;Bruno Centurion;AXUM;;;False;131158;0;1;;;;;;1;;1263,45
6034;Calle 131 N 5261;Berazategui;2026-10-01;01-10-2026;30-09-2026;FAC-A-131158;Venta;LAGOPUELO S.A;36001;12,00;15161,36;18345,25;Staniscia Claudio Roque;;23,00 %;052;Nicole Sosa;;POETT FRSC TROP 12/900;1263,45;3394;;3;AUTOSERVICIO;1292,00;IVAN MONTOYA;;$;2;GRUPO AYUDIN ARGENTINA S.A;;;CON;;;;;;;PISO;;;;;300;Bruno Centurion;AXUM;;;False;131158;0;1;;;;;;1;;1263,45
66;VICENTE LOPEZ Y PLANES 768;Florencio Varela;2026-10-01;01-10-2026;30-09-2026;FAC-B-131164;Venta;Empresa LAGOPUELO;61731;3,00;10072,70;12187,97;RUIZ DIAZ MARCOS;;15,00 %;6;Nieves Alegre;;Sltn MataCuca Aer AccProl 6/360ml BA;3357,57;3392;;2;ALMACEN;3086,00;WALTER JANIUK;;$;2;GRUPO AYUDIN ARGENTINA S.A;;;EFV;;;;;;;SELTON;;;;;25;JOHANA VIGIL;AXUM;;;False;131164;0;1;;;;;;1;;3357,57
66;VICENTE LOPEZ Y PLANES 768;Florencio Varela;2026-10-01;01-10-2026;30-09-2026;FAC-B-131164;Venta;Empresa LAGOPUELO;61814;3,00;11226,38;13583,91;RUIZ DIAZ MARCOS;;15,00 %;6;Nieves Alegre;;Sltn MataMosq Aer s/OlrQmc 6/360ml BA;3742,13;3392;;2;ALMACEN;3522,00;WALTER JANIUK;;$;2;GRUPO AYUDIN ARGENTINA S.A;;;EFV;;;;;;;SELTON;;;;;25;JOHANA VIGIL;AXUM;;;False;131164;0;1;;;;;;1;;3742,13
66;VICENTE LOPEZ Y PLANES 768;Florencio Varela;2026-10-01;01-10-2026;30-09-2026;FAC-B-131164;Venta;Empresa LAGOPUELO;61816;3,00;9079,79;10986,54;RUIZ DIAZ MARCOS;;15,00 %;6;Nieves Alegre;;Sltn MataMosq Aer AccInst 6/360ml BA;3026,60;3392;;2;ALMACEN;2739,00;WALTER JANIUK;;$;2;GRUPO AYUDIN ARGENTINA S.A;;;EFV;;;;;;;SELTON;;;;;25;JOHANA VIGIL;AXUM;;;False;131164;0;1;;;;;;1;;3026,60
1505;CALLE 131 5025;Berazategui;2026-10-01;01-10-2026;30-09-2026;FAC-A-131171;Venta;LAGOPUELO S.A;17927;30,00;25470,00;30818,70;SERIAL VERONICA SANDRA;;20,00 %;052;Nicole Sosa;;AYDN LAVDNA OR 15/1L;849,00;3394;;3;AUTOSERVICIO;849,00;IVAN MONTOYA;;$;2;GRUPO AYUDIN ARGENTINA S.A;;;CON;;;;;;;LAVANDINA;;;;;300;Bruno Centurion;AXUM;;;False;131171;0;1;;;;;;1;;849,00
1505;CALLE 131 5025;Berazategui;2026-10-01;01-10-2026;30-09-2026;FAC-A-131171;Venta;LAGOPUELO S.A;36003;16,00;27824,00;33667,04;SERIAL VERONICA SANDRA;;20,00 %;052;Nicole Sosa;;AYDN LAVDNA OR 25g/l 8/2l;1739,00;3394;;3;AUTOSERVICIO;1739,00;IVAN MONTOYA;;$;2;GRUPO AYUDIN ARGENTINA S.A;;;CON;;;;;;;LAVANDINA;;;;;300;Bruno Centurion;AXUM;;;False;131171;0;1;;;;;;1;;1739,00
22958;El Picaflor - (AUTOSERVICIOS) 3150;ALTE BROWN;2026-10-01;01-10-2026;30-09-2026;FAC-A-131186;Venta;LAGOPUELO S.A;61621;6,00;17230,20;20848,54;WENG YAN HONG;;0,00 %;056;Ezequiel Ferreira;;Aydn Coc† Pod Act Or† Gat 12/500ml;2871,70;3398;;3;Autoservicio A;2209,00;NAHUEL MONTOYA;;$;2;GRUPO AYUDIN ARGENTINA S.A;;;CON;;;;;;;COCINA;;;;;300;Bruno Centurion;AXUM;;;False;131186;0;1;;;;;;1;;2871,70
22958;El Picaflor - (AUTOSERVICIOS) 3150;ALTE BROWN;2026-10-01;01-10-2026;30-09-2026;FAC-A-131186;Venta;LAGOPUELO S.A;36004;6,00;24380,46;29500,36;WENG YAN HONG;;10,00 %;056;Ezequiel Ferreira;;AYDN LAVDNA OR 25 g/l 3/4l;4063,41;3398;;3;Autoservicio A;3473,00;NAHUEL MONTOYA;;$;2;GRUPO AYUDIN ARGENTINA S.A;;;CON;;;;;;;LAVANDINA;;;;;300;Bruno Centurion;AXUM;;;False;131186;0;1;;;;;;1;;4063,41
22958;El Picaflor - (AUTOSERVICIOS) 3150;ALTE BROWN;2026-10-01;01-10-2026;30-09-2026;FAC-A-131186;Venta;LAGOPUELO S.A;60223;16,00;36986,56;44753,74;WENG YAN HONG;;15,00 %;056;Ezequiel Ferreira;;Aydn Lavda TriPod 8/2l GP2;2311,66;3398;;3;Autoservicio A;2092,00;NAHUEL MONTOYA;;$;2;GRUPO AYUDIN ARGENTINA S.A;;;CON;;;;;;;LAVANDINA;;;;;300;Bruno Centurion;AXUM;;;False;131186;0;1;;;;;;1;;2311,66
22958;El Picaflor - (AUTOSERVICIOS) 3150;ALTE BROWN;2026-10-01;01-10-2026;30-09-2026;FAC-A-131186;Venta;LAGOPUELO S.A;60237;8,00;18615,74;22525,05;WENG YAN HONG;;20,00 %;056;Ezequiel Ferreira;;Aydn Lavdna Gel Flr 15/700ml GP2;2326,97;3398;;3;Autoservicio A;2187,00;NAHUEL MONTOYA;;$;2;GRUPO AYUDIN ARGENTINA S.A;;;CON;;;;;;;LAVANDINA;;;;;300;Bruno Centurion;AXUM;;;False;131186;0;1;;;;;;1;;2326,97
22958;El Picaflor - (AUTOSERVICIOS) 3150;ALTE BROWN;2026-10-01;01-10-2026;30-09-2026;FAC-A-131186;Venta;LAGOPUELO S.A;60234;8,00;18615,74;22525,05;WENG YAN HONG;;20,00 %;056;Ezequiel Ferreira;;Aydn Lavdna Gel Ctra 15/700ml GP2;2326,97;3398;;3;Autoservicio A;2187,00;NAHUEL MONTOYA;;$;2;GRUPO AYUDIN ARGENTINA S.A;;;CON;;;;;;;LAVANDINA;;;;;300;Bruno Centurion;AXUM;;;False;131186;0;1;;;;;;1;;2326,97
3669;RODOLFO LOPEZ 1335;Quilmes;2026-10-02;02-10-2026;30-09-2026;FAC-A-131192;Venta;LAGOPUELO S.A;61816;18,00;51274,08;62041,64;CHEN ZHIXIA;;20,00 %;054;Leonel Caruso;;Sltn MataMosq Aer AccInst 6/360ml BA;2848,56;3413;;3;AUTOSERVICIO;2739,00;HERNAN RIVERO;;$;2;GRUPO AYUDIN ARGENTINA S.A;;;CON;;;;;;;SELTON;;;;;300;Bruno Centurion;AXUM;;;False;131192;0;1;;;;;;1;;2848,56
3669;RODOLFO LOPEZ 1335;Quilmes;2026-10-02;02-10-2026;30-09-2026;FAC-A-131192;Venta;LAGOPUELO S.A;33575;6,00;11387,46;13778,83;CHEN ZHIXIA;;0,00 %;054;Leonel Caruso;;Aydn Ropa ClrViv DoyPk 16/400ml;1897,91;3413;;3;AUTOSERVICIO;1427,00;HERNAN RIVERO;;$;2;GRUPO AYUDIN ARGENTINA S.A;;;CON;;;;;;;LAVADO DE ROPA;;;;;300;Bruno Centurion;AXUM;;;False;131192;0;1;;;;;;1;;1897,91
3669;RODOLFO LOPEZ 1335;Quilmes;2026-10-02;02-10-2026;30-09-2026;FAC-A-131192;Venta;LAGOPUELO S.A;33577;6,00;18808,86;22758,72;CHEN ZHIXIA;;0,00 %;054;Leonel Caruso;;Aydn Ropa ClrViv DoyPk 12/650ml;3134,81;3413;;3;AUTOSERVICIO;2357,00;HERNAN RIVERO;;$;2;GRUPO AYUDIN ARGENTINA S.A;;;CON;;;;;;;LAVADO DE ROPA;;;;;300;Bruno Centurion;AXUM;;;False;131192;0;1;;;;;;1;;3134,81
6118;12 DE OCTUBRE 577;Varela;2026-10-01;01-10-2026;30-09-2026;FAC-A-131209;Venta;LAGOPUELO S.A;60222;15,00;17403,75;21058,54;GAO YANG YONG;;15,00 %;6;Nieves Alegre;;Aydn Lavda TriPod 15/1l GP2;1160,25;3392;;3;AUTOSERVICIO;1050,00;WALTER JANIUK;;$;2;GRUPO AYUDIN ARGENTINA S.A;;;CON;;;;;;;LAVANDINA;;;;;25;JOHANA VIGIL;AXUM;;;False;131209;0;1;;;;;;1;;1160,25
6118;12 DE OCTUBRE 577;Varela;2026-10-01;01-10-2026;30-09-2026;FAC-A-131209;Venta;LAGOPUELO S.A;60226;15,00;17403,75;21058,54;GAO YANG YONG;;15,00 %;6;Nieves Alegre;;Aydn PurGlac TriPod 15/1l GP2;1160,25;3392;;3;AUTOSERVICIO;1050,00;WALTER JANIUK;;$;2;GRUPO AYUDIN ARGENTINA S.A;;;CON;;;;;;;LAVANDINA;;;;;25;JOHANA VIGIL;AXUM;;;False;131209;0;1;;;;;;1;;1160,25
6033;Calle 50 N 2836;Berazategui;2026-10-01;01-10-2026;30-09-2026;FAC-A-131210;Venta;LAGOPUELO S.A;34334;12,00;15752,06;19060,00;ZARATE OLGA GRACIELA;;20,00 %;052;Nicole Sosa;;Poett Dsnf SuadBebe 12/900ml;1312,67;3394;;2;ALMACEN;1292,00;IVAN MONTOYA;;$;2;GRUPO AYUDIN ARGENTINA S.A;;;CON;;;;;;;PISO;;;;;300;Bruno Centurion;AXUM;;;False;131210;0;1;;;;;;1;;1312,67
6033;Calle 50 N 2836;Berazategui;2026-10-01;01-10-2026;30-09-2026;FAC-A-131210;Venta;LAGOPUELO S.A;34336;12,00;15752,06;19060,00;ZARATE OLGA GRACIELA;;20,00 %;052;Nicole Sosa;;Poett Dsnf SuadAlg 12/900ml;1312,67;3394;;2;ALMACEN;1292,00;IVAN MONTOYA;;$;2;GRUPO AYUDIN ARGENTINA S.A;;;CON;;;;;;;PISO;;;;;300;Bruno Centurion;AXUM;;;False;131210;0;1;;;;;;1;;1312,67
6033;Calle 50 N 2836;Berazategui;2026-10-01;01-10-2026;30-09-2026;FAC-A-131210;Venta;LAGOPUELO S.A;34327;12,00;15752,06;19060,00;ZARATE OLGA GRACIELA;;20,00 %;052;Nicole Sosa;;Poett Desinf. Solo para ti 900ml;1312,67;3394;;2;ALMACEN;1292,00;IVAN MONTOYA;;$;2;GRUPO AYUDIN ARGENTINA S.A;;;CON;;;;;;;PISO;;;;;300;Bruno Centurion;AXUM;;;False;131210;0;1;;;;;;1;;1312,67
3693;GARIBALDI 420;QUILMES;2026-10-02;02-10-2026;30-09-2026;FAC-A-131213;Venta;LAGOPUELO S.A;60227;8,00;21756,80;26325,73;ZHAN SAIYING;;0,00 %;2;Fernanda Cejas;;Aydn PurGlac TriPod 8/2l GP2;2719,60;3413;;3;AUTOSERVICIO;2092,00;HERNAN RIVERO;;$;2;GRUPO AYUDIN ARGENTINA S.A;;;CON;;;;;;;LAVANDINA;;;;;25;JOHANA VIGIL;AXUM;;;False;131213;0;1;;;;;;1;;2719,60
3693;GARIBALDI 420;QUILMES;2026-10-02;02-10-2026;30-09-2026;FAC-A-131213;Venta;LAGOPUELO S.A;60226;15,00;20475,00;24774,75;ZHAN SAIYING;;0,00 %;2;Fernanda Cejas;;Aydn PurGlac TriPod 15/1l GP2;1365,00;3413;;3;AUTOSERVICIO;1050,00;HERNAN RIVERO;;$;2;GRUPO AYUDIN ARGENTINA S.A;;;CON;;;;;;;LAVANDINA;;;;;25;JOHANA VIGIL;AXUM;;;False;131213;0;1;;;;;;1;;1365,00
3693;GARIBALDI 420;QUILMES;2026-10-02;02-10-2026;30-09-2026;FAC-A-131213;Venta;LAGOPUELO S.A;21313;4,00;8751,60;10589,44;ZHAN SAIYING;;0,00 %;2;Fernanda Cejas;;Tren Bol 72/120ml;2187,90;3413;;3;AUTOSERVICIO;1683,00;HERNAN RIVERO;;$;2;GRUPO AYUDIN ARGENTINA S.A;;;CON;;;;;;;LAVADO DE ROPA;;;;;25;JOHANA VIGIL;AXUM;;;False;131213;0;1;;;;;;1;;2187,90
3693;GARIBALDI 420;QUILMES;2026-10-02;02-10-2026;30-09-2026;FAC-A-131213;Venta;LAGOPUELO S.A;32288;6,00;11037,00;13354,77;ZHAN SAIYING;;0,00 %;2;Fernanda Cejas;;Tren Oxi DoyPk 16/400ml;1839,50;3413;;3;AUTOSERVICIO;1415,00;HERNAN RIVERO;;$;2;GRUPO AYUDIN ARGENTINA S.A;;;CON;;;;;;;LAVADO DE ROPA;;;;;25;JOHANA VIGIL;AXUM;;;False;131213;0;1;;;;;;1;;1839,50
3693;GARIBALDI 420;QUILMES;2026-10-02;02-10-2026;30-09-2026;FAC-A-131213;Venta;LAGOPUELO S.A;17927;90,00;71634,38;86677,59;ZHAN SAIYING;;25,00 %;2;Fernanda Cejas;;AYDN LAVDNA OR 15/1L;795,94;3413;;3;AUTOSERVICIO;849,00;HERNAN RIVERO;;$;2;GRUPO AYUDIN ARGENTINA S.A;;;CON;;;;;;;LAVANDINA;;;;;25;JOHANA VIGIL;AXUM;;;False;131213;0;1;;;;;;1;;795,94
3693;GARIBALDI 420;QUILMES;2026-10-02;02-10-2026;30-09-2026;FAC-A-131213;Venta;LAGOPUELO S.A;36003;32,00;52170,00;63125,70;ZHAN SAIYING;;25,00 %;2;Fernanda Cejas;;AYDN LAVDNA OR 25g/l 8/2l;1630,31;3413;;3;AUTOSERVICIO;1739,00;HERNAN RIVERO;;$;2;GRUPO AYUDIN ARGENTINA S.A;;;CON;;;;;;;LAVANDINA;;;;;25;JOHANA VIGIL;AXUM;;;False;131213;0;1;;;;;;1;;1630,31
27525;Santa Filomena - (AUTOSERVICIOS) 249;LOMAS DE ZAMORA;2026-10-01;01-10-2026;30-09-2026;FAC-A-131214;Venta;LAGOPUELO S.A;60233;2,00;4944,81;5983,22;Mariano Tassara;;15,00 %;073;Florencia Cubilla;;Aydn Lavdna Gel Or 15/700ml GP2;2472,40;3393;;2;ALMACEN;2187,00;MARIANO SOSA;;$;2;GRUPO AYUDIN ARGENTINA S.A;;;CON;;;;;;;LAVANDINA;;;;;300;Bruno Centurion;AXUM;;;False;131214;0;1;;;;;;1;;2472,40
27525;Santa Filomena - (AUTOSERVICIOS) 249;LOMAS DE ZAMORA;2026-10-01;01-10-2026;30-09-2026;FAC-A-131214;Venta;LAGOPUELO S.A;18026;2,00;5142,80;6222,79;Mariano Tassara;;0,00 %;073;Florencia Cubilla;;Aydn Dsnf PstWC 36/16g;2571,40;3393;;2;ALMACEN;1978,00;MARIANO SOSA;;$;2;GRUPO AYUDIN ARGENTINA S.A;;;CON;;;;;;;COCINA;;;;;300;Bruno Centurion;AXUM;;;False;131214;0;1;;;;;;1;;2571,40
27525;Santa Filomena - (AUTOSERVICIOS) 249;LOMAS DE ZAMORA;2026-10-01;01-10-2026;30-09-2026;FAC-A-131214;Venta;LAGOPUELO S.A;17927;15,00;12735,00;15409,35;Mariano Tassara;;20,00 %;073;Florencia Cubilla;;AYDN LAVDNA OR 15/1L;849,00;3393;;2;ALMACEN;849,00;MARIANO SOSA;;$;2;GRUPO AYUDIN ARGENTINA S.A;;;CON;;;;;;;LAVANDINA;;;;;300;Bruno Centurion;AXUM;;;False;131214;0;1;;;;;;1;;849,00
23503;MITRE - (AUTOSERVICIOS) 2650;JOSE MARMOL;2026-10-01;01-10-2026;30-09-2026;FAC-A-131220;Venta;LAGOPUELO S.A;36003;8,00;13912,00;16833,52;GUAN GUAN DING;;20,00 %;063;Daniel Martin;;AYDN LAVDNA OR 25g/l 8/2l;1739,00;3399;;3;Autoservicio A;1739,00;SIMON OLIVERA;;$;2;GRUPO AYUDIN ARGENTINA S.A;;;CON;;;;;;;LAVANDINA;;;;;300;Bruno Centurion;AXUM;;;False;131220;0;1;;;;;;1;;1739,00
23503;MITRE - (AUTOSERVICIOS) 2650;JOSE MARMOL;2026-10-01;01-10-2026;30-09-2026;FAC-A-131220;Venta;LAGOPUELO S.A;60227;8,00;18493,28;22376,87;GUAN GUAN DING;;15,00 %;063;Daniel Martin;;Aydn PurGlac TriPod 8/2l GP2;2311,66;3399;;3;Autoservicio A;2092,00;SIMON OLIVERA;;$;2;GRUPO AYUDIN ARGENTINA S.A;;;CON;;;;;;;LAVANDINA;;;;;300;Bruno Centurion;AXUM;;;False;131220;0;1;;;;;;1;;2311,66
23503;MITRE - (AUTOSERVICIOS) 2650;JOSE MARMOL;2026-10-01;01-10-2026;30-09-2026;FAC-A-131220;Venta;LAGOPUELO S.A;61046;15,00;22306,05;26990,32;GUAN GUAN DING;;18,00 %;063;Daniel Martin;;Aydn RopQuitMnch BlncInt 15/1l;1487,07;3399;;3;Autoservicio A;1395,00;SIMON OLIVERA;;$;2;GRUPO AYUDIN ARGENTINA S.A;;;CON;;;;;;;LAVADO DE ROPA;;;;;300;Bruno Centurion;AXUM;;;False;131220;0;1;;;;;;1;;1487,07
23503;MITRE - (AUTOSERVICIOS) 2650;JOSE MARMOL;2026-10-01;01-10-2026;30-09-2026;FAC-A-131220;Venta;LAGOPUELO S.A;61577;3,00;4453,80;5389,10;GUAN GUAN DING;;0,00 %;063;Daniel Martin;;Aydn Coc† Pod Act Or† DoyPk 16/450ml;1484,60;3399;;3;Autoservicio A;1142,00;SIMON OLIVERA;;$;2;GRUPO AYUDIN ARGENTINA S.A;;;CON;;;;;;;COCINA;;;;;300;Bruno Centurion;AXUM;;;False;131220;0;1;;;;;;1;;1484,60
23503;MITRE - (AUTOSERVICIOS) 2650;JOSE MARMOL;2026-10-01;01-10-2026;30-09-2026;FAC-A-131220;Venta;LAGOPUELO S.A;61575;6,00;10475,40;12675,23;GUAN GUAN DING;;0,00 %;063;Daniel Martin;;Aydn A.hongos Removedor Activo Doy Pack 16/450ml;1745,90;3399;;3;Autoservicio A;1343,00;SIMON OLIVERA;;$;2;GRUPO AYUDIN ARGENTINA S.A;;;CON;;;;;;;BAÒO;;;;;300;Bruno Centurion;AXUM;;;False;131220;0;1;;;;;;1;;1745,90
23503;MITRE - (AUTOSERVICIOS) 2650;JOSE MARMOL;2026-10-01;01-10-2026;30-09-2026;FAC-A-131220;Venta;LAGOPUELO S.A;61047;8,00;23682,26;28655,53;GUAN GUAN DING;;18,00 %;063;Daniel Martin;;Aydn RopQuitMnch BlncInt 8/2l;2960,28;3399;;3;Autoservicio A;2777,00;SIMON OLIVERA;;$;2;GRUPO AYUDIN ARGENTINA S.A;;;CON;;;;;;;LAVADO DE ROPA;;;;;300;Bruno Centurion;AXUM;;;False;131220;0;1;;;;;;1;;2960,28
108218;O Higings 1671 0;LANUS;2026-10-01;01-10-2026;30-09-2026;FAC-B-131221;Venta;ELEBES;60240;5,00;12362,02;14958,04;Hector Fernandez;;15,00 %;27;Samanta Dogliotti;;Aydn Lavdna Gel Lavda EXPRT 15/700ml GP2;2472,40;3391;;georgalos-7;Almacen;2187,00;CLAUDIO GARCIA;;$;2;GRUPO AYUDIN ARGENTINA S.A;;;EFV;;;;;;;LAVANDINA;;;;;25;JOHANA VIGIL;AXUM;;;False;131221;0;1;;;;;;1;;2472,40
108218;O Higings 1671 0;LANUS;2026-10-01;01-10-2026;30-09-2026;FAC-B-131221;Venta;ELEBES;60237;5,00;12362,02;14958,04;Hector Fernandez;;15,00 %;27;Samanta Dogliotti;;Aydn Lavdna Gel Flr 15/700ml GP2;2472,40;3391;;georgalos-7;Almacen;2187,00;CLAUDIO GARCIA;;$;2;GRUPO AYUDIN ARGENTINA S.A;;;EFV;;;;;;;LAVANDINA;;;;;25;JOHANA VIGIL;AXUM;;;False;131221;0;1;;;;;;1;;2472,40
108218;O Higings 1671 0;LANUS;2026-10-01;01-10-2026;30-09-2026;FAC-B-131221;Venta;ELEBES;60233;5,00;12362,02;14958,04;Hector Fernandez;;15,00 %;27;Samanta Dogliotti;;Aydn Lavdna Gel Or 15/700ml GP2;2472,40;3391;;georgalos-7;Almacen;2187,00;CLAUDIO GARCIA;;$;2;GRUPO AYUDIN ARGENTINA S.A;;;EFV;;;;;;;LAVANDINA;;;;;25;JOHANA VIGIL;AXUM;;;False;131221;0;1;;;;;;1;;2472,40
22843;EVA PERON - (TRADITIONAL TRADE) 4060;FLORENCIO VARELA;2026-10-01;01-10-2026;30-09-2026;FAC-A-131229;Venta;LAGOPUELO S.A;61576;16,00;26537,68;32110,59;WU JINLAN;;5,00 %;6;Nieves Alegre;;Aydn Bn Limp† Act Or DoyPk 16/450ml;1658,61;3392;;3;Autoservicio A;1343,00;WALTER JANIUK;;$;2;GRUPO AYUDIN ARGENTINA S.A;;;CON;;;;;;;BAÒO;;;;;25;JOHANA VIGIL;AXUM;;;False;131229;0;1;;;;;;1;;1658,61
3796;LA PLATA 708;Quilmes;2026-10-02;02-10-2026;30-09-2026;FAC-A-131239;Venta;LAGOPUELO S.A;61046;15,00;22306,05;26990,32;LIN XIAO YUAN.;;18,00 %;054;Leonel Caruso;;Aydn RopQuitMnch BlncInt 15/1l;1487,07;3413;;3;AUTOSERVICIO;1395,00;HERNAN RIVERO;;$;2;GRUPO AYUDIN ARGENTINA S.A;;;CON;;;;;;;LAVADO DE ROPA;;;;;300;Bruno Centurion;AXUM;;;False;131239;0;1;;;;;;1;;1487,07
3796;LA PLATA 708;Quilmes;2026-10-02;02-10-2026;30-09-2026;FAC-A-131239;Venta;LAGOPUELO S.A;61047;8,00;23682,26;28655,53;LIN XIAO YUAN.;;18,00 %;054;Leonel Caruso;;Aydn RopQuitMnch BlncInt 8/2l;2960,28;3413;;3;AUTOSERVICIO;2777,00;HERNAN RIVERO;;$;2;GRUPO AYUDIN ARGENTINA S.A;;;CON;;;;;;;LAVADO DE ROPA;;;;;300;Bruno Centurion;AXUM;;;False;131239;0;1;;;;;;1;;2960,28
3796;LA PLATA 708;Quilmes;2026-10-02;02-10-2026;30-09-2026;FAC-A-131239;Venta;LAGOPUELO S.A;60227;8,00;18493,28;22376,87;LIN XIAO YUAN.;;15,00 %;054;Leonel Caruso;;Aydn PurGlac TriPod 8/2l GP2;2311,66;3413;;3;AUTOSERVICIO;2092,00;HERNAN RIVERO;;$;2;GRUPO AYUDIN ARGENTINA S.A;;;CON;;;;;;;LAVANDINA;;;;;300;Bruno Centurion;AXUM;;;False;131239;0;1;;;;;;1;;2311,66
3796;LA PLATA 708;Quilmes;2026-10-02;02-10-2026;30-09-2026;FAC-A-131239;Venta;LAGOPUELO S.A;60226;15,00;17403,75;21058,54;LIN XIAO YUAN.;;15,00 %;054;Leonel Caruso;;Aydn PurGlac TriPod 15/1l GP2;1160,25;3413;;3;AUTOSERVICIO;1050,00;HERNAN RIVERO;;$;2;GRUPO AYUDIN ARGENTINA S.A;;;CON;;;;;;;LAVANDINA;;;;;300;Bruno Centurion;AXUM;;;False;131239;0;1;;;;;;1;;1160,25
3850;JULIAN AG√≈ìERO - (AUTOSERVICIOS) 2485;RAFAEL CALZADA;2026-10-01;01-10-2026;30-09-2026;FAC-A-131246;Venta;LAGOPUELO S.A;24649;12,00;16598,40;20084,06;Chen xuefeng;;0,00 %;061;Nailah Guzman;;Poett PastDesod 12/25g GP2;1383,20;3398;;3;Autoservicio A;1064,00;NAHUEL MONTOYA;;$;2;GRUPO AYUDIN ARGENTINA S.A;;;CON;;;;;;;BAÒO;;;;;300;Bruno Centurion;AXUM;;;False;131246;0;1;;;;;;1;;1383,20
5333;EVA PERON 4112;FLORENCIO VARELA;2026-10-01;01-10-2026;30-09-2026;FAC-A-131253;Venta;LAGOPUELO S.A;36003;120,00;200854,50;243033,95;ALBERTO CRAVINO;;23,00 %;6;Nieves Alegre;;AYDN LAVDNA OR 25g/l 8/2l;1673,79;3392;;3;AUTOSERVICIO;1739,00;WALTER JANIUK;;$;2;GRUPO AYUDIN ARGENTINA S.A;;;CON;;;;;;;LAVANDINA;;;;;25;JOHANA VIGIL;AXUM;;;False;131253;0;1;;;;;;1;;1673,79
5333;EVA PERON 4112;FLORENCIO VARELA;2026-10-01;01-10-2026;30-09-2026;FAC-A-131253;Venta;LAGOPUELO S.A;34334;60,00;78760,32;95299,99;ALBERTO CRAVINO;;20,00 %;6;Nieves Alegre;;Poett Dsnf SuadBebe 12/900ml;1312,67;3392;;3;AUTOSERVICIO;1292,00;WALTER JANIUK;;$;2;GRUPO AYUDIN ARGENTINA S.A;;;CON;;;;;;;PISO;;;;;25;JOHANA VIGIL;AXUM;;;False;131253;0;1;;;;;;1;;1312,67
5333;EVA PERON 4112;FLORENCIO VARELA;2026-10-01;01-10-2026;30-09-2026;FAC-A-131253;Venta;LAGOPUELO S.A;34336;60,00;78760,32;95299,99;ALBERTO CRAVINO;;20,00 %;6;Nieves Alegre;;Poett Dsnf SuadAlg 12/900ml;1312,67;3392;;3;AUTOSERVICIO;1292,00;WALTER JANIUK;;$;2;GRUPO AYUDIN ARGENTINA S.A;;;CON;;;;;;;PISO;;;;;25;JOHANA VIGIL;AXUM;;;False;131253;0;1;;;;;;1;;1312,67
5333;EVA PERON 4112;FLORENCIO VARELA;2026-10-01;01-10-2026;30-09-2026;FAC-A-131253;Venta;LAGOPUELO S.A;33578;24,00;71473,67;86483,14;ALBERTO CRAVINO;;5,00 %;6;Nieves Alegre;;Aydn Ropa BlncSprms DoyPk 12/650ml;2978,07;3392;;3;AUTOSERVICIO;2357,00;WALTER JANIUK;;$;2;GRUPO AYUDIN ARGENTINA S.A;;;CON;;;;;;;LAVADO DE ROPA;;;;;25;JOHANA VIGIL;AXUM;;;False;131253;0;1;;;;;;1;;2978,07
794;JORGE BYNNON 2350;Jose Marmol;2026-10-01;01-10-2026;30-09-2026;FAC-A-131257;Venta;LAGOPUELO S.A;36003;24,00;40170,90;48606,79;Zhuang liqiang;;23,00 %;063;Daniel Martin;;AYDN LAVDNA OR 25g/l 8/2l;1673,79;3399;;3;AUTOSERVICIO;1739,00;SIMON OLIVERA;;$;2;GRUPO AYUDIN ARGENTINA S.A;;;CON;;;;;;;LAVANDINA;;;;;300;Bruno Centurion;AXUM;;;False;131257;0;1;;;;;;1;;1673,79
794;JORGE BYNNON 2350;Jose Marmol;2026-10-01;01-10-2026;30-09-2026;FAC-A-131257;Venta;LAGOPUELO S.A;60223;8,00;18493,28;22376,87;Zhuang liqiang;;15,00 %;063;Daniel Martin;;Aydn Lavda TriPod 8/2l GP2;2311,66;3399;;3;AUTOSERVICIO;2092,00;SIMON OLIVERA;;$;2;GRUPO AYUDIN ARGENTINA S.A;;;CON;;;;;;;LAVANDINA;;;;;300;Bruno Centurion;AXUM;;;False;131257;0;1;;;;;;1;;2311,66
794;JORGE BYNNON 2350;Jose Marmol;2026-10-01;01-10-2026;30-09-2026;FAC-A-131257;Venta;LAGOPUELO S.A;33575;12,00;21636,17;26179,77;Zhuang liqiang;;5,00 %;063;Daniel Martin;;Aydn Ropa ClrViv DoyPk 16/400ml;1803,01;3399;;3;AUTOSERVICIO;1427,00;SIMON OLIVERA;;$;2;GRUPO AYUDIN ARGENTINA S.A;;;CON;;;;;;;LAVADO DE ROPA;;;;;300;Bruno Centurion;AXUM;;;False;131257;0;1;;;;;;1;;1803,01
794;JORGE BYNNON 2350;Jose Marmol;2026-10-01;01-10-2026;30-09-2026;FAC-A-131257;Venta;LAGOPUELO S.A;33576;12,00;21636,17;26179,77;Zhuang liqiang;;5,00 %;063;Daniel Martin;;Aydn Ropa BlncSprms DoyPk 16/400ml;1803,01;3399;;3;AUTOSERVICIO;1427,00;SIMON OLIVERA;;$;2;GRUPO AYUDIN ARGENTINA S.A;;;CON;;;;;;;LAVADO DE ROPA;;;;;300;Bruno Centurion;AXUM;;;False;131257;0;1;;;;;;1;;1803,01
794;JORGE BYNNON 2350;Jose Marmol;2026-10-01;01-10-2026;30-09-2026;FAC-A-131257;Venta;LAGOPUELO S.A;60408;6,00;21742,31;26308,19;Zhuang liqiang;;5,00 %;063;Daniel Martin;;Ayudin Ropa Blancos Supremos 15/700ml;3623,72;3399;;3;AUTOSERVICIO;2868,00;SIMON OLIVERA;;$;2;GRUPO AYUDIN ARGENTINA S.A;;;CON;;;;;;;LAVADO DE ROPA;;;;;300;Bruno Centurion;AXUM;;;False;131257;0;1;;;;;;1;;3623,72
794;JORGE BYNNON 2350;Jose Marmol;2026-10-01;01-10-2026;30-09-2026;FAC-A-131257;Venta;LAGOPUELO S.A;60402;6,00;21742,31;26308,19;Zhuang liqiang;;5,00 %;063;Daniel Martin;;Ayudin Ropa Colores Vivos 15/700ml;3623,72;3399;;3;AUTOSERVICIO;2868,00;SIMON OLIVERA;;$;2;GRUPO AYUDIN ARGENTINA S.A;;;CON;;;;;;;LAVADO DE ROPA;;;;;300;Bruno Centurion;AXUM;;;False;131257;0;1;;;;;;1;;3623,72
23833;SALABERRY - (AUTOSERVICIOS) 123;CLAYPOLE;2026-10-01;01-10-2026;30-09-2026;FAC-A-131261;Venta;LAGOPUELO S.A;61046;15,00;22306,05;26990,32;DAI LIHUI;;18,00 %;056;Ezequiel Ferreira;;Aydn RopQuitMnch BlncInt 15/1l;1487,07;3398;;3;Autoservicio A;1395,00;NAHUEL MONTOYA;;$;2;GRUPO AYUDIN ARGENTINA S.A;;;CON;;;;;;;LAVADO DE ROPA;;;;;300;Bruno Centurion;AXUM;;;False;131261;0;1;;;;;;1;;1487,07
23833;SALABERRY - (AUTOSERVICIOS) 123;CLAYPOLE;2026-10-01;01-10-2026;30-09-2026;FAC-A-131261;Venta;LAGOPUELO S.A;60237;8,00;18615,74;22525,05;DAI LIHUI;;20,00 %;056;Ezequiel Ferreira;;Aydn Lavdna Gel Flr 15/700ml GP2;2326,97;3398;;3;Autoservicio A;2187,00;NAHUEL MONTOYA;;$;2;GRUPO AYUDIN ARGENTINA S.A;;;CON;;;;;;;LAVANDINA;;;;;300;Bruno Centurion;AXUM;;;False;131261;0;1;;;;;;1;;2326,97
23833;SALABERRY - (AUTOSERVICIOS) 123;CLAYPOLE;2026-10-01;01-10-2026;30-09-2026;FAC-A-131261;Venta;LAGOPUELO S.A;18026;6,00;15428,40;18668,36;DAI LIHUI;;0,00 %;056;Ezequiel Ferreira;;Aydn Dsnf PstWC 36/16g;2571,40;3398;;3;Autoservicio A;1978,00;NAHUEL MONTOYA;;$;2;GRUPO AYUDIN ARGENTINA S.A;;;CON;;;;;;;COCINA;;;;;300;Bruno Centurion;AXUM;;;False;131261;0;1;;;;;;1;;2571,40
6315;AV. HUDSON 2157;Varela;2026-10-01;01-10-2026;30-09-2026;FAC-A-131268;Venta;LAGOPUELO S.A;34321;8,00;23194,08;28064,84;HE MINJUN;;10,00 %;051;Ezequiel Valente;;Poett Desinf. Frescura de Lavanda 1.8ml;2899,26;3397;;3;AUTOSERVICIO;2478,00;JUAN ESCOTO;;$;2;GRUPO AYUDIN ARGENTINA S.A;;;CON;;;;;;;PISO;;;;;300;Bruno Centurion;AXUM;;;False;131268;0;1;;;;;;1;;2899,26
6315;AV. HUDSON 2157;Varela;2026-10-01;01-10-2026;30-09-2026;FAC-A-131268;Venta;LAGOPUELO S.A;61621;12,00;31014,36;37527,38;HE MINJUN;;10,00 %;051;Ezequiel Valente;;Aydn Coc† Pod Act Or† Gat 12/500ml;2584,53;3397;;3;AUTOSERVICIO;2209,00;JUAN ESCOTO;;$;2;GRUPO AYUDIN ARGENTINA S.A;;;CON;;;;;;;COCINA;;;;;300;Bruno Centurion;AXUM;;;False;131268;0;1;;;;;;1;;2584,53
6315;AV. HUDSON 2157;Varela;2026-10-01;01-10-2026;30-09-2026;FAC-A-131268;Venta;LAGOPUELO S.A;60223;16,00;36986,56;44753,74;HE MINJUN;;15,00 %;051;Ezequiel Valente;;Aydn Lavda TriPod 8/2l GP2;2311,66;3397;;3;AUTOSERVICIO;2092,00;JUAN ESCOTO;;$;2;GRUPO AYUDIN ARGENTINA S.A;;;CON;;;;;;;LAVANDINA;;;;;300;Bruno Centurion;AXUM;;;False;131268;0;1;;;;;;1;;2311,66
6315;AV. HUDSON 2157;Varela;2026-10-01;01-10-2026;30-09-2026;FAC-A-131268;Venta;LAGOPUELO S.A;60226;15,00;17403,75;21058,54;HE MINJUN;;15,00 %;051;Ezequiel Valente;;Aydn PurGlac TriPod 15/1l GP2;1160,25;3397;;3;AUTOSERVICIO;1050,00;JUAN ESCOTO;;$;2;GRUPO AYUDIN ARGENTINA S.A;;;CON;;;;;;;LAVANDINA;;;;;300;Bruno Centurion;AXUM;;;False;131268;0;1;;;;;;1;;1160,25
6315;AV. HUDSON 2157;Varela;2026-10-01;01-10-2026;30-09-2026;FAC-A-131268;Venta;LAGOPUELO S.A;60402;3,00;10298,99;12461,78;HE MINJUN;;10,00 %;051;Ezequiel Valente;;Ayudin Ropa Colores Vivos 15/700ml;3433,00;3397;;3;AUTOSERVICIO;2868,00;JUAN ESCOTO;;$;2;GRUPO AYUDIN ARGENTINA S.A;;;CON;;;;;;;LAVADO DE ROPA;;;;;300;Bruno Centurion;AXUM;;;False;131268;0;1;;;;;;1;;3433,00
2291;Calle 58 N 2750;Berazategui;2026-10-01;01-10-2026;30-09-2026;FAC-B-131270;Venta;ELEBES;19860;1,00;3483,81;4215,41;FERNANDEZ LUCILA;;15,00 %;052;Nicole Sosa;;Poett Frgnz FrsRoc 12/250ml AR;3483,81;3394;;2;ALMACEN;3036,00;IVAN MONTOYA;;$;2;GRUPO AYUDIN ARGENTINA S.A;;;CON;;;;;;;AERO POETT;;;;;300;Bruno Centurion;AXUM;;;False;131270;0;1;;;;;;1;;3483,81
2291;Calle 58 N 2750;Berazategui;2026-10-01;01-10-2026;30-09-2026;FAC-B-131270;Venta;ELEBES;50087;1,00;3483,81;4215,41;FERNANDEZ LUCILA;;15,00 %;052;Nicole Sosa;;Poett Frgnz Huellitas 12/250ml AR;3483,81;3394;;2;ALMACEN;3036,00;IVAN MONTOYA;;$;2;GRUPO AYUDIN ARGENTINA S.A;;;CON;;;;;;;AERO POETT;;;;;300;Bruno Centurion;AXUM;;;False;131270;0;1;;;;;;1;;3483,81
2291;Calle 58 N 2750;Berazategui;2026-10-01;01-10-2026;30-09-2026;FAC-B-131270;Venta;ELEBES;19859;1,00;3483,81;4215,41;FERNANDEZ LUCILA;;15,00 %;052;Nicole Sosa;;Poett Frgnz SedPrm 12/250ml AR;3483,81;3394;;2;ALMACEN;3036,00;IVAN MONTOYA;;$;2;GRUPO AYUDIN ARGENTINA S.A;;;CON;;;;;;;AERO POETT;;;;;300;Bruno Centurion;AXUM;;;False;131270;0;1;;;;;;1;;3483,81
2291;Calle 58 N 2750;Berazategui;2026-10-01;01-10-2026;30-09-2026;FAC-B-131270;Venta;ELEBES;19861;2,00;6967,62;8430,82;FERNANDEZ LUCILA;;15,00 %;052;Nicole Sosa;;Poett Frgnz Suad Alg 12/250ml AR;3483,81;3394;;2;ALMACEN;3036,00;IVAN MONTOYA;;$;2;GRUPO AYUDIN ARGENTINA S.A;;;CON;;;;;;;AERO POETT;;;;;300;Bruno Centurion;AXUM;;;False;131270;0;1;;;;;;1;;3483,81
2291;Calle 58 N 2750;Berazategui;2026-10-01;01-10-2026;30-09-2026;FAC-B-131270;Venta;ELEBES;19874;2,00;6967,62;8430,82;FERNANDEZ LUCILA;;15,00 %;052;Nicole Sosa;;Poett Frgnz SvdBeb 12/250ml AR;3483,81;3394;;2;ALMACEN;3036,00;IVAN MONTOYA;;$;2;GRUPO AYUDIN ARGENTINA S.A;;;CON;;;;;;;AERO POETT;;;;;300;Bruno Centurion;AXUM;;;False;131270;0;1;;;;;;1;;3483,81
2291;Calle 58 N 2750;Berazategui;2026-10-01;01-10-2026;30-09-2026;FAC-B-131270;Venta;ELEBES;17927;675,00;501440,63;606743,16;FERNANDEZ LUCILA;;30,00 %;052;Nicole Sosa;;AYDN LAVDNA OR 15/1L;742,88;3394;;2;ALMACEN;849,00;IVAN MONTOYA;;$;2;GRUPO AYUDIN ARGENTINA S.A;;;CON;;;;;;;LAVANDINA;;;;;300;Bruno Centurion;AXUM;;;False;131270;0;1;;;;;;1;;742,88
1291;138 y 52;GUILLERMO E. HUDSON;2026-10-01;01-10-2026;30-09-2026;FAC-A-131273;Venta;LAGOPUELO S.A;61046;6,00;8922,42;10796,13;JESSICA VANESA MARTINEZ;;18,00 %;052;Nicole Sosa;;Aydn RopQuitMnch BlncInt 15/1l;1487,07;3394;;2;ALMACEN;1395,00;IVAN MONTOYA;;$;2;GRUPO AYUDIN ARGENTINA S.A;;;CON;;;;;;;LAVADO DE ROPA;;;;;300;Bruno Centurion;AXUM;;;False;131273;0;1;;;;;;1;;1487,07
23142;Falucho - (AUTOSERVICIOS) 3035;RAFAEL CALZADA;2026-10-01;01-10-2026;30-09-2026;FAC-A-131286;Venta;LAGOPUELO S.A;33575;5,00;9489,55;11482,36;WENG XIUYU;;0,00 %;061;Nailah Guzman;;Aydn Ropa ClrViv DoyPk 16/400ml;1897,91;3398;;3;Autoservicio A;1427,00;NAHUEL MONTOYA;;$;2;GRUPO AYUDIN ARGENTINA S.A;;;CON;;;;;;;LAVADO DE ROPA;;;;;300;Bruno Centurion;AXUM;;;False;131286;0;1;;;;;;1;;1897,91
27478;Los Pinos - (AUTOSERVICIOS) 895;EZEIZA;2026-10-06;06-10-2026;30-09-2026;FAC-A-131301;Venta;ELEBES;36001;12,00;14767,56;17868,75;Zhuang Pingdi;;25,00 %;075;Julieta Yegros;;POETT FRSC TROP 12/900;1230,63;3446;;3;Autoservicio A;1292,00;IVAN MONTOYA;;$;2;GRUPO AYUDIN ARGENTINA S.A;;;CON;;;;;;;PISO;;;;;300;Bruno Centurion;AXUM;;;False;131301;0;1;;;;;;1;;1230,63
27478;Los Pinos - (AUTOSERVICIOS) 895;EZEIZA;2026-10-06;06-10-2026;30-09-2026;FAC-A-131301;Venta;ELEBES;60386;12,00;14767,56;17868,75;Zhuang Pingdi;;25,00 %;075;Julieta Yegros;;Poett EsptPly 12/900ml;1230,63;3446;;3;Autoservicio A;1292,00;IVAN MONTOYA;;$;2;GRUPO AYUDIN ARGENTINA S.A;;;CON;;;;;;;PISO;;;;;300;Bruno Centurion;AXUM;;;False;131301;0;1;;;;;;1;;1230,63
27478;Los Pinos - (AUTOSERVICIOS) 895;EZEIZA;2026-10-06;06-10-2026;30-09-2026;FAC-A-131301;Venta;ELEBES;34324;24,00;29535,12;35737,50;Zhuang Pingdi;;25,00 %;075;Julieta Yegros;;Poett Desinf. Flores de Primavera 900ml;1230,63;3446;;3;Autoservicio A;1292,00;IVAN MONTOYA;;$;2;GRUPO AYUDIN ARGENTINA S.A;;;CON;;;;;;;PISO;;;;;300;Bruno Centurion;AXUM;;;False;131301;0;1;;;;;;1;;1230,63
27478;Los Pinos - (AUTOSERVICIOS) 895;EZEIZA;2026-10-06;06-10-2026;30-09-2026;FAC-A-131301;Venta;ELEBES;34327;12,00;14767,56;17868,75;Zhuang Pingdi;;25,00 %;075;Julieta Yegros;;Poett Desinf. Solo para ti 900ml;1230,63;3446;;3;Autoservicio A;1292,00;IVAN MONTOYA;;$;2;GRUPO AYUDIN ARGENTINA S.A;;;CON;;;;;;;PISO;;;;;300;Bruno Centurion;AXUM;;;False;131301;0;1;;;;;;1;;1230,63
27478;Los Pinos - (AUTOSERVICIOS) 895;EZEIZA;2026-10-06;06-10-2026;30-09-2026;FAC-A-131301;Venta;ELEBES;34334;12,00;14767,56;17868,75;Zhuang Pingdi;;25,00 %;075;Julieta Yegros;;Poett Dsnf SuadBebe 12/900ml;1230,63;3446;;3;Autoservicio A;1292,00;IVAN MONTOYA;;$;2;GRUPO AYUDIN ARGENTINA S.A;;;CON;;;;;;;PISO;;;;;300;Bruno Centurion;AXUM;;;False;131301;0;1;;;;;;1;;1230,63
27478;Los Pinos - (AUTOSERVICIOS) 895;EZEIZA;2026-10-06;06-10-2026;30-09-2026;FAC-A-131301;Venta;ELEBES;34336;12,00;14767,56;17868,75;Zhuang Pingdi;;25,00 %;075;Julieta Yegros;;Poett Dsnf SuadAlg 12/900ml;1230,63;3446;;3;Autoservicio A;1292,00;IVAN MONTOYA;;$;2;GRUPO AYUDIN ARGENTINA S.A;;;CON;;;;;;;PISO;;;;;300;Bruno Centurion;AXUM;;;False;131301;0;1;;;;;;1;;1230,63
27478;Los Pinos - (AUTOSERVICIOS) 895;EZEIZA;2026-10-06;06-10-2026;30-09-2026;FAC-A-131301;Venta;ELEBES;34338;12,00;14767,56;17868,75;Zhuang Pingdi;;25,00 %;075;Julieta Yegros;;Poett Dsnf MscPrmvra 12/900ml;1230,63;3446;;3;Autoservicio A;1292,00;IVAN MONTOYA;;$;2;GRUPO AYUDIN ARGENTINA S.A;;;CON;;;;;;;PISO;;;;;300;Bruno Centurion;AXUM;;;False;131301;0;1;;;;;;1;;1230,63
27478;Los Pinos - (AUTOSERVICIOS) 895;EZEIZA;2026-10-06;06-10-2026;30-09-2026;FAC-A-131301;Venta;ELEBES;34342;12,00;14767,56;17868,75;Zhuang Pingdi;;25,00 %;075;Julieta Yegros;;Poett Dsnf AlgrDia 12/900ml;1230,63;3446;;3;Autoservicio A;1292,00;IVAN MONTOYA;;$;2;GRUPO AYUDIN ARGENTINA S.A;;;CON;;;;;;;PISO;;;;;300;Bruno Centurion;AXUM;;;False;131301;0;1;;;;;;1;;1230,63
27478;Los Pinos - (AUTOSERVICIOS) 895;EZEIZA;2026-10-06;06-10-2026;30-09-2026;FAC-A-131301;Venta;ELEBES;34320;12,00;14767,56;17868,75;Zhuang Pingdi;;25,00 %;075;Julieta Yegros;;Poett Desinf. Frescura de Lavanda 900ml;1230,63;3446;;3;Autoservicio A;1292,00;IVAN MONTOYA;;$;2;GRUPO AYUDIN ARGENTINA S.A;;;CON;;;;;;;PISO;;;;;300;Bruno Centurion;AXUM;;;False;131301;0;1;;;;;;1;;1230,63
22940;Balboa - (TRADICIONAL) 597;CLAYPOLE;2026-10-01;01-10-2026;30-09-2026;FAC-B-131308;Venta;LAGOPUELO S.A;60233;3,00;7417,21;8974,82;MARA GOMEZ;;15,00 %;056;Ezequiel Ferreira;;Aydn Lavdna Gel Or 15/700ml GP2;2472,40;3398;;5;KIOSCO;2187,00;NAHUEL MONTOYA;;$;2;GRUPO AYUDIN ARGENTINA S.A;;;CON;;;;;;;LAVANDINA;;;;;300;Bruno Centurion;AXUM;;;False;131308;0;1;;;;;;1;;2472,40
22940;Balboa - (TRADICIONAL) 597;CLAYPOLE;2026-10-01;01-10-2026;30-09-2026;FAC-B-131308;Venta;LAGOPUELO S.A;60234;3,00;7417,21;8974,82;MARA GOMEZ;;15,00 %;056;Ezequiel Ferreira;;Aydn Lavdna Gel Ctra 15/700ml GP2;2472,40;3398;;5;KIOSCO;2187,00;NAHUEL MONTOYA;;$;2;GRUPO AYUDIN ARGENTINA S.A;;;CON;;;;;;;LAVANDINA;;;;;300;Bruno Centurion;AXUM;;;False;131308;0;1;;;;;;1;;2472,40
22940;Balboa - (TRADICIONAL) 597;CLAYPOLE;2026-10-01;01-10-2026;30-09-2026;FAC-B-131308;Venta;LAGOPUELO S.A;60240;3,00;7417,21;8974,82;MARA GOMEZ;;15,00 %;056;Ezequiel Ferreira;;Aydn Lavdna Gel Lavda EXPRT 15/700ml GP2;2472,40;3398;;5;KIOSCO;2187,00;NAHUEL MONTOYA;;$;2;GRUPO AYUDIN ARGENTINA S.A;;;CON;;;;;;;LAVANDINA;;;;;300;Bruno Centurion;AXUM;;;False;131308;0;1;;;;;;1;;2472,40
101042;Juan B Justo 3042 1 0;REMEDIOS DE ESCALADA;2026-10-01;01-10-2026;30-09-2026;FAC-A-131310;Venta;LAGOPUELO S.A;61731;6,00;20145,41;24375,94;Yan Nengsheng;;15,00 %;29;Camila Navarrete;;Sltn MataCuca Aer AccProl 6/360ml BA;3357,57;3391;;3;AUTOSERVICIO;3086,00;CLAUDIO GARCIA;;$;2;GRUPO AYUDIN ARGENTINA S.A;;;EFV;;;;;;;SELTON;;;;;25;JOHANA VIGIL;AXUM;;;False;131310;0;1;;;;;;1;;3357,57
101042;Juan B Justo 3042 1 0;REMEDIOS DE ESCALADA;2026-10-01;01-10-2026;30-09-2026;FAC-A-131310;Venta;LAGOPUELO S.A;61730;6,00;26795,52;32422,58;Yan Nengsheng;;0,00 %;29;Camila Navarrete;;Sltn MataMosq Aer AccEfct 6/360ml BA;4465,92;3391;;3;AUTOSERVICIO;3489,00;CLAUDIO GARCIA;;$;2;GRUPO AYUDIN ARGENTINA S.A;;;EFV;;;;;;;SELTON;;;;;25;JOHANA VIGIL;AXUM;;;False;131310;0;1;;;;;;1;;4465,92
5192;PTE. PERON 347;FLORENCIO VARELA;2026-10-01;01-10-2026;30-09-2026;FAC-A-131326;Venta;LAGOPUELO S.A;36004;6,00;27089,40;32778,17;LATITUD 3502 SRL;;0,00 %;6;Nieves Alegre;;AYDN LAVDNA OR 25 g/l 3/4l;4514,90;3392;;3;AUTOSERVICIO;3473,00;WALTER JANIUK;;$;2;GRUPO AYUDIN ARGENTINA S.A;;;CON;;;;;;;LAVANDINA;;;;;25;JOHANA VIGIL;AXUM;;;False;131326;0;1;;;;;;1;;4514,90
5192;PTE. PERON 347;FLORENCIO VARELA;2026-10-01;01-10-2026;30-09-2026;FAC-A-131326;Venta;LAGOPUELO S.A;17927;30,00;25470,00;30818,70;LATITUD 3502 SRL;;20,00 %;6;Nieves Alegre;;AYDN LAVDNA OR 15/1L;849,00;3392;;3;AUTOSERVICIO;849,00;WALTER JANIUK;;$;2;GRUPO AYUDIN ARGENTINA S.A;;;CON;;;;;;;LAVANDINA;;;;;25;JOHANA VIGIL;AXUM;;;False;131326;0;1;;;;;;1;;849,00
5192;PTE. PERON 347;FLORENCIO VARELA;2026-10-01;01-10-2026;30-09-2026;FAC-A-131326;Venta;LAGOPUELO S.A;60222;30,00;34807,50;42117,08;LATITUD 3502 SRL;;15,00 %;6;Nieves Alegre;;Aydn Lavda TriPod 15/1l GP2;1160,25;3392;;3;AUTOSERVICIO;1050,00;WALTER JANIUK;;$;2;GRUPO AYUDIN ARGENTINA S.A;;;CON;;;;;;;LAVANDINA;;;;;25;JOHANA VIGIL;AXUM;;;False;131326;0;1;;;;;;1;;1160,25
101561;Zuloaga Y Melo 207 0;REMEDIOS DE ESCALADA;2026-10-01;01-10-2026;30-09-2026;FAC-A-131327;Venta;LAGOPUELO S.A;60227;24,00;52216,32;63181,75;Lin Qin;;20,00 %;24;Cecilia Gauchez;;Aydn PurGlac TriPod 8/2l GP2;2175,68;3391;;3;AUTOSERVICIO;2092,00;CLAUDIO GARCIA;;$;2;GRUPO AYUDIN ARGENTINA S.A;;;EFV;;;;;;;LAVANDINA;;;;;25;JOHANA VIGIL;AXUM;;;False;131327;0;1;;;;;;1;;2175,68
101561;Zuloaga Y Melo 207 0;REMEDIOS DE ESCALADA;2026-10-01;01-10-2026;30-09-2026;FAC-A-131327;Venta;LAGOPUELO S.A;60223;16,00;34810,88;42121,16;Lin Qin;;20,00 %;24;Cecilia Gauchez;;Aydn Lavda TriPod 8/2l GP2;2175,68;3391;;3;AUTOSERVICIO;2092,00;CLAUDIO GARCIA;;$;2;GRUPO AYUDIN ARGENTINA S.A;;;EFV;;;;;;;LAVANDINA;;;;;25;JOHANA VIGIL;AXUM;;;False;131327;0;1;;;;;;1;;2175,68
27640;CATALINA RODRIGUEZ - (ARTICULO DE LIMPIEZA) 695;LOMAS DE ZAMORA;2026-10-01;01-10-2026;30-09-2026;FAC-A-131336;Venta;LAGOPUELO S.A;33576;16,00;30366,56;36743,54;MARCELO MAURICIO ALVAREZ REYES;;0,00 %;073;Florencia Cubilla;;Aydn Ropa BlncSprms DoyPk 16/400ml;1897,91;3393;;OTR;Articulo de limpieza;1427,00;MARIANO SOSA;;$;2;GRUPO AYUDIN ARGENTINA S.A;;;CON;;;;;;;LAVADO DE ROPA;;;;;300;Bruno Centurion;AXUM;;;False;131336;0;1;;;;;;1;;1897,91
27640;CATALINA RODRIGUEZ - (ARTICULO DE LIMPIEZA) 695;LOMAS DE ZAMORA;2026-10-01;01-10-2026;30-09-2026;FAC-A-131336;Venta;LAGOPUELO S.A;36003;16,00;27824,00;33667,04;MARCELO MAURICIO ALVAREZ REYES;;20,00 %;073;Florencia Cubilla;;AYDN LAVDNA OR 25g/l 8/2l;1739,00;3393;;OTR;Articulo de limpieza;1739,00;MARIANO SOSA;;$;2;GRUPO AYUDIN ARGENTINA S.A;;;CON;;;;;;;LAVANDINA;;;;;300;Bruno Centurion;AXUM;;;False;131336;0;1;;;;;;1;;1739,00
25044;CALLE 844 2660;SAN FRANCISCO SOLANO;2026-10-01;01-10-2026;30-09-2026;FAC-A-131338;Venta;LAGOPUELO S.A;17927;30,00;25470,00;30818,70;MELISA VICTORIA DI LUCA;;20,00 %;056;Ezequiel Ferreira;;AYDN LAVDNA OR 15/1L;849,00;3398;;georgalos-803;Perfumeria;849,00;NAHUEL MONTOYA;;$;2;GRUPO AYUDIN ARGENTINA S.A;;;CON;;;;;;;LAVANDINA;;;;;300;Bruno Centurion;AXUM;;;False;131338;0;1;;;;;;1;;849,00
3033;CARLOS PELLEGRINI 2654;QUILMES;2026-10-02;02-10-2026;30-09-2026;FAC-A-131341;Venta;LAGOPUELO S.A;61731;12,00;40290,82;48751,89;HUANG XIWEI;;15,00 %;054;Leonel Caruso;;Sltn MataCuca Aer AccProl 6/360ml BA;3357,57;3413;;3;AUTOSERVICIO;3086,00;HERNAN RIVERO;;$;2;GRUPO AYUDIN ARGENTINA S.A;;;CON;;;;;;;SELTON;;;;;300;Bruno Centurion;AXUM;;;False;131341;0;1;;;;;;1;;3357,57
853;RODOLFO LOPEZ 2299;QUILMES OESTE;2026-10-02;02-10-2026;30-09-2026;FAC-B-131350;Venta;LAGOPUELO S.A;17927;15,00;12735,00;15409,35;ENRIQUE ANIBAL GABRIELLI;;20,00 %;054;Leonel Caruso;;AYDN LAVDNA OR 15/1L;849,00;3413;;2;ALMACEN;849,00;HERNAN RIVERO;;$;2;GRUPO AYUDIN ARGENTINA S.A;;;CON;;;;;;;LAVANDINA;;;;;300;Bruno Centurion;AXUM;;;False;131350;0;1;;;;;;1;;849,00
27620;San Joaquin - (AUTOSERVICIOS) 321;TURDERA;2026-10-02;02-10-2026;30-09-2026;FAC-A-131357;Venta;LAGOPUELO S.A;61577;8,00;11282,96;13652,38;XIONGBIN LIN;;5,00 %;074;Romina Baez;;Aydn Coc† Pod Act Or† DoyPk 16/450ml;1410,37;3410;;3;Autoservicio A;1142,00;MARIANO SOSA;;$;2;GRUPO AYUDIN ARGENTINA S.A;;;CON;;;;;;;COCINA;;;;;300;Bruno Centurion;AXUM;;;False;131357;0;1;;;;;;1;;1410,37
5069;LA PULPERIA 1120;FLORENCIO VARELA;2026-10-01;01-10-2026;30-09-2026;FAC-A-131365;Venta;LAGOPUELO S.A;60231;15,00;24339,00;29450,19;YU PAULA;;0,00 %;7;Myrian Lertora;;Aydn A-Sp Trad 15/1l GP2;1622,60;3392;;3;AUTOSERVICIO;1220,00;WALTER JANIUK;;$;2;GRUPO AYUDIN ARGENTINA S.A;;;CON;;;;;;;LAVANDINA;;;;;25;JOHANA VIGIL;AXUM;;;False;131365;0;1;;;;;;1;;1622,60
100788;Achaval 2501 0;REMEDIOS DE ESCALADA;2026-10-01;01-10-2026;30-09-2026;FAC-A-131366;Venta;LAGOPUELO S.A;60239;15,00;37086,05;44874,12;Lin Xiamei;;15,00 %;29;Camila Navarrete;;Aydn Lavdna Gel MntFrs 15/700ml GP2;2472,40;3391;;3;AUTOSERVICIO;2187,00;CLAUDIO GARCIA;;$;2;GRUPO AYUDIN ARGENTINA S.A;;;EFV;;;;;;;LAVANDINA;;;;;25;JOHANA VIGIL;AXUM;;;False;131366;0;1;;;;;;1;;2472,40
100788;Achaval 2501 0;REMEDIOS DE ESCALADA;2026-10-01;01-10-2026;30-09-2026;FAC-A-131366;Venta;LAGOPUELO S.A;36003;16,00;27824,00;33667,04;Lin Xiamei;;20,00 %;29;Camila Navarrete;;AYDN LAVDNA OR 25g/l 8/2l;1739,00;3391;;3;AUTOSERVICIO;1739,00;CLAUDIO GARCIA;;$;2;GRUPO AYUDIN ARGENTINA S.A;;;EFV;;;;;;;LAVANDINA;;;;;25;JOHANA VIGIL;AXUM;;;False;131366;0;1;;;;;;1;;1739,00
100788;Achaval 2501 0;REMEDIOS DE ESCALADA;2026-10-01;01-10-2026;30-09-2026;FAC-A-131366;Venta;LAGOPUELO S.A;34324;12,00;15161,36;18345,25;Lin Xiamei;;23,00 %;29;Camila Navarrete;;Poett Desinf. Flores de Primavera 900ml;1263,45;3391;;3;AUTOSERVICIO;1292,00;CLAUDIO GARCIA;;$;2;GRUPO AYUDIN ARGENTINA S.A;;;EFV;;;;;;;PISO;;;;;25;JOHANA VIGIL;AXUM;;;False;131366;0;1;;;;;;1;;1263,45
100788;Achaval 2501 0;REMEDIOS DE ESCALADA;2026-10-01;01-10-2026;30-09-2026;FAC-A-131366;Venta;LAGOPUELO S.A;34327;12,00;15161,36;18345,25;Lin Xiamei;;23,00 %;29;Camila Navarrete;;Poett Desinf. Solo para ti 900ml;1263,45;3391;;3;AUTOSERVICIO;1292,00;CLAUDIO GARCIA;;$;2;GRUPO AYUDIN ARGENTINA S.A;;;EFV;;;;;;;PISO;;;;;25;JOHANA VIGIL;AXUM;;;False;131366;0;1;;;;;;1;;1263,45
100788;Achaval 2501 0;REMEDIOS DE ESCALADA;2026-10-01;01-10-2026;30-09-2026;FAC-A-131366;Venta;LAGOPUELO S.A;34336;12,00;15161,36;18345,25;Lin Xiamei;;23,00 %;29;Camila Navarrete;;Poett Dsnf SuadAlg 12/900ml;1263,45;3391;;3;AUTOSERVICIO;1292,00;CLAUDIO GARCIA;;$;2;GRUPO AYUDIN ARGENTINA S.A;;;EFV;;;;;;;PISO;;;;;25;JOHANA VIGIL;AXUM;;;False;131366;0;1;;;;;;1;;1263,45
100788;Achaval 2501 0;REMEDIOS DE ESCALADA;2026-10-01;01-10-2026;30-09-2026;FAC-A-131366;Venta;LAGOPUELO S.A;60386;12,00;15161,36;18345,25;Lin Xiamei;;23,00 %;29;Camila Navarrete;;Poett EsptPly 12/900ml;1263,45;3391;;3;AUTOSERVICIO;1292,00;CLAUDIO GARCIA;;$;2;GRUPO AYUDIN ARGENTINA S.A;;;EFV;;;;;;;PISO;;;;;25;JOHANA VIGIL;AXUM;;;False;131366;0;1;;;;;;1;;1263,45
100788;Achaval 2501 0;REMEDIOS DE ESCALADA;2026-10-01;01-10-2026;30-09-2026;FAC-A-131366;Venta;LAGOPUELO S.A;34334;12,00;15161,36;18345,25;Lin Xiamei;;23,00 %;29;Camila Navarrete;;Poett Dsnf SuadBebe 12/900ml;1263,45;3391;;3;AUTOSERVICIO;1292,00;CLAUDIO GARCIA;;$;2;GRUPO AYUDIN ARGENTINA S.A;;;EFV;;;;;;;PISO;;;;;25;JOHANA VIGIL;AXUM;;;False;131366;0;1;;;;;;1;;1263,45
100788;Achaval 2501 0;REMEDIOS DE ESCALADA;2026-10-01;01-10-2026;30-09-2026;FAC-A-131366;Venta;LAGOPUELO S.A;34338;12,00;15161,36;18345,25;Lin Xiamei;;23,00 %;29;Camila Navarrete;;Poett Dsnf MscPrmvra 12/900ml;1263,45;3391;;3;AUTOSERVICIO;1292,00;CLAUDIO GARCIA;;$;2;GRUPO AYUDIN ARGENTINA S.A;;;EFV;;;;;;;PISO;;;;;25;JOHANA VIGIL;AXUM;;;False;131366;0;1;;;;;;1;;1263,45
100788;Achaval 2501 0;REMEDIOS DE ESCALADA;2026-10-01;01-10-2026;30-09-2026;FAC-A-131366;Venta;LAGOPUELO S.A;34342;12,00;15161,36;18345,25;Lin Xiamei;;23,00 %;29;Camila Navarrete;;Poett Dsnf AlgrDia 12/900ml;1263,45;3391;;3;AUTOSERVICIO;1292,00;CLAUDIO GARCIA;;$;2;GRUPO AYUDIN ARGENTINA S.A;;;EFV;;;;;;;PISO;;;;;25;JOHANA VIGIL;AXUM;;;False;131366;0;1;;;;;;1;;1263,45
100788;Achaval 2501 0;REMEDIOS DE ESCALADA;2026-10-01;01-10-2026;30-09-2026;FAC-A-131366;Venta;LAGOPUELO S.A;34320;24,00;30322,72;36690,50;Lin Xiamei;;23,00 %;29;Camila Navarrete;;Poett Desinf. Frescura de Lavanda 900ml;1263,45;3391;;3;AUTOSERVICIO;1292,00;CLAUDIO GARCIA;;$;2;GRUPO AYUDIN ARGENTINA S.A;;;EFV;;;;;;;PISO;;;;;25;JOHANA VIGIL;AXUM;;;False;131366;0;1;;;;;;1;;1263,45
100788;Achaval 2501 0;REMEDIOS DE ESCALADA;2026-10-01;01-10-2026;30-09-2026;FAC-A-131366;Venta;LAGOPUELO S.A;36001;12,00;15161,36;18345,25;Lin Xiamei;;23,00 %;29;Camila Navarrete;;POETT FRSC TROP 12/900;1263,45;3391;;3;AUTOSERVICIO;1292,00;CLAUDIO GARCIA;;$;2;GRUPO AYUDIN ARGENTINA S.A;;;EFV;;;;;;;PISO;;;;;25;JOHANA VIGIL;AXUM;;;False;131366;0;1;;;;;;1;;1263,45
27618;Luis Puig - (AUTOSERVICIOS) 669;TURDERA;2026-10-02;02-10-2026;30-09-2026;FAC-A-131368;Venta;LAGOPUELO S.A;36004;9,00;37789,71;45725,55;Lin Hui;;7,00 %;074;Romina Baez;;AYDN LAVDNA OR 25 g/l 3/4l;4198,86;3410;;3;Autoservicio A;3473,00;MARIANO SOSA;;$;2;GRUPO AYUDIN ARGENTINA S.A;;;CON;;;;;;;LAVANDINA;;;;;300;Bruno Centurion;AXUM;;;False;131368;0;1;;;;;;1;;4198,86
27618;Luis Puig - (AUTOSERVICIOS) 669;TURDERA;2026-10-02;02-10-2026;30-09-2026;FAC-A-131368;Venta;LAGOPUELO S.A;61577;16,00;22565,92;27304,76;Lin Hui;;5,00 %;074;Romina Baez;;Aydn Coc† Pod Act Or† DoyPk 16/450ml;1410,37;3410;;3;Autoservicio A;1142,00;MARIANO SOSA;;$;2;GRUPO AYUDIN ARGENTINA S.A;;;CON;;;;;;;COCINA;;;;;300;Bruno Centurion;AXUM;;;False;131368;0;1;;;;;;1;;1410,37
323025;BARTOLOME MITRE 654;FLORENCIO VARELA;2026-10-01;01-10-2026;30-09-2026;FAC-A-131377;Venta;LAGOPUELO S.A;18098;12,00;13680,90;16553,89;WENG FENGMEI;;25,00 %;6;Nieves Alegre;;Mort Esp DobCara 4/24c;1140,08;3392;;3;AUTOSERVICIO;1126,00;WALTER JANIUK;;$;2;GRUPO AYUDIN ARGENTINA S.A;;;CON;;;;;;;MORTIMER;;;;;25;JOHANA VIGIL;AXUM;;;False;131377;0;1;;;;;;1;;1140,08
6256;AV CALCHAQUI 5756;Varela;2026-10-01;01-10-2026;30-09-2026;FAC-A-131391;Venta;LAGOPUELO S.A;60408;3,00;10298,99;12461,78;GAO XIANGYING;;10,00 %;051;Ezequiel Valente;;Ayudin Ropa Blancos Supremos 15/700ml;3433,00;3397;;3;AUTOSERVICIO;2868,00;JUAN ESCOTO;;$;2;GRUPO AYUDIN ARGENTINA S.A;;;CON;;;;;;;LAVADO DE ROPA;;;;;300;Bruno Centurion;AXUM;;;False;131391;0;1;;;;;;1;;3433,00
6256;AV CALCHAQUI 5756;Varela;2026-10-01;01-10-2026;30-09-2026;FAC-A-131391;Venta;LAGOPUELO S.A;60402;3,00;10298,99;12461,78;GAO XIANGYING;;10,00 %;051;Ezequiel Valente;;Ayudin Ropa Colores Vivos 15/700ml;3433,00;3397;;3;AUTOSERVICIO;2868,00;JUAN ESCOTO;;$;2;GRUPO AYUDIN ARGENTINA S.A;;;CON;;;;;;;LAVADO DE ROPA;;;;;300;Bruno Centurion;AXUM;;;False;131391;0;1;;;;;;1;;3433,00
3199;AV JUAN DOMINGO PERON 4906;SAN FRANCISCO SOLANO (QUILMES);2026-10-01;01-10-2026;30-09-2026;FAC-A-131411;Venta;LAGOPUELO S.A;17927;15,00;12735,00;15409,35;HUANG QICHANG;;20,00 %;056;Ezequiel Ferreira;;AYDN LAVDNA OR 15/1L;849,00;3398;;3;AUTOSERVICIO;849,00;NAHUEL MONTOYA;;$;2;GRUPO AYUDIN ARGENTINA S.A;;;CON;;;;;;;LAVANDINA;;;;;300;Bruno Centurion;AXUM;;;False;131411;0;1;;;;;;1;;849,00
3199;AV JUAN DOMINGO PERON 4906;SAN FRANCISCO SOLANO (QUILMES);2026-10-01;01-10-2026;30-09-2026;FAC-A-131411;Venta;LAGOPUELO S.A;36003;16,00;27824,00;33667,04;HUANG QICHANG;;20,00 %;056;Ezequiel Ferreira;;AYDN LAVDNA OR 25g/l 8/2l;1739,00;3398;;3;AUTOSERVICIO;1739,00;NAHUEL MONTOYA;;$;2;GRUPO AYUDIN ARGENTINA S.A;;;CON;;;;;;;LAVANDINA;;;;;300;Bruno Centurion;AXUM;;;False;131411;0;1;;;;;;1;;1739,00
3199;AV JUAN DOMINGO PERON 4906;SAN FRANCISCO SOLANO (QUILMES);2026-10-01;01-10-2026;30-09-2026;FAC-A-131411;Venta;LAGOPUELO S.A;60223;8,00;18493,28;22376,87;HUANG QICHANG;;15,00 %;056;Ezequiel Ferreira;;Aydn Lavda TriPod 8/2l GP2;2311,66;3398;;3;AUTOSERVICIO;2092,00;NAHUEL MONTOYA;;$;2;GRUPO AYUDIN ARGENTINA S.A;;;CON;;;;;;;LAVANDINA;;;;;300;Bruno Centurion;AXUM;;;False;131411;0;1;;;;;;1;;2311,66
3199;AV JUAN DOMINGO PERON 4906;SAN FRANCISCO SOLANO (QUILMES);2026-10-01;01-10-2026;30-09-2026;FAC-A-131411;Venta;LAGOPUELO S.A;60233;15,00;37086,05;44874,12;HUANG QICHANG;;15,00 %;056;Ezequiel Ferreira;;Aydn Lavdna Gel Or 15/700ml GP2;2472,40;3398;;3;AUTOSERVICIO;2187,00;NAHUEL MONTOYA;;$;2;GRUPO AYUDIN ARGENTINA S.A;;;CON;;;;;;;LAVANDINA;;;;;300;Bruno Centurion;AXUM;;;False;131411;0;1;;;;;;1;;2472,40
3199;AV JUAN DOMINGO PERON 4906;SAN FRANCISCO SOLANO (QUILMES);2026-10-01;01-10-2026;30-09-2026;FAC-A-131411;Venta;LAGOPUELO S.A;34324;12,00;15752,06;19060,00;HUANG QICHANG;;20,00 %;056;Ezequiel Ferreira;;Poett Desinf. Flores de Primavera 900ml;1312,67;3398;;3;AUTOSERVICIO;1292,00;NAHUEL MONTOYA;;$;2;GRUPO AYUDIN ARGENTINA S.A;;;CON;;;;;;;PISO;;;;;300;Bruno Centurion;AXUM;;;False;131411;0;1;;;;;;1;;1312,67
3199;AV JUAN DOMINGO PERON 4906;SAN FRANCISCO SOLANO (QUILMES);2026-10-01;01-10-2026;30-09-2026;FAC-A-131411;Venta;LAGOPUELO S.A;34320;12,00;15752,06;19060,00;HUANG QICHANG;;20,00 %;056;Ezequiel Ferreira;;Poett Desinf. Frescura de Lavanda 900ml;1312,67;3398;;3;AUTOSERVICIO;1292,00;NAHUEL MONTOYA;;$;2;GRUPO AYUDIN ARGENTINA S.A;;;CON;;;;;;;PISO;;;;;300;Bruno Centurion;AXUM;;;False;131411;0;1;;;;;;1;;1312,67
29529;LOS MOLINOS E/LOS ALAMOS Y HUGO AGUILAR - (TRADICIONAL) 829;LA UNION;2026-10-06;06-10-2026;30-09-2026;FAC-B-131412;Venta;LAGOPUELO S.A;17927;30,00;25470,00;30818,70;GABRIELA CECILIA ALFONSO;;20,00 %;075;Julieta Yegros;;AYDN LAVDNA OR 15/1L;849,00;3446;;5;KIOSCO;849,00;IVAN MONTOYA;;$;2;GRUPO AYUDIN ARGENTINA S.A;;;CON;;;;;;;LAVANDINA;;;;;300;Bruno Centurion;AXUM;;;False;131412;0;1;;;;;;1;;849,00
27617;Patricios - (AUTOSERVICIOS) 360;TURDERA;2026-10-02;02-10-2026;30-09-2026;FAC-A-131420;Venta;LAGOPUELO S.A;61577;6,00;8462,22;10239,29;Zhuang Yunmei;;5,00 %;074;Romina Baez;;Aydn Coc† Pod Act Or† DoyPk 16/450ml;1410,37;3410;;3;Autoservicio A;1142,00;MARIANO SOSA;;$;2;GRUPO AYUDIN ARGENTINA S.A;;;CON;;;;;;;COCINA;;;;;300;Bruno Centurion;AXUM;;;False;131420;0;1;;;;;;1;;1410,37
27617;Patricios - (AUTOSERVICIOS) 360;TURDERA;2026-10-02;02-10-2026;30-09-2026;FAC-A-131420;Venta;LAGOPUELO S.A;32288;4,00;7358,00;8903,18;Zhuang Yunmei;;0,00 %;074;Romina Baez;;Tren Oxi DoyPk 16/400ml;1839,50;3410;;3;Autoservicio A;1415,00;MARIANO SOSA;;$;2;GRUPO AYUDIN ARGENTINA S.A;;;CON;;;;;;;LAVADO DE ROPA;;;;;300;Bruno Centurion;AXUM;;;False;131420;0;1;;;;;;1;;1839,50
31637;GRISNTEIN 3049;FLORENCIO VARELA;2026-10-01;01-10-2026;30-09-2026;FAC-B-131423;Venta;LAGOPUELO S.A;33575;6,00;10818,09;13089,89;FILIBERTO BALTAZAR;;5,00 %;6;Nieves Alegre;;Aydn Ropa ClrViv DoyPk 16/400ml;1803,01;3392;;3;AUTOSERVICIO;1427,00;WALTER JANIUK;;$;2;GRUPO AYUDIN ARGENTINA S.A;;;CON;;;;;;;LAVADO DE ROPA;;;;;25;JOHANA VIGIL;AXUM;;;False;131423;0;1;;;;;;1;;1803,01
105324;RamÛn Cabrero 3315;REMEDIOS DE ESCALADA;2026-10-01;01-10-2026;30-09-2026;FAC-A-131430;Venta;LAGOPUELO S.A;36004;3,00;12596,57;15241,85;Bulla Walter Fabian;;7,00 %;29;Camila Navarrete;;AYDN LAVDNA OR 25 g/l 3/4l;4198,86;3391;;5;KIOSCO;3473,00;CLAUDIO GARCIA;;$;2;GRUPO AYUDIN ARGENTINA S.A;;;EFV;;;;;;;LAVANDINA;;;;;25;JOHANA VIGIL;AXUM;;;False;131430;0;1;;;;;;1;;4198,86
2387;Calle 133 ESQ. 4;Berazategui;2026-10-05;05-10-2026;30-09-2026;FAC-B-131439;Venta;ELEBES;34324;4,00;5250,69;6353,33;GAMBOA BETIANA;;20,00 %;4;Selene Pawlikowski;;Poett Desinf. Flores de Primavera 900ml;1312,67;3430;;2;ALMACEN;1292,00;LEONARDO SANTA CRUZ;;$;2;GRUPO AYUDIN ARGENTINA S.A;;;CON;;;;;;;PISO;;;;;25;JOHANA VIGIL;AXUM;;;False;131439;0;1;;;;;;1;;1312,67
2387;Calle 133 ESQ. 4;Berazategui;2026-10-05;05-10-2026;30-09-2026;FAC-B-131439;Venta;ELEBES;17927;15,00;12735,00;15409,35;GAMBOA BETIANA;;20,00 %;4;Selene Pawlikowski;;AYDN LAVDNA OR 15/1L;849,00;3430;;2;ALMACEN;849,00;LEONARDO SANTA CRUZ;;$;2;GRUPO AYUDIN ARGENTINA S.A;;;CON;;;;;;;LAVANDINA;;;;;25;JOHANA VIGIL;AXUM;;;False;131439;0;1;;;;;;1;;849,00
2387;Calle 133 ESQ. 4;Berazategui;2026-10-05;05-10-2026;30-09-2026;FAC-B-131439;Venta;ELEBES;34320;4,00;5250,69;6353,33;GAMBOA BETIANA;;20,00 %;4;Selene Pawlikowski;;Poett Desinf. Frescura de Lavanda 900ml;1312,67;3430;;2;ALMACEN;1292,00;LEONARDO SANTA CRUZ;;$;2;GRUPO AYUDIN ARGENTINA S.A;;;CON;;;;;;;PISO;;;;;25;JOHANA VIGIL;AXUM;;;False;131439;0;1;;;;;;1;;1312,67
2387;Calle 133 ESQ. 4;Berazategui;2026-10-05;05-10-2026;30-09-2026;FAC-B-131439;Venta;ELEBES;34336;4,00;5250,69;6353,33;GAMBOA BETIANA;;20,00 %;4;Selene Pawlikowski;;Poett Dsnf SuadAlg 12/900ml;1312,67;3430;;2;ALMACEN;1292,00;LEONARDO SANTA CRUZ;;$;2;GRUPO AYUDIN ARGENTINA S.A;;;CON;;;;;;;PISO;;;;;25;JOHANA VIGIL;AXUM;;;False;131439;0;1;;;;;;1;;1312,67
24049;LAVALLE - (AUTOSERVICIOS) 1524;RAFAEL CALZADA;2026-10-01;01-10-2026;30-09-2026;FAC-A-131447;Venta;LAGOPUELO S.A;36003;24,00;40170,90;48606,79;SHAN LIU;;23,00 %;063;Daniel Martin;;AYDN LAVDNA OR 25g/l 8/2l;1673,79;3399;;3;Autoservicio B;1739,00;SIMON OLIVERA;;$;2;GRUPO AYUDIN ARGENTINA S.A;;;CON;;;;;;;LAVANDINA;;;;;300;Bruno Centurion;AXUM;;;False;131447;0;1;;;;;;1;;1673,79
23486;CERVANTES SAAVEDRA - (TRADICIONAL) 3499;RAFAEL CALZADA;2026-10-01;01-10-2026;30-09-2026;FAC-B-131449;Venta;ELEBES;32288;6,00;11037,00;13354,77;SILVIA SOLIS;;0,00 %;063;Daniel Martin;;Tren Oxi DoyPk 16/400ml;1839,50;3399;;2;ALMACEN;1415,00;SIMON OLIVERA;;$;2;GRUPO AYUDIN ARGENTINA S.A;;;CON;;;;;;;LAVADO DE ROPA;;;;;300;Bruno Centurion;AXUM;;;False;131449;0;1;;;;;;1;;1839,50
23486;CERVANTES SAAVEDRA - (TRADICIONAL) 3499;RAFAEL CALZADA;2026-10-01;01-10-2026;30-09-2026;FAC-B-131449;Venta;ELEBES;34334;12,00;14767,56;17868,75;SILVIA SOLIS;;25,00 %;063;Daniel Martin;;Poett Dsnf SuadBebe 12/900ml;1230,63;3399;;2;ALMACEN;1292,00;SIMON OLIVERA;;$;2;GRUPO AYUDIN ARGENTINA S.A;;;CON;;;;;;;PISO;;;;;300;Bruno Centurion;AXUM;;;False;131449;0;1;;;;;;1;;1230,63
23486;CERVANTES SAAVEDRA - (TRADICIONAL) 3499;RAFAEL CALZADA;2026-10-01;01-10-2026;30-09-2026;FAC-B-131449;Venta;ELEBES;34324;12,00;14767,56;17868,75;SILVIA SOLIS;;25,00 %;063;Daniel Martin;;Poett Desinf. Flores de Primavera 900ml;1230,63;3399;;2;ALMACEN;1292,00;SIMON OLIVERA;;$;2;GRUPO AYUDIN ARGENTINA S.A;;;CON;;;;;;;PISO;;;;;300;Bruno Centurion;AXUM;;;False;131449;0;1;;;;;;1;;1230,63
23486;CERVANTES SAAVEDRA - (TRADICIONAL) 3499;RAFAEL CALZADA;2026-10-01;01-10-2026;30-09-2026;FAC-B-131449;Venta;ELEBES;34336;12,00;14767,56;17868,75;SILVIA SOLIS;;25,00 %;063;Daniel Martin;;Poett Dsnf SuadAlg 12/900ml;1230,63;3399;;2;ALMACEN;1292,00;SIMON OLIVERA;;$;2;GRUPO AYUDIN ARGENTINA S.A;;;CON;;;;;;;PISO;;;;;300;Bruno Centurion;AXUM;;;False;131449;0;1;;;;;;1;;1230,63
23984;EL ALJIBE - (TRADITIONAL TRADE) 560;FLORENCIO VARELA;2026-10-01;01-10-2026;30-09-2026;FAC-A-131452;Venta;LAGOPUELO S.A;17927;15,00;12735,00;15409,35;NORMA BEATRIZ BENITEZ;;20,00 %;7;Myrian Lertora;;AYDN LAVDNA OR 15/1L;849,00;3392;;georgalos-803;Perfumeria;849,00;WALTER JANIUK;;$;2;GRUPO AYUDIN ARGENTINA S.A;;;CON;;;;;;;LAVANDINA;;;;;25;JOHANA VIGIL;AXUM;;;False;131452;0;1;;;;;;1;;849,00
23607;TOM¡S NOTHER 620;ADROGUE;2026-10-02;02-10-2026;01-10-2026;FAC-A-131537;Venta;ELEBES;34337;3,00;9664,20;11693,68;VILLAVERDE PAULA MARIA BELEN;;0,00 %;063;Daniel Martin;;Poett Dsnf SuadAlg 8/1.8l;3221,40;3416;;2;ALMACEN;2478,00;NAHUEL MONTOYA;;$;2;GRUPO AYUDIN ARGENTINA S.A;;;CON;;;;;;;PISO;;;;;300;Bruno Centurion;AXUM;;;False;131537;0;1;;;;;;1;;3221,40
104153;Caxaraville 5782 1 0;WILDE;2026-10-02;02-10-2026;01-10-2026;FAC-A-131543;Venta;ELEBES;17927;5,00;5306,25;6420,56;Alegre Nancy Edith;;0,00 %;24;Cecilia Gauchez;;AYDN LAVDNA OR 15/1L;1061,25;3408;;georgalos-7;Almacen;849,00;CLAUDIO GARCIA;;$;2;GRUPO AYUDIN ARGENTINA S.A;;;EFV;;;;;;;LAVANDINA;;;;;25;JOHANA VIGIL;AXUM;;;False;131543;0;1;;;;;;1;;1061,25
3084;12 DE OCTUBRE 1156;Quilmes;2026-10-02;02-10-2026;01-10-2026;FAC-A-131555;Venta;LAGOPUELO S.A;60223;8,00;18493,28;22376,87;WANG GUOYI;;15,00 %;054;Leonel Caruso;;Aydn Lavda TriPod 8/2l GP2;2311,66;3413;;3;AUTOSERVICIO;2092,00;HERNAN RIVERO;;$;2;GRUPO AYUDIN ARGENTINA S.A;;;CON;;;;;;;LAVANDINA;;;;;300;Bruno Centurion;AXUM;;;False;131555;0;1;;;;;;1;;2311,66
3084;12 DE OCTUBRE 1156;Quilmes;2026-10-02;02-10-2026;01-10-2026;FAC-A-131555;Venta;LAGOPUELO S.A;33575;6,00;11387,46;13778,83;WANG GUOYI;;0,00 %;054;Leonel Caruso;;Aydn Ropa ClrViv DoyPk 16/400ml;1897,91;3413;;3;AUTOSERVICIO;1427,00;HERNAN RIVERO;;$;2;GRUPO AYUDIN ARGENTINA S.A;;;CON;;;;;;;LAVADO DE ROPA;;;;;300;Bruno Centurion;AXUM;;;False;131555;0;1;;;;;;1;;1897,91
3084;12 DE OCTUBRE 1156;Quilmes;2026-10-02;02-10-2026;01-10-2026;FAC-A-131555;Venta;LAGOPUELO S.A;33576;6,00;11387,46;13778,83;WANG GUOYI;;0,00 %;054;Leonel Caruso;;Aydn Ropa BlncSprms DoyPk 16/400ml;1897,91;3413;;3;AUTOSERVICIO;1427,00;HERNAN RIVERO;;$;2;GRUPO AYUDIN ARGENTINA S.A;;;CON;;;;;;;LAVADO DE ROPA;;;;;300;Bruno Centurion;AXUM;;;False;131555;0;1;;;;;;1;;1897,91
23410;MITRE 1947;Almirante Brown;2026-10-02;02-10-2026;01-10-2026;FAC-A-131557;Venta;LAGOPUELO S.A;61731;6,00;20145,41;24375,94;ZHANG QIANXIA;;15,00 %;062;Nahuel Martinez;;Sltn MataCuca Aer AccProl 6/360ml BA;3357,57;3416;;3;Autoservicio B;3086,00;NAHUEL MONTOYA;;$;2;GRUPO AYUDIN ARGENTINA S.A;;;CON;;;;;;;SELTON;;;;;300;Bruno Centurion;AXUM;;;False;131557;0;1;;;;;;1;;3357,57
23410;MITRE 1947;Almirante Brown;2026-10-02;02-10-2026;01-10-2026;FAC-A-131557;Venta;LAGOPUELO S.A;61816;6,00;18159,57;21973,08;ZHANG QIANXIA;;15,00 %;062;Nahuel Martinez;;Sltn MataMosq Aer AccInst 6/360ml BA;3026,60;3416;;3;Autoservicio B;2739,00;NAHUEL MONTOYA;;$;2;GRUPO AYUDIN ARGENTINA S.A;;;CON;;;;;;;SELTON;;;;;300;Bruno Centurion;AXUM;;;False;131557;0;1;;;;;;1;;3026,60
23410;MITRE 1947;Almirante Brown;2026-10-02;02-10-2026;01-10-2026;FAC-A-131557;Venta;LAGOPUELO S.A;36003;40,00;66951,50;81011,32;ZHANG QIANXIA;;23,00 %;062;Nahuel Martinez;;AYDN LAVDNA OR 25g/l 8/2l;1673,79;3416;;3;Autoservicio B;1739,00;NAHUEL MONTOYA;;$;2;GRUPO AYUDIN ARGENTINA S.A;;;CON;;;;;;;LAVANDINA;;;;;300;Bruno Centurion;AXUM;;;False;131557;0;1;;;;;;1;;1673,79
23410;MITRE 1947;Almirante Brown;2026-10-02;02-10-2026;01-10-2026;FAC-A-131557;Venta;LAGOPUELO S.A;60223;24,00;55479,84;67130,61;ZHANG QIANXIA;;15,00 %;062;Nahuel Martinez;;Aydn Lavda TriPod 8/2l GP2;2311,66;3416;;3;Autoservicio B;2092,00;NAHUEL MONTOYA;;$;2;GRUPO AYUDIN ARGENTINA S.A;;;CON;;;;;;;LAVANDINA;;;;;300;Bruno Centurion;AXUM;;;False;131557;0;1;;;;;;1;;2311,66
23410;MITRE 1947;Almirante Brown;2026-10-02;02-10-2026;01-10-2026;FAC-A-131557;Venta;LAGOPUELO S.A;60227;24,00;55479,84;67130,61;ZHANG QIANXIA;;15,00 %;062;Nahuel Martinez;;Aydn PurGlac TriPod 8/2l GP2;2311,66;3416;;3;Autoservicio B;2092,00;NAHUEL MONTOYA;;$;2;GRUPO AYUDIN ARGENTINA S.A;;;CON;;;;;;;LAVANDINA;;;;;300;Bruno Centurion;AXUM;;;False;131557;0;1;;;;;;1;;2311,66
23907;SAN MARTIN - (AUTOSERVICIOS) 313;ADROGUE;2026-10-02;02-10-2026;01-10-2026;FAC-A-131570;Venta;LAGOPUELO S.A;36003;40,00;65212,50;78907,13;WENBIN DAI;;25,00 %;063;Daniel Martin;;AYDN LAVDNA OR 25g/l 8/2l;1630,31;3416;;3;Autoservicio A;1739,00;NAHUEL MONTOYA;;$;2;GRUPO AYUDIN ARGENTINA S.A;;;CON;;;;;;;LAVANDINA;;;;;300;Bruno Centurion;AXUM;;;False;131570;0;1;;;;;;1;;1630,31
22073;RUTA 2 KM 44500;Berazategui;2026-10-02;02-10-2026;01-10-2026;FAC-A-131572;Venta;LAGOPUELO S.A;61577;1,00;1484,60;1796,37;JACINTO HECTOR OMAR;;0,00 %;051;Ezequiel Valente;;Aydn Coc† Pod Act Or† DoyPk 16/450ml;1484,60;3411;;3;Autoservicio B;1142,00;JUAN ESCOTO;;$;2;GRUPO AYUDIN ARGENTINA S.A;;;CON;;;;;;;COCINA;;;;;300;Bruno Centurion;AXUM;;;False;131572;0;1;;;;;;1;;1484,60
1801;519 ESQ 529;CENTRO AGRICOLA EL PATO;2026-10-02;02-10-2026;01-10-2026;FAC-A-131573;Venta;ELEBES;61576;1,00;1745,90;2112,54;CRISTIAN AMADO GUERRERO ROJAS;;0,00 %;051;Ezequiel Valente;;Aydn Bn Limp† Act Or DoyPk 16/450ml;1745,90;3411;;2;ALMACEN;1343,00;JUAN ESCOTO;;$;2;GRUPO AYUDIN ARGENTINA S.A;;;CON;;;;;;;BAÒO;;;;;300;Bruno Centurion;AXUM;;;False;131573;0;1;;;;;;1;;1745,90
3681;FELIPE AMOEDO 1297;QUILMES;2026-10-02;02-10-2026;01-10-2026;FAC-A-131576;Venta;LAGOPUELO S.A;17927;15,00;12735,00;15409,35;DIEZ HORACIO LUIS;;20,00 %;054;Leonel Caruso;;AYDN LAVDNA OR 15/1L;849,00;3413;;3;AUTOSERVICIO;849,00;HERNAN RIVERO;;$;2;GRUPO AYUDIN ARGENTINA S.A;;;CON;;;;;;;LAVANDINA;;;;;300;Bruno Centurion;AXUM;;;False;131576;0;1;;;;;;1;;849,00
3681;FELIPE AMOEDO 1297;QUILMES;2026-10-02;02-10-2026;01-10-2026;FAC-A-131576;Venta;LAGOPUELO S.A;36003;8,00;13912,00;16833,52;DIEZ HORACIO LUIS;;20,00 %;054;Leonel Caruso;;AYDN LAVDNA OR 25g/l 8/2l;1739,00;3413;;3;AUTOSERVICIO;1739,00;HERNAN RIVERO;;$;2;GRUPO AYUDIN ARGENTINA S.A;;;CON;;;;;;;LAVANDINA;;;;;300;Bruno Centurion;AXUM;;;False;131576;0;1;;;;;;1;;1739,00
3681;FELIPE AMOEDO 1297;QUILMES;2026-10-02;02-10-2026;01-10-2026;FAC-A-131576;Venta;LAGOPUELO S.A;34336;12,00;15752,06;19060,00;DIEZ HORACIO LUIS;;20,00 %;054;Leonel Caruso;;Poett Dsnf SuadAlg 12/900ml;1312,67;3413;;3;AUTOSERVICIO;1292,00;HERNAN RIVERO;;$;2;GRUPO AYUDIN ARGENTINA S.A;;;CON;;;;;;;PISO;;;;;300;Bruno Centurion;AXUM;;;False;131576;0;1;;;;;;1;;1312,67
3681;FELIPE AMOEDO 1297;QUILMES;2026-10-02;02-10-2026;01-10-2026;FAC-A-131576;Venta;LAGOPUELO S.A;60233;6,00;14834,42;17949,65;DIEZ HORACIO LUIS;;15,00 %;054;Leonel Caruso;;Aydn Lavdna Gel Or 15/700ml GP2;2472,40;3413;;3;AUTOSERVICIO;2187,00;HERNAN RIVERO;;$;2;GRUPO AYUDIN ARGENTINA S.A;;;CON;;;;;;;LAVANDINA;;;;;300;Bruno Centurion;AXUM;;;False;131576;0;1;;;;;;1;;2472,40
101875;Mitre 4132 0;Villa Dominico;2026-10-02;02-10-2026;01-10-2026;FAC-A-131580;Venta;LAGOPUELO S.A;36001;12,00;15752,06;19060,00;Wang Limin;;20,00 %;28;Nadia Diaz;;POETT FRSC TROP 12/900;1312,67;3409;;georgalos-7;Almacen;1292,00;SIMON OLIVERA;;$;2;GRUPO AYUDIN ARGENTINA S.A;;;EFV;;;;;;;PISO;;;;;25;JOHANA VIGIL;AXUM;;;False;131580;0;1;;;;;;1;;1312,67
101875;Mitre 4132 0;Villa Dominico;2026-10-02;02-10-2026;01-10-2026;FAC-A-131580;Venta;LAGOPUELO S.A;34342;12,00;15752,06;19060,00;Wang Limin;;20,00 %;28;Nadia Diaz;;Poett Dsnf AlgrDia 12/900ml;1312,67;3409;;georgalos-7;Almacen;1292,00;SIMON OLIVERA;;$;2;GRUPO AYUDIN ARGENTINA S.A;;;EFV;;;;;;;PISO;;;;;25;JOHANA VIGIL;AXUM;;;False;131580;0;1;;;;;;1;;1312,67
101875;Mitre 4132 0;Villa Dominico;2026-10-02;02-10-2026;01-10-2026;FAC-A-131580;Venta;LAGOPUELO S.A;34324;12,00;15752,06;19060,00;Wang Limin;;20,00 %;28;Nadia Diaz;;Poett Desinf. Flores de Primavera 900ml;1312,67;3409;;georgalos-7;Almacen;1292,00;SIMON OLIVERA;;$;2;GRUPO AYUDIN ARGENTINA S.A;;;EFV;;;;;;;PISO;;;;;25;JOHANA VIGIL;AXUM;;;False;131580;0;1;;;;;;1;;1312,67
101875;Mitre 4132 0;Villa Dominico;2026-10-02;02-10-2026;01-10-2026;FAC-A-131580;Venta;LAGOPUELO S.A;34336;12,00;15752,06;19060,00;Wang Limin;;20,00 %;28;Nadia Diaz;;Poett Dsnf SuadAlg 12/900ml;1312,67;3409;;georgalos-7;Almacen;1292,00;SIMON OLIVERA;;$;2;GRUPO AYUDIN ARGENTINA S.A;;;EFV;;;;;;;PISO;;;;;25;JOHANA VIGIL;AXUM;;;False;131580;0;1;;;;;;1;;1312,67
101875;Mitre 4132 0;Villa Dominico;2026-10-02;02-10-2026;01-10-2026;FAC-A-131580;Venta;LAGOPUELO S.A;34320;24,00;31504,13;38119,99;Wang Limin;;20,00 %;28;Nadia Diaz;;Poett Desinf. Frescura de Lavanda 900ml;1312,67;3409;;georgalos-7;Almacen;1292,00;SIMON OLIVERA;;$;2;GRUPO AYUDIN ARGENTINA S.A;;;EFV;;;;;;;PISO;;;;;25;JOHANA VIGIL;AXUM;;;False;131580;0;1;;;;;;1;;1312,67
101875;Mitre 4132 0;Villa Dominico;2026-10-02;02-10-2026;01-10-2026;FAC-A-131580;Venta;LAGOPUELO S.A;34338;12,00;15752,06;19060,00;Wang Limin;;20,00 %;28;Nadia Diaz;;Poett Dsnf MscPrmvra 12/900ml;1312,67;3409;;georgalos-7;Almacen;1292,00;SIMON OLIVERA;;$;2;GRUPO AYUDIN ARGENTINA S.A;;;EFV;;;;;;;PISO;;;;;25;JOHANA VIGIL;AXUM;;;False;131580;0;1;;;;;;1;;1312,67
101875;Mitre 4132 0;Villa Dominico;2026-10-02;02-10-2026;01-10-2026;FAC-A-131580;Venta;LAGOPUELO S.A;60386;12,00;15752,06;19060,00;Wang Limin;;20,00 %;28;Nadia Diaz;;Poett EsptPly 12/900ml;1312,67;3409;;georgalos-7;Almacen;1292,00;SIMON OLIVERA;;$;2;GRUPO AYUDIN ARGENTINA S.A;;;EFV;;;;;;;PISO;;;;;25;JOHANA VIGIL;AXUM;;;False;131580;0;1;;;;;;1;;1312,67
101875;Mitre 4132 0;Villa Dominico;2026-10-02;02-10-2026;01-10-2026;FAC-A-131580;Venta;LAGOPUELO S.A;34334;12,00;15752,06;19060,00;Wang Limin;;20,00 %;28;Nadia Diaz;;Poett Dsnf SuadBebe 12/900ml;1312,67;3409;;georgalos-7;Almacen;1292,00;SIMON OLIVERA;;$;2;GRUPO AYUDIN ARGENTINA S.A;;;EFV;;;;;;;PISO;;;;;25;JOHANA VIGIL;AXUM;;;False;131580;0;1;;;;;;1;;1312,67
102184;Mitre 6272 0;WILDE;2026-10-02;02-10-2026;01-10-2026;FAC-A-131586;Venta;LAGOPUELO S.A;17927;60,00;50940,00;61637,40;Shen Zhihao;;20,00 %;27;Samanta Dogliotti;;AYDN LAVDNA OR 15/1L;849,00;3409;;3;AUTOSERVICIO;849,00;SIMON OLIVERA;;$;2;GRUPO AYUDIN ARGENTINA S.A;;;EFV;;;;;;;LAVANDINA;;;;;25;JOHANA VIGIL;AXUM;;;False;131586;0;1;;;;;;1;;849,00
102184;Mitre 6272 0;WILDE;2026-10-02;02-10-2026;01-10-2026;FAC-A-131586;Venta;LAGOPUELO S.A;36003;32,00;55648,00;67334,08;Shen Zhihao;;20,00 %;27;Samanta Dogliotti;;AYDN LAVDNA OR 25g/l 8/2l;1739,00;3409;;3;AUTOSERVICIO;1739,00;SIMON OLIVERA;;$;2;GRUPO AYUDIN ARGENTINA S.A;;;EFV;;;;;;;LAVANDINA;;;;;25;JOHANA VIGIL;AXUM;;;False;131586;0;1;;;;;;1;;1739,00
102184;Mitre 6272 0;WILDE;2026-10-02;02-10-2026;01-10-2026;FAC-A-131586;Venta;LAGOPUELO S.A;60222;15,00;17403,75;21058,54;Shen Zhihao;;15,00 %;27;Samanta Dogliotti;;Aydn Lavda TriPod 15/1l GP2;1160,25;3409;;3;AUTOSERVICIO;1050,00;SIMON OLIVERA;;$;2;GRUPO AYUDIN ARGENTINA S.A;;;EFV;;;;;;;LAVANDINA;;;;;25;JOHANA VIGIL;AXUM;;;False;131586;0;1;;;;;;1;;1160,25
102184;Mitre 6272 0;WILDE;2026-10-02;02-10-2026;01-10-2026;FAC-A-131586;Venta;LAGOPUELO S.A;60227;8,00;18493,28;22376,87;Shen Zhihao;;15,00 %;27;Samanta Dogliotti;;Aydn PurGlac TriPod 8/2l GP2;2311,66;3409;;3;AUTOSERVICIO;2092,00;SIMON OLIVERA;;$;2;GRUPO AYUDIN ARGENTINA S.A;;;EFV;;;;;;;LAVANDINA;;;;;25;JOHANA VIGIL;AXUM;;;False;131586;0;1;;;;;;1;;2311,66
102184;Mitre 6272 0;WILDE;2026-10-02;02-10-2026;01-10-2026;FAC-A-131586;Venta;LAGOPUELO S.A;60223;8,00;18493,28;22376,87;Shen Zhihao;;15,00 %;27;Samanta Dogliotti;;Aydn Lavda TriPod 8/2l GP2;2311,66;3409;;3;AUTOSERVICIO;2092,00;SIMON OLIVERA;;$;2;GRUPO AYUDIN ARGENTINA S.A;;;EFV;;;;;;;LAVANDINA;;;;;25;JOHANA VIGIL;AXUM;;;False;131586;0;1;;;;;;1;;2311,66
23420;Jorge Santiago Bynnon FRANCISCO DRUMOND-JORGE - (TRADICIONAL) 1760;ADROGUE;2026-10-02;02-10-2026;01-10-2026;FAC-A-131589;Venta;LAGOPUELO S.A;34324;6,00;7876,03;9530,00;GALLARDO HUGO DAMIAN;;20,00 %;062;Nahuel Martinez;;Poett Desinf. Flores de Primavera 900ml;1312,67;3416;;2;ALMACEN;1292,00;NAHUEL MONTOYA;;$;2;GRUPO AYUDIN ARGENTINA S.A;;;CON;;;;;;;PISO;;;;;300;Bruno Centurion;AXUM;;;False;131589;0;1;;;;;;1;;1312,67
23420;Jorge Santiago Bynnon FRANCISCO DRUMOND-JORGE - (TRADICIONAL) 1760;ADROGUE;2026-10-02;02-10-2026;01-10-2026;FAC-A-131589;Venta;LAGOPUELO S.A;33575;4,00;7591,64;9185,88;GALLARDO HUGO DAMIAN;;0,00 %;062;Nahuel Martinez;;Aydn Ropa ClrViv DoyPk 16/400ml;1897,91;3416;;2;ALMACEN;1427,00;NAHUEL MONTOYA;;$;2;GRUPO AYUDIN ARGENTINA S.A;;;CON;;;;;;;LAVADO DE ROPA;;;;;300;Bruno Centurion;AXUM;;;False;131589;0;1;;;;;;1;;1897,91
1070;AV. 14 2450;Berazategui;2026-10-05;05-10-2026;01-10-2026;FAC-A-131600;Venta;LAGOPUELO S.A;60231;15,00;24339,00;29450,19;ESQUIVARIZA SRL;;0,00 %;5;Eliana Huber;;Aydn A-Sp Trad 15/1l GP2;1622,60;3428;;3;AUTOSERVICIO;1220,00;CLAUDIO GARCIA;;$;2;GRUPO AYUDIN ARGENTINA S.A;;;CON;;;;;;;LAVANDINA;;;;;25;JOHANA VIGIL;AXUM;;;False;131600;0;1;;;;;;1;;1622,60
1070;AV. 14 2450;Berazategui;2026-10-05;05-10-2026;01-10-2026;FAC-A-131600;Venta;LAGOPUELO S.A;61046;15,00;27202,50;32915,03;ESQUIVARIZA SRL;;0,00 %;5;Eliana Huber;;Aydn RopQuitMnch BlncInt 15/1l;1813,50;3428;;3;AUTOSERVICIO;1395,00;CLAUDIO GARCIA;;$;2;GRUPO AYUDIN ARGENTINA S.A;;;CON;;;;;;;LAVADO DE ROPA;;;;;25;JOHANA VIGIL;AXUM;;;False;131600;0;1;;;;;;1;;1813,50
1070;AV. 14 2450;Berazategui;2026-10-05;05-10-2026;01-10-2026;FAC-A-131600;Venta;LAGOPUELO S.A;60888;6,00;17557,80;21244,94;ESQUIVARIZA SRL;;0,00 %;5;Eliana Huber;;Poett Aer SvdAlg ExtFrag 6/360ml;2926,30;3428;;3;AUTOSERVICIO;2251,00;CLAUDIO GARCIA;;$;2;GRUPO AYUDIN ARGENTINA S.A;;;CON;;;;;;;AERO POETT;;;;;25;JOHANA VIGIL;AXUM;;;False;131600;0;1;;;;;;1;;2926,30
1070;AV. 14 2450;Berazategui;2026-10-05;05-10-2026;01-10-2026;FAC-A-131600;Venta;LAGOPUELO S.A;60885;6,00;17557,80;21244,94;ESQUIVARIZA SRL;;0,00 %;5;Eliana Huber;;Poett Aer FlrLavda ExtFrag 6/360ml;2926,30;3428;;3;AUTOSERVICIO;2251,00;CLAUDIO GARCIA;;$;2;GRUPO AYUDIN ARGENTINA S.A;;;CON;;;;;;;AERO POETT;;;;;25;JOHANA VIGIL;AXUM;;;False;131600;0;1;;;;;;1;;2926,30
1070;AV. 14 2450;Berazategui;2026-10-05;05-10-2026;01-10-2026;FAC-A-131600;Venta;LAGOPUELO S.A;61033;6,00;17557,80;21244,94;ESQUIVARIZA SRL;;0,00 %;5;Eliana Huber;;Poett Aer DsprtarEnrg ExtFrag 6/360ml;2926,30;3428;;3;AUTOSERVICIO;2251,00;CLAUDIO GARCIA;;$;2;GRUPO AYUDIN ARGENTINA S.A;;;CON;;;;;;;AERO POETT;;;;;25;JOHANA VIGIL;AXUM;;;False;131600;0;1;;;;;;1;;2926,30
27607;Roque S. Pe√±a - 338;TRISTAN SUAREZ;2026-10-06;06-10-2026;01-10-2026;FAC-A-131601;Venta;LAGOPUELO S.A;60223;16,00;35246,02;42647,68;He Daiying;;19,00 %;075;Julieta Yegros;;Aydn Lavda TriPod 8/2l GP2;2202,88;3446;;3;Autoservicio A;2092,00;IVAN MONTOYA;;$;2;GRUPO AYUDIN ARGENTINA S.A;;;CON;;;;;;;LAVANDINA;;;;;300;Bruno Centurion;AXUM;;;False;131601;0;1;;;;;;1;;2202,88
27607;Roque S. Pe√±a - 338;TRISTAN SUAREZ;2026-10-06;06-10-2026;01-10-2026;FAC-A-131601;Venta;LAGOPUELO S.A;60227;24,00;52869,02;63971,52;He Daiying;;19,00 %;075;Julieta Yegros;;Aydn PurGlac TriPod 8/2l GP2;2202,88;3446;;3;Autoservicio A;2092,00;IVAN MONTOYA;;$;2;GRUPO AYUDIN ARGENTINA S.A;;;CON;;;;;;;LAVANDINA;;;;;300;Bruno Centurion;AXUM;;;False;131601;0;1;;;;;;1;;2202,88
27607;Roque S. Pe√±a - 338;TRISTAN SUAREZ;2026-10-06;06-10-2026;01-10-2026;FAC-A-131601;Venta;LAGOPUELO S.A;36004;15,00;59596,68;72111,98;He Daiying;;12,00 %;075;Julieta Yegros;;AYDN LAVDNA OR 25 g/l 3/4l;3973,11;3446;;3;Autoservicio A;3473,00;IVAN MONTOYA;;$;2;GRUPO AYUDIN ARGENTINA S.A;;;CON;;;;;;;LAVANDINA;;;;;300;Bruno Centurion;AXUM;;;False;131601;0;1;;;;;;1;;3973,11
27607;Roque S. Pe√±a - 338;TRISTAN SUAREZ;2026-10-06;06-10-2026;01-10-2026;FAC-A-131601;Venta;LAGOPUELO S.A;61575;7,00;11610,24;14048,38;He Daiying;;5,00 %;075;Julieta Yegros;;Aydn A.hongos Removedor Activo Doy Pack 16/450ml;1658,61;3446;;3;Autoservicio A;1343,00;IVAN MONTOYA;;$;2;GRUPO AYUDIN ARGENTINA S.A;;;CON;;;;;;;BAÒO;;;;;300;Bruno Centurion;AXUM;;;False;131601;0;1;;;;;;1;;1658,61
27607;Roque S. Pe√±a - 338;TRISTAN SUAREZ;2026-10-06;06-10-2026;01-10-2026;FAC-A-131601;Venta;LAGOPUELO S.A;61577;8,00;11282,96;13652,38;He Daiying;;5,00 %;075;Julieta Yegros;;Aydn Coc† Pod Act Or† DoyPk 16/450ml;1410,37;3446;;3;Autoservicio A;1142,00;IVAN MONTOYA;;$;2;GRUPO AYUDIN ARGENTINA S.A;;;CON;;;;;;;COCINA;;;;;300;Bruno Centurion;AXUM;;;False;131601;0;1;;;;;;1;;1410,37
27607;Roque S. Pe√±a - 338;TRISTAN SUAREZ;2026-10-06;06-10-2026;01-10-2026;FAC-A-131601;Venta;LAGOPUELO S.A;61576;8,00;13268,84;16055,30;He Daiying;;5,00 %;075;Julieta Yegros;;Aydn Bn Limp† Act Or DoyPk 16/450ml;1658,61;3446;;3;Autoservicio A;1343,00;IVAN MONTOYA;;$;2;GRUPO AYUDIN ARGENTINA S.A;;;CON;;;;;;;BAÒO;;;;;300;Bruno Centurion;AXUM;;;False;131601;0;1;;;;;;1;;1658,61
92;894 4383;San Francisco Solano;2026-10-02;02-10-2026;01-10-2026;FAC-A-131608;Venta;LAGOPUELO S.A;17927;15,00;12735,00;15409,35;Carnes de ternera srl;;20,00 %;056;Ezequiel Ferreira;;AYDN LAVDNA OR 15/1L;849,00;3412;;2;ALMACEN;849,00;IVAN MONTOYA;;$;2;GRUPO AYUDIN ARGENTINA S.A;;;EFV;;;;;;;LAVANDINA;;;;;300;Bruno Centurion;AXUM;;;False;131608;0;1;;;;;;1;;849,00
92;894 4383;San Francisco Solano;2026-10-02;02-10-2026;01-10-2026;FAC-A-131608;Venta;LAGOPUELO S.A;36003;8,00;13912,00;16833,52;Carnes de ternera srl;;20,00 %;056;Ezequiel Ferreira;;AYDN LAVDNA OR 25g/l 8/2l;1739,00;3412;;2;ALMACEN;1739,00;IVAN MONTOYA;;$;2;GRUPO AYUDIN ARGENTINA S.A;;;EFV;;;;;;;LAVANDINA;;;;;300;Bruno Centurion;AXUM;;;False;131608;0;1;;;;;;1;;1739,00
92;894 4383;San Francisco Solano;2026-10-02;02-10-2026;01-10-2026;FAC-A-131608;Venta;LAGOPUELO S.A;60222;15,00;18427,50;22297,28;Carnes de ternera srl;;10,00 %;056;Ezequiel Ferreira;;Aydn Lavda TriPod 15/1l GP2;1228,50;3412;;2;ALMACEN;1050,00;IVAN MONTOYA;;$;2;GRUPO AYUDIN ARGENTINA S.A;;;EFV;;;;;;;LAVANDINA;;;;;300;Bruno Centurion;AXUM;;;False;131608;0;1;;;;;;1;;1228,50
92;894 4383;San Francisco Solano;2026-10-02;02-10-2026;01-10-2026;FAC-A-131608;Venta;LAGOPUELO S.A;60226;15,00;18427,50;22297,28;Carnes de ternera srl;;10,00 %;056;Ezequiel Ferreira;;Aydn PurGlac TriPod 15/1l GP2;1228,50;3412;;2;ALMACEN;1050,00;IVAN MONTOYA;;$;2;GRUPO AYUDIN ARGENTINA S.A;;;EFV;;;;;;;LAVANDINA;;;;;300;Bruno Centurion;AXUM;;;False;131608;0;1;;;;;;1;;1228,50
92;894 4383;San Francisco Solano;2026-10-02;02-10-2026;01-10-2026;FAC-A-131608;Venta;LAGOPUELO S.A;60223;8,00;19581,12;23693,16;Carnes de ternera srl;;10,00 %;056;Ezequiel Ferreira;;Aydn Lavda TriPod 8/2l GP2;2447,64;3412;;2;ALMACEN;2092,00;IVAN MONTOYA;;$;2;GRUPO AYUDIN ARGENTINA S.A;;;EFV;;;;;;;LAVANDINA;;;;;300;Bruno Centurion;AXUM;;;False;131608;0;1;;;;;;1;;2447,64
92;894 4383;San Francisco Solano;2026-10-02;02-10-2026;01-10-2026;FAC-A-131608;Venta;LAGOPUELO S.A;61047;8,00;24548,68;29703,90;Carnes de ternera srl;;15,00 %;056;Ezequiel Ferreira;;Aydn RopQuitMnch BlncInt 8/2l;3068,59;3412;;2;ALMACEN;2777,00;IVAN MONTOYA;;$;2;GRUPO AYUDIN ARGENTINA S.A;;;EFV;;;;;;;LAVADO DE ROPA;;;;;300;Bruno Centurion;AXUM;;;False;131608;0;1;;;;;;1;;3068,59
92;894 4383;San Francisco Solano;2026-10-02;02-10-2026;01-10-2026;FAC-A-131608;Venta;LAGOPUELO S.A;60227;8,00;19581,12;23693,16;Carnes de ternera srl;;10,00 %;056;Ezequiel Ferreira;;Aydn PurGlac TriPod 8/2l GP2;2447,64;3412;;2;ALMACEN;2092,00;IVAN MONTOYA;;$;2;GRUPO AYUDIN ARGENTINA S.A;;;EFV;;;;;;;LAVANDINA;;;;;300;Bruno Centurion;AXUM;;;False;131608;0;1;;;;;;1;;2447,64
92;894 4383;San Francisco Solano;2026-10-02;02-10-2026;01-10-2026;FAC-A-131608;Venta;LAGOPUELO S.A;34320;12,00;15752,06;19060,00;Carnes de ternera srl;;20,00 %;056;Ezequiel Ferreira;;Poett Desinf. Frescura de Lavanda 900ml;1312,67;3412;;2;ALMACEN;1292,00;IVAN MONTOYA;;$;2;GRUPO AYUDIN ARGENTINA S.A;;;EFV;;;;;;;PISO;;;;;300;Bruno Centurion;AXUM;;;False;131608;0;1;;;;;;1;;1312,67
92;894 4383;San Francisco Solano;2026-10-02;02-10-2026;01-10-2026;FAC-A-131608;Venta;LAGOPUELO S.A;34324;12,00;15752,06;19060,00;Carnes de ternera srl;;20,00 %;056;Ezequiel Ferreira;;Poett Desinf. Flores de Primavera 900ml;1312,67;3412;;2;ALMACEN;1292,00;IVAN MONTOYA;;$;2;GRUPO AYUDIN ARGENTINA S.A;;;EFV;;;;;;;PISO;;;;;300;Bruno Centurion;AXUM;;;False;131608;0;1;;;;;;1;;1312,67
92;894 4383;San Francisco Solano;2026-10-02;02-10-2026;01-10-2026;FAC-A-131608;Venta;LAGOPUELO S.A;33576;3,00;5693,73;6889,41;Carnes de ternera srl;;0,00 %;056;Ezequiel Ferreira;;Aydn Ropa BlncSprms DoyPk 16/400ml;1897,91;3412;;2;ALMACEN;1427,00;IVAN MONTOYA;;$;2;GRUPO AYUDIN ARGENTINA S.A;;;EFV;;;;;;;LAVADO DE ROPA;;;;;300;Bruno Centurion;AXUM;;;False;131608;0;1;;;;;;1;;1897,91
92;894 4383;San Francisco Solano;2026-10-02;02-10-2026;01-10-2026;FAC-A-131608;Venta;LAGOPUELO S.A;61816;6,00;17091,36;20680,55;Carnes de ternera srl;;20,00 %;056;Ezequiel Ferreira;;Sltn MataMosq Aer AccInst 6/360ml BA;2848,56;3412;;2;ALMACEN;2739,00;IVAN MONTOYA;;$;2;GRUPO AYUDIN ARGENTINA S.A;;;EFV;;;;;;;SELTON;;;;;300;Bruno Centurion;AXUM;;;False;131608;0;1;;;;;;1;;2848,56
3653;FELIPE AMOEDO 641;Quilmes;2026-10-02;02-10-2026;01-10-2026;FAC-A-131613;Venta;LAGOPUELO S.A;61046;15,00;22306,05;26990,32;COCO MART S.R.L;;18,00 %;054;Leonel Caruso;;Aydn RopQuitMnch BlncInt 15/1l;1487,07;3413;;3;AUTOSERVICIO;1395,00;HERNAN RIVERO;;$;2;GRUPO AYUDIN ARGENTINA S.A;;;CON;;;;;;;LAVADO DE ROPA;;;;;300;Bruno Centurion;AXUM;;;False;131613;0;1;;;;;;1;;1487,07
3653;FELIPE AMOEDO 641;Quilmes;2026-10-02;02-10-2026;01-10-2026;FAC-A-131613;Venta;LAGOPUELO S.A;60222;15,00;17403,75;21058,54;COCO MART S.R.L;;15,00 %;054;Leonel Caruso;;Aydn Lavda TriPod 15/1l GP2;1160,25;3413;;3;AUTOSERVICIO;1050,00;HERNAN RIVERO;;$;2;GRUPO AYUDIN ARGENTINA S.A;;;CON;;;;;;;LAVANDINA;;;;;300;Bruno Centurion;AXUM;;;False;131613;0;1;;;;;;1;;1160,25
3653;FELIPE AMOEDO 641;Quilmes;2026-10-02;02-10-2026;01-10-2026;FAC-A-131613;Venta;LAGOPUELO S.A;60226;15,00;17403,75;21058,54;COCO MART S.R.L;;15,00 %;054;Leonel Caruso;;Aydn PurGlac TriPod 15/1l GP2;1160,25;3413;;3;AUTOSERVICIO;1050,00;HERNAN RIVERO;;$;2;GRUPO AYUDIN ARGENTINA S.A;;;CON;;;;;;;LAVANDINA;;;;;300;Bruno Centurion;AXUM;;;False;131613;0;1;;;;;;1;;1160,25
3653;FELIPE AMOEDO 641;Quilmes;2026-10-02;02-10-2026;01-10-2026;FAC-A-131613;Venta;LAGOPUELO S.A;61047;8,00;23682,26;28655,53;COCO MART S.R.L;;18,00 %;054;Leonel Caruso;;Aydn RopQuitMnch BlncInt 8/2l;2960,28;3413;;3;AUTOSERVICIO;2777,00;HERNAN RIVERO;;$;2;GRUPO AYUDIN ARGENTINA S.A;;;CON;;;;;;;LAVADO DE ROPA;;;;;300;Bruno Centurion;AXUM;;;False;131613;0;1;;;;;;1;;2960,28
100379;Echeverria 1441 1 0;WILDE;2026-10-02;02-10-2026;01-10-2026;FAC-A-131618;Venta;LAGOPUELO S.A;27816;12,00;26785,20;32410,09;Wang Qing;;0,00 %;26;Sabrina Pereyra;;Poett Cnsta 12/27.5g;2232,10;3409;;3;AUTOSERVICIO;1717,00;SIMON OLIVERA;;$;2;GRUPO AYUDIN ARGENTINA S.A;;;EFV;;;;;;;BAÒO;;;;;25;JOHANA VIGIL;AXUM;;;False;131618;0;1;;;;;;1;;2232,10
23445;plaza almirante Brown - (AUTOSERVICIOS) 387;ADROGUE;2026-10-02;02-10-2026;01-10-2026;FAC-A-131621;Venta;LAGOPUELO S.A;33575;6,00;11387,46;13778,83;GAO XIAOHUA;;0,00 %;062;Nahuel Martinez;;Aydn Ropa ClrViv DoyPk 16/400ml;1897,91;3416;;3;Autoservicio B;1427,00;NAHUEL MONTOYA;;$;2;GRUPO AYUDIN ARGENTINA S.A;;;CON;;;;;;;LAVADO DE ROPA;;;;;300;Bruno Centurion;AXUM;;;False;131621;0;1;;;;;;1;;1897,91
23445;plaza almirante Brown - (AUTOSERVICIOS) 387;ADROGUE;2026-10-02;02-10-2026;01-10-2026;FAC-A-131621;Venta;LAGOPUELO S.A;50022;10,00;18407,25;22272,77;GAO XIAOHUA;;10,00 %;062;Nahuel Martinez;;MORT GUANTES VRD 40GR L;1840,73;3416;;3;Autoservicio B;1515,00;NAHUEL MONTOYA;;$;2;GRUPO AYUDIN ARGENTINA S.A;;;CON;;;;;;;MORTIMER;;;;;300;Bruno Centurion;AXUM;;;False;131621;0;1;;;;;;1;;1840,73
6028;AV. LA ROTONDA 1218;Varela;2026-10-02;02-10-2026;01-10-2026;FAC-A-131628;Venta;LAGOPUELO S.A;17927;150,00;159187,50;192616,88;HUANG JIANXIN;;0,00 %;052;Nicole Sosa;;AYDN LAVDNA OR 15/1L;1061,25;3411;;3;AUTOSERVICIO;849,00;JUAN ESCOTO;;$;2;GRUPO AYUDIN ARGENTINA S.A;;;CON;;;;;;;LAVANDINA;;;;;300;Bruno Centurion;AXUM;;;False;131628;0;1;;;;;;1;;1061,25
6028;AV. LA ROTONDA 1218;Varela;2026-10-02;02-10-2026;01-10-2026;FAC-A-131628;Venta;LAGOPUELO S.A;36003;40,00;86950,00;105209,50;HUANG JIANXIN;;0,00 %;052;Nicole Sosa;;AYDN LAVDNA OR 25g/l 8/2l;2173,75;3411;;3;AUTOSERVICIO;1739,00;JUAN ESCOTO;;$;2;GRUPO AYUDIN ARGENTINA S.A;;;CON;;;;;;;LAVANDINA;;;;;300;Bruno Centurion;AXUM;;;False;131628;0;1;;;;;;1;;2173,75
27634;25 DE MAYO - (ARTICULO DE LIMPIEZA) 299;TEMPERLEY;2026-10-02;02-10-2026;01-10-2026;FAC-A-131629;Venta;LAGOPUELO S.A;34324;12,00;15752,06;19060,00;PATRICIO MATIAS BENITEZ;;20,00 %;073;Florencia Cubilla;;Poett Desinf. Flores de Primavera 900ml;1312,67;3410;;OTR;Articulo de limpieza;1292,00;MARIANO SOSA;;$;2;GRUPO AYUDIN ARGENTINA S.A;;;CON;;;;;;;PISO;;;;;300;Bruno Centurion;AXUM;;;False;131629;0;1;;;;;;1;;1312,67
27634;25 DE MAYO - (ARTICULO DE LIMPIEZA) 299;TEMPERLEY;2026-10-02;02-10-2026;01-10-2026;FAC-A-131629;Venta;LAGOPUELO S.A;34320;12,00;15752,06;19060,00;PATRICIO MATIAS BENITEZ;;20,00 %;073;Florencia Cubilla;;Poett Desinf. Frescura de Lavanda 900ml;1312,67;3410;;OTR;Articulo de limpieza;1292,00;MARIANO SOSA;;$;2;GRUPO AYUDIN ARGENTINA S.A;;;CON;;;;;;;PISO;;;;;300;Bruno Centurion;AXUM;;;False;131629;0;1;;;;;;1;;1312,67
27634;25 DE MAYO - (ARTICULO DE LIMPIEZA) 299;TEMPERLEY;2026-10-02;02-10-2026;01-10-2026;FAC-A-131629;Venta;LAGOPUELO S.A;34336;12,00;15752,06;19060,00;PATRICIO MATIAS BENITEZ;;20,00 %;073;Florencia Cubilla;;Poett Dsnf SuadAlg 12/900ml;1312,67;3410;;OTR;Articulo de limpieza;1292,00;MARIANO SOSA;;$;2;GRUPO AYUDIN ARGENTINA S.A;;;CON;;;;;;;PISO;;;;;300;Bruno Centurion;AXUM;;;False;131629;0;1;;;;;;1;;1312,67
106966;VIctor Hugo 1469 0;WILDE;2026-10-02;02-10-2026;01-10-2026;FAC-B-131630;Venta;Empresa LAGOPUELO;34336;6,00;7876,03;9530,00;Villa Elias Raul;;20,00 %;26;Sabrina Pereyra;;Poett Dsnf SuadAlg 12/900ml;1312,67;3409;;5;KIOSCO;1292,00;SIMON OLIVERA;;$;2;GRUPO AYUDIN ARGENTINA S.A;;;EFV;;;;;;;PISO;;;;;25;JOHANA VIGIL;AXUM;;;False;131630;0;1;;;;;;1;;1312,67
106966;VIctor Hugo 1469 0;WILDE;2026-10-02;02-10-2026;01-10-2026;FAC-B-131630;Venta;Empresa LAGOPUELO;34334;6,00;7876,03;9530,00;Villa Elias Raul;;20,00 %;26;Sabrina Pereyra;;Poett Dsnf SuadBebe 12/900ml;1312,67;3409;;5;KIOSCO;1292,00;SIMON OLIVERA;;$;2;GRUPO AYUDIN ARGENTINA S.A;;;EFV;;;;;;;PISO;;;;;25;JOHANA VIGIL;AXUM;;;False;131630;0;1;;;;;;1;;1312,67
106966;VIctor Hugo 1469 0;WILDE;2026-10-02;02-10-2026;01-10-2026;FAC-B-131630;Venta;Empresa LAGOPUELO;17927;15,00;12735,00;15409,35;Villa Elias Raul;;20,00 %;26;Sabrina Pereyra;;AYDN LAVDNA OR 15/1L;849,00;3409;;5;KIOSCO;849,00;SIMON OLIVERA;;$;2;GRUPO AYUDIN ARGENTINA S.A;;;EFV;;;;;;;LAVANDINA;;;;;25;JOHANA VIGIL;AXUM;;;False;131630;0;1;;;;;;1;;849,00
25057;DIAG. BROWN - (AUTOSERVICIOS) 1499;ADROGUE;2026-10-02;02-10-2026;01-10-2026;FAC-A-131636;Venta;LAGOPUELO S.A;36003;8,00;13912,00;16833,52;CHIRINO SILVANA;;20,00 %;062;Nahuel Martinez;;AYDN LAVDNA OR 25g/l 8/2l;1739,00;3416;;3;Autoservicio B;1739,00;NAHUEL MONTOYA;;$;2;GRUPO AYUDIN ARGENTINA S.A;;;CON;;;;;;;LAVANDINA;;;;;300;Bruno Centurion;AXUM;;;False;131636;0;1;;;;;;1;;1739,00
25057;DIAG. BROWN - (AUTOSERVICIOS) 1499;ADROGUE;2026-10-02;02-10-2026;01-10-2026;FAC-A-131636;Venta;LAGOPUELO S.A;34320;6,00;7876,03;9530,00;CHIRINO SILVANA;;20,00 %;062;Nahuel Martinez;;Poett Desinf. Frescura de Lavanda 900ml;1312,67;3416;;3;Autoservicio B;1292,00;NAHUEL MONTOYA;;$;2;GRUPO AYUDIN ARGENTINA S.A;;;CON;;;;;;;PISO;;;;;300;Bruno Centurion;AXUM;;;False;131636;0;1;;;;;;1;;1312,67
25057;DIAG. BROWN - (AUTOSERVICIOS) 1499;ADROGUE;2026-10-02;02-10-2026;01-10-2026;FAC-A-131636;Venta;LAGOPUELO S.A;34324;6,00;7876,03;9530,00;CHIRINO SILVANA;;20,00 %;062;Nahuel Martinez;;Poett Desinf. Flores de Primavera 900ml;1312,67;3416;;3;Autoservicio B;1292,00;NAHUEL MONTOYA;;$;2;GRUPO AYUDIN ARGENTINA S.A;;;CON;;;;;;;PISO;;;;;300;Bruno Centurion;AXUM;;;False;131636;0;1;;;;;;1;;1312,67
1446;514 N 1167;BERAZATEGUI;2026-10-02;02-10-2026;01-10-2026;FAC-A-131638;Venta;LAGOPUELO S.A;17927;150,00;159187,50;192616,88;RUBEN VICOS;;0,00 %;051;Ezequiel Valente;;AYDN LAVDNA OR 15/1L;1061,25;3411;;2;ALMACEN;849,00;JUAN ESCOTO;;$;2;GRUPO AYUDIN ARGENTINA S.A;;;CON;;;;;;;LAVANDINA;;;;;300;Bruno Centurion;AXUM;;;False;131638;0;1;;;;;;1;;1061,25
1446;514 N 1167;BERAZATEGUI;2026-10-02;02-10-2026;01-10-2026;FAC-A-131638;Venta;LAGOPUELO S.A;36003;40,00;86950,00;105209,50;RUBEN VICOS;;0,00 %;051;Ezequiel Valente;;AYDN LAVDNA OR 25g/l 8/2l;2173,75;3411;;2;ALMACEN;1739,00;JUAN ESCOTO;;$;2;GRUPO AYUDIN ARGENTINA S.A;;;CON;;;;;;;LAVANDINA;;;;;300;Bruno Centurion;AXUM;;;False;131638;0;1;;;;;;1;;2173,75
1446;514 N 1167;BERAZATEGUI;2026-10-02;02-10-2026;01-10-2026;FAC-A-131638;Venta;LAGOPUELO S.A;34320;24,00;39380,16;47649,99;RUBEN VICOS;;0,00 %;051;Ezequiel Valente;;Poett Desinf. Frescura de Lavanda 900ml;1640,84;3411;;2;ALMACEN;1292,00;JUAN ESCOTO;;$;2;GRUPO AYUDIN ARGENTINA S.A;;;CON;;;;;;;PISO;;;;;300;Bruno Centurion;AXUM;;;False;131638;0;1;;;;;;1;;1640,84
1446;514 N 1167;BERAZATEGUI;2026-10-02;02-10-2026;01-10-2026;FAC-A-131638;Venta;LAGOPUELO S.A;34324;12,00;19690,08;23825,00;RUBEN VICOS;;0,00 %;051;Ezequiel Valente;;Poett Desinf. Flores de Primavera 900ml;1640,84;3411;;2;ALMACEN;1292,00;JUAN ESCOTO;;$;2;GRUPO AYUDIN ARGENTINA S.A;;;CON;;;;;;;PISO;;;;;300;Bruno Centurion;AXUM;;;False;131638;0;1;;;;;;1;;1640,84
1446;514 N 1167;BERAZATEGUI;2026-10-02;02-10-2026;01-10-2026;FAC-A-131638;Venta;LAGOPUELO S.A;34327;12,00;19690,08;23825,00;RUBEN VICOS;;0,00 %;051;Ezequiel Valente;;Poett Desinf. Solo para ti 900ml;1640,84;3411;;2;ALMACEN;1292,00;JUAN ESCOTO;;$;2;GRUPO AYUDIN ARGENTINA S.A;;;CON;;;;;;;PISO;;;;;300;Bruno Centurion;AXUM;;;False;131638;0;1;;;;;;1;;1640,84
1446;514 N 1167;BERAZATEGUI;2026-10-02;02-10-2026;01-10-2026;FAC-A-131638;Venta;LAGOPUELO S.A;34338;12,00;19690,08;23825,00;RUBEN VICOS;;0,00 %;051;Ezequiel Valente;;Poett Dsnf MscPrmvra 12/900ml;1640,84;3411;;2;ALMACEN;1292,00;JUAN ESCOTO;;$;2;GRUPO AYUDIN ARGENTINA S.A;;;CON;;;;;;;PISO;;;;;300;Bruno Centurion;AXUM;;;False;131638;0;1;;;;;;1;;1640,84
1446;514 N 1167;BERAZATEGUI;2026-10-02;02-10-2026;01-10-2026;FAC-A-131638;Venta;LAGOPUELO S.A;34336;12,00;19690,08;23825,00;RUBEN VICOS;;0,00 %;051;Ezequiel Valente;;Poett Dsnf SuadAlg 12/900ml;1640,84;3411;;2;ALMACEN;1292,00;JUAN ESCOTO;;$;2;GRUPO AYUDIN ARGENTINA S.A;;;CON;;;;;;;PISO;;;;;300;Bruno Centurion;AXUM;;;False;131638;0;1;;;;;;1;;1640,84
1446;514 N 1167;BERAZATEGUI;2026-10-02;02-10-2026;01-10-2026;FAC-A-131638;Venta;LAGOPUELO S.A;34334;12,00;19690,08;23825,00;RUBEN VICOS;;0,00 %;051;Ezequiel Valente;;Poett Dsnf SuadBebe 12/900ml;1640,84;3411;;2;ALMACEN;1292,00;JUAN ESCOTO;;$;2;GRUPO AYUDIN ARGENTINA S.A;;;CON;;;;;;;PISO;;;;;300;Bruno Centurion;AXUM;;;False;131638;0;1;;;;;;1;;1640,84
1446;514 N 1167;BERAZATEGUI;2026-10-02;02-10-2026;01-10-2026;FAC-A-131638;Venta;LAGOPUELO S.A;60386;12,00;19690,08;23825,00;RUBEN VICOS;;0,00 %;051;Ezequiel Valente;;Poett EsptPly 12/900ml;1640,84;3411;;2;ALMACEN;1292,00;JUAN ESCOTO;;$;2;GRUPO AYUDIN ARGENTINA S.A;;;CON;;;;;;;PISO;;;;;300;Bruno Centurion;AXUM;;;False;131638;0;1;;;;;;1;;1640,84
1446;514 N 1167;BERAZATEGUI;2026-10-02;02-10-2026;01-10-2026;FAC-A-131638;Venta;LAGOPUELO S.A;36001;12,00;19690,08;23825,00;RUBEN VICOS;;0,00 %;051;Ezequiel Valente;;POETT FRSC TROP 12/900;1640,84;3411;;2;ALMACEN;1292,00;JUAN ESCOTO;;$;2;GRUPO AYUDIN ARGENTINA S.A;;;CON;;;;;;;PISO;;;;;300;Bruno Centurion;AXUM;;;False;131638;0;1;;;;;;1;;1640,84
1446;514 N 1167;BERAZATEGUI;2026-10-02;02-10-2026;01-10-2026;FAC-A-131638;Venta;LAGOPUELO S.A;34342;12,00;19690,08;23825,00;RUBEN VICOS;;0,00 %;051;Ezequiel Valente;;Poett Dsnf AlgrDia 12/900ml;1640,84;3411;;2;ALMACEN;1292,00;JUAN ESCOTO;;$;2;GRUPO AYUDIN ARGENTINA S.A;;;CON;;;;;;;PISO;;;;;300;Bruno Centurion;AXUM;;;False;131638;0;1;;;;;;1;;1640,84
27609;Lavalle - (AUTOSERVICIOS) 74;TRISTAN SUAREZ;2026-10-06;06-10-2026;01-10-2026;FAC-A-131644;Venta;LAGOPUELO S.A;34320;24,00;39380,16;47649,99;Huang Xiuzhen;;0,00 %;075;Julieta Yegros;;Poett Desinf. Frescura de Lavanda 900ml;1640,84;3446;;3;Autoservicio A;1292,00;IVAN MONTOYA;;$;2;GRUPO AYUDIN ARGENTINA S.A;;;CON;;;;;;;PISO;;;;;300;Bruno Centurion;AXUM;;;False;131644;0;1;;;;;;1;;1640,84
27609;Lavalle - (AUTOSERVICIOS) 74;TRISTAN SUAREZ;2026-10-06;06-10-2026;01-10-2026;FAC-A-131644;Venta;LAGOPUELO S.A;34338;12,00;19690,08;23825,00;Huang Xiuzhen;;0,00 %;075;Julieta Yegros;;Poett Dsnf MscPrmvra 12/900ml;1640,84;3446;;3;Autoservicio A;1292,00;IVAN MONTOYA;;$;2;GRUPO AYUDIN ARGENTINA S.A;;;CON;;;;;;;PISO;;;;;300;Bruno Centurion;AXUM;;;False;131644;0;1;;;;;;1;;1640,84
27609;Lavalle - (AUTOSERVICIOS) 74;TRISTAN SUAREZ;2026-10-06;06-10-2026;01-10-2026;FAC-A-131644;Venta;LAGOPUELO S.A;60386;12,00;19690,08;23825,00;Huang Xiuzhen;;0,00 %;075;Julieta Yegros;;Poett EsptPly 12/900ml;1640,84;3446;;3;Autoservicio A;1292,00;IVAN MONTOYA;;$;2;GRUPO AYUDIN ARGENTINA S.A;;;CON;;;;;;;PISO;;;;;300;Bruno Centurion;AXUM;;;False;131644;0;1;;;;;;1;;1640,84
27609;Lavalle - (AUTOSERVICIOS) 74;TRISTAN SUAREZ;2026-10-06;06-10-2026;01-10-2026;FAC-A-131644;Venta;LAGOPUELO S.A;34334;12,00;19690,08;23825,00;Huang Xiuzhen;;0,00 %;075;Julieta Yegros;;Poett Dsnf SuadBebe 12/900ml;1640,84;3446;;3;Autoservicio A;1292,00;IVAN MONTOYA;;$;2;GRUPO AYUDIN ARGENTINA S.A;;;CON;;;;;;;PISO;;;;;300;Bruno Centurion;AXUM;;;False;131644;0;1;;;;;;1;;1640,84
27609;Lavalle - (AUTOSERVICIOS) 74;TRISTAN SUAREZ;2026-10-06;06-10-2026;01-10-2026;FAC-A-131644;Venta;LAGOPUELO S.A;34336;1,00;1640,84;1985,42;Huang Xiuzhen;;0,00 %;075;Julieta Yegros;;Poett Dsnf SuadAlg 12/900ml;1640,84;3446;;3;Autoservicio A;1292,00;IVAN MONTOYA;;$;2;GRUPO AYUDIN ARGENTINA S.A;;;CON;;;;;;;PISO;;;;;300;Bruno Centurion;AXUM;;;False;131644;0;1;;;;;;1;;1640,84
27609;Lavalle - (AUTOSERVICIOS) 74;TRISTAN SUAREZ;2026-10-06;06-10-2026;01-10-2026;FAC-A-131644;Venta;LAGOPUELO S.A;34342;12,00;19690,08;23825,00;Huang Xiuzhen;;0,00 %;075;Julieta Yegros;;Poett Dsnf AlgrDia 12/900ml;1640,84;3446;;3;Autoservicio A;1292,00;IVAN MONTOYA;;$;2;GRUPO AYUDIN ARGENTINA S.A;;;CON;;;;;;;PISO;;;;;300;Bruno Centurion;AXUM;;;False;131644;0;1;;;;;;1;;1640,84
27609;Lavalle - (AUTOSERVICIOS) 74;TRISTAN SUAREZ;2026-10-06;06-10-2026;01-10-2026;FAC-A-131644;Venta;LAGOPUELO S.A;34327;12,00;19690,08;23825,00;Huang Xiuzhen;;0,00 %;075;Julieta Yegros;;Poett Desinf. Solo para ti 900ml;1640,84;3446;;3;Autoservicio A;1292,00;IVAN MONTOYA;;$;2;GRUPO AYUDIN ARGENTINA S.A;;;CON;;;;;;;PISO;;;;;300;Bruno Centurion;AXUM;;;False;131644;0;1;;;;;;1;;1640,84
27609;Lavalle - (AUTOSERVICIOS) 74;TRISTAN SUAREZ;2026-10-06;06-10-2026;01-10-2026;FAC-A-131644;Venta;LAGOPUELO S.A;34324;12,00;19690,08;23825,00;Huang Xiuzhen;;0,00 %;075;Julieta Yegros;;Poett Desinf. Flores de Primavera 900ml;1640,84;3446;;3;Autoservicio A;1292,00;IVAN MONTOYA;;$;2;GRUPO AYUDIN ARGENTINA S.A;;;CON;;;;;;;PISO;;;;;300;Bruno Centurion;AXUM;;;False;131644;0;1;;;;;;1;;1640,84
27609;Lavalle - (AUTOSERVICIOS) 74;TRISTAN SUAREZ;2026-10-06;06-10-2026;01-10-2026;FAC-A-131644;Venta;LAGOPUELO S.A;36001;12,00;19690,08;23825,00;Huang Xiuzhen;;0,00 %;075;Julieta Yegros;;POETT FRSC TROP 12/900;1640,84;3446;;3;Autoservicio A;1292,00;IVAN MONTOYA;;$;2;GRUPO AYUDIN ARGENTINA S.A;;;CON;;;;;;;PISO;;;;;300;Bruno Centurion;AXUM;;;False;131644;0;1;;;;;;1;;1640,84
27609;Lavalle - (AUTOSERVICIOS) 74;TRISTAN SUAREZ;2026-10-06;06-10-2026;01-10-2026;FAC-A-131644;Venta;LAGOPUELO S.A;33576;3,00;5693,73;6889,41;Huang Xiuzhen;;0,00 %;075;Julieta Yegros;;Aydn Ropa BlncSprms DoyPk 16/400ml;1897,91;3446;;3;Autoservicio A;1427,00;IVAN MONTOYA;;$;2;GRUPO AYUDIN ARGENTINA S.A;;;CON;;;;;;;LAVADO DE ROPA;;;;;300;Bruno Centurion;AXUM;;;False;131644;0;1;;;;;;1;;1897,91
27609;Lavalle - (AUTOSERVICIOS) 74;TRISTAN SUAREZ;2026-10-06;06-10-2026;01-10-2026;FAC-A-131644;Venta;LAGOPUELO S.A;33575;3,00;5693,73;6889,41;Huang Xiuzhen;;0,00 %;075;Julieta Yegros;;Aydn Ropa ClrViv DoyPk 16/400ml;1897,91;3446;;3;Autoservicio A;1427,00;IVAN MONTOYA;;$;2;GRUPO AYUDIN ARGENTINA S.A;;;CON;;;;;;;LAVADO DE ROPA;;;;;300;Bruno Centurion;AXUM;;;False;131644;0;1;;;;;;1;;1897,91
27539;Lamadrid - (AUTOSERVICIOS) 1246;LOMAS DE ZAMORA;2026-10-05;05-10-2026;01-10-2026;FAC-A-131656;Venta;LAGOPUELO S.A;32288;16,00;29432,00;35612,72;Wu fenggin;;0,00 %;074;Romina Baez;;Tren Oxi DoyPk 16/400ml;1839,50;3427;;3;Autoservicio A;1415,00;NAHUEL MONTOYA;;$;2;GRUPO AYUDIN ARGENTINA S.A;;;CON;;;;;;;LAVADO DE ROPA;;;;;300;Bruno Centurion;AXUM;;;False;131656;0;1;;;;;;1;;1839,50
27539;Lamadrid - (AUTOSERVICIOS) 1246;LOMAS DE ZAMORA;2026-10-05;05-10-2026;01-10-2026;FAC-A-131656;Venta;LAGOPUELO S.A;61046;15,00;22306,05;26990,32;Wu fenggin;;18,00 %;074;Romina Baez;;Aydn RopQuitMnch BlncInt 15/1l;1487,07;3427;;3;Autoservicio A;1395,00;NAHUEL MONTOYA;;$;2;GRUPO AYUDIN ARGENTINA S.A;;;CON;;;;;;;LAVADO DE ROPA;;;;;300;Bruno Centurion;AXUM;;;False;131656;0;1;;;;;;1;;1487,07
27539;Lamadrid - (AUTOSERVICIOS) 1246;LOMAS DE ZAMORA;2026-10-05;05-10-2026;01-10-2026;FAC-A-131656;Venta;LAGOPUELO S.A;50001;6,00;11712,60;14172,25;Wu fenggin;;0,00 %;074;Romina Baez;;Trenet Power Pr QuitManchas 24/120gr;1952,10;3427;;3;Autoservicio A;1446,00;NAHUEL MONTOYA;;$;2;GRUPO AYUDIN ARGENTINA S.A;;;CON;;;;;;;LAVADO DE ROPA;;;;;300;Bruno Centurion;AXUM;;;False;131656;0;1;;;;;;1;;1952,10
23042;CONSTITUCION DE N 33 E/CONTRERAS Y ALBERDI - (PERFUMERIA) 1853;FLORENCIO VARELA;2026-10-05;05-10-2026;01-10-2026;FAC-A-131662;Venta;Empresa LAGOPUELO;17927;30,00;25470,00;30818,70;GRACIELA HEREDIA;;20,00 %;6;Nieves Alegre;;AYDN LAVDNA OR 15/1L;849,00;3428;;OTR;Articulo de limpieza;849,00;CLAUDIO GARCIA;;$;2;GRUPO AYUDIN ARGENTINA S.A;;;CON;;;;;;;LAVANDINA;;;;;25;JOHANA VIGIL;AXUM;;;False;131662;0;1;;;;;;1;;849,00
3088;AVDA GRAL MOSCONI 3973;QUILMES;2026-10-02;02-10-2026;01-10-2026;FAC-A-131663;Venta;LAGOPUELO S.A;60223;16,00;36986,56;44753,74;LIN JIANKUI;;15,00 %;053;Verona Abati;;Aydn Lavda TriPod 8/2l GP2;2311,66;3412;;3;AUTOSERVICIO;2092,00;IVAN MONTOYA;;$;2;GRUPO AYUDIN ARGENTINA S.A;;;CON;;;;;;;LAVANDINA;;;;;300;Bruno Centurion;AXUM;;;False;131663;0;1;;;;;;1;;2311,66
3088;AVDA GRAL MOSCONI 3973;QUILMES;2026-10-02;02-10-2026;01-10-2026;FAC-A-131663;Venta;LAGOPUELO S.A;60227;8,00;18493,28;22376,87;LIN JIANKUI;;15,00 %;053;Verona Abati;;Aydn PurGlac TriPod 8/2l GP2;2311,66;3412;;3;AUTOSERVICIO;2092,00;IVAN MONTOYA;;$;2;GRUPO AYUDIN ARGENTINA S.A;;;CON;;;;;;;LAVANDINA;;;;;300;Bruno Centurion;AXUM;;;False;131663;0;1;;;;;;1;;2311,66
103452;Carabella Entre san Lorenzo y pedernera 4046;VILLA DOMINICO;2026-10-02;02-10-2026;01-10-2026;FAC-B-131670;Venta;Empresa LAGOPUELO;34320;3,00;3938,02;4765,00;Guillermo Paredes;;20,00 %;28;Nadia Diaz;;Poett Desinf. Frescura de Lavanda 900ml;1312,67;3409;;georgalos-7;Almacen;1292,00;SIMON OLIVERA;;$;2;GRUPO AYUDIN ARGENTINA S.A;;;EFV;;;;;;;PISO;;;;;25;JOHANA VIGIL;AXUM;;;False;131670;0;1;;;;;;1;;1312,67
103452;Carabella Entre san Lorenzo y pedernera 4046;VILLA DOMINICO;2026-10-02;02-10-2026;01-10-2026;FAC-B-131670;Venta;Empresa LAGOPUELO;34324;3,00;3938,02;4765,00;Guillermo Paredes;;20,00 %;28;Nadia Diaz;;Poett Desinf. Flores de Primavera 900ml;1312,67;3409;;georgalos-7;Almacen;1292,00;SIMON OLIVERA;;$;2;GRUPO AYUDIN ARGENTINA S.A;;;EFV;;;;;;;PISO;;;;;25;JOHANA VIGIL;AXUM;;;False;131670;0;1;;;;;;1;;1312,67
103452;Carabella Entre san Lorenzo y pedernera 4046;VILLA DOMINICO;2026-10-02;02-10-2026;01-10-2026;FAC-B-131670;Venta;Empresa LAGOPUELO;34327;3,00;3938,02;4765,00;Guillermo Paredes;;20,00 %;28;Nadia Diaz;;Poett Desinf. Solo para ti 900ml;1312,67;3409;;georgalos-7;Almacen;1292,00;SIMON OLIVERA;;$;2;GRUPO AYUDIN ARGENTINA S.A;;;EFV;;;;;;;PISO;;;;;25;JOHANA VIGIL;AXUM;;;False;131670;0;1;;;;;;1;;1312,67
103452;Carabella Entre san Lorenzo y pedernera 4046;VILLA DOMINICO;2026-10-02;02-10-2026;01-10-2026;FAC-B-131670;Venta;Empresa LAGOPUELO;34334;3,00;3938,02;4765,00;Guillermo Paredes;;20,00 %;28;Nadia Diaz;;Poett Dsnf SuadBebe 12/900ml;1312,67;3409;;georgalos-7;Almacen;1292,00;SIMON OLIVERA;;$;2;GRUPO AYUDIN ARGENTINA S.A;;;EFV;;;;;;;PISO;;;;;25;JOHANA VIGIL;AXUM;;;False;131670;0;1;;;;;;1;;1312,67
91;895 4436;San Francisco Solano;2026-10-02;02-10-2026;01-10-2026;FAC-A-131680;Venta;LAGOPUELO S.A;34342;6,00;7876,03;9530,00;CARNES DE TERNERA SRL;;20,00 %;056;Ezequiel Ferreira;;Poett Dsnf AlgrDia 12/900ml;1312,67;3412;;2;ALMACEN;1292,00;IVAN MONTOYA;;$;2;GRUPO AYUDIN ARGENTINA S.A;;;EFV;;;;;;;PISO;;;;;300;Bruno Centurion;AXUM;;;False;131680;0;1;;;;;;1;;1312,67
91;895 4436;San Francisco Solano;2026-10-02;02-10-2026;01-10-2026;FAC-A-131680;Venta;LAGOPUELO S.A;34320;6,00;7876,03;9530,00;CARNES DE TERNERA SRL;;20,00 %;056;Ezequiel Ferreira;;Poett Desinf. Frescura de Lavanda 900ml;1312,67;3412;;2;ALMACEN;1292,00;IVAN MONTOYA;;$;2;GRUPO AYUDIN ARGENTINA S.A;;;EFV;;;;;;;PISO;;;;;300;Bruno Centurion;AXUM;;;False;131680;0;1;;;;;;1;;1312,67
3063;ANDRES BARANDA 1570;QUILMES;2026-10-02;02-10-2026;01-10-2026;FAC-A-131688;Venta;LAGOPUELO S.A;34320;12,00;15161,36;18345,25;YAN FENG;;23,00 %;054;Leonel Caruso;;Poett Desinf. Frescura de Lavanda 900ml;1263,45;3413;;3;AUTOSERVICIO;1292,00;HERNAN RIVERO;;$;2;GRUPO AYUDIN ARGENTINA S.A;;;CON;;;;;;;PISO;;;;;300;Bruno Centurion;AXUM;;;False;131688;0;1;;;;;;1;;1263,45
3063;ANDRES BARANDA 1570;QUILMES;2026-10-02;02-10-2026;01-10-2026;FAC-A-131688;Venta;LAGOPUELO S.A;34324;12,00;15161,36;18345,25;YAN FENG;;23,00 %;054;Leonel Caruso;;Poett Desinf. Flores de Primavera 900ml;1263,45;3413;;3;AUTOSERVICIO;1292,00;HERNAN RIVERO;;$;2;GRUPO AYUDIN ARGENTINA S.A;;;CON;;;;;;;PISO;;;;;300;Bruno Centurion;AXUM;;;False;131688;0;1;;;;;;1;;1263,45
3063;ANDRES BARANDA 1570;QUILMES;2026-10-02;02-10-2026;01-10-2026;FAC-A-131688;Venta;LAGOPUELO S.A;34327;12,00;15161,36;18345,25;YAN FENG;;23,00 %;054;Leonel Caruso;;Poett Desinf. Solo para ti 900ml;1263,45;3413;;3;AUTOSERVICIO;1292,00;HERNAN RIVERO;;$;2;GRUPO AYUDIN ARGENTINA S.A;;;CON;;;;;;;PISO;;;;;300;Bruno Centurion;AXUM;;;False;131688;0;1;;;;;;1;;1263,45
3063;ANDRES BARANDA 1570;QUILMES;2026-10-02;02-10-2026;01-10-2026;FAC-A-131688;Venta;LAGOPUELO S.A;34336;12,00;15161,36;18345,25;YAN FENG;;23,00 %;054;Leonel Caruso;;Poett Dsnf SuadAlg 12/900ml;1263,45;3413;;3;AUTOSERVICIO;1292,00;HERNAN RIVERO;;$;2;GRUPO AYUDIN ARGENTINA S.A;;;CON;;;;;;;PISO;;;;;300;Bruno Centurion;AXUM;;;False;131688;0;1;;;;;;1;;1263,45
3063;ANDRES BARANDA 1570;QUILMES;2026-10-02;02-10-2026;01-10-2026;FAC-A-131688;Venta;LAGOPUELO S.A;34334;12,00;15161,36;18345,25;YAN FENG;;23,00 %;054;Leonel Caruso;;Poett Dsnf SuadBebe 12/900ml;1263,45;3413;;3;AUTOSERVICIO;1292,00;HERNAN RIVERO;;$;2;GRUPO AYUDIN ARGENTINA S.A;;;CON;;;;;;;PISO;;;;;300;Bruno Centurion;AXUM;;;False;131688;0;1;;;;;;1;;1263,45
3063;ANDRES BARANDA 1570;QUILMES;2026-10-02;02-10-2026;01-10-2026;FAC-A-131688;Venta;LAGOPUELO S.A;60223;8,00;18493,28;22376,87;YAN FENG;;15,00 %;054;Leonel Caruso;;Aydn Lavda TriPod 8/2l GP2;2311,66;3413;;3;AUTOSERVICIO;2092,00;HERNAN RIVERO;;$;2;GRUPO AYUDIN ARGENTINA S.A;;;CON;;;;;;;LAVANDINA;;;;;300;Bruno Centurion;AXUM;;;False;131688;0;1;;;;;;1;;2311,66
3063;ANDRES BARANDA 1570;QUILMES;2026-10-02;02-10-2026;01-10-2026;FAC-A-131688;Venta;LAGOPUELO S.A;60227;8,00;18493,28;22376,87;YAN FENG;;15,00 %;054;Leonel Caruso;;Aydn PurGlac TriPod 8/2l GP2;2311,66;3413;;3;AUTOSERVICIO;2092,00;HERNAN RIVERO;;$;2;GRUPO AYUDIN ARGENTINA S.A;;;CON;;;;;;;LAVANDINA;;;;;300;Bruno Centurion;AXUM;;;False;131688;0;1;;;;;;1;;2311,66
3063;ANDRES BARANDA 1570;QUILMES;2026-10-02;02-10-2026;01-10-2026;FAC-A-131688;Venta;LAGOPUELO S.A;36003;40,00;66951,50;81011,32;YAN FENG;;23,00 %;054;Leonel Caruso;;AYDN LAVDNA OR 25g/l 8/2l;1673,79;3413;;3;AUTOSERVICIO;1739,00;HERNAN RIVERO;;$;2;GRUPO AYUDIN ARGENTINA S.A;;;CON;;;;;;;LAVANDINA;;;;;300;Bruno Centurion;AXUM;;;False;131688;0;1;;;;;;1;;1673,79
2472;Calle 126 N 2322;Berazategui;2026-10-05;05-10-2026;01-10-2026;FAC-A-131690;Venta;LAGOPUELO S.A;34324;6,00;7876,03;9530,00;CAUMO IVANA;;20,00 %;4;Selene Pawlikowski;;Poett Desinf. Flores de Primavera 900ml;1312,67;3431;;2;ALMACEN;1292,00;JUAN ESCOTO;;$;2;GRUPO AYUDIN ARGENTINA S.A;;;CON;;;;;;;PISO;;;;;25;JOHANA VIGIL;AXUM;;;False;131690;0;1;;;;;;1;;1312,67
2472;Calle 126 N 2322;Berazategui;2026-10-05;05-10-2026;01-10-2026;FAC-A-131690;Venta;LAGOPUELO S.A;34320;6,00;7876,03;9530,00;CAUMO IVANA;;20,00 %;4;Selene Pawlikowski;;Poett Desinf. Frescura de Lavanda 900ml;1312,67;3431;;2;ALMACEN;1292,00;JUAN ESCOTO;;$;2;GRUPO AYUDIN ARGENTINA S.A;;;CON;;;;;;;PISO;;;;;25;JOHANA VIGIL;AXUM;;;False;131690;0;1;;;;;;1;;1312,67
2472;Calle 126 N 2322;Berazategui;2026-10-05;05-10-2026;01-10-2026;FAC-A-131690;Venta;LAGOPUELO S.A;34336;6,00;7876,03;9530,00;CAUMO IVANA;;20,00 %;4;Selene Pawlikowski;;Poett Dsnf SuadAlg 12/900ml;1312,67;3431;;2;ALMACEN;1292,00;JUAN ESCOTO;;$;2;GRUPO AYUDIN ARGENTINA S.A;;;CON;;;;;;;PISO;;;;;25;JOHANA VIGIL;AXUM;;;False;131690;0;1;;;;;;1;;1312,67
2472;Calle 126 N 2322;Berazategui;2026-10-05;05-10-2026;01-10-2026;FAC-A-131690;Venta;LAGOPUELO S.A;34327;6,00;7876,03;9530,00;CAUMO IVANA;;20,00 %;4;Selene Pawlikowski;;Poett Desinf. Solo para ti 900ml;1312,67;3431;;2;ALMACEN;1292,00;JUAN ESCOTO;;$;2;GRUPO AYUDIN ARGENTINA S.A;;;CON;;;;;;;PISO;;;;;25;JOHANA VIGIL;AXUM;;;False;131690;0;1;;;;;;1;;1312,67
114;LEOPOLDO HERRERA - 404;Florencio Varela;2026-10-02;02-10-2026;01-10-2026;FAC-A-131695;Venta;ELEBES;34324;3,00;3938,02;4765,00;HERRERA GLORIA BARBARA;;20,00 %;052;Nicole Sosa;;Poett Desinf. Flores de Primavera 900ml;1312,67;3411;;2;ALMACEN;1292,00;JUAN ESCOTO;;$;2;GRUPO AYUDIN ARGENTINA S.A;;;EFV;;;;;;;PISO;;;;;300;Bruno Centurion;AXUM;;;False;131695;0;1;;;;;;1;;1312,67
114;LEOPOLDO HERRERA - 404;Florencio Varela;2026-10-02;02-10-2026;01-10-2026;FAC-A-131695;Venta;ELEBES;34320;3,00;3938,02;4765,00;HERRERA GLORIA BARBARA;;20,00 %;052;Nicole Sosa;;Poett Desinf. Frescura de Lavanda 900ml;1312,67;3411;;2;ALMACEN;1292,00;JUAN ESCOTO;;$;2;GRUPO AYUDIN ARGENTINA S.A;;;EFV;;;;;;;PISO;;;;;300;Bruno Centurion;AXUM;;;False;131695;0;1;;;;;;1;;1312,67
114;LEOPOLDO HERRERA - 404;Florencio Varela;2026-10-02;02-10-2026;01-10-2026;FAC-A-131695;Venta;ELEBES;34342;3,00;3938,02;4765,00;HERRERA GLORIA BARBARA;;20,00 %;052;Nicole Sosa;;Poett Dsnf AlgrDia 12/900ml;1312,67;3411;;2;ALMACEN;1292,00;JUAN ESCOTO;;$;2;GRUPO AYUDIN ARGENTINA S.A;;;EFV;;;;;;;PISO;;;;;300;Bruno Centurion;AXUM;;;False;131695;0;1;;;;;;1;;1312,67
114;LEOPOLDO HERRERA - 404;Florencio Varela;2026-10-02;02-10-2026;01-10-2026;FAC-A-131695;Venta;ELEBES;60386;3,00;3938,02;4765,00;HERRERA GLORIA BARBARA;;20,00 %;052;Nicole Sosa;;Poett EsptPly 12/900ml;1312,67;3411;;2;ALMACEN;1292,00;JUAN ESCOTO;;$;2;GRUPO AYUDIN ARGENTINA S.A;;;EFV;;;;;;;PISO;;;;;300;Bruno Centurion;AXUM;;;False;131695;0;1;;;;;;1;;1312,67
24089;ESMERALDA - (AUTOSERVICIOS) 121;TEMPERLEY;2026-10-02;02-10-2026;01-10-2026;FAC-A-131708;Venta;LAGOPUELO S.A;60402;6,00;22886,64;27692,83;XIANGMEI GAO;;0,00 %;073;Florencia Cubilla;;Ayudin Ropa Colores Vivos 15/700ml;3814,44;3410;;3;Autoservicio B;2868,00;MARIANO SOSA;;$;2;GRUPO AYUDIN ARGENTINA S.A;;;CON;;;;;;;LAVADO DE ROPA;;;;;300;Bruno Centurion;AXUM;;;False;131708;0;1;;;;;;1;;3814,44
27555;14 De Julio - (AUTOSERVICIOS) 1078;TEMPERLEY;2026-10-02;02-10-2026;01-10-2026;FAC-A-131710;Venta;LAGOPUELO S.A;61577;16,00;22565,92;27304,76;Zhuang Zogmao;;5,00 %;073;Florencia Cubilla;;Aydn Coc† Pod Act Or† DoyPk 16/450ml;1410,37;3410;;3;Autoservicio A;1142,00;MARIANO SOSA;;$;2;GRUPO AYUDIN ARGENTINA S.A;;;CON;;;;;;;COCINA;;;;;300;Bruno Centurion;AXUM;;;False;131710;0;1;;;;;;1;;1410,37
27555;14 De Julio - (AUTOSERVICIOS) 1078;TEMPERLEY;2026-10-02;02-10-2026;01-10-2026;FAC-A-131710;Venta;LAGOPUELO S.A;60885;6,00;14924,13;18058,20;Zhuang Zogmao;;15,00 %;073;Florencia Cubilla;;Poett Aer FlrLavda ExtFrag 6/360ml;2487,36;3410;;3;Autoservicio A;2251,00;MARIANO SOSA;;$;2;GRUPO AYUDIN ARGENTINA S.A;;;CON;;;;;;;AERO POETT;;;;;300;Bruno Centurion;AXUM;;;False;131710;0;1;;;;;;1;;2487,36
27555;14 De Julio - (AUTOSERVICIOS) 1078;TEMPERLEY;2026-10-02;02-10-2026;01-10-2026;FAC-A-131710;Venta;LAGOPUELO S.A;60886;6,00;14924,13;18058,20;Zhuang Zogmao;;15,00 %;073;Florencia Cubilla;;Poett Aer FlrPrm ExtFrag 6/360ml;2487,36;3410;;3;Autoservicio A;2251,00;MARIANO SOSA;;$;2;GRUPO AYUDIN ARGENTINA S.A;;;CON;;;;;;;AERO POETT;;;;;300;Bruno Centurion;AXUM;;;False;131710;0;1;;;;;;1;;2487,36
27555;14 De Julio - (AUTOSERVICIOS) 1078;TEMPERLEY;2026-10-02;02-10-2026;01-10-2026;FAC-A-131710;Venta;LAGOPUELO S.A;61036;6,00;14924,13;18058,20;Zhuang Zogmao;;15,00 %;073;Florencia Cubilla;;Poett Aer EsptPly ExtFrag 6/360ml;2487,36;3410;;3;Autoservicio A;2251,00;MARIANO SOSA;;$;2;GRUPO AYUDIN ARGENTINA S.A;;;CON;;;;;;;AERO POETT;;;;;300;Bruno Centurion;AXUM;;;False;131710;0;1;;;;;;1;;2487,36
23723;NUEVA ESCOCIA - (KIOSCOS/MAXI) 1223;LUIS GUILLON;2026-10-05;05-10-2026;01-10-2026;FAC-A-131711;Venta;ELEBES;61575;5,00;8293,03;10034,56;CORONADO CARLOS;;5,00 %;064;Karina Fernandez;;Aydn A.hongos Removedor Activo Doy Pack 16/450ml;1658,61;3429;;2;ALMACEN;1343,00;SIMON OLIVERA;;$;2;GRUPO AYUDIN ARGENTINA S.A;;;CON;;;;;;;BAÒO;;;;;300;Bruno Centurion;AXUM;;;False;131711;0;1;;;;;;1;;1658,61
603;AV LA PLATA 4559;Quilmes;2026-10-02;02-10-2026;01-10-2026;FAC-A-131737;Venta;LAGOPUELO S.A;21313;6,00;13127,40;15884,15;Xia Liangmei;;0,00 %;2;Fernanda Cejas;;Tren Bol 72/120ml;2187,90;3412;;3;AUTOSERVICIO;1683,00;IVAN MONTOYA;;$;2;GRUPO AYUDIN ARGENTINA S.A;;;EFV;;;;;;;LAVADO DE ROPA;;;;;25;JOHANA VIGIL;AXUM;;;False;131737;0;1;;;;;;1;;2187,90
23426;Diagonal Almirante Brown EREZCANO-JORGE - (AUTOSERVICIOS) 1893;ADROGUE;2026-10-02;02-10-2026;01-10-2026;FAC-A-131740;Venta;LAGOPUELO S.A;17927;15,00;12735,00;15409,35;ANDREA BARROSO;;20,00 %;062;Nahuel Martinez;;AYDN LAVDNA OR 15/1L;849,00;3416;;2;ALMACEN;849,00;NAHUEL MONTOYA;;$;2;GRUPO AYUDIN ARGENTINA S.A;;;CON;;;;;;;LAVANDINA;;;;;300;Bruno Centurion;AXUM;;;False;131740;0;1;;;;;;1;;849,00
23426;Diagonal Almirante Brown EREZCANO-JORGE - (AUTOSERVICIOS) 1893;ADROGUE;2026-10-02;02-10-2026;01-10-2026;FAC-A-131740;Venta;LAGOPUELO S.A;34320;6,00;7876,03;9530,00;ANDREA BARROSO;;20,00 %;062;Nahuel Martinez;;Poett Desinf. Frescura de Lavanda 900ml;1312,67;3416;;2;ALMACEN;1292,00;NAHUEL MONTOYA;;$;2;GRUPO AYUDIN ARGENTINA S.A;;;CON;;;;;;;PISO;;;;;300;Bruno Centurion;AXUM;;;False;131740;0;1;;;;;;1;;1312,67
23426;Diagonal Almirante Brown EREZCANO-JORGE - (AUTOSERVICIOS) 1893;ADROGUE;2026-10-02;02-10-2026;01-10-2026;FAC-A-131740;Venta;LAGOPUELO S.A;34327;6,00;7876,03;9530,00;ANDREA BARROSO;;20,00 %;062;Nahuel Martinez;;Poett Desinf. Solo para ti 900ml;1312,67;3416;;2;ALMACEN;1292,00;NAHUEL MONTOYA;;$;2;GRUPO AYUDIN ARGENTINA S.A;;;CON;;;;;;;PISO;;;;;300;Bruno Centurion;AXUM;;;False;131740;0;1;;;;;;1;;1312,67
2127;Calle 514 N 1363;CENTRO AGRICOLA EL PATO;2026-10-02;02-10-2026;01-10-2026;FAC-A-131744;Venta;LAGOPUELO S.A;61046;15,00;22306,05;26990,32;PEREZ ADRIANA EUGENIA;;18,00 %;051;Ezequiel Valente;;Aydn RopQuitMnch BlncInt 15/1l;1487,07;3411;;3;AUTOSERVICIO;1395,00;JUAN ESCOTO;;$;2;GRUPO AYUDIN ARGENTINA S.A;;;CON;;;;;;;LAVADO DE ROPA;;;;;300;Bruno Centurion;AXUM;;;False;131744;0;1;;;;;;1;;1487,07
2127;Calle 514 N 1363;CENTRO AGRICOLA EL PATO;2026-10-02;02-10-2026;01-10-2026;FAC-A-131744;Venta;LAGOPUELO S.A;60234;5,00;11634,84;14078,16;PEREZ ADRIANA EUGENIA;;20,00 %;051;Ezequiel Valente;;Aydn Lavdna Gel Ctra 15/700ml GP2;2326,97;3411;;3;AUTOSERVICIO;2187,00;JUAN ESCOTO;;$;2;GRUPO AYUDIN ARGENTINA S.A;;;CON;;;;;;;LAVANDINA;;;;;300;Bruno Centurion;AXUM;;;False;131744;0;1;;;;;;1;;2326,97
2127;Calle 514 N 1363;CENTRO AGRICOLA EL PATO;2026-10-02;02-10-2026;01-10-2026;FAC-A-131744;Venta;LAGOPUELO S.A;60237;5,00;11634,84;14078,16;PEREZ ADRIANA EUGENIA;;20,00 %;051;Ezequiel Valente;;Aydn Lavdna Gel Flr 15/700ml GP2;2326,97;3411;;3;AUTOSERVICIO;2187,00;JUAN ESCOTO;;$;2;GRUPO AYUDIN ARGENTINA S.A;;;CON;;;;;;;LAVANDINA;;;;;300;Bruno Centurion;AXUM;;;False;131744;0;1;;;;;;1;;2326,97
2127;Calle 514 N 1363;CENTRO AGRICOLA EL PATO;2026-10-02;02-10-2026;01-10-2026;FAC-A-131744;Venta;LAGOPUELO S.A;60239;5,00;11634,84;14078,16;PEREZ ADRIANA EUGENIA;;20,00 %;051;Ezequiel Valente;;Aydn Lavdna Gel MntFrs 15/700ml GP2;2326,97;3411;;3;AUTOSERVICIO;2187,00;JUAN ESCOTO;;$;2;GRUPO AYUDIN ARGENTINA S.A;;;CON;;;;;;;LAVANDINA;;;;;300;Bruno Centurion;AXUM;;;False;131744;0;1;;;;;;1;;2326,97
2127;Calle 514 N 1363;CENTRO AGRICOLA EL PATO;2026-10-02;02-10-2026;01-10-2026;FAC-A-131744;Venta;LAGOPUELO S.A;60240;5,00;11634,84;14078,16;PEREZ ADRIANA EUGENIA;;20,00 %;051;Ezequiel Valente;;Aydn Lavdna Gel Lavda EXPRT 15/700ml GP2;2326,97;3411;;3;AUTOSERVICIO;2187,00;JUAN ESCOTO;;$;2;GRUPO AYUDIN ARGENTINA S.A;;;CON;;;;;;;LAVANDINA;;;;;300;Bruno Centurion;AXUM;;;False;131744;0;1;;;;;;1;;2326,97
2127;Calle 514 N 1363;CENTRO AGRICOLA EL PATO;2026-10-02;02-10-2026;01-10-2026;FAC-A-131744;Venta;LAGOPUELO S.A;60233;5,00;11634,84;14078,16;PEREZ ADRIANA EUGENIA;;20,00 %;051;Ezequiel Valente;;Aydn Lavdna Gel Or 15/700ml GP2;2326,97;3411;;3;AUTOSERVICIO;2187,00;JUAN ESCOTO;;$;2;GRUPO AYUDIN ARGENTINA S.A;;;CON;;;;;;;LAVANDINA;;;;;300;Bruno Centurion;AXUM;;;False;131744;0;1;;;;;;1;;2326,97
2127;Calle 514 N 1363;CENTRO AGRICOLA EL PATO;2026-10-02;02-10-2026;01-10-2026;FAC-A-131744;Venta;LAGOPUELO S.A;36024;6,00;14878,08;18002,48;PEREZ ADRIANA EUGENIA;;20,00 %;051;Ezequiel Valente;;Mortimer Bolsa Mediana x15;2479,68;3411;;3;AUTOSERVICIO;2296,00;JUAN ESCOTO;;$;2;GRUPO AYUDIN ARGENTINA S.A;;;CON;;;;;;;MORTIMER;;;;;300;Bruno Centurion;AXUM;;;False;131744;0;1;;;;;;1;;2479,68
2127;Calle 514 N 1363;CENTRO AGRICOLA EL PATO;2026-10-02;02-10-2026;01-10-2026;FAC-A-131744;Venta;LAGOPUELO S.A;36022;6,00;8637,84;10451,79;PEREZ ADRIANA EUGENIA;;20,00 %;051;Ezequiel Valente;;Mortimer Bolsa Normal x15;1439,64;3411;;3;AUTOSERVICIO;1333,00;JUAN ESCOTO;;$;2;GRUPO AYUDIN ARGENTINA S.A;;;CON;;;;;;;MORTIMER;;;;;300;Bruno Centurion;AXUM;;;False;131744;0;1;;;;;;1;;1439,64
395;Calle 514 e/613 y 614 . El Pato 1381;Berazategui;2026-10-02;02-10-2026;01-10-2026;FAC-A-131753;Venta;LAGOPUELO S.A;36003;8,00;13912,00;16833,52;MarÌa BelÈn Arguello;;20,00 %;051;Ezequiel Valente;;AYDN LAVDNA OR 25g/l 8/2l;1739,00;3411;;6;MAYORISTA;1739,00;JUAN ESCOTO;;$;2;GRUPO AYUDIN ARGENTINA S.A;;;EFV;;;;;;;LAVANDINA;;;;;300;Bruno Centurion;AXUM;;;False;131753;0;1;;;;;;1;;1739,00
27570;Ituzaingo - (AUTOSERVICIOS) 1599;TEMPERLEY;2026-10-02;02-10-2026;01-10-2026;FAC-A-131757;Venta;LAGOPUELO S.A;36003;40,00;66951,50;81011,32;Natalia Nerea Bogoni;;23,00 %;074;Romina Baez;;AYDN LAVDNA OR 25g/l 8/2l;1673,79;3410;;3;Autoservicio B;1739,00;MARIANO SOSA;;$;2;GRUPO AYUDIN ARGENTINA S.A;;;CON;;;;;;;LAVANDINA;;;;;300;Bruno Centurion;AXUM;;;False;131757;0;1;;;;;;1;;1673,79
27570;Ituzaingo - (AUTOSERVICIOS) 1599;TEMPERLEY;2026-10-02;02-10-2026;01-10-2026;FAC-A-131757;Venta;LAGOPUELO S.A;17927;75,00;61287,19;74157,50;Natalia Nerea Bogoni;;23,00 %;074;Romina Baez;;AYDN LAVDNA OR 15/1L;817,16;3410;;3;Autoservicio B;849,00;MARIANO SOSA;;$;2;GRUPO AYUDIN ARGENTINA S.A;;;CON;;;;;;;LAVANDINA;;;;;300;Bruno Centurion;AXUM;;;False;131757;0;1;;;;;;1;;817,16
27492;Segui - (AUTOSERVICIOS) 301;LAVALLOL;2026-10-02;02-10-2026;01-10-2026;FAC-A-131760;Venta;LAGOPUELO S.A;60233;5,00;11634,84;14078,16;Chen Qingguan;;20,00 %;063;Daniel Martin;;Aydn Lavdna Gel Or 15/700ml GP2;2326,97;3416;;3;Autoservicio A;2187,00;NAHUEL MONTOYA;;$;2;GRUPO AYUDIN ARGENTINA S.A;;;CON;;;;;;;LAVANDINA;;;;;300;Bruno Centurion;AXUM;;;False;131760;0;1;;;;;;1;;2326,97
27492;Segui - (AUTOSERVICIOS) 301;LAVALLOL;2026-10-02;02-10-2026;01-10-2026;FAC-A-131760;Venta;LAGOPUELO S.A;60239;5,00;11634,84;14078,16;Chen Qingguan;;20,00 %;063;Daniel Martin;;Aydn Lavdna Gel MntFrs 15/700ml GP2;2326,97;3416;;3;Autoservicio A;2187,00;NAHUEL MONTOYA;;$;2;GRUPO AYUDIN ARGENTINA S.A;;;CON;;;;;;;LAVANDINA;;;;;300;Bruno Centurion;AXUM;;;False;131760;0;1;;;;;;1;;2326,97
27492;Segui - (AUTOSERVICIOS) 301;LAVALLOL;2026-10-02;02-10-2026;01-10-2026;FAC-A-131760;Venta;LAGOPUELO S.A;60240;5,00;11634,84;14078,16;Chen Qingguan;;20,00 %;063;Daniel Martin;;Aydn Lavdna Gel Lavda EXPRT 15/700ml GP2;2326,97;3416;;3;Autoservicio A;2187,00;NAHUEL MONTOYA;;$;2;GRUPO AYUDIN ARGENTINA S.A;;;CON;;;;;;;LAVANDINA;;;;;300;Bruno Centurion;AXUM;;;False;131760;0;1;;;;;;1;;2326,97
27492;Segui - (AUTOSERVICIOS) 301;LAVALLOL;2026-10-02;02-10-2026;01-10-2026;FAC-A-131760;Venta;LAGOPUELO S.A;18026;12,00;30856,80;37336,73;Chen Qingguan;;0,00 %;063;Daniel Martin;;Aydn Dsnf PstWC 36/16g;2571,40;3416;;3;Autoservicio A;1978,00;NAHUEL MONTOYA;;$;2;GRUPO AYUDIN ARGENTINA S.A;;;CON;;;;;;;COCINA;;;;;300;Bruno Centurion;AXUM;;;False;131760;0;1;;;;;;1;;2571,40
29245;BOMBERO VOL V SENZABELLO - 144 1310;FLORENCIO VARELA;2026-10-05;05-10-2026;01-10-2026;FAC-A-131764;Venta;LAGOPUELO S.A;17927;15,00;12735,00;15409,35;SILVIO OSCAR PEREIRA;;20,00 %;6;Nieves Alegre;;AYDN LAVDNA OR 15/1L;849,00;3428;;OTR;Articulo de limpieza;849,00;CLAUDIO GARCIA;;$;2;GRUPO AYUDIN ARGENTINA S.A;;;CON;;;;;;;LAVANDINA;;;;;25;JOHANA VIGIL;AXUM;;;False;131764;0;1;;;;;;1;;849,00
23799;Casuarinas - (KIOSCOS/MAXI) 2585;CLAYPOLE;2026-10-08;08-10-2026;01-10-2026;FAC-B-131775;Venta;ELEBES;17927;6,00;6367,50;7704,68;Guevara Lorena Elizabeth;;0,00 %;061;Nailah Guzman;;AYDN LAVDNA OR 15/1L;1061,25;3477;;5;KIOSCO;849,00;NAHUEL MONTOYA;;$;2;GRUPO AYUDIN ARGENTINA S.A;;;CON;;;;;;;LAVANDINA;;;;;300;Bruno Centurion;AXUM;;;False;131775;0;1;;;;;;1;;1061,25
399;AV 14 2603;Berazategui;2026-10-05;05-10-2026;01-10-2026;FAC-A-131789;Venta;LAGOPUELO S.A;24648;12,00;16598,40;20084,06;Mario peÒaranda llanos;;0,00 %;5;Eliana Huber;;Poett PastDesod Lavda 12/25g GP2;1383,20;3428;;3;AUTOSERVICIO;1064,00;CLAUDIO GARCIA;;$;2;GRUPO AYUDIN ARGENTINA S.A;;;EFV;;;;;;;BAÒO;;;;;25;JOHANA VIGIL;AXUM;;;False;131789;0;1;;;;;;1;;1383,20
399;AV 14 2603;Berazategui;2026-10-05;05-10-2026;01-10-2026;FAC-A-131789;Venta;LAGOPUELO S.A;24649;12,00;16598,40;20084,06;Mario peÒaranda llanos;;0,00 %;5;Eliana Huber;;Poett PastDesod 12/25g GP2;1383,20;3428;;3;AUTOSERVICIO;1064,00;CLAUDIO GARCIA;;$;2;GRUPO AYUDIN ARGENTINA S.A;;;EFV;;;;;;;BAÒO;;;;;25;JOHANA VIGIL;AXUM;;;False;131789;0;1;;;;;;1;;1383,20
29523;LAS AMRGARITAS E/ESCALADA Y FARI√‚ÄòA - (TRADICIONAL) 231;TRISTAN SUAREZ;;02-10-2026;01-10-2026;VEN-131801;Venta;LAGOPUELO S.A;34320;4,00;5250,69;6353,33;JULIO CESAR CUBA;;20,00 %;075;Julieta Yegros;;Poett Desinf. Frescura de Lavanda 900ml;1312,67;;;5;KIOSCO;1292,00;;;$;2;GRUPO AYUDIN ARGENTINA S.A;;;CON;;;;;;;PISO;;;;;300;Bruno Centurion;AXUM;;;False;131801;1;1;;;;;;1;;1312,67
29523;LAS AMRGARITAS E/ESCALADA Y FARI√‚ÄòA - (TRADICIONAL) 231;TRISTAN SUAREZ;;02-10-2026;01-10-2026;VEN-131801;Venta;LAGOPUELO S.A;34324;4,00;5250,69;6353,33;JULIO CESAR CUBA;;20,00 %;075;Julieta Yegros;;Poett Desinf. Flores de Primavera 900ml;1312,67;;;5;KIOSCO;1292,00;;;$;2;GRUPO AYUDIN ARGENTINA S.A;;;CON;;;;;;;PISO;;;;;300;Bruno Centurion;AXUM;;;False;131801;1;1;;;;;;1;;1312,67
29523;LAS AMRGARITAS E/ESCALADA Y FARI√‚ÄòA - (TRADICIONAL) 231;TRISTAN SUAREZ;;02-10-2026;01-10-2026;VEN-131801;Venta;LAGOPUELO S.A;34327;4,00;5250,69;6353,33;JULIO CESAR CUBA;;20,00 %;075;Julieta Yegros;;Poett Desinf. Solo para ti 900ml;1312,67;;;5;KIOSCO;1292,00;;;$;2;GRUPO AYUDIN ARGENTINA S.A;;;CON;;;;;;;PISO;;;;;300;Bruno Centurion;AXUM;;;False;131801;1;1;;;;;;1;;1312,67
27553;Juncal - (AUTOSERVICIOS) 550;TEMPERLEY;2026-10-02;02-10-2026;01-10-2026;FAC-A-131802;Venta;LAGOPUELO S.A;22057;12,00;18928,56;22903,56;Chen Qiuhua;;0,00 %;073;Florencia Cubilla;;Pluz Pino 12/900ml;1577,38;3410;;3;Autoservicio B;1186,00;MARIANO SOSA;;$;2;GRUPO AYUDIN ARGENTINA S.A;;;CON;;;;;;;PISO;;;;;300;Bruno Centurion;AXUM;;;False;131802;0;1;;;;;;1;;1577,38
27553;Juncal - (AUTOSERVICIOS) 550;TEMPERLEY;2026-10-02;02-10-2026;01-10-2026;FAC-A-131802;Venta;LAGOPUELO S.A;61731;6,00;20145,41;24375,94;Chen Qiuhua;;15,00 %;073;Florencia Cubilla;;Sltn MataCuca Aer AccProl 6/360ml BA;3357,57;3410;;3;Autoservicio B;3086,00;MARIANO SOSA;;$;2;GRUPO AYUDIN ARGENTINA S.A;;;CON;;;;;;;SELTON;;;;;300;Bruno Centurion;AXUM;;;False;131802;0;1;;;;;;1;;3357,57
29090;ALGARROBO - (TRADICIONAL) 390;ADROGUE;2026-10-02;02-10-2026;01-10-2026;FAC-A-131809;Venta;ELEBES;34320;6,00;7580,68;9172,62;MIRIAM ROSANA COLMAN;;23,00 %;063;Daniel Martin;;Poett Desinf. Frescura de Lavanda 900ml;1263,45;3416;;2;ALMACEN;1292,00;NAHUEL MONTOYA;;$;2;GRUPO AYUDIN ARGENTINA S.A;;;CON;;;;;;;PISO;;;;;300;Bruno Centurion;AXUM;;;False;131809;0;1;;;;;;1;;1263,45
29090;ALGARROBO - (TRADICIONAL) 390;ADROGUE;2026-10-02;02-10-2026;01-10-2026;FAC-A-131809;Venta;ELEBES;34324;6,00;7580,68;9172,62;MIRIAM ROSANA COLMAN;;23,00 %;063;Daniel Martin;;Poett Desinf. Flores de Primavera 900ml;1263,45;3416;;2;ALMACEN;1292,00;NAHUEL MONTOYA;;$;2;GRUPO AYUDIN ARGENTINA S.A;;;CON;;;;;;;PISO;;;;;300;Bruno Centurion;AXUM;;;False;131809;0;1;;;;;;1;;1263,45
29090;ALGARROBO - (TRADICIONAL) 390;ADROGUE;2026-10-02;02-10-2026;01-10-2026;FAC-A-131809;Venta;ELEBES;60233;3,00;7417,21;8974,82;MIRIAM ROSANA COLMAN;;15,00 %;063;Daniel Martin;;Aydn Lavdna Gel Or 15/700ml GP2;2472,40;3416;;2;ALMACEN;2187,00;NAHUEL MONTOYA;;$;2;GRUPO AYUDIN ARGENTINA S.A;;;CON;;;;;;;LAVANDINA;;;;;300;Bruno Centurion;AXUM;;;False;131809;0;1;;;;;;1;;2472,40
666;CALLE 530 esquina 633 2989;Berazategui;2026-10-02;02-10-2026;01-10-2026;FAC-A-131814;Venta;ELEBES;61575;1,00;1745,90;2112,54;GÛmez Katherine;;0,00 %;051;Ezequiel Valente;;Aydn A.hongos Removedor Activo Doy Pack 16/450ml;1745,90;3411;;3;AUTOSERVICIO;1343,00;JUAN ESCOTO;;$;2;GRUPO AYUDIN ARGENTINA S.A;;;EFV;;;;;;;BAÒO;;;;;300;Bruno Centurion;AXUM;;;False;131814;0;1;;;;;;1;;1745,90
3715;GRAL TORIBIO DE LUZURIAGA 3328;Quilmes;2026-10-02;02-10-2026;01-10-2026;FAC-A-131819;Venta;LAGOPUELO S.A;17927;15,00;12257,44;14831,50;LAFUENTE MARIA LOURDES;;23,00 %;053;Verona Abati;;AYDN LAVDNA OR 15/1L;817,16;3412;;2;ALMACEN;849,00;IVAN MONTOYA;;$;2;GRUPO AYUDIN ARGENTINA S.A;;;CON;;;;;;;LAVANDINA;;;;;300;Bruno Centurion;AXUM;;;False;131819;0;1;;;;;;1;;817,16
3715;GRAL TORIBIO DE LUZURIAGA 3328;Quilmes;2026-10-02;02-10-2026;01-10-2026;FAC-A-131819;Venta;LAGOPUELO S.A;36003;8,00;13390,30;16202,26;LAFUENTE MARIA LOURDES;;23,00 %;053;Verona Abati;;AYDN LAVDNA OR 25g/l 8/2l;1673,79;3412;;2;ALMACEN;1739,00;IVAN MONTOYA;;$;2;GRUPO AYUDIN ARGENTINA S.A;;;CON;;;;;;;LAVANDINA;;;;;300;Bruno Centurion;AXUM;;;False;131819;0;1;;;;;;1;;1673,79
5155;ISLAS ORCADAS 2417;FLORENCIO VARELA;2026-10-05;05-10-2026;01-10-2026;FAC-A-131827;Venta;LAGOPUELO S.A;17927;15,00;12735,00;15409,35;GUTIERREZ FLORENCIA;;20,00 %;6;Nieves Alegre;;AYDN LAVDNA OR 15/1L;849,00;3428;;3;AUTOSERVICIO;849,00;CLAUDIO GARCIA;;$;2;GRUPO AYUDIN ARGENTINA S.A;;;CON;;;;;;;LAVANDINA;;;;;25;JOHANA VIGIL;AXUM;;;False;131827;0;1;;;;;;1;;849,00
23947;ZUVIRIA - 727;MONTE GRANDE;2026-10-05;05-10-2026;01-10-2026;FAC-B-131828;Venta;LAGOPUELO S.A;17927;15,00;12735,00;15409,35;ZUNILDA CASCO RAMIREZ;;20,00 %;064;Karina Fernandez;;AYDN LAVDNA OR 15/1L;849,00;3429;;2;ALMACEN;849,00;SIMON OLIVERA;;$;2;GRUPO AYUDIN ARGENTINA S.A;;;CON;;;;;;;LAVANDINA;;;;;300;Bruno Centurion;AXUM;;;False;131828;0;1;;;;;;1;;849,00
2216;HERNANDARIAS 2709;Berazategui;2026-10-02;02-10-2026;01-10-2026;FAC-A-131829;Venta;LAGOPUELO S.A;34320;12,00;15752,06;19060,00;LOPEZ ANDRES;;20,00 %;052;Nicole Sosa;;Poett Desinf. Frescura de Lavanda 900ml;1312,67;3411;;2;ALMACEN;1292,00;JUAN ESCOTO;;$;2;GRUPO AYUDIN ARGENTINA S.A;;;CON;;;;;;;PISO;;;;;300;Bruno Centurion;AXUM;;;False;131829;0;1;;;;;;1;;1312,67
2216;HERNANDARIAS 2709;Berazategui;2026-10-02;02-10-2026;01-10-2026;FAC-A-131829;Venta;LAGOPUELO S.A;34322;3,00;21290,10;25761,02;LOPEZ ANDRES;;0,00 %;052;Nicole Sosa;;Poett Deinf. Frescura de Lavanda 4L;7096,70;3411;;2;ALMACEN;5459,00;JUAN ESCOTO;;$;2;GRUPO AYUDIN ARGENTINA S.A;;;CON;;;;;;;PISO;;;;;300;Bruno Centurion;AXUM;;;False;131829;0;1;;;;;;1;;7096,70
2216;HERNANDARIAS 2709;Berazategui;2026-10-02;02-10-2026;01-10-2026;FAC-A-131829;Venta;LAGOPUELO S.A;36004;3,00;12596,57;15241,85;LOPEZ ANDRES;;7,00 %;052;Nicole Sosa;;AYDN LAVDNA OR 25 g/l 3/4l;4198,86;3411;;2;ALMACEN;3473,00;JUAN ESCOTO;;$;2;GRUPO AYUDIN ARGENTINA S.A;;;CON;;;;;;;LAVANDINA;;;;;300;Bruno Centurion;AXUM;;;False;131829;0;1;;;;;;1;;4198,86
322191;URUGUAY 2234;EZPELETA;2026-10-02;02-10-2026;01-10-2026;FAC-A-131840;Venta;LAGOPUELO S.A;61575;12,00;20950,80;25350,47;CHEN BIQING;;0,00 %;2;Fernanda Cejas;;Aydn A.hongos Removedor Activo Doy Pack 16/450ml;1745,90;3412;;3;AUTOSERVICIO;1343,00;IVAN MONTOYA;;$;2;GRUPO AYUDIN ARGENTINA S.A;;;CON;;;;;;;BAÒO;;;;;25;JOHANA VIGIL;AXUM;;;False;131840;0;1;;;;;;1;;1745,90
322191;URUGUAY 2234;EZPELETA;2026-10-02;02-10-2026;01-10-2026;FAC-A-131840;Venta;LAGOPUELO S.A;60231;15,00;24339,00;29450,19;CHEN BIQING;;0,00 %;2;Fernanda Cejas;;Aydn A-Sp Trad 15/1l GP2;1622,60;3412;;3;AUTOSERVICIO;1220,00;IVAN MONTOYA;;$;2;GRUPO AYUDIN ARGENTINA S.A;;;CON;;;;;;;LAVANDINA;;;;;25;JOHANA VIGIL;AXUM;;;False;131840;0;1;;;;;;1;;1622,60
322191;URUGUAY 2234;EZPELETA;2026-10-02;02-10-2026;01-10-2026;FAC-A-131840;Venta;LAGOPUELO S.A;33575;16,00;30366,56;36743,54;CHEN BIQING;;0,00 %;2;Fernanda Cejas;;Aydn Ropa ClrViv DoyPk 16/400ml;1897,91;3412;;3;AUTOSERVICIO;1427,00;IVAN MONTOYA;;$;2;GRUPO AYUDIN ARGENTINA S.A;;;CON;;;;;;;LAVADO DE ROPA;;;;;25;JOHANA VIGIL;AXUM;;;False;131840;0;1;;;;;;1;;1897,91
29157;JUNCAL - (TRADICIONAL) 697;TEMPERLEY;2026-10-02;02-10-2026;01-10-2026;FAC-A-131850;Venta;LAGOPUELO S.A;36003;8,00;13912,00;16833,52;OSVALDO CHICONI;;20,00 %;073;Florencia Cubilla;;AYDN LAVDNA OR 25g/l 8/2l;1739,00;3410;;2;ALMACEN;1739,00;MARIANO SOSA;;$;2;GRUPO AYUDIN ARGENTINA S.A;;;CON;;;;;;;LAVANDINA;;;;;300;Bruno Centurion;AXUM;;;False;131850;0;1;;;;;;1;;1739,00
4141;893 4799;Quilmes;2026-10-02;02-10-2026;01-10-2026;FAC-B-131856;Venta;LAGOPUELO S.A;34320;6,00;7876,03;9530,00;CARLOS TAVONE;;20,00 %;056;Ezequiel Ferreira;;Poett Desinf. Frescura de Lavanda 900ml;1312,67;3412;;2;ALMACEN;1292,00;IVAN MONTOYA;;$;2;GRUPO AYUDIN ARGENTINA S.A;;;CON;;;;;;;PISO;;;;;300;Bruno Centurion;AXUM;;;False;131856;0;1;;;;;;1;;1312,67
4141;893 4799;Quilmes;2026-10-02;02-10-2026;01-10-2026;FAC-B-131856;Venta;LAGOPUELO S.A;34324;6,00;7876,03;9530,00;CARLOS TAVONE;;20,00 %;056;Ezequiel Ferreira;;Poett Desinf. Flores de Primavera 900ml;1312,67;3412;;2;ALMACEN;1292,00;IVAN MONTOYA;;$;2;GRUPO AYUDIN ARGENTINA S.A;;;CON;;;;;;;PISO;;;;;300;Bruno Centurion;AXUM;;;False;131856;0;1;;;;;;1;;1312,67
4141;893 4799;Quilmes;2026-10-02;02-10-2026;01-10-2026;FAC-B-131856;Venta;LAGOPUELO S.A;34336;6,00;7876,03;9530,00;CARLOS TAVONE;;20,00 %;056;Ezequiel Ferreira;;Poett Dsnf SuadAlg 12/900ml;1312,67;3412;;2;ALMACEN;1292,00;IVAN MONTOYA;;$;2;GRUPO AYUDIN ARGENTINA S.A;;;CON;;;;;;;PISO;;;;;300;Bruno Centurion;AXUM;;;False;131856;0;1;;;;;;1;;1312,67
4141;893 4799;Quilmes;2026-10-02;02-10-2026;01-10-2026;FAC-B-131856;Venta;LAGOPUELO S.A;60386;6,00;7876,03;9530,00;CARLOS TAVONE;;20,00 %;056;Ezequiel Ferreira;;Poett EsptPly 12/900ml;1312,67;3412;;2;ALMACEN;1292,00;IVAN MONTOYA;;$;2;GRUPO AYUDIN ARGENTINA S.A;;;CON;;;;;;;PISO;;;;;300;Bruno Centurion;AXUM;;;False;131856;0;1;;;;;;1;;1312,67
4141;893 4799;Quilmes;2026-10-02;02-10-2026;01-10-2026;FAC-B-131856;Venta;LAGOPUELO S.A;36003;8,00;13912,00;16833,52;CARLOS TAVONE;;20,00 %;056;Ezequiel Ferreira;;AYDN LAVDNA OR 25g/l 8/2l;1739,00;3412;;2;ALMACEN;1739,00;IVAN MONTOYA;;$;2;GRUPO AYUDIN ARGENTINA S.A;;;CON;;;;;;;LAVANDINA;;;;;300;Bruno Centurion;AXUM;;;False;131856;0;1;;;;;;1;;1739,00
4141;893 4799;Quilmes;2026-10-02;02-10-2026;01-10-2026;FAC-B-131856;Venta;LAGOPUELO S.A;60233;3,00;6980,90;8446,89;CARLOS TAVONE;;20,00 %;056;Ezequiel Ferreira;;Aydn Lavdna Gel Or 15/700ml GP2;2326,97;3412;;2;ALMACEN;2187,00;IVAN MONTOYA;;$;2;GRUPO AYUDIN ARGENTINA S.A;;;CON;;;;;;;LAVANDINA;;;;;300;Bruno Centurion;AXUM;;;False;131856;0;1;;;;;;1;;2326,97
4141;893 4799;Quilmes;2026-10-02;02-10-2026;01-10-2026;FAC-B-131856;Venta;LAGOPUELO S.A;60240;3,00;6980,90;8446,89;CARLOS TAVONE;;20,00 %;056;Ezequiel Ferreira;;Aydn Lavdna Gel Lavda EXPRT 15/700ml GP2;2326,97;3412;;2;ALMACEN;2187,00;IVAN MONTOYA;;$;2;GRUPO AYUDIN ARGENTINA S.A;;;CON;;;;;;;LAVANDINA;;;;;300;Bruno Centurion;AXUM;;;False;131856;0;1;;;;;;1;;2326,97
23226;BLAS PARERA - (AUTOSERVICIOS) 264;CLAYPOLE;2026-10-08;08-10-2026;01-10-2026;FAC-A-131862;Venta;LAGOPUELO S.A;32288;6,00;11037,00;13354,77;LYU QINGQIU;;0,00 %;061;Nailah Guzman;;Tren Oxi DoyPk 16/400ml;1839,50;3477;;3;Autoservicio A;1415,00;NAHUEL MONTOYA;;$;2;GRUPO AYUDIN ARGENTINA S.A;;;CON;;;;;;;LAVADO DE ROPA;;;;;300;Bruno Centurion;AXUM;;;False;131862;0;1;;;;;;1;;1839,50
23226;BLAS PARERA - (AUTOSERVICIOS) 264;CLAYPOLE;2026-10-08;08-10-2026;01-10-2026;FAC-A-131862;Venta;LAGOPUELO S.A;33575;6,00;11387,46;13778,83;LYU QINGQIU;;0,00 %;061;Nailah Guzman;;Aydn Ropa ClrViv DoyPk 16/400ml;1897,91;3477;;3;Autoservicio A;1427,00;NAHUEL MONTOYA;;$;2;GRUPO AYUDIN ARGENTINA S.A;;;CON;;;;;;;LAVADO DE ROPA;;;;;300;Bruno Centurion;AXUM;;;False;131862;0;1;;;;;;1;;1897,91
1081;AV. 14 2353;Berazategui;2026-10-05;05-10-2026;01-10-2026;FAC-A-131865;Venta;LAGOPUELO S.A;61620;3,00;10042,50;12151,43;RUGGIERI A. LILIANA;;0,00 %;5;Eliana Huber;;Aydn Bn Limp† Act Or Gat 12/500 ml;3347,50;3428;;3;AUTOSERVICIO;2575,00;CLAUDIO GARCIA;;$;2;GRUPO AYUDIN ARGENTINA S.A;;;CON;;;;;;;BAÒO;;;;;25;JOHANA VIGIL;AXUM;;;False;131865;0;1;;;;;;1;;3347,50
1081;AV. 14 2353;Berazategui;2026-10-05;05-10-2026;01-10-2026;FAC-A-131865;Venta;LAGOPUELO S.A;60239;3,00;7417,21;8974,82;RUGGIERI A. LILIANA;;15,00 %;5;Eliana Huber;;Aydn Lavdna Gel MntFrs 15/700ml GP2;2472,40;3428;;3;AUTOSERVICIO;2187,00;CLAUDIO GARCIA;;$;2;GRUPO AYUDIN ARGENTINA S.A;;;CON;;;;;;;LAVANDINA;;;;;25;JOHANA VIGIL;AXUM;;;False;131865;0;1;;;;;;1;;2472,40
1081;AV. 14 2353;Berazategui;2026-10-05;05-10-2026;01-10-2026;FAC-A-131865;Venta;LAGOPUELO S.A;60237;3,00;7417,21;8974,82;RUGGIERI A. LILIANA;;15,00 %;5;Eliana Huber;;Aydn Lavdna Gel Flr 15/700ml GP2;2472,40;3428;;3;AUTOSERVICIO;2187,00;CLAUDIO GARCIA;;$;2;GRUPO AYUDIN ARGENTINA S.A;;;CON;;;;;;;LAVANDINA;;;;;25;JOHANA VIGIL;AXUM;;;False;131865;0;1;;;;;;1;;2472,40
1081;AV. 14 2353;Berazategui;2026-10-05;05-10-2026;01-10-2026;FAC-A-131865;Venta;LAGOPUELO S.A;61373;3,00;5627,70;6809,52;RUGGIERI A. LILIANA;;0,00 %;5;Eliana Huber;;Aydn LimpDsnf Lavda 12/900ml;1875,90;3428;;3;AUTOSERVICIO;1443,00;CLAUDIO GARCIA;;$;2;GRUPO AYUDIN ARGENTINA S.A;;;CON;;;;;;;PISO;;;;;25;JOHANA VIGIL;AXUM;;;False;131865;0;1;;;;;;1;;1875,90
1081;AV. 14 2353;Berazategui;2026-10-05;05-10-2026;01-10-2026;FAC-A-131865;Venta;LAGOPUELO S.A;36003;8,00;13912,00;16833,52;RUGGIERI A. LILIANA;;20,00 %;5;Eliana Huber;;AYDN LAVDNA OR 25g/l 8/2l;1739,00;3428;;3;AUTOSERVICIO;1739,00;CLAUDIO GARCIA;;$;2;GRUPO AYUDIN ARGENTINA S.A;;;CON;;;;;;;LAVANDINA;;;;;25;JOHANA VIGIL;AXUM;;;False;131865;0;1;;;;;;1;;1739,00
23442;benigno Mac√≠as - (AUTOSERVICIOS) 310;ADROGUE;2026-10-02;02-10-2026;01-10-2026;FAC-B-131871;Venta;ELEBES;36003;8,00;13912,00;16833,52;ELVIRA MATINERO;;20,00 %;062;Nahuel Martinez;;AYDN LAVDNA OR 25g/l 8/2l;1739,00;3416;;2;ALMACEN;1739,00;NAHUEL MONTOYA;;$;2;GRUPO AYUDIN ARGENTINA S.A;;;CON;;;;;;;LAVANDINA;;;;;300;Bruno Centurion;AXUM;;;False;131871;0;1;;;;;;1;;1739,00
23442;benigno Mac√≠as - (AUTOSERVICIOS) 310;ADROGUE;2026-10-02;02-10-2026;01-10-2026;FAC-B-131871;Venta;ELEBES;34342;3,00;3938,02;4765,00;ELVIRA MATINERO;;20,00 %;062;Nahuel Martinez;;Poett Dsnf AlgrDia 12/900ml;1312,67;3416;;2;ALMACEN;1292,00;NAHUEL MONTOYA;;$;2;GRUPO AYUDIN ARGENTINA S.A;;;CON;;;;;;;PISO;;;;;300;Bruno Centurion;AXUM;;;False;131871;0;1;;;;;;1;;1312,67
23228;Av. Espora 580;ADROGUE;2026-10-02;02-10-2026;01-10-2026;FAC-A-131872;Venta;LAGOPUELO S.A;34342;12,00;15752,06;19060,00;CHEN QI;;20,00 %;062;Nahuel Martinez;;Poett Dsnf AlgrDia 12/900ml;1312,67;3416;;3;Autoservicio B;1292,00;NAHUEL MONTOYA;;$;2;GRUPO AYUDIN ARGENTINA S.A;;;CON;;;;;;;PISO;;;;;300;Bruno Centurion;AXUM;;;False;131872;0;1;;;;;;1;;1312,67
23228;Av. Espora 580;ADROGUE;2026-10-02;02-10-2026;01-10-2026;FAC-A-131872;Venta;LAGOPUELO S.A;34336;12,00;15752,06;19060,00;CHEN QI;;20,00 %;062;Nahuel Martinez;;Poett Dsnf SuadAlg 12/900ml;1312,67;3416;;3;Autoservicio B;1292,00;NAHUEL MONTOYA;;$;2;GRUPO AYUDIN ARGENTINA S.A;;;CON;;;;;;;PISO;;;;;300;Bruno Centurion;AXUM;;;False;131872;0;1;;;;;;1;;1312,67
23228;Av. Espora 580;ADROGUE;2026-10-02;02-10-2026;01-10-2026;FAC-A-131872;Venta;LAGOPUELO S.A;34334;12,00;15752,06;19060,00;CHEN QI;;20,00 %;062;Nahuel Martinez;;Poett Dsnf SuadBebe 12/900ml;1312,67;3416;;3;Autoservicio B;1292,00;NAHUEL MONTOYA;;$;2;GRUPO AYUDIN ARGENTINA S.A;;;CON;;;;;;;PISO;;;;;300;Bruno Centurion;AXUM;;;False;131872;0;1;;;;;;1;;1312,67
23228;Av. Espora 580;ADROGUE;2026-10-02;02-10-2026;01-10-2026;FAC-A-131872;Venta;LAGOPUELO S.A;34320;12,00;15752,06;19060,00;CHEN QI;;20,00 %;062;Nahuel Martinez;;Poett Desinf. Frescura de Lavanda 900ml;1312,67;3416;;3;Autoservicio B;1292,00;NAHUEL MONTOYA;;$;2;GRUPO AYUDIN ARGENTINA S.A;;;CON;;;;;;;PISO;;;;;300;Bruno Centurion;AXUM;;;False;131872;0;1;;;;;;1;;1312,67
3985;JOAQUIN V GONZALEZ 998;MONTE GRANDE;2026-10-05;05-10-2026;01-10-2026;FAC-B-131874;Venta;LAGOPUELO S.A;33929;6,00;22704,30;27472,20;Lee pei hua;;0,00 %;064;Karina Fernandez;;Poett Frgnz SuadAlg DoyPk 12/250ml;3784,05;3429;;3;Autoservicio A;2803,00;SIMON OLIVERA;;$;2;GRUPO AYUDIN ARGENTINA S.A;;;CON;;;;;;;AERO POETT;;;;;300;Bruno Centurion;AXUM;;;False;131874;0;1;;;;;;1;;3784,05
3985;JOAQUIN V GONZALEZ 998;MONTE GRANDE;2026-10-05;05-10-2026;01-10-2026;FAC-B-131874;Venta;LAGOPUELO S.A;60228;3,00;16419,00;19866,99;Lee pei hua;;0,00 %;064;Karina Fernandez;;Aydn PurGlac TriPod 3/4l GP2;5473,00;3429;;3;Autoservicio A;4210,00;SIMON OLIVERA;;$;2;GRUPO AYUDIN ARGENTINA S.A;;;CON;;;;;;;LAVANDINA;;;;;300;Bruno Centurion;AXUM;;;False;131874;0;1;;;;;;1;;5473,00
3985;JOAQUIN V GONZALEZ 998;MONTE GRANDE;2026-10-05;05-10-2026;01-10-2026;FAC-B-131874;Venta;LAGOPUELO S.A;60227;8,00;18493,28;22376,87;Lee pei hua;;15,00 %;064;Karina Fernandez;;Aydn PurGlac TriPod 8/2l GP2;2311,66;3429;;3;Autoservicio A;2092,00;SIMON OLIVERA;;$;2;GRUPO AYUDIN ARGENTINA S.A;;;CON;;;;;;;LAVANDINA;;;;;300;Bruno Centurion;AXUM;;;False;131874;0;1;;;;;;1;;2311,66
3985;JOAQUIN V GONZALEZ 998;MONTE GRANDE;2026-10-05;05-10-2026;01-10-2026;FAC-B-131874;Venta;LAGOPUELO S.A;60240;15,00;37086,05;44874,12;Lee pei hua;;15,00 %;064;Karina Fernandez;;Aydn Lavdna Gel Lavda EXPRT 15/700ml GP2;2472,40;3429;;3;Autoservicio A;2187,00;SIMON OLIVERA;;$;2;GRUPO AYUDIN ARGENTINA S.A;;;CON;;;;;;;LAVANDINA;;;;;300;Bruno Centurion;AXUM;;;False;131874;0;1;;;;;;1;;2472,40
3320;ESTANISLAO DEL CAMPO 2174;Quilmes;2026-10-02;02-10-2026;01-10-2026;FAC-A-131877;Venta;LAGOPUELO S.A;60231;15,00;24339,00;29450,19;GUAN XIONG;;0,00 %;054;Leonel Caruso;;Aydn A-Sp Trad 15/1l GP2;1622,60;3413;;3;AUTOSERVICIO;1220,00;HERNAN RIVERO;;$;2;GRUPO AYUDIN ARGENTINA S.A;;;CON;;;;;;;LAVANDINA;;;;;300;Bruno Centurion;AXUM;;;False;131877;0;1;;;;;;1;;1622,60
3320;ESTANISLAO DEL CAMPO 2174;Quilmes;2026-10-02;02-10-2026;01-10-2026;FAC-A-131877;Venta;LAGOPUELO S.A;34320;12,00;14767,56;17868,75;GUAN XIONG;;25,00 %;054;Leonel Caruso;;Poett Desinf. Frescura de Lavanda 900ml;1230,63;3413;;3;AUTOSERVICIO;1292,00;HERNAN RIVERO;;$;2;GRUPO AYUDIN ARGENTINA S.A;;;CON;;;;;;;PISO;;;;;300;Bruno Centurion;AXUM;;;False;131877;0;1;;;;;;1;;1230,63
3320;ESTANISLAO DEL CAMPO 2174;Quilmes;2026-10-02;02-10-2026;01-10-2026;FAC-A-131877;Venta;LAGOPUELO S.A;34324;12,00;14767,56;17868,75;GUAN XIONG;;25,00 %;054;Leonel Caruso;;Poett Desinf. Flores de Primavera 900ml;1230,63;3413;;3;AUTOSERVICIO;1292,00;HERNAN RIVERO;;$;2;GRUPO AYUDIN ARGENTINA S.A;;;CON;;;;;;;PISO;;;;;300;Bruno Centurion;AXUM;;;False;131877;0;1;;;;;;1;;1230,63
3320;ESTANISLAO DEL CAMPO 2174;Quilmes;2026-10-02;02-10-2026;01-10-2026;FAC-A-131877;Venta;LAGOPUELO S.A;34327;12,00;14767,56;17868,75;GUAN XIONG;;25,00 %;054;Leonel Caruso;;Poett Desinf. Solo para ti 900ml;1230,63;3413;;3;AUTOSERVICIO;1292,00;HERNAN RIVERO;;$;2;GRUPO AYUDIN ARGENTINA S.A;;;CON;;;;;;;PISO;;;;;300;Bruno Centurion;AXUM;;;False;131877;0;1;;;;;;1;;1230,63
3320;ESTANISLAO DEL CAMPO 2174;Quilmes;2026-10-02;02-10-2026;01-10-2026;FAC-A-131877;Venta;LAGOPUELO S.A;34334;12,00;14767,56;17868,75;GUAN XIONG;;25,00 %;054;Leonel Caruso;;Poett Dsnf SuadBebe 12/900ml;1230,63;3413;;3;AUTOSERVICIO;1292,00;HERNAN RIVERO;;$;2;GRUPO AYUDIN ARGENTINA S.A;;;CON;;;;;;;PISO;;;;;300;Bruno Centurion;AXUM;;;False;131877;0;1;;;;;;1;;1230,63
3320;ESTANISLAO DEL CAMPO 2174;Quilmes;2026-10-02;02-10-2026;01-10-2026;FAC-A-131877;Venta;LAGOPUELO S.A;34336;12,00;14767,56;17868,75;GUAN XIONG;;25,00 %;054;Leonel Caruso;;Poett Dsnf SuadAlg 12/900ml;1230,63;3413;;3;AUTOSERVICIO;1292,00;HERNAN RIVERO;;$;2;GRUPO AYUDIN ARGENTINA S.A;;;CON;;;;;;;PISO;;;;;300;Bruno Centurion;AXUM;;;False;131877;0;1;;;;;;1;;1230,63
3320;ESTANISLAO DEL CAMPO 2174;Quilmes;2026-10-02;02-10-2026;01-10-2026;FAC-A-131877;Venta;LAGOPUELO S.A;34338;12,00;14767,56;17868,75;GUAN XIONG;;25,00 %;054;Leonel Caruso;;Poett Dsnf MscPrmvra 12/900ml;1230,63;3413;;3;AUTOSERVICIO;1292,00;HERNAN RIVERO;;$;2;GRUPO AYUDIN ARGENTINA S.A;;;CON;;;;;;;PISO;;;;;300;Bruno Centurion;AXUM;;;False;131877;0;1;;;;;;1;;1230,63
3320;ESTANISLAO DEL CAMPO 2174;Quilmes;2026-10-02;02-10-2026;01-10-2026;FAC-A-131877;Venta;LAGOPUELO S.A;34342;12,00;14767,56;17868,75;GUAN XIONG;;25,00 %;054;Leonel Caruso;;Poett Dsnf AlgrDia 12/900ml;1230,63;3413;;3;AUTOSERVICIO;1292,00;HERNAN RIVERO;;$;2;GRUPO AYUDIN ARGENTINA S.A;;;CON;;;;;;;PISO;;;;;300;Bruno Centurion;AXUM;;;False;131877;0;1;;;;;;1;;1230,63
3320;ESTANISLAO DEL CAMPO 2174;Quilmes;2026-10-02;02-10-2026;01-10-2026;FAC-A-131877;Venta;LAGOPUELO S.A;60386;12,00;14767,56;17868,75;GUAN XIONG;;25,00 %;054;Leonel Caruso;;Poett EsptPly 12/900ml;1230,63;3413;;3;AUTOSERVICIO;1292,00;HERNAN RIVERO;;$;2;GRUPO AYUDIN ARGENTINA S.A;;;CON;;;;;;;PISO;;;;;300;Bruno Centurion;AXUM;;;False;131877;0;1;;;;;;1;;1230,63
3320;ESTANISLAO DEL CAMPO 2174;Quilmes;2026-10-02;02-10-2026;01-10-2026;FAC-A-131877;Venta;LAGOPUELO S.A;36001;12,00;14767,56;17868,75;GUAN XIONG;;25,00 %;054;Leonel Caruso;;POETT FRSC TROP 12/900;1230,63;3413;;3;AUTOSERVICIO;1292,00;HERNAN RIVERO;;$;2;GRUPO AYUDIN ARGENTINA S.A;;;CON;;;;;;;PISO;;;;;300;Bruno Centurion;AXUM;;;False;131877;0;1;;;;;;1;;1230,63
3320;ESTANISLAO DEL CAMPO 2174;Quilmes;2026-10-02;02-10-2026;01-10-2026;FAC-A-131877;Venta;LAGOPUELO S.A;50087;12,00;49183,20;59511,67;GUAN XIONG;;0,00 %;054;Leonel Caruso;;Poett Frgnz Huellitas 12/250ml AR;4098,60;3413;;3;AUTOSERVICIO;3036,00;HERNAN RIVERO;;$;2;GRUPO AYUDIN ARGENTINA S.A;;;CON;;;;;;;AERO POETT;;;;;300;Bruno Centurion;AXUM;;;False;131877;0;1;;;;;;1;;4098,60
23031;juan de la cruz contreras 437;FLORENCIO VARELA;2026-10-05;05-10-2026;01-10-2026;FAC-A-131881;Venta;LAGOPUELO S.A;17927;30,00;25470,00;30818,70;YU ZHIYING;;20,00 %;6;Nieves Alegre;;AYDN LAVDNA OR 15/1L;849,00;3428;;3;Autoservicio A;849,00;CLAUDIO GARCIA;;$;2;GRUPO AYUDIN ARGENTINA S.A;;;CON;;;;;;;LAVANDINA;;;;;25;JOHANA VIGIL;AXUM;;;False;131881;0;1;;;;;;1;;849,00
27572;Iriarte - (AUTOSERVICIOS) 2064;TEMPERLEY;2026-10-02;02-10-2026;01-10-2026;FAC-A-131886;Venta;LAGOPUELO S.A;32288;6,00;11037,00;13354,77;Lin Yanling;;0,00 %;074;Romina Baez;;Tren Oxi DoyPk 16/400ml;1839,50;3410;;3;Autoservicio A;1415,00;MARIANO SOSA;;$;2;GRUPO AYUDIN ARGENTINA S.A;;;CON;;;;;;;LAVADO DE ROPA;;;;;300;Bruno Centurion;AXUM;;;False;131886;0;1;;;;;;1;;1839,50
23415;Hip√≥lito Bouchard - (AUTOSERVICIOS) 1596;ADROGUE;2026-10-02;02-10-2026;01-10-2026;FAC-A-131892;Venta;LAGOPUELO S.A;17927;30,00;25470,00;30818,70;D ONOFRIO OSCAR ALEJANDRO;;20,00 %;062;Nahuel Martinez;;AYDN LAVDNA OR 15/1L;849,00;3416;;3;Autoservicio B;849,00;NAHUEL MONTOYA;;$;2;GRUPO AYUDIN ARGENTINA S.A;;;CON;;;;;;;LAVANDINA;;;;;300;Bruno Centurion;AXUM;;;False;131892;0;1;;;;;;1;;849,00
23415;Hip√≥lito Bouchard - (AUTOSERVICIOS) 1596;ADROGUE;2026-10-02;02-10-2026;01-10-2026;FAC-A-131892;Venta;LAGOPUELO S.A;34320;12,00;15161,36;18345,25;D ONOFRIO OSCAR ALEJANDRO;;23,00 %;062;Nahuel Martinez;;Poett Desinf. Frescura de Lavanda 900ml;1263,45;3416;;3;Autoservicio B;1292,00;NAHUEL MONTOYA;;$;2;GRUPO AYUDIN ARGENTINA S.A;;;CON;;;;;;;PISO;;;;;300;Bruno Centurion;AXUM;;;False;131892;0;1;;;;;;1;;1263,45
23415;Hip√≥lito Bouchard - (AUTOSERVICIOS) 1596;ADROGUE;2026-10-02;02-10-2026;01-10-2026;FAC-A-131892;Venta;LAGOPUELO S.A;34324;12,00;15161,36;18345,25;D ONOFRIO OSCAR ALEJANDRO;;23,00 %;062;Nahuel Martinez;;Poett Desinf. Flores de Primavera 900ml;1263,45;3416;;3;Autoservicio B;1292,00;NAHUEL MONTOYA;;$;2;GRUPO AYUDIN ARGENTINA S.A;;;CON;;;;;;;PISO;;;;;300;Bruno Centurion;AXUM;;;False;131892;0;1;;;;;;1;;1263,45
23415;Hip√≥lito Bouchard - (AUTOSERVICIOS) 1596;ADROGUE;2026-10-02;02-10-2026;01-10-2026;FAC-A-131892;Venta;LAGOPUELO S.A;34327;12,00;15161,36;18345,25;D ONOFRIO OSCAR ALEJANDRO;;23,00 %;062;Nahuel Martinez;;Poett Desinf. Solo para ti 900ml;1263,45;3416;;3;Autoservicio B;1292,00;NAHUEL MONTOYA;;$;2;GRUPO AYUDIN ARGENTINA S.A;;;CON;;;;;;;PISO;;;;;300;Bruno Centurion;AXUM;;;False;131892;0;1;;;;;;1;;1263,45
23415;Hip√≥lito Bouchard - (AUTOSERVICIOS) 1596;ADROGUE;2026-10-02;02-10-2026;01-10-2026;FAC-A-131892;Venta;LAGOPUELO S.A;34334;12,00;15161,36;18345,25;D ONOFRIO OSCAR ALEJANDRO;;23,00 %;062;Nahuel Martinez;;Poett Dsnf SuadBebe 12/900ml;1263,45;3416;;3;Autoservicio B;1292,00;NAHUEL MONTOYA;;$;2;GRUPO AYUDIN ARGENTINA S.A;;;CON;;;;;;;PISO;;;;;300;Bruno Centurion;AXUM;;;False;131892;0;1;;;;;;1;;1263,45
23415;Hip√≥lito Bouchard - (AUTOSERVICIOS) 1596;ADROGUE;2026-10-02;02-10-2026;01-10-2026;FAC-A-131892;Venta;LAGOPUELO S.A;34336;12,00;15161,36;18345,25;D ONOFRIO OSCAR ALEJANDRO;;23,00 %;062;Nahuel Martinez;;Poett Dsnf SuadAlg 12/900ml;1263,45;3416;;3;Autoservicio B;1292,00;NAHUEL MONTOYA;;$;2;GRUPO AYUDIN ARGENTINA S.A;;;CON;;;;;;;PISO;;;;;300;Bruno Centurion;AXUM;;;False;131892;0;1;;;;;;1;;1263,45
108132;Lomas De Zamora 244 0;WILDE;2026-10-02;02-10-2026;01-10-2026;FAC-A-131898;Venta;LAGOPUELO S.A;61047;8,00;23682,26;28655,53;Jian Ping Zheng;;18,00 %;29;Camila Navarrete;;Aydn RopQuitMnch BlncInt 8/2l;2960,28;3409;;3;AUTOSERVICIO;2777,00;SIMON OLIVERA;;$;2;GRUPO AYUDIN ARGENTINA S.A;;;EFV;;;;;;;LAVADO DE ROPA;;;;;25;JOHANA VIGIL;AXUM;;;False;131898;0;1;;;;;;1;;2960,28
105428;Nazar 258;GERLI;2026-10-02;02-10-2026;01-10-2026;FAC-A-131902;Venta;Empresa LAGOPUELO;60886;6,00;14924,13;18058,20;Zhuan Yucai;;15,00 %;30;Oriana Songini;;Poett Aer FlrPrm ExtFrag 6/360ml;2487,36;3408;;georgalos-7;Almacen;2251,00;CLAUDIO GARCIA;;$;2;GRUPO AYUDIN ARGENTINA S.A;;;EFV;;;;;;;AERO POETT;;;;;25;JOHANA VIGIL;AXUM;;;False;131902;0;1;;;;;;1;;2487,36
105428;Nazar 258;GERLI;2026-10-02;02-10-2026;01-10-2026;FAC-A-131902;Venta;Empresa LAGOPUELO;50090;6,00;14924,13;18058,20;Zhuan Yucai;;15,00 %;30;Oriana Songini;;Poett Aer Huellitas 6/360ml;2487,36;3408;;georgalos-7;Almacen;2251,00;CLAUDIO GARCIA;;$;2;GRUPO AYUDIN ARGENTINA S.A;;;EFV;;;;;;;AERO POETT;;;;;25;JOHANA VIGIL;AXUM;;;False;131902;0;1;;;;;;1;;2487,36
105428;Nazar 258;GERLI;2026-10-02;02-10-2026;01-10-2026;FAC-A-131902;Venta;Empresa LAGOPUELO;60888;6,00;14924,13;18058,20;Zhuan Yucai;;15,00 %;30;Oriana Songini;;Poett Aer SvdAlg ExtFrag 6/360ml;2487,36;3408;;georgalos-7;Almacen;2251,00;CLAUDIO GARCIA;;$;2;GRUPO AYUDIN ARGENTINA S.A;;;EFV;;;;;;;AERO POETT;;;;;25;JOHANA VIGIL;AXUM;;;False;131902;0;1;;;;;;1;;2487,36
105428;Nazar 258;GERLI;2026-10-02;02-10-2026;01-10-2026;FAC-A-131902;Venta;Empresa LAGOPUELO;60887;6,00;14924,13;18058,20;Zhuan Yucai;;15,00 %;30;Oriana Songini;;Poett Aer SvdBb ExtFrag 6/360ml;2487,36;3408;;georgalos-7;Almacen;2251,00;CLAUDIO GARCIA;;$;2;GRUPO AYUDIN ARGENTINA S.A;;;EFV;;;;;;;AERO POETT;;;;;25;JOHANA VIGIL;AXUM;;;False;131902;0;1;;;;;;1;;2487,36
29190;Somellera - (AUTOSERVICIOS) 648;ADROGUE;2026-10-02;02-10-2026;01-10-2026;FAC-A-131906;Venta;LAGOPUELO S.A;34324;6,00;7876,03;9530,00;DIETER CHACA ACHA;;20,00 %;062;Nahuel Martinez;;Poett Desinf. Flores de Primavera 900ml;1312,67;3416;;2;ALMACEN;1292,00;NAHUEL MONTOYA;;$;2;GRUPO AYUDIN ARGENTINA S.A;;;CON;;;;;;;PISO;;;;;300;Bruno Centurion;AXUM;;;False;131906;0;1;;;;;;1;;1312,67
29190;Somellera - (AUTOSERVICIOS) 648;ADROGUE;2026-10-02;02-10-2026;01-10-2026;FAC-A-131906;Venta;LAGOPUELO S.A;34336;6,00;7876,03;9530,00;DIETER CHACA ACHA;;20,00 %;062;Nahuel Martinez;;Poett Dsnf SuadAlg 12/900ml;1312,67;3416;;2;ALMACEN;1292,00;NAHUEL MONTOYA;;$;2;GRUPO AYUDIN ARGENTINA S.A;;;CON;;;;;;;PISO;;;;;300;Bruno Centurion;AXUM;;;False;131906;0;1;;;;;;1;;1312,67
322912;CALLE 893 5261;Quilmes;2026-10-02;02-10-2026;01-10-2026;FAC-A-131915;Venta;LAGOPUELO S.A;34320;4,00;5250,69;6353,33;GORRITTI HECTOR RAUL;;20,00 %;056;Ezequiel Ferreira;;Poett Desinf. Frescura de Lavanda 900ml;1312,67;3412;;2;ALMACEN;1292,00;IVAN MONTOYA;;$;2;GRUPO AYUDIN ARGENTINA S.A;;;CON;;;;;;;PISO;;;;;300;Bruno Centurion;AXUM;;;False;131915;0;1;;;;;;1;;1312,67
322912;CALLE 893 5261;Quilmes;2026-10-02;02-10-2026;01-10-2026;FAC-A-131915;Venta;LAGOPUELO S.A;34324;4,00;5250,69;6353,33;GORRITTI HECTOR RAUL;;20,00 %;056;Ezequiel Ferreira;;Poett Desinf. Flores de Primavera 900ml;1312,67;3412;;2;ALMACEN;1292,00;IVAN MONTOYA;;$;2;GRUPO AYUDIN ARGENTINA S.A;;;CON;;;;;;;PISO;;;;;300;Bruno Centurion;AXUM;;;False;131915;0;1;;;;;;1;;1312,67
322912;CALLE 893 5261;Quilmes;2026-10-02;02-10-2026;01-10-2026;FAC-A-131915;Venta;LAGOPUELO S.A;34327;4,00;5250,69;6353,33;GORRITTI HECTOR RAUL;;20,00 %;056;Ezequiel Ferreira;;Poett Desinf. Solo para ti 900ml;1312,67;3412;;2;ALMACEN;1292,00;IVAN MONTOYA;;$;2;GRUPO AYUDIN ARGENTINA S.A;;;CON;;;;;;;PISO;;;;;300;Bruno Centurion;AXUM;;;False;131915;0;1;;;;;;1;;1312,67
322912;CALLE 893 5261;Quilmes;2026-10-02;02-10-2026;01-10-2026;FAC-A-131915;Venta;LAGOPUELO S.A;17927;15,00;12735,00;15409,35;GORRITTI HECTOR RAUL;;20,00 %;056;Ezequiel Ferreira;;AYDN LAVDNA OR 15/1L;849,00;3412;;2;ALMACEN;849,00;IVAN MONTOYA;;$;2;GRUPO AYUDIN ARGENTINA S.A;;;CON;;;;;;;LAVANDINA;;;;;300;Bruno Centurion;AXUM;;;False;131915;0;1;;;;;;1;;849,00
322912;CALLE 893 5261;Quilmes;2026-10-02;02-10-2026;01-10-2026;FAC-A-131915;Venta;LAGOPUELO S.A;60233;3,00;7417,21;8974,82;GORRITTI HECTOR RAUL;;15,00 %;056;Ezequiel Ferreira;;Aydn Lavdna Gel Or 15/700ml GP2;2472,40;3412;;2;ALMACEN;2187,00;IVAN MONTOYA;;$;2;GRUPO AYUDIN ARGENTINA S.A;;;CON;;;;;;;LAVANDINA;;;;;300;Bruno Centurion;AXUM;;;False;131915;0;1;;;;;;1;;2472,40
107755;Victor  Hugo 859 0;LANUS;2026-10-02;02-10-2026;01-10-2026;FAC-A-131918;Venta;LAGOPUELO S.A;33575;6,00;11387,46;13778,83;Lin Wenfang;;0,00 %;26;Sabrina Pereyra;;Aydn Ropa ClrViv DoyPk 16/400ml;1897,91;3409;;3;AUTOSERVICIO;1427,00;SIMON OLIVERA;;$;2;GRUPO AYUDIN ARGENTINA S.A;;;EFV;;;;;;;LAVADO DE ROPA;;;;;25;JOHANA VIGIL;AXUM;;;False;131918;0;1;;;;;;1;;1897,91
107755;Victor  Hugo 859 0;LANUS;2026-10-02;02-10-2026;01-10-2026;FAC-A-131918;Venta;LAGOPUELO S.A;32288;6,00;11037,00;13354,77;Lin Wenfang;;0,00 %;26;Sabrina Pereyra;;Tren Oxi DoyPk 16/400ml;1839,50;3409;;3;AUTOSERVICIO;1415,00;SIMON OLIVERA;;$;2;GRUPO AYUDIN ARGENTINA S.A;;;EFV;;;;;;;LAVADO DE ROPA;;;;;25;JOHANA VIGIL;AXUM;;;False;131918;0;1;;;;;;1;;1839,50
107755;Victor  Hugo 859 0;LANUS;2026-10-02;02-10-2026;01-10-2026;FAC-A-131918;Venta;LAGOPUELO S.A;61816;6,00;17091,36;20680,55;Lin Wenfang;;20,00 %;26;Sabrina Pereyra;;Sltn MataMosq Aer AccInst 6/360ml BA;2848,56;3409;;3;AUTOSERVICIO;2739,00;SIMON OLIVERA;;$;2;GRUPO AYUDIN ARGENTINA S.A;;;EFV;;;;;;;SELTON;;;;;25;JOHANA VIGIL;AXUM;;;False;131918;0;1;;;;;;1;;2848,56
23597;Carlos Morel - (AUTOSERVICIOS) 317;BURZACO;2026-10-02;02-10-2026;01-10-2026;FAC-A-131922;Venta;LAGOPUELO S.A;60223;8,00;18493,28;22376,87;ZHU SHAOBIN;;15,00 %;063;Daniel Martin;;Aydn Lavda TriPod 8/2l GP2;2311,66;3416;;3;Autoservicio A;2092,00;NAHUEL MONTOYA;;$;2;GRUPO AYUDIN ARGENTINA S.A;;;CON;;;;;;;LAVANDINA;;;;;300;Bruno Centurion;AXUM;;;False;131922;0;1;;;;;;1;;2311,66
23597;Carlos Morel - (AUTOSERVICIOS) 317;BURZACO;2026-10-02;02-10-2026;01-10-2026;FAC-A-131922;Venta;LAGOPUELO S.A;60226;15,00;17403,75;21058,54;ZHU SHAOBIN;;15,00 %;063;Daniel Martin;;Aydn PurGlac TriPod 15/1l GP2;1160,25;3416;;3;Autoservicio A;1050,00;NAHUEL MONTOYA;;$;2;GRUPO AYUDIN ARGENTINA S.A;;;CON;;;;;;;LAVANDINA;;;;;300;Bruno Centurion;AXUM;;;False;131922;0;1;;;;;;1;;1160,25
23593;Juan Carlos Castagnino 1100;BURZACO;2026-10-02;02-10-2026;01-10-2026;FAC-A-131924;Venta;LAGOPUELO S.A;61047;4,00;11841,13;14327,76;YAN RUIMING;;18,00 %;063;Daniel Martin;;Aydn RopQuitMnch BlncInt 8/2l;2960,28;3416;;3;Autoservicio A;2777,00;NAHUEL MONTOYA;;$;2;GRUPO AYUDIN ARGENTINA S.A;;;CON;;;;;;;LAVADO DE ROPA;;;;;300;Bruno Centurion;AXUM;;;False;131924;0;1;;;;;;1;;2960,28
25019;AV.SANTA SOFIA E/ ALTA GRACIA Y HACHALA 927;BOSQUES;2026-10-02;02-10-2026;01-10-2026;FAC-A-131930;Venta;LAGOPUELO S.A;33576;32,00;60733,12;73487,08;DANIEL ESTEBAN NARDI;;0,00 %;052;Nicole Sosa;;Aydn Ropa BlncSprms DoyPk 16/400ml;1897,91;3411;;6;MAYORISTA;1427,00;JUAN ESCOTO;;$;2;GRUPO AYUDIN ARGENTINA S.A;;;CON;;;;;;;LAVADO DE ROPA;;;;;300;Bruno Centurion;AXUM;;;False;131930;0;1;;;;;;1;;1897,91
25019;AV.SANTA SOFIA E/ ALTA GRACIA Y HACHALA 927;BOSQUES;2026-10-02;02-10-2026;01-10-2026;FAC-A-131930;Venta;LAGOPUELO S.A;34327;48,00;60645,45;73380,99;DANIEL ESTEBAN NARDI;;23,00 %;052;Nicole Sosa;;Poett Desinf. Solo para ti 900ml;1263,45;3411;;6;MAYORISTA;1292,00;JUAN ESCOTO;;$;2;GRUPO AYUDIN ARGENTINA S.A;;;CON;;;;;;;PISO;;;;;300;Bruno Centurion;AXUM;;;False;131930;0;1;;;;;;1;;1263,45
25019;AV.SANTA SOFIA E/ ALTA GRACIA Y HACHALA 927;BOSQUES;2026-10-02;02-10-2026;01-10-2026;FAC-A-131930;Venta;LAGOPUELO S.A;60386;48,00;60645,45;73380,99;DANIEL ESTEBAN NARDI;;23,00 %;052;Nicole Sosa;;Poett EsptPly 12/900ml;1263,45;3411;;6;MAYORISTA;1292,00;JUAN ESCOTO;;$;2;GRUPO AYUDIN ARGENTINA S.A;;;CON;;;;;;;PISO;;;;;300;Bruno Centurion;AXUM;;;False;131930;0;1;;;;;;1;;1263,45
25019;AV.SANTA SOFIA E/ ALTA GRACIA Y HACHALA 927;BOSQUES;2026-10-02;02-10-2026;01-10-2026;FAC-A-131930;Venta;LAGOPUELO S.A;34336;24,00;30322,72;36690,50;DANIEL ESTEBAN NARDI;;23,00 %;052;Nicole Sosa;;Poett Dsnf SuadAlg 12/900ml;1263,45;3411;;6;MAYORISTA;1292,00;JUAN ESCOTO;;$;2;GRUPO AYUDIN ARGENTINA S.A;;;CON;;;;;;;PISO;;;;;300;Bruno Centurion;AXUM;;;False;131930;0;1;;;;;;1;;1263,45
23699;BRUZONE 845;ESTEBAN ECHEVERR√¬çA;2026-10-05;05-10-2026;01-10-2026;FAC-A-131944;Venta;LAGOPUELO S.A;60234;6,00;14834,42;17949,65;HUANG RUIHUANG;;15,00 %;064;Karina Fernandez;;Aydn Lavdna Gel Ctra 15/700ml GP2;2472,40;3429;;3;Autoservicio A;2187,00;SIMON OLIVERA;;$;2;GRUPO AYUDIN ARGENTINA S.A;;;CON;;;;;;;LAVANDINA;;;;;300;Bruno Centurion;AXUM;;;False;131944;0;1;;;;;;1;;2472,40
27554;Iriarte - (AUTOSERVICIOS) 1356;TEMPERLEY;2026-10-02;02-10-2026;01-10-2026;FAC-A-131948;Venta;LAGOPUELO S.A;60223;8,00;18493,28;22376,87;Lin Yuehua;;15,00 %;073;Florencia Cubilla;;Aydn Lavda TriPod 8/2l GP2;2311,66;3410;;3;Autoservicio B;2092,00;MARIANO SOSA;;$;2;GRUPO AYUDIN ARGENTINA S.A;;;CON;;;;;;;LAVANDINA;;;;;300;Bruno Centurion;AXUM;;;False;131948;0;1;;;;;;1;;2311,66
27554;Iriarte - (AUTOSERVICIOS) 1356;TEMPERLEY;2026-10-02;02-10-2026;01-10-2026;FAC-A-131948;Venta;LAGOPUELO S.A;60227;8,00;18493,28;22376,87;Lin Yuehua;;15,00 %;073;Florencia Cubilla;;Aydn PurGlac TriPod 8/2l GP2;2311,66;3410;;3;Autoservicio B;2092,00;MARIANO SOSA;;$;2;GRUPO AYUDIN ARGENTINA S.A;;;CON;;;;;;;LAVANDINA;;;;;300;Bruno Centurion;AXUM;;;False;131948;0;1;;;;;;1;;2311,66
27554;Iriarte - (AUTOSERVICIOS) 1356;TEMPERLEY;2026-10-02;02-10-2026;01-10-2026;FAC-A-131948;Venta;LAGOPUELO S.A;61046;15,00;22306,05;26990,32;Lin Yuehua;;18,00 %;073;Florencia Cubilla;;Aydn RopQuitMnch BlncInt 15/1l;1487,07;3410;;3;Autoservicio B;1395,00;MARIANO SOSA;;$;2;GRUPO AYUDIN ARGENTINA S.A;;;CON;;;;;;;LAVADO DE ROPA;;;;;300;Bruno Centurion;AXUM;;;False;131948;0;1;;;;;;1;;1487,07
106360;Victor Hugo 1210 0;MONTE CHINGOLO;2026-10-02;02-10-2026;01-10-2026;FAC-A-131950;Venta;LAGOPUELO S.A;17927;15,00;12735,00;15409,35;KIRIAZI ELIAS ALFONSO;;20,00 %;26;Sabrina Pereyra;;AYDN LAVDNA OR 15/1L;849,00;3409;;georgalos-7;Almacen;849,00;SIMON OLIVERA;;$;2;GRUPO AYUDIN ARGENTINA S.A;;;EFV;;;;;;;LAVANDINA;;;;;25;JOHANA VIGIL;AXUM;;;False;131950;0;1;;;;;;1;;849,00
106360;Victor Hugo 1210 0;MONTE CHINGOLO;2026-10-02;02-10-2026;01-10-2026;FAC-A-131950;Venta;LAGOPUELO S.A;60886;6,00;14924,13;18058,20;KIRIAZI ELIAS ALFONSO;;15,00 %;26;Sabrina Pereyra;;Poett Aer FlrPrm ExtFrag 6/360ml;2487,36;3409;;georgalos-7;Almacen;2251,00;SIMON OLIVERA;;$;2;GRUPO AYUDIN ARGENTINA S.A;;;EFV;;;;;;;AERO POETT;;;;;25;JOHANA VIGIL;AXUM;;;False;131950;0;1;;;;;;1;;2487,36
106360;Victor Hugo 1210 0;MONTE CHINGOLO;2026-10-02;02-10-2026;01-10-2026;FAC-A-131950;Venta;LAGOPUELO S.A;61036;6,00;14924,13;18058,20;KIRIAZI ELIAS ALFONSO;;15,00 %;26;Sabrina Pereyra;;Poett Aer EsptPly ExtFrag 6/360ml;2487,36;3409;;georgalos-7;Almacen;2251,00;SIMON OLIVERA;;$;2;GRUPO AYUDIN ARGENTINA S.A;;;EFV;;;;;;;AERO POETT;;;;;25;JOHANA VIGIL;AXUM;;;False;131950;0;1;;;;;;1;;2487,36
106360;Victor Hugo 1210 0;MONTE CHINGOLO;2026-10-02;02-10-2026;01-10-2026;FAC-A-131950;Venta;LAGOPUELO S.A;60888;6,00;14924,13;18058,20;KIRIAZI ELIAS ALFONSO;;15,00 %;26;Sabrina Pereyra;;Poett Aer SvdAlg ExtFrag 6/360ml;2487,36;3409;;georgalos-7;Almacen;2251,00;SIMON OLIVERA;;$;2;GRUPO AYUDIN ARGENTINA S.A;;;EFV;;;;;;;AERO POETT;;;;;25;JOHANA VIGIL;AXUM;;;False;131950;0;1;;;;;;1;;2487,36
100672;Centenario Uruguayo 479 1 0;LANUS;2026-10-02;02-10-2026;01-10-2026;FAC-A-131954;Venta;LAGOPUELO S.A;61620;3,00;10042,50;12151,43;Zhuang Fangping;;0,00 %;24;Cecilia Gauchez;;Aydn Bn Limp† Act Or Gat 12/500 ml;3347,50;3408;;3;AUTOSERVICIO;2575,00;CLAUDIO GARCIA;;$;2;GRUPO AYUDIN ARGENTINA S.A;;;EFV;;;;;;;BAÒO;;;;;25;JOHANA VIGIL;AXUM;;;False;131954;0;1;;;;;;1;;3347,50
100672;Centenario Uruguayo 479 1 0;LANUS;2026-10-02;02-10-2026;01-10-2026;FAC-A-131954;Venta;LAGOPUELO S.A;34321;16,00;38656,80;46774,73;Zhuang Fangping;;25,00 %;24;Cecilia Gauchez;;Poett Desinf. Frescura de Lavanda 1.8ml;2416,05;3408;;3;AUTOSERVICIO;2478,00;CLAUDIO GARCIA;;$;2;GRUPO AYUDIN ARGENTINA S.A;;;EFV;;;;;;;PISO;;;;;25;JOHANA VIGIL;AXUM;;;False;131954;0;1;;;;;;1;;2416,05
100672;Centenario Uruguayo 479 1 0;LANUS;2026-10-02;02-10-2026;01-10-2026;FAC-A-131954;Venta;LAGOPUELO S.A;34327;24,00;29535,12;35737,50;Zhuang Fangping;;25,00 %;24;Cecilia Gauchez;;Poett Desinf. Solo para ti 900ml;1230,63;3408;;3;AUTOSERVICIO;1292,00;CLAUDIO GARCIA;;$;2;GRUPO AYUDIN ARGENTINA S.A;;;EFV;;;;;;;PISO;;;;;25;JOHANA VIGIL;AXUM;;;False;131954;0;1;;;;;;1;;1230,63
100672;Centenario Uruguayo 479 1 0;LANUS;2026-10-02;02-10-2026;01-10-2026;FAC-A-131954;Venta;LAGOPUELO S.A;34342;24,00;29535,12;35737,50;Zhuang Fangping;;25,00 %;24;Cecilia Gauchez;;Poett Dsnf AlgrDia 12/900ml;1230,63;3408;;3;AUTOSERVICIO;1292,00;CLAUDIO GARCIA;;$;2;GRUPO AYUDIN ARGENTINA S.A;;;EFV;;;;;;;PISO;;;;;25;JOHANA VIGIL;AXUM;;;False;131954;0;1;;;;;;1;;1230,63
100672;Centenario Uruguayo 479 1 0;LANUS;2026-10-02;02-10-2026;01-10-2026;FAC-A-131954;Venta;LAGOPUELO S.A;34336;24,00;29535,12;35737,50;Zhuang Fangping;;25,00 %;24;Cecilia Gauchez;;Poett Dsnf SuadAlg 12/900ml;1230,63;3408;;3;AUTOSERVICIO;1292,00;CLAUDIO GARCIA;;$;2;GRUPO AYUDIN ARGENTINA S.A;;;EFV;;;;;;;PISO;;;;;25;JOHANA VIGIL;AXUM;;;False;131954;0;1;;;;;;1;;1230,63
100672;Centenario Uruguayo 479 1 0;LANUS;2026-10-02;02-10-2026;01-10-2026;FAC-A-131954;Venta;LAGOPUELO S.A;34324;24,00;29535,12;35737,50;Zhuang Fangping;;25,00 %;24;Cecilia Gauchez;;Poett Desinf. Flores de Primavera 900ml;1230,63;3408;;3;AUTOSERVICIO;1292,00;CLAUDIO GARCIA;;$;2;GRUPO AYUDIN ARGENTINA S.A;;;EFV;;;;;;;PISO;;;;;25;JOHANA VIGIL;AXUM;;;False;131954;0;1;;;;;;1;;1230,63
29531;Av. Belgrano - (TRADICIONAL) 6002;WILDE;2026-10-02;02-10-2026;01-10-2026;FAC-A-131956;Venta;LAGOPUELO S.A;61731;6,00;20145,41;24375,94;CRISTIAN ARIEL MARUCCIO;;15,00 %;29;Camila Navarrete;;Sltn MataCuca Aer AccProl 6/360ml BA;3357,57;3409;;3;Autoservicio B;3086,00;SIMON OLIVERA;;$;2;GRUPO AYUDIN ARGENTINA S.A;;;CON;;;;;;;SELTON;;;;;25;JOHANA VIGIL;AXUM;;;False;131956;0;1;;;;;;1;;3357,57
29531;Av. Belgrano - (TRADICIONAL) 6002;WILDE;2026-10-02;02-10-2026;01-10-2026;FAC-A-131956;Venta;LAGOPUELO S.A;33576;3,00;5693,73;6889,41;CRISTIAN ARIEL MARUCCIO;;0,00 %;29;Camila Navarrete;;Aydn Ropa BlncSprms DoyPk 16/400ml;1897,91;3409;;3;Autoservicio B;1427,00;SIMON OLIVERA;;$;2;GRUPO AYUDIN ARGENTINA S.A;;;CON;;;;;;;LAVADO DE ROPA;;;;;25;JOHANA VIGIL;AXUM;;;False;131956;0;1;;;;;;1;;1897,91
29531;Av. Belgrano - (TRADICIONAL) 6002;WILDE;2026-10-02;02-10-2026;01-10-2026;FAC-A-131956;Venta;LAGOPUELO S.A;33575;3,00;5693,73;6889,41;CRISTIAN ARIEL MARUCCIO;;0,00 %;29;Camila Navarrete;;Aydn Ropa ClrViv DoyPk 16/400ml;1897,91;3409;;3;Autoservicio B;1427,00;SIMON OLIVERA;;$;2;GRUPO AYUDIN ARGENTINA S.A;;;CON;;;;;;;LAVADO DE ROPA;;;;;25;JOHANA VIGIL;AXUM;;;False;131956;0;1;;;;;;1;;1897,91
102313;Onsari 158;WILDE;2026-10-02;02-10-2026;01-10-2026;FAC-A-131968;Venta;LAGOPUELO S.A;60234;8,00;19779,23;23932,87;Fang Jinlang;;15,00 %;27;Samanta Dogliotti;;Aydn Lavdna Gel Ctra 15/700ml GP2;2472,40;3409;;3;AUTOSERVICIO;2187,00;SIMON OLIVERA;;$;2;GRUPO AYUDIN ARGENTINA S.A;;;EFV;;;;;;;LAVANDINA;;;;;25;JOHANA VIGIL;AXUM;;;False;131968;0;1;;;;;;1;;2472,40
102313;Onsari 158;WILDE;2026-10-02;02-10-2026;01-10-2026;FAC-A-131968;Venta;LAGOPUELO S.A;60240;7,00;17306,82;20941,26;Fang Jinlang;;15,00 %;27;Samanta Dogliotti;;Aydn Lavdna Gel Lavda EXPRT 15/700ml GP2;2472,40;3409;;3;AUTOSERVICIO;2187,00;SIMON OLIVERA;;$;2;GRUPO AYUDIN ARGENTINA S.A;;;EFV;;;;;;;LAVANDINA;;;;;25;JOHANA VIGIL;AXUM;;;False;131968;0;1;;;;;;1;;2472,40
2166;RUTA 2 KM 38800 COL. 613 Y 616;Berazategui;2026-10-02;02-10-2026;01-10-2026;FAC-A-131969;Venta;LAGOPUELO S.A;60240;15,00;27923,62;33787,58;XUE XIAFENG;;36,00 %;051;Ezequiel Valente;;Aydn Lavdna Gel Lavda EXPRT 15/700ml GP2;1861,57;3411;;3;AUTOSERVICIO;2187,00;JUAN ESCOTO;;$;2;GRUPO AYUDIN ARGENTINA S.A;;;CON;;;;;;;LAVANDINA;;;;;300;Bruno Centurion;AXUM;;;False;131969;0;1;;;;;;1;;1861,57
2166;RUTA 2 KM 38800 COL. 613 Y 616;Berazategui;2026-10-02;02-10-2026;01-10-2026;FAC-A-131969;Venta;LAGOPUELO S.A;60237;15,00;27923,62;33787,58;XUE XIAFENG;;36,00 %;051;Ezequiel Valente;;Aydn Lavdna Gel Flr 15/700ml GP2;1861,57;3411;;3;AUTOSERVICIO;2187,00;JUAN ESCOTO;;$;2;GRUPO AYUDIN ARGENTINA S.A;;;CON;;;;;;;LAVANDINA;;;;;300;Bruno Centurion;AXUM;;;False;131969;0;1;;;;;;1;;1861,57
104826;Mitre 5772 0;WILDE;2026-10-02;02-10-2026;01-10-2026;FAC-A-131980;Venta;LAGOPUELO S.A;61046;15,00;22306,05;26990,32;Zheng Jian Ping;;18,00 %;29;Camila Navarrete;;Aydn RopQuitMnch BlncInt 15/1l;1487,07;3409;;3;AUTOSERVICIO;1395,00;SIMON OLIVERA;;$;2;GRUPO AYUDIN ARGENTINA S.A;;;EFV;;;;;;;LAVADO DE ROPA;;;;;25;JOHANA VIGIL;AXUM;;;False;131980;0;1;;;;;;1;;1487,07
104826;Mitre 5772 0;WILDE;2026-10-02;02-10-2026;01-10-2026;FAC-A-131980;Venta;LAGOPUELO S.A;60226;15,00;17403,75;21058,54;Zheng Jian Ping;;15,00 %;29;Camila Navarrete;;Aydn PurGlac TriPod 15/1l GP2;1160,25;3409;;3;AUTOSERVICIO;1050,00;SIMON OLIVERA;;$;2;GRUPO AYUDIN ARGENTINA S.A;;;EFV;;;;;;;LAVANDINA;;;;;25;JOHANA VIGIL;AXUM;;;False;131980;0;1;;;;;;1;;1160,25
104826;Mitre 5772 0;WILDE;2026-10-02;02-10-2026;01-10-2026;FAC-A-131980;Venta;LAGOPUELO S.A;60223;8,00;18493,28;22376,87;Zheng Jian Ping;;15,00 %;29;Camila Navarrete;;Aydn Lavda TriPod 8/2l GP2;2311,66;3409;;3;AUTOSERVICIO;2092,00;SIMON OLIVERA;;$;2;GRUPO AYUDIN ARGENTINA S.A;;;EFV;;;;;;;LAVANDINA;;;;;25;JOHANA VIGIL;AXUM;;;False;131980;0;1;;;;;;1;;2311,66
104826;Mitre 5772 0;WILDE;2026-10-02;02-10-2026;01-10-2026;FAC-A-131980;Venta;LAGOPUELO S.A;60239;15,00;37086,05;44874,12;Zheng Jian Ping;;15,00 %;29;Camila Navarrete;;Aydn Lavdna Gel MntFrs 15/700ml GP2;2472,40;3409;;3;AUTOSERVICIO;2187,00;SIMON OLIVERA;;$;2;GRUPO AYUDIN ARGENTINA S.A;;;EFV;;;;;;;LAVANDINA;;;;;25;JOHANA VIGIL;AXUM;;;False;131980;0;1;;;;;;1;;2472,40
27556;14 De Julio - (AUTOSERVICIOS) 577;TEMPERLEY;2026-10-02;02-10-2026;01-10-2026;FAC-A-131981;Venta;LAGOPUELO S.A;18026;6,00;15428,40;18668,36;Chen ji;;0,00 %;073;Florencia Cubilla;;Aydn Dsnf PstWC 36/16g;2571,40;3410;;OTR;SIN SUB;1978,00;MARIANO SOSA;;$;2;GRUPO AYUDIN ARGENTINA S.A;;;CON;;;;;;;COCINA;;;;;300;Bruno Centurion;AXUM;;;False;131981;0;1;;;;;;1;;2571,40
27556;14 De Julio - (AUTOSERVICIOS) 577;TEMPERLEY;2026-10-02;02-10-2026;01-10-2026;FAC-A-131981;Venta;LAGOPUELO S.A;61301;6,00;11512,80;13930,49;Chen ji;;0,00 %;073;Florencia Cubilla;;Ayudin Expert Dsnf. Multisup Doypack 16/450m;1918,80;3410;;OTR;SIN SUB;1476,00;MARIANO SOSA;;$;2;GRUPO AYUDIN ARGENTINA S.A;;;CON;;;;;;;AERO AYUDIN;;;;;300;Bruno Centurion;AXUM;;;False;131981;0;1;;;;;;1;;1918,80
27556;14 De Julio - (AUTOSERVICIOS) 577;TEMPERLEY;2026-10-02;02-10-2026;01-10-2026;FAC-A-131981;Venta;LAGOPUELO S.A;61731;12,00;40290,82;48751,89;Chen ji;;15,00 %;073;Florencia Cubilla;;Sltn MataCuca Aer AccProl 6/360ml BA;3357,57;3410;;OTR;SIN SUB;3086,00;MARIANO SOSA;;$;2;GRUPO AYUDIN ARGENTINA S.A;;;CON;;;;;;;SELTON;;;;;300;Bruno Centurion;AXUM;;;False;131981;0;1;;;;;;1;;3357,57
27556;14 De Julio - (AUTOSERVICIOS) 577;TEMPERLEY;2026-10-02;02-10-2026;01-10-2026;FAC-A-131981;Venta;LAGOPUELO S.A;61730;6,00;26795,52;32422,58;Chen ji;;0,00 %;073;Florencia Cubilla;;Sltn MataMosq Aer AccEfct 6/360ml BA;4465,92;3410;;OTR;SIN SUB;3489,00;MARIANO SOSA;;$;2;GRUPO AYUDIN ARGENTINA S.A;;;CON;;;;;;;SELTON;;;;;300;Bruno Centurion;AXUM;;;False;131981;0;1;;;;;;1;;4465,92
27556;14 De Julio - (AUTOSERVICIOS) 577;TEMPERLEY;2026-10-02;02-10-2026;01-10-2026;FAC-A-131981;Venta;LAGOPUELO S.A;61816;6,00;18159,57;21973,08;Chen ji;;15,00 %;073;Florencia Cubilla;;Sltn MataMosq Aer AccInst 6/360ml BA;3026,60;3410;;OTR;SIN SUB;2739,00;MARIANO SOSA;;$;2;GRUPO AYUDIN ARGENTINA S.A;;;CON;;;;;;;SELTON;;;;;300;Bruno Centurion;AXUM;;;False;131981;0;1;;;;;;1;;3026,60
27556;14 De Julio - (AUTOSERVICIOS) 577;TEMPERLEY;2026-10-02;02-10-2026;01-10-2026;FAC-A-131981;Venta;LAGOPUELO S.A;61814;6,00;23773,50;28765,94;Chen ji;;10,00 %;073;Florencia Cubilla;;Sltn MataMosq Aer s/OlrQmc 6/360ml BA;3962,25;3410;;OTR;SIN SUB;3522,00;MARIANO SOSA;;$;2;GRUPO AYUDIN ARGENTINA S.A;;;CON;;;;;;;SELTON;;;;;300;Bruno Centurion;AXUM;;;False;131981;0;1;;;;;;1;;3962,25
27556;14 De Julio - (AUTOSERVICIOS) 577;TEMPERLEY;2026-10-02;02-10-2026;01-10-2026;FAC-A-131981;Venta;LAGOPUELO S.A;33576;6,00;11387,46;13778,83;Chen ji;;0,00 %;073;Florencia Cubilla;;Aydn Ropa BlncSprms DoyPk 16/400ml;1897,91;3410;;OTR;SIN SUB;1427,00;MARIANO SOSA;;$;2;GRUPO AYUDIN ARGENTINA S.A;;;CON;;;;;;;LAVADO DE ROPA;;;;;300;Bruno Centurion;AXUM;;;False;131981;0;1;;;;;;1;;1897,91
108424;Salvador Soreda 4090 0;Villa Dominico;2026-10-02;02-10-2026;01-10-2026;FAC-A-131983;Venta;LAGOPUELO S.A;61046;15,00;24482,25;29623,52;Caceres Cardenas Sixto;;10,00 %;28;Nadia Diaz;;Aydn RopQuitMnch BlncInt 15/1l;1632,15;3409;;georgalos-7;Almacen;1395,00;SIMON OLIVERA;;$;2;GRUPO AYUDIN ARGENTINA S.A;;;EFV;;;;;;;LAVADO DE ROPA;;;;;25;JOHANA VIGIL;AXUM;;;False;131983;0;1;;;;;;1;;1632,15
321087;AV 14 1282;Varela;2026-10-05;05-10-2026;01-10-2026;FAC-A-132001;Venta;Empresa LAGOPUELO;34320;3,00;3938,02;4765,00;JAUREGUY JOSE MARIO;;20,00 %;5;Eliana Huber;;Poett Desinf. Frescura de Lavanda 900ml;1312,67;3428;;2;ALMACEN;1292,00;CLAUDIO GARCIA;;$;2;GRUPO AYUDIN ARGENTINA S.A;;;CON;;;;;;;PISO;;;;;25;JOHANA VIGIL;AXUM;;;False;132001;0;1;;;;;;1;;1312,67
321087;AV 14 1282;Varela;2026-10-05;05-10-2026;01-10-2026;FAC-A-132001;Venta;Empresa LAGOPUELO;34336;3,00;3938,02;4765,00;JAUREGUY JOSE MARIO;;20,00 %;5;Eliana Huber;;Poett Dsnf SuadAlg 12/900ml;1312,67;3428;;2;ALMACEN;1292,00;CLAUDIO GARCIA;;$;2;GRUPO AYUDIN ARGENTINA S.A;;;CON;;;;;;;PISO;;;;;25;JOHANA VIGIL;AXUM;;;False;132001;0;1;;;;;;1;;1312,67
321087;AV 14 1282;Varela;2026-10-05;05-10-2026;01-10-2026;FAC-A-132001;Venta;Empresa LAGOPUELO;34334;3,00;3938,02;4765,00;JAUREGUY JOSE MARIO;;20,00 %;5;Eliana Huber;;Poett Dsnf SuadBebe 12/900ml;1312,67;3428;;2;ALMACEN;1292,00;CLAUDIO GARCIA;;$;2;GRUPO AYUDIN ARGENTINA S.A;;;CON;;;;;;;PISO;;;;;25;JOHANA VIGIL;AXUM;;;False;132001;0;1;;;;;;1;;1312,67
321087;AV 14 1282;Varela;2026-10-05;05-10-2026;01-10-2026;FAC-A-132001;Venta;Empresa LAGOPUELO;34342;3,00;3938,02;4765,00;JAUREGUY JOSE MARIO;;20,00 %;5;Eliana Huber;;Poett Dsnf AlgrDia 12/900ml;1312,67;3428;;2;ALMACEN;1292,00;CLAUDIO GARCIA;;$;2;GRUPO AYUDIN ARGENTINA S.A;;;CON;;;;;;;PISO;;;;;25;JOHANA VIGIL;AXUM;;;False;132001;0;1;;;;;;1;;1312,67
321087;AV 14 1282;Varela;2026-10-05;05-10-2026;01-10-2026;FAC-A-132001;Venta;Empresa LAGOPUELO;22057;6,00;9464,28;11451,78;JAUREGUY JOSE MARIO;;0,00 %;5;Eliana Huber;;Pluz Pino 12/900ml;1577,38;3428;;2;ALMACEN;1186,00;CLAUDIO GARCIA;;$;2;GRUPO AYUDIN ARGENTINA S.A;;;CON;;;;;;;PISO;;;;;25;JOHANA VIGIL;AXUM;;;False;132001;0;1;;;;;;1;;1577,38
27811;gadinni esq colibri - (TRADICIONAL) 1585;TRISTAN SUAREZ;2026-10-06;06-10-2026;01-10-2026;FAC-B-132003;Venta;LAGOPUELO S.A;17927;15,00;12735,00;15409,35;MARIA;;20,00 %;075;Julieta Yegros;;AYDN LAVDNA OR 15/1L;849,00;3446;;2;ALMACEN;849,00;IVAN MONTOYA;;$;2;GRUPO AYUDIN ARGENTINA S.A;;;CON;;;;;;;LAVANDINA;;;;;300;Bruno Centurion;AXUM;;;False;132003;0;1;;;;;;1;;849,00
27811;gadinni esq colibri - (TRADICIONAL) 1585;TRISTAN SUAREZ;2026-10-06;06-10-2026;01-10-2026;FAC-B-132003;Venta;LAGOPUELO S.A;34320;4,00;5250,69;6353,33;MARIA;;20,00 %;075;Julieta Yegros;;Poett Desinf. Frescura de Lavanda 900ml;1312,67;3446;;2;ALMACEN;1292,00;IVAN MONTOYA;;$;2;GRUPO AYUDIN ARGENTINA S.A;;;CON;;;;;;;PISO;;;;;300;Bruno Centurion;AXUM;;;False;132003;0;1;;;;;;1;;1312,67
27811;gadinni esq colibri - (TRADICIONAL) 1585;TRISTAN SUAREZ;2026-10-06;06-10-2026;01-10-2026;FAC-B-132003;Venta;LAGOPUELO S.A;34324;4,00;5250,69;6353,33;MARIA;;20,00 %;075;Julieta Yegros;;Poett Desinf. Flores de Primavera 900ml;1312,67;3446;;2;ALMACEN;1292,00;IVAN MONTOYA;;$;2;GRUPO AYUDIN ARGENTINA S.A;;;CON;;;;;;;PISO;;;;;300;Bruno Centurion;AXUM;;;False;132003;0;1;;;;;;1;;1312,67
27811;gadinni esq colibri - (TRADICIONAL) 1585;TRISTAN SUAREZ;2026-10-06;06-10-2026;01-10-2026;FAC-B-132003;Venta;LAGOPUELO S.A;34338;4,00;5250,69;6353,33;MARIA;;20,00 %;075;Julieta Yegros;;Poett Dsnf MscPrmvra 12/900ml;1312,67;3446;;2;ALMACEN;1292,00;IVAN MONTOYA;;$;2;GRUPO AYUDIN ARGENTINA S.A;;;CON;;;;;;;PISO;;;;;300;Bruno Centurion;AXUM;;;False;132003;0;1;;;;;;1;;1312,67
4049;URUGUAY 2344;EZPELETA;2026-10-02;02-10-2026;01-10-2026;FAC-A-132010;Venta;LAGOPUELO S.A;36003;8,00;13912,00;16833,52;CLAUDIO LIMA GUILLERMO;;20,00 %;053;Verona Abati;;AYDN LAVDNA OR 25g/l 8/2l;1739,00;3412;;georgalos-7;Almacen;1739,00;IVAN MONTOYA;;$;2;GRUPO AYUDIN ARGENTINA S.A;;;CON;;;;;;;LAVANDINA;;;;;300;Bruno Centurion;AXUM;;;False;132010;0;1;;;;;;1;;1739,00
5542;RIGLOS - (Almacen) 818;TEMPERLEY;2026-10-05;05-10-2026;01-10-2026;FAC-A-132016;Venta;LAGOPUELO S.A;17927;15,00;12735,00;15409,35;FRANCISCO ROMEO;;20,00 %;074;Romina Baez;;AYDN LAVDNA OR 15/1L;849,00;3427;;2;ALMACEN;849,00;NAHUEL MONTOYA;;$;2;GRUPO AYUDIN ARGENTINA S.A;;;CON;;;;;;;LAVANDINA;;;;;300;Bruno Centurion;AXUM;;;False;132016;0;1;;;;;;1;;849,00
5203;ALMAFUERTE 550;FLORENCIO VARELA;2026-10-05;05-10-2026;01-10-2026;FAC-A-132019;Venta;LAGOPUELO S.A;33576;16,00;30366,56;36743,54;WENG XIAOLI;;0,00 %;6;Nieves Alegre;;Aydn Ropa BlncSprms DoyPk 16/400ml;1897,91;3428;;3;AUTOSERVICIO;1427,00;CLAUDIO GARCIA;;$;2;GRUPO AYUDIN ARGENTINA S.A;;;CON;;;;;;;LAVADO DE ROPA;;;;;25;JOHANA VIGIL;AXUM;;;False;132019;0;1;;;;;;1;;1897,91
5203;ALMAFUERTE 550;FLORENCIO VARELA;2026-10-05;05-10-2026;01-10-2026;FAC-A-132019;Venta;LAGOPUELO S.A;60237;15,00;43630,65;52793,09;WENG XIAOLI;;0,00 %;6;Nieves Alegre;;Aydn Lavdna Gel Flr 15/700ml GP2;2908,71;3428;;3;AUTOSERVICIO;2187,00;CLAUDIO GARCIA;;$;2;GRUPO AYUDIN ARGENTINA S.A;;;CON;;;;;;;LAVANDINA;;;;;25;JOHANA VIGIL;AXUM;;;False;132019;0;1;;;;;;1;;2908,71
5203;ALMAFUERTE 550;FLORENCIO VARELA;2026-10-05;05-10-2026;01-10-2026;FAC-A-132019;Venta;LAGOPUELO S.A;60240;15,00;43630,65;52793,09;WENG XIAOLI;;0,00 %;6;Nieves Alegre;;Aydn Lavdna Gel Lavda EXPRT 15/700ml GP2;2908,71;3428;;3;AUTOSERVICIO;2187,00;CLAUDIO GARCIA;;$;2;GRUPO AYUDIN ARGENTINA S.A;;;CON;;;;;;;LAVANDINA;;;;;25;JOHANA VIGIL;AXUM;;;False;132019;0;1;;;;;;1;;2908,71
5203;ALMAFUERTE 550;FLORENCIO VARELA;2026-10-05;05-10-2026;01-10-2026;FAC-A-132019;Venta;LAGOPUELO S.A;60239;15,00;43630,65;52793,09;WENG XIAOLI;;0,00 %;6;Nieves Alegre;;Aydn Lavdna Gel MntFrs 15/700ml GP2;2908,71;3428;;3;AUTOSERVICIO;2187,00;CLAUDIO GARCIA;;$;2;GRUPO AYUDIN ARGENTINA S.A;;;CON;;;;;;;LAVANDINA;;;;;25;JOHANA VIGIL;AXUM;;;False;132019;0;1;;;;;;1;;2908,71
5203;ALMAFUERTE 550;FLORENCIO VARELA;2026-10-05;05-10-2026;01-10-2026;FAC-A-132019;Venta;LAGOPUELO S.A;60223;16,00;43513,60;52651,46;WENG XIAOLI;;0,00 %;6;Nieves Alegre;;Aydn Lavda TriPod 8/2l GP2;2719,60;3428;;3;AUTOSERVICIO;2092,00;CLAUDIO GARCIA;;$;2;GRUPO AYUDIN ARGENTINA S.A;;;CON;;;;;;;LAVANDINA;;;;;25;JOHANA VIGIL;AXUM;;;False;132019;0;1;;;;;;1;;2719,60
5203;ALMAFUERTE 550;FLORENCIO VARELA;2026-10-05;05-10-2026;01-10-2026;FAC-A-132019;Venta;LAGOPUELO S.A;60227;16,00;43513,60;52651,46;WENG XIAOLI;;0,00 %;6;Nieves Alegre;;Aydn PurGlac TriPod 8/2l GP2;2719,60;3428;;3;AUTOSERVICIO;2092,00;CLAUDIO GARCIA;;$;2;GRUPO AYUDIN ARGENTINA S.A;;;CON;;;;;;;LAVANDINA;;;;;25;JOHANA VIGIL;AXUM;;;False;132019;0;1;;;;;;1;;2719,60
22911;CALLE 894 5418;QUILMES;2026-10-02;02-10-2026;01-10-2026;FAC-B-132026;Venta;LAGOPUELO S.A;34324;4,00;6563,36;7941,67;ACEVEDO ANASTACIO;;0,00 %;056;Ezequiel Ferreira;;Poett Desinf. Flores de Primavera 900ml;1640,84;3412;;5;KIOSCO;1292,00;IVAN MONTOYA;;$;2;GRUPO AYUDIN ARGENTINA S.A;;;CON;;;;;;;PISO;;;;;300;Bruno Centurion;AXUM;;;False;132026;0;1;;;;;;1;;1640,84
22911;CALLE 894 5418;QUILMES;2026-10-02;02-10-2026;01-10-2026;FAC-B-132026;Venta;LAGOPUELO S.A;34320;4,00;6563,36;7941,67;ACEVEDO ANASTACIO;;0,00 %;056;Ezequiel Ferreira;;Poett Desinf. Frescura de Lavanda 900ml;1640,84;3412;;5;KIOSCO;1292,00;IVAN MONTOYA;;$;2;GRUPO AYUDIN ARGENTINA S.A;;;CON;;;;;;;PISO;;;;;300;Bruno Centurion;AXUM;;;False;132026;0;1;;;;;;1;;1640,84
22911;CALLE 894 5418;QUILMES;2026-10-02;02-10-2026;01-10-2026;FAC-B-132026;Venta;LAGOPUELO S.A;34336;4,00;6563,36;7941,67;ACEVEDO ANASTACIO;;0,00 %;056;Ezequiel Ferreira;;Poett Dsnf SuadAlg 12/900ml;1640,84;3412;;5;KIOSCO;1292,00;IVAN MONTOYA;;$;2;GRUPO AYUDIN ARGENTINA S.A;;;CON;;;;;;;PISO;;;;;300;Bruno Centurion;AXUM;;;False;132026;0;1;;;;;;1;;1640,84
3075;ESTANISLAO DEL CAMPO 4229;Quilmes;2026-10-02;02-10-2026;01-10-2026;FAC-A-132044;Venta;LAGOPUELO S.A;60231;15,00;24339,00;29450,19;LI YIHANG;;0,00 %;053;Verona Abati;;Aydn A-Sp Trad 15/1l GP2;1622,60;3412;;3;AUTOSERVICIO;1220,00;IVAN MONTOYA;;$;2;GRUPO AYUDIN ARGENTINA S.A;;;CON;;;;;;;LAVANDINA;;;;;300;Bruno Centurion;AXUM;;;False;132044;0;1;;;;;;1;;1622,60
27598;El Canario - (AUTOSERVICIOS) 245;TRISTAN SUAREZ;2026-10-06;06-10-2026;01-10-2026;FAC-A-132053;Venta;LAGOPUELO S.A;33576;1,00;1897,91;2296,47;Chen Xiaoqing;;0,00 %;075;Julieta Yegros;;Aydn Ropa BlncSprms DoyPk 16/400ml;1897,91;3446;;3;Autoservicio A;1427,00;IVAN MONTOYA;;$;2;GRUPO AYUDIN ARGENTINA S.A;;;CON;;;;;;;LAVADO DE ROPA;;;;;300;Bruno Centurion;AXUM;;;False;132053;0;1;;;;;;1;;1897,91
322191;URUGUAY 2234;EZPELETA;2026-10-02;02-10-2026;01-10-2026;FAC-A-132061;Venta;LAGOPUELO S.A;61046;15,00;22306,05;26990,32;CHEN BIQING;;18,00 %;2;Fernanda Cejas;;Aydn RopQuitMnch BlncInt 15/1l;1487,07;3412;;3;AUTOSERVICIO;1395,00;IVAN MONTOYA;;$;2;GRUPO AYUDIN ARGENTINA S.A;;;CON;;;;;;;LAVADO DE ROPA;;;;;25;JOHANA VIGIL;AXUM;;;False;132061;0;1;;;;;;1;;1487,07
5930;LAS MARGARITAS e/LOS DURAZNOS Y LOS GISASOLES - (TRADITIONAL TRADE) 888;TRISTAN SUAREZ;2026-10-06;06-10-2026;01-10-2026;FAC-A-132066;Venta;LAGOPUELO S.A;17927;15,00;12735,00;15409,35;LUCAS GOMEZ;;20,00 %;075;Julieta Yegros;;AYDN LAVDNA OR 15/1L;849,00;3446;;2;ALMACEN;849,00;IVAN MONTOYA;;$;2;GRUPO AYUDIN ARGENTINA S.A;;;CON;;;;;;;LAVANDINA;;;;;300;Bruno Centurion;AXUM;;;False;132066;0;1;;;;;;1;;849,00
22525;AV. CALCHAQUI - (TRADICIONAL) 3399;QUILMES;2026-10-02;02-10-2026;01-10-2026;FAC-A-132068;Venta;LAGOPUELO S.A;60408;6,00;22886,64;27692,83;ANDREA VERONICA SALEMI;;0,00 %;3;VACANTE;;Ayudin Ropa Blancos Supremos 15/700ml;3814,44;3412;;5;KIOSCO;2868,00;IVAN MONTOYA;;$;2;GRUPO AYUDIN ARGENTINA S.A;;;CON;;;;;;;LAVADO DE ROPA;;;;;25;JOHANA VIGIL;AXUM;;;False;132068;0;1;;;;;;1;;3814,44
22525;AV. CALCHAQUI - (TRADICIONAL) 3399;QUILMES;2026-10-02;02-10-2026;01-10-2026;FAC-A-132068;Venta;LAGOPUELO S.A;60402;6,00;22886,64;27692,83;ANDREA VERONICA SALEMI;;0,00 %;3;VACANTE;;Ayudin Ropa Colores Vivos 15/700ml;3814,44;3412;;5;KIOSCO;2868,00;IVAN MONTOYA;;$;2;GRUPO AYUDIN ARGENTINA S.A;;;CON;;;;;;;LAVADO DE ROPA;;;;;25;JOHANA VIGIL;AXUM;;;False;132068;0;1;;;;;;1;;3814,44
27537;Vicente Stea - (AUTOSERVICIOS) 1040;LOMAS DE ZAMORA;2026-10-02;02-10-2026;01-10-2026;FAC-A-132069;Venta;LAGOPUELO S.A;34324;6,00;7876,03;9530,00;Chen Pingmei;;20,00 %;073;Florencia Cubilla;;Poett Desinf. Flores de Primavera 900ml;1312,67;3410;;3;Autoservicio B;1292,00;MARIANO SOSA;;$;2;GRUPO AYUDIN ARGENTINA S.A;;;CON;;;;;;;PISO;;;;;300;Bruno Centurion;AXUM;;;False;132069;0;1;;;;;;1;;1312,67
27537;Vicente Stea - (AUTOSERVICIOS) 1040;LOMAS DE ZAMORA;2026-10-02;02-10-2026;01-10-2026;FAC-A-132069;Venta;LAGOPUELO S.A;34320;6,00;7876,03;9530,00;Chen Pingmei;;20,00 %;073;Florencia Cubilla;;Poett Desinf. Frescura de Lavanda 900ml;1312,67;3410;;3;Autoservicio B;1292,00;MARIANO SOSA;;$;2;GRUPO AYUDIN ARGENTINA S.A;;;CON;;;;;;;PISO;;;;;300;Bruno Centurion;AXUM;;;False;132069;0;1;;;;;;1;;1312,67
27537;Vicente Stea - (AUTOSERVICIOS) 1040;LOMAS DE ZAMORA;2026-10-02;02-10-2026;01-10-2026;FAC-A-132069;Venta;LAGOPUELO S.A;34336;6,00;7876,03;9530,00;Chen Pingmei;;20,00 %;073;Florencia Cubilla;;Poett Dsnf SuadAlg 12/900ml;1312,67;3410;;3;Autoservicio B;1292,00;MARIANO SOSA;;$;2;GRUPO AYUDIN ARGENTINA S.A;;;CON;;;;;;;PISO;;;;;300;Bruno Centurion;AXUM;;;False;132069;0;1;;;;;;1;;1312,67
27537;Vicente Stea - (AUTOSERVICIOS) 1040;LOMAS DE ZAMORA;2026-10-02;02-10-2026;01-10-2026;FAC-A-132069;Venta;LAGOPUELO S.A;60386;6,00;7876,03;9530,00;Chen Pingmei;;20,00 %;073;Florencia Cubilla;;Poett EsptPly 12/900ml;1312,67;3410;;3;Autoservicio B;1292,00;MARIANO SOSA;;$;2;GRUPO AYUDIN ARGENTINA S.A;;;CON;;;;;;;PISO;;;;;300;Bruno Centurion;AXUM;;;False;132069;0;1;;;;;;1;;1312,67
27537;Vicente Stea - (AUTOSERVICIOS) 1040;LOMAS DE ZAMORA;2026-10-02;02-10-2026;01-10-2026;FAC-A-132069;Venta;LAGOPUELO S.A;34342;6,00;7876,03;9530,00;Chen Pingmei;;20,00 %;073;Florencia Cubilla;;Poett Dsnf AlgrDia 12/900ml;1312,67;3410;;3;Autoservicio B;1292,00;MARIANO SOSA;;$;2;GRUPO AYUDIN ARGENTINA S.A;;;CON;;;;;;;PISO;;;;;300;Bruno Centurion;AXUM;;;False;132069;0;1;;;;;;1;;1312,67
27537;Vicente Stea - (AUTOSERVICIOS) 1040;LOMAS DE ZAMORA;2026-10-02;02-10-2026;01-10-2026;FAC-A-132069;Venta;LAGOPUELO S.A;34338;6,00;7876,03;9530,00;Chen Pingmei;;20,00 %;073;Florencia Cubilla;;Poett Dsnf MscPrmvra 12/900ml;1312,67;3410;;3;Autoservicio B;1292,00;MARIANO SOSA;;$;2;GRUPO AYUDIN ARGENTINA S.A;;;CON;;;;;;;PISO;;;;;300;Bruno Centurion;AXUM;;;False;132069;0;1;;;;;;1;;1312,67
421;WASHINGTON 546;Avellaneda;2026-10-02;02-10-2026;01-10-2026;FAC-A-132070;Venta;LAGOPUELO S.A;60888;6,00;14924,13;18058,20;CHEN SHENQIANG;;15,00 %;28;Nadia Diaz;;Poett Aer SvdAlg ExtFrag 6/360ml;2487,36;3409;;3;AUTOSERVICIO;2251,00;SIMON OLIVERA;;$;2;GRUPO AYUDIN ARGENTINA S.A;;;EFV;;;;;;;AERO POETT;;;;;25;JOHANA VIGIL;AXUM;;;False;132070;0;1;;;;;;1;;2487,36
421;WASHINGTON 546;Avellaneda;2026-10-02;02-10-2026;01-10-2026;FAC-A-132070;Venta;LAGOPUELO S.A;61033;6,00;14924,13;18058,20;CHEN SHENQIANG;;15,00 %;28;Nadia Diaz;;Poett Aer DsprtarEnrg ExtFrag 6/360ml;2487,36;3409;;3;AUTOSERVICIO;2251,00;SIMON OLIVERA;;$;2;GRUPO AYUDIN ARGENTINA S.A;;;EFV;;;;;;;AERO POETT;;;;;25;JOHANA VIGIL;AXUM;;;False;132070;0;1;;;;;;1;;2487,36
421;WASHINGTON 546;Avellaneda;2026-10-02;02-10-2026;01-10-2026;FAC-A-132070;Venta;LAGOPUELO S.A;61620;5,00;16737,50;20252,38;CHEN SHENQIANG;;0,00 %;28;Nadia Diaz;;Aydn Bn Limp† Act Or Gat 12/500 ml;3347,50;3409;;3;AUTOSERVICIO;2575,00;SIMON OLIVERA;;$;2;GRUPO AYUDIN ARGENTINA S.A;;;EFV;;;;;;;BAÒO;;;;;25;JOHANA VIGIL;AXUM;;;False;132070;0;1;;;;;;1;;3347,50
421;WASHINGTON 546;Avellaneda;2026-10-02;02-10-2026;01-10-2026;FAC-A-132070;Venta;LAGOPUELO S.A;32288;6,00;11037,00;13354,77;CHEN SHENQIANG;;0,00 %;28;Nadia Diaz;;Tren Oxi DoyPk 16/400ml;1839,50;3409;;3;AUTOSERVICIO;1415,00;SIMON OLIVERA;;$;2;GRUPO AYUDIN ARGENTINA S.A;;;EFV;;;;;;;LAVADO DE ROPA;;;;;25;JOHANA VIGIL;AXUM;;;False;132070;0;1;;;;;;1;;1839,50
421;WASHINGTON 546;Avellaneda;2026-10-02;02-10-2026;01-10-2026;FAC-A-132070;Venta;LAGOPUELO S.A;22963;3,00;12288,90;14869,57;CHEN SHENQIANG;;0,00 %;28;Nadia Diaz;;Tren Oxi Trig EftEspma 12/500ml;4096,30;3409;;3;AUTOSERVICIO;3151,00;SIMON OLIVERA;;$;2;GRUPO AYUDIN ARGENTINA S.A;;;EFV;;;;;;;AERO POETT;;;;;25;JOHANA VIGIL;AXUM;;;False;132070;0;1;;;;;;1;;4096,30
421;WASHINGTON 546;Avellaneda;2026-10-02;02-10-2026;01-10-2026;FAC-A-132070;Venta;LAGOPUELO S.A;34324;12,00;15752,06;19060,00;CHEN SHENQIANG;;20,00 %;28;Nadia Diaz;;Poett Desinf. Flores de Primavera 900ml;1312,67;3409;;3;AUTOSERVICIO;1292,00;SIMON OLIVERA;;$;2;GRUPO AYUDIN ARGENTINA S.A;;;EFV;;;;;;;PISO;;;;;25;JOHANA VIGIL;AXUM;;;False;132070;0;1;;;;;;1;;1312,67
421;WASHINGTON 546;Avellaneda;2026-10-02;02-10-2026;01-10-2026;FAC-A-132070;Venta;LAGOPUELO S.A;36001;12,00;15752,06;19060,00;CHEN SHENQIANG;;20,00 %;28;Nadia Diaz;;POETT FRSC TROP 12/900;1312,67;3409;;3;AUTOSERVICIO;1292,00;SIMON OLIVERA;;$;2;GRUPO AYUDIN ARGENTINA S.A;;;EFV;;;;;;;PISO;;;;;25;JOHANA VIGIL;AXUM;;;False;132070;0;1;;;;;;1;;1312,67
421;WASHINGTON 546;Avellaneda;2026-10-02;02-10-2026;01-10-2026;FAC-A-132070;Venta;LAGOPUELO S.A;34327;12,00;15752,06;19060,00;CHEN SHENQIANG;;20,00 %;28;Nadia Diaz;;Poett Desinf. Solo para ti 900ml;1312,67;3409;;3;AUTOSERVICIO;1292,00;SIMON OLIVERA;;$;2;GRUPO AYUDIN ARGENTINA S.A;;;EFV;;;;;;;PISO;;;;;25;JOHANA VIGIL;AXUM;;;False;132070;0;1;;;;;;1;;1312,67
5140;GRAL. OHIGGINS 1640 1640;GERLI;2026-10-02;02-10-2026;01-10-2026;FAC-A-132079;Venta;LAGOPUELO S.A;17927;15,00;12735,00;15409,35;LORENA ALEJANDRA CHISCA;;20,00 %;30;Oriana Songini;;AYDN LAVDNA OR 15/1L;849,00;3408;;georgalos-7;Almacen;849,00;CLAUDIO GARCIA;;$;2;GRUPO AYUDIN ARGENTINA S.A;;;EFV;;;;;;;LAVANDINA;;;;;25;JOHANA VIGIL;AXUM;;;False;132079;0;1;;;;;;1;;849,00
5140;GRAL. OHIGGINS 1640 1640;GERLI;2026-10-02;02-10-2026;01-10-2026;FAC-A-132079;Venta;LAGOPUELO S.A;34324;2,00;2625,34;3176,67;LORENA ALEJANDRA CHISCA;;20,00 %;30;Oriana Songini;;Poett Desinf. Flores de Primavera 900ml;1312,67;3408;;georgalos-7;Almacen;1292,00;CLAUDIO GARCIA;;$;2;GRUPO AYUDIN ARGENTINA S.A;;;EFV;;;;;;;PISO;;;;;25;JOHANA VIGIL;AXUM;;;False;132079;0;1;;;;;;1;;1312,67
5140;GRAL. OHIGGINS 1640 1640;GERLI;2026-10-02;02-10-2026;01-10-2026;FAC-A-132079;Venta;LAGOPUELO S.A;34320;2,00;2625,34;3176,67;LORENA ALEJANDRA CHISCA;;20,00 %;30;Oriana Songini;;Poett Desinf. Frescura de Lavanda 900ml;1312,67;3408;;georgalos-7;Almacen;1292,00;CLAUDIO GARCIA;;$;2;GRUPO AYUDIN ARGENTINA S.A;;;EFV;;;;;;;PISO;;;;;25;JOHANA VIGIL;AXUM;;;False;132079;0;1;;;;;;1;;1312,67
5140;GRAL. OHIGGINS 1640 1640;GERLI;2026-10-02;02-10-2026;01-10-2026;FAC-A-132079;Venta;LAGOPUELO S.A;34327;2,00;2625,34;3176,67;LORENA ALEJANDRA CHISCA;;20,00 %;30;Oriana Songini;;Poett Desinf. Solo para ti 900ml;1312,67;3408;;georgalos-7;Almacen;1292,00;CLAUDIO GARCIA;;$;2;GRUPO AYUDIN ARGENTINA S.A;;;EFV;;;;;;;PISO;;;;;25;JOHANA VIGIL;AXUM;;;False;132079;0;1;;;;;;1;;1312,67
5140;GRAL. OHIGGINS 1640 1640;GERLI;2026-10-02;02-10-2026;01-10-2026;FAC-A-132079;Venta;LAGOPUELO S.A;34342;2,00;2625,34;3176,67;LORENA ALEJANDRA CHISCA;;20,00 %;30;Oriana Songini;;Poett Dsnf AlgrDia 12/900ml;1312,67;3408;;georgalos-7;Almacen;1292,00;CLAUDIO GARCIA;;$;2;GRUPO AYUDIN ARGENTINA S.A;;;EFV;;;;;;;PISO;;;;;25;JOHANA VIGIL;AXUM;;;False;132079;0;1;;;;;;1;;1312,67
5140;GRAL. OHIGGINS 1640 1640;GERLI;2026-10-02;02-10-2026;01-10-2026;FAC-A-132079;Venta;LAGOPUELO S.A;34334;2,00;2625,34;3176,67;LORENA ALEJANDRA CHISCA;;20,00 %;30;Oriana Songini;;Poett Dsnf SuadBebe 12/900ml;1312,67;3408;;georgalos-7;Almacen;1292,00;CLAUDIO GARCIA;;$;2;GRUPO AYUDIN ARGENTINA S.A;;;EFV;;;;;;;PISO;;;;;25;JOHANA VIGIL;AXUM;;;False;132079;0;1;;;;;;1;;1312,67
5140;GRAL. OHIGGINS 1640 1640;GERLI;2026-10-02;02-10-2026;01-10-2026;FAC-A-132079;Venta;LAGOPUELO S.A;36001;2,00;2625,34;3176,67;LORENA ALEJANDRA CHISCA;;20,00 %;30;Oriana Songini;;POETT FRSC TROP 12/900;1312,67;3408;;georgalos-7;Almacen;1292,00;CLAUDIO GARCIA;;$;2;GRUPO AYUDIN ARGENTINA S.A;;;EFV;;;;;;;PISO;;;;;25;JOHANA VIGIL;AXUM;;;False;132079;0;1;;;;;;1;;1312,67
660;CALLE 895 4858;SAN FRANCISCO SOLANO;2026-10-02;02-10-2026;01-10-2026;FAC-A-132086;Venta;LAGOPUELO S.A;60233;3,00;7417,21;8974,82;ERCEGOVIC MYRIAM;;15,00 %;056;Ezequiel Ferreira;;Aydn Lavdna Gel Or 15/700ml GP2;2472,40;3412;;2;ALMACEN;2187,00;IVAN MONTOYA;;$;2;GRUPO AYUDIN ARGENTINA S.A;;;CON;;;;;;;LAVANDINA;;;;;300;Bruno Centurion;AXUM;;;False;132086;0;1;;;;;;1;;2472,40
1084;CALLE 116 1585;BERAZATEGUI;2026-10-05;05-10-2026;01-10-2026;FAC-B-132093;Venta;ELEBES;17927;15,00;12735,00;15409,35;INCO MAICO;;20,00 %;5;Eliana Huber;;AYDN LAVDNA OR 15/1L;849,00;3428;;2;ALMACEN;849,00;CLAUDIO GARCIA;;$;2;GRUPO AYUDIN ARGENTINA S.A;;;CON;;;;;;;LAVANDINA;;;;;25;JOHANA VIGIL;AXUM;;;False;132093;0;1;;;;;;1;;849,00
1084;CALLE 116 1585;BERAZATEGUI;2026-10-05;05-10-2026;01-10-2026;FAC-B-132093;Venta;ELEBES;61577;3,00;4231,11;5119,64;INCO MAICO;;5,00 %;5;Eliana Huber;;Aydn Coc† Pod Act Or† DoyPk 16/450ml;1410,37;3428;;2;ALMACEN;1142,00;CLAUDIO GARCIA;;$;2;GRUPO AYUDIN ARGENTINA S.A;;;CON;;;;;;;COCINA;;;;;25;JOHANA VIGIL;AXUM;;;False;132093;0;1;;;;;;1;;1410,37
854;PERGAMINO 1183;BOSQUES;2026-10-02;02-10-2026;01-10-2026;FAC-A-132104;Venta;LAGOPUELO S.A;61047;8,00;23682,26;28655,53;You Songjian;;18,00 %;052;Nicole Sosa;;Aydn RopQuitMnch BlncInt 8/2l;2960,28;3411;;3;AUTOSERVICIO;2777,00;JUAN ESCOTO;;$;2;GRUPO AYUDIN ARGENTINA S.A;;;CON;;;;;;;LAVADO DE ROPA;;;;;300;Bruno Centurion;AXUM;;;False;132104;0;1;;;;;;1;;2960,28
854;PERGAMINO 1183;BOSQUES;2026-10-02;02-10-2026;01-10-2026;FAC-A-132104;Venta;LAGOPUELO S.A;33577;6,00;18808,86;22758,72;You Songjian;;0,00 %;052;Nicole Sosa;;Aydn Ropa ClrViv DoyPk 12/650ml;3134,81;3411;;3;AUTOSERVICIO;2357,00;JUAN ESCOTO;;$;2;GRUPO AYUDIN ARGENTINA S.A;;;CON;;;;;;;LAVADO DE ROPA;;;;;300;Bruno Centurion;AXUM;;;False;132104;0;1;;;;;;1;;3134,81
854;PERGAMINO 1183;BOSQUES;2026-10-02;02-10-2026;01-10-2026;FAC-A-132104;Venta;LAGOPUELO S.A;61621;6,00;17230,20;20848,54;You Songjian;;0,00 %;052;Nicole Sosa;;Aydn Coc† Pod Act Or† Gat 12/500ml;2871,70;3411;;3;AUTOSERVICIO;2209,00;JUAN ESCOTO;;$;2;GRUPO AYUDIN ARGENTINA S.A;;;CON;;;;;;;COCINA;;;;;300;Bruno Centurion;AXUM;;;False;132104;0;1;;;;;;1;;2871,70
29057;JURAMENTO - (TRADICIONAL) 1445;TEMPERLEY;2026-10-05;05-10-2026;01-10-2026;FAC-B-132106;Venta;Empresa LAGOPUELO;34320;2,00;2789,43;3375,21;ELEUTERIA PEREZ;;15,00 %;074;Romina Baez;;Poett Desinf. Frescura de Lavanda 900ml;1394,71;3427;;2;ALMACEN;1292,00;NAHUEL MONTOYA;;$;2;GRUPO AYUDIN ARGENTINA S.A;;;CON;;;;;;;PISO;;;;;300;Bruno Centurion;AXUM;;;False;132106;0;1;;;;;;1;;1394,71
29057;JURAMENTO - (TRADICIONAL) 1445;TEMPERLEY;2026-10-05;05-10-2026;01-10-2026;FAC-B-132106;Venta;Empresa LAGOPUELO;34324;2,00;2789,43;3375,21;ELEUTERIA PEREZ;;15,00 %;074;Romina Baez;;Poett Desinf. Flores de Primavera 900ml;1394,71;3427;;2;ALMACEN;1292,00;NAHUEL MONTOYA;;$;2;GRUPO AYUDIN ARGENTINA S.A;;;CON;;;;;;;PISO;;;;;300;Bruno Centurion;AXUM;;;False;132106;0;1;;;;;;1;;1394,71
29057;JURAMENTO - (TRADICIONAL) 1445;TEMPERLEY;2026-10-05;05-10-2026;01-10-2026;FAC-B-132106;Venta;Empresa LAGOPUELO;34336;2,00;2789,43;3375,21;ELEUTERIA PEREZ;;15,00 %;074;Romina Baez;;Poett Dsnf SuadAlg 12/900ml;1394,71;3427;;2;ALMACEN;1292,00;NAHUEL MONTOYA;;$;2;GRUPO AYUDIN ARGENTINA S.A;;;CON;;;;;;;PISO;;;;;300;Bruno Centurion;AXUM;;;False;132106;0;1;;;;;;1;;1394,71
29057;JURAMENTO - (TRADICIONAL) 1445;TEMPERLEY;2026-10-05;05-10-2026;01-10-2026;FAC-B-132106;Venta;Empresa LAGOPUELO;17927;6,00;5412,38;6548,97;ELEUTERIA PEREZ;;15,00 %;074;Romina Baez;;AYDN LAVDNA OR 15/1L;902,06;3427;;2;ALMACEN;849,00;NAHUEL MONTOYA;;$;2;GRUPO AYUDIN ARGENTINA S.A;;;CON;;;;;;;LAVANDINA;;;;;300;Bruno Centurion;AXUM;;;False;132106;0;1;;;;;;1;;902,06
4025;ECUADOR 899;EZPELETA;2026-10-02;02-10-2026;01-10-2026;FAC-B-132123;Venta;LAGOPUELO S.A;34324;12,00;15752,06;19060,00;CRESPO PALMA ELEUTERIA;;20,00 %;2;Fernanda Cejas;;Poett Desinf. Flores de Primavera 900ml;1312,67;3412;;georgalos-7;Almacen;1292,00;IVAN MONTOYA;;$;2;GRUPO AYUDIN ARGENTINA S.A;;;CON;;;;;;;PISO;;;;;25;JOHANA VIGIL;AXUM;;;False;132123;0;1;;;;;;1;;1312,67
4025;ECUADOR 899;EZPELETA;2026-10-02;02-10-2026;01-10-2026;FAC-B-132123;Venta;LAGOPUELO S.A;34320;12,00;15752,06;19060,00;CRESPO PALMA ELEUTERIA;;20,00 %;2;Fernanda Cejas;;Poett Desinf. Frescura de Lavanda 900ml;1312,67;3412;;georgalos-7;Almacen;1292,00;IVAN MONTOYA;;$;2;GRUPO AYUDIN ARGENTINA S.A;;;CON;;;;;;;PISO;;;;;25;JOHANA VIGIL;AXUM;;;False;132123;0;1;;;;;;1;;1312,67
4025;ECUADOR 899;EZPELETA;2026-10-02;02-10-2026;01-10-2026;FAC-B-132123;Venta;LAGOPUELO S.A;34342;12,00;15752,06;19060,00;CRESPO PALMA ELEUTERIA;;20,00 %;2;Fernanda Cejas;;Poett Dsnf AlgrDia 12/900ml;1312,67;3412;;georgalos-7;Almacen;1292,00;IVAN MONTOYA;;$;2;GRUPO AYUDIN ARGENTINA S.A;;;CON;;;;;;;PISO;;;;;25;JOHANA VIGIL;AXUM;;;False;132123;0;1;;;;;;1;;1312,67
4025;ECUADOR 899;EZPELETA;2026-10-02;02-10-2026;01-10-2026;FAC-B-132123;Venta;LAGOPUELO S.A;36001;12,00;15752,06;19060,00;CRESPO PALMA ELEUTERIA;;20,00 %;2;Fernanda Cejas;;POETT FRSC TROP 12/900;1312,67;3412;;georgalos-7;Almacen;1292,00;IVAN MONTOYA;;$;2;GRUPO AYUDIN ARGENTINA S.A;;;CON;;;;;;;PISO;;;;;25;JOHANA VIGIL;AXUM;;;False;132123;0;1;;;;;;1;;1312,67
4025;ECUADOR 899;EZPELETA;2026-10-02;02-10-2026;01-10-2026;FAC-B-132123;Venta;LAGOPUELO S.A;34334;12,00;15752,06;19060,00;CRESPO PALMA ELEUTERIA;;20,00 %;2;Fernanda Cejas;;Poett Dsnf SuadBebe 12/900ml;1312,67;3412;;georgalos-7;Almacen;1292,00;IVAN MONTOYA;;$;2;GRUPO AYUDIN ARGENTINA S.A;;;CON;;;;;;;PISO;;;;;25;JOHANA VIGIL;AXUM;;;False;132123;0;1;;;;;;1;;1312,67
23002;CALLE 833 - (TRADICIONAL) 2052;SAN FRANCISCO SOLANO;2026-10-02;02-10-2026;01-10-2026;FAC-B-132155;Venta;LAGOPUELO S.A;17927;15,00;12735,00;15409,35;ALICIA BOGADO;;20,00 %;056;Ezequiel Ferreira;;AYDN LAVDNA OR 15/1L;849,00;3412;;2;ALMACEN;849,00;IVAN MONTOYA;;$;2;GRUPO AYUDIN ARGENTINA S.A;;;CON;;;;;;;LAVANDINA;;;;;300;Bruno Centurion;AXUM;;;False;132155;0;1;;;;;;1;;849,00
4559;897 3236;SOLANO;2026-10-02;02-10-2026;01-10-2026;FAC-B-132164;Venta;LAGOPUELO S.A;36003;8,00;17390,00;21041,90;RAMIREZ MARIA EUGENIA;;0,00 %;056;Ezequiel Ferreira;;AYDN LAVDNA OR 25g/l 8/2l;2173,75;3412;;2;ALMACEN;1739,00;IVAN MONTOYA;;$;2;GRUPO AYUDIN ARGENTINA S.A;;;CON;;;;;;;LAVANDINA;;;;;300;Bruno Centurion;AXUM;;;False;132164;0;1;;;;;;1;;2173,75
28093;AV HIPOLITO YRIGOYEN 19231;LONGCHAMPS;2026-10-05;05-10-2026;02-10-2026;FAC-A-132192;Venta;LAGOPUELO S.A;17927;750,00;557156,25;674159,06;MI CABA—A;;30,00 %;062;Nahuel Martinez;;AYDN LAVDNA OR 15/1L;742,88;3433;;6;MAYORISTA;849,00;WALTER JANIUK;;$;2;GRUPO AYUDIN ARGENTINA S.A;;;07D;;;;;;;LAVANDINA;;;;;300;Bruno Centurion;AXUM;;;False;132192;0;1;;;;;;1;;742,88
28093;AV HIPOLITO YRIGOYEN 19231;LONGCHAMPS;2026-10-05;05-10-2026;02-10-2026;FAC-A-132192;Venta;LAGOPUELO S.A;36003;400,00;608650,00;736466,50;MI CABA—A;;30,00 %;062;Nahuel Martinez;;AYDN LAVDNA OR 25g/l 8/2l;1521,63;3433;;6;MAYORISTA;1739,00;WALTER JANIUK;;$;2;GRUPO AYUDIN ARGENTINA S.A;;;07D;;;;;;;LAVANDINA;;;;;300;Bruno Centurion;AXUM;;;False;132192;0;1;;;;;;1;;1521,63
101042;Juan B Justo 3042 1 0;REMEDIOS DE ESCALADA;2026-10-01;01-10-2026;02-10-2026;NCR-A-132196;DevoluciÛn por Rechazo;LAGOPUELO S.A;61731;-6,00;-20145,41;-24375,94;Yan Nengsheng;NO QUIERE EL CLIENTE;15,00 %;29;Camila Navarrete;;Sltn MataCuca Aer AccProl 6/360ml BA;3357,57;3391;;3;AUTOSERVICIO;3086,00;CLAUDIO GARCIA;;$;2;GRUPO AYUDIN ARGENTINA S.A;;;EFV;;;;;;;SELTON;;;;;25;JOHANA VIGIL;gcw;131310;;True;132196;0;1;;;;;;1;;3357,57
101042;Juan B Justo 3042 1 0;REMEDIOS DE ESCALADA;2026-10-01;01-10-2026;02-10-2026;NCR-A-132196;DevoluciÛn por Rechazo;LAGOPUELO S.A;61730;-6,00;-26795,52;-32422,58;Yan Nengsheng;NO QUIERE EL CLIENTE;0,00 %;29;Camila Navarrete;;Sltn MataMosq Aer AccEfct 6/360ml BA;4465,92;3391;;3;AUTOSERVICIO;3489,00;CLAUDIO GARCIA;;$;2;GRUPO AYUDIN ARGENTINA S.A;;;EFV;;;;;;;SELTON;;;;;25;JOHANA VIGIL;gcw;131310;;True;132196;0;1;;;;;;1;;4465,92
4101;Avenida argentina 277;CARLOS SPEGAZZINI;2026-10-06;06-10-2026;02-10-2026;FAC-B-132200;Venta;LAGOPUELO S.A;34320;6,00;7876,03;9530,00;Carrizo MarÌa Yolanda;;20,00 %;075;Julieta Yegros;;Poett Desinf. Frescura de Lavanda 900ml;1312,67;3446;;5;KIOSCO;1292,00;IVAN MONTOYA;;$;2;GRUPO AYUDIN ARGENTINA S.A;;;CON;;;;;;;PISO;;;;;300;Bruno Centurion;AXUM;;;False;132200;0;1;;;;;;1;;1312,67
4101;Avenida argentina 277;CARLOS SPEGAZZINI;2026-10-06;06-10-2026;02-10-2026;FAC-B-132200;Venta;LAGOPUELO S.A;34324;6,00;7876,03;9530,00;Carrizo MarÌa Yolanda;;20,00 %;075;Julieta Yegros;;Poett Desinf. Flores de Primavera 900ml;1312,67;3446;;5;KIOSCO;1292,00;IVAN MONTOYA;;$;2;GRUPO AYUDIN ARGENTINA S.A;;;CON;;;;;;;PISO;;;;;300;Bruno Centurion;AXUM;;;False;132200;0;1;;;;;;1;;1312,67
23288;Dr. Jos√© Alberto Kellertas - (AUTOSERVICIOS) 347;LONGCHAMPS;2026-10-05;05-10-2026;02-10-2026;FAC-A-132209;Venta;LAGOPUELO S.A;61620;4,00;13390,00;16201,90;CHEN JUAN;;0,00 %;062;Nahuel Martinez;;Aydn Bn Limp† Act Or Gat 12/500 ml;3347,50;3433;;OTR;SIN SUB;2575,00;WALTER JANIUK;;$;2;GRUPO AYUDIN ARGENTINA S.A;;;CON;;;;;;;BAÒO;;;;;300;Bruno Centurion;AXUM;;;False;132209;0;1;;;;;;1;;3347,50
29072;CERRITO 2399;TEMPERLEY;2026-10-05;05-10-2026;02-10-2026;FAC-B-132223;Venta;LAGOPUELO S.A;17927;15,00;12735,00;15409,35;FACUNDO TRINIDAD;;20,00 %;074;Romina Baez;;AYDN LAVDNA OR 15/1L;849,00;3427;;3;Autoservicio B;849,00;NAHUEL MONTOYA;;$;2;GRUPO AYUDIN ARGENTINA S.A;;;CON;;;;;;;LAVANDINA;;;;;300;Bruno Centurion;AXUM;;;False;132223;0;1;;;;;;1;;849,00
29072;CERRITO 2399;TEMPERLEY;2026-10-05;05-10-2026;02-10-2026;FAC-B-132223;Venta;LAGOPUELO S.A;36003;8,00;13912,00;16833,52;FACUNDO TRINIDAD;;20,00 %;074;Romina Baez;;AYDN LAVDNA OR 25g/l 8/2l;1739,00;3427;;3;Autoservicio B;1739,00;NAHUEL MONTOYA;;$;2;GRUPO AYUDIN ARGENTINA S.A;;;CON;;;;;;;LAVANDINA;;;;;300;Bruno Centurion;AXUM;;;False;132223;0;1;;;;;;1;;1739,00
5035;Liniers 2197;LANUS;2026-10-06;06-10-2026;02-10-2026;FAC-B-132230;Venta;ELEBES;36003;200,00;317367,50;384014,68;ALTAGRACIA BEATO NU—EZ;;27,00 %;24;Cecilia Gauchez;;AYDN LAVDNA OR 25g/l 8/2l;1586,84;3441;;2;ALMACEN;1739,00;HERNAN RIVERO;;$;2;GRUPO AYUDIN ARGENTINA S.A;;;EFV;;;;;;;LAVANDINA;;;;;25;JOHANA VIGIL;AXUM;;;False;132230;0;1;;;;;;1;;1586,84
27678;LAS FLORES 593;WILDE;2026-10-05;05-10-2026;02-10-2026;FAC-A-132231;Venta;LAGOPUELO S.A;34320;24,00;30322,72;36690,50;JUAN MANUEL CORRALES;;23,00 %;30;Oriana Songini;;Poett Desinf. Frescura de Lavanda 900ml;1263,45;3425;;georgalos-803;Perfumeria;1292,00;MARIANO SOSA;;$;2;GRUPO AYUDIN ARGENTINA S.A;;;CON;;;;;;;PISO;;;;;25;JOHANA VIGIL;AXUM;;;False;132231;0;1;;;;;;1;;1263,45
27678;LAS FLORES 593;WILDE;2026-10-05;05-10-2026;02-10-2026;FAC-A-132231;Venta;LAGOPUELO S.A;34324;12,00;15161,36;18345,25;JUAN MANUEL CORRALES;;23,00 %;30;Oriana Songini;;Poett Desinf. Flores de Primavera 900ml;1263,45;3425;;georgalos-803;Perfumeria;1292,00;MARIANO SOSA;;$;2;GRUPO AYUDIN ARGENTINA S.A;;;CON;;;;;;;PISO;;;;;25;JOHANA VIGIL;AXUM;;;False;132231;0;1;;;;;;1;;1263,45
27678;LAS FLORES 593;WILDE;2026-10-05;05-10-2026;02-10-2026;FAC-A-132231;Venta;LAGOPUELO S.A;34336;12,00;15161,36;18345,25;JUAN MANUEL CORRALES;;23,00 %;30;Oriana Songini;;Poett Dsnf SuadAlg 12/900ml;1263,45;3425;;georgalos-803;Perfumeria;1292,00;MARIANO SOSA;;$;2;GRUPO AYUDIN ARGENTINA S.A;;;CON;;;;;;;PISO;;;;;25;JOHANA VIGIL;AXUM;;;False;132231;0;1;;;;;;1;;1263,45
27678;LAS FLORES 593;WILDE;2026-10-05;05-10-2026;02-10-2026;FAC-A-132231;Venta;LAGOPUELO S.A;34342;12,00;15161,36;18345,25;JUAN MANUEL CORRALES;;23,00 %;30;Oriana Songini;;Poett Dsnf AlgrDia 12/900ml;1263,45;3425;;georgalos-803;Perfumeria;1292,00;MARIANO SOSA;;$;2;GRUPO AYUDIN ARGENTINA S.A;;;CON;;;;;;;PISO;;;;;25;JOHANA VIGIL;AXUM;;;False;132231;0;1;;;;;;1;;1263,45
27678;LAS FLORES 593;WILDE;2026-10-05;05-10-2026;02-10-2026;FAC-A-132231;Venta;LAGOPUELO S.A;50090;6,00;14924,13;18058,20;JUAN MANUEL CORRALES;;15,00 %;30;Oriana Songini;;Poett Aer Huellitas 6/360ml;2487,36;3425;;georgalos-803;Perfumeria;2251,00;MARIANO SOSA;;$;2;GRUPO AYUDIN ARGENTINA S.A;;;CON;;;;;;;AERO POETT;;;;;25;JOHANA VIGIL;AXUM;;;False;132231;0;1;;;;;;1;;2487,36
27678;LAS FLORES 593;WILDE;2026-10-05;05-10-2026;02-10-2026;FAC-A-132231;Venta;LAGOPUELO S.A;60888;6,00;14924,13;18058,20;JUAN MANUEL CORRALES;;15,00 %;30;Oriana Songini;;Poett Aer SvdAlg ExtFrag 6/360ml;2487,36;3425;;georgalos-803;Perfumeria;2251,00;MARIANO SOSA;;$;2;GRUPO AYUDIN ARGENTINA S.A;;;CON;;;;;;;AERO POETT;;;;;25;JOHANA VIGIL;AXUM;;;False;132231;0;1;;;;;;1;;2487,36
22942;roman bravo 477;ALTE BROWN;2026-10-01;01-10-2026;02-10-2026;NCR-B-132232;DevoluciÛn por Rechazo;LAGOPUELO S.A;61816;-6,00;-17091,36;-20680,55;CALLEJAS PAULINA;NO HIZO PEDIDO;20,00 %;056;Ezequiel Ferreira;;Sltn MataMosq Aer AccInst 6/360ml BA;2848,56;3398;;2;ALMACEN;2739,00;NAHUEL MONTOYA;;$;2;GRUPO AYUDIN ARGENTINA S.A;;;CON;;;;;;;SELTON;;;;;300;Bruno Centurion;gcw;131039;;True;132232;0;1;;;;;;1;;2848,56
3199;AV JUAN DOMINGO PERON 4906;SAN FRANCISCO SOLANO (QUILMES);2026-10-01;01-10-2026;02-10-2026;NCR-A-132237;DevoluciÛn por Rechazo;LAGOPUELO S.A;60233;-15,00;-37086,05;-44874,12;HUANG QICHANG;NO QUIERE EL CLIENTE;15,00 %;056;Ezequiel Ferreira;;Aydn Lavdna Gel Or 15/700ml GP2;2472,40;3398;;3;AUTOSERVICIO;2187,00;NAHUEL MONTOYA;;$;2;GRUPO AYUDIN ARGENTINA S.A;;;CON;;;;;;;LAVANDINA;;;;;300;Bruno Centurion;gcw;131411;;True;132237;0;1;;;;;;1;;2472,40
3199;AV JUAN DOMINGO PERON 4906;SAN FRANCISCO SOLANO (QUILMES);2026-10-01;01-10-2026;02-10-2026;NCR-A-132237;DevoluciÛn por Rechazo;LAGOPUELO S.A;34324;-12,00;-15752,06;-19060,00;HUANG QICHANG;NO QUIERE EL CLIENTE;20,00 %;056;Ezequiel Ferreira;;Poett Desinf. Flores de Primavera 900ml;1312,67;3398;;3;AUTOSERVICIO;1292,00;NAHUEL MONTOYA;;$;2;GRUPO AYUDIN ARGENTINA S.A;;;CON;;;;;;;PISO;;;;;300;Bruno Centurion;gcw;131411;;True;132237;0;1;;;;;;1;;1312,67
3199;AV JUAN DOMINGO PERON 4906;SAN FRANCISCO SOLANO (QUILMES);2026-10-01;01-10-2026;02-10-2026;NCR-A-132237;DevoluciÛn por Rechazo;LAGOPUELO S.A;34320;-12,00;-15752,06;-19060,00;HUANG QICHANG;NO QUIERE EL CLIENTE;20,00 %;056;Ezequiel Ferreira;;Poett Desinf. Frescura de Lavanda 900ml;1312,67;3398;;3;AUTOSERVICIO;1292,00;NAHUEL MONTOYA;;$;2;GRUPO AYUDIN ARGENTINA S.A;;;CON;;;;;;;PISO;;;;;300;Bruno Centurion;gcw;131411;;True;132237;0;1;;;;;;1;;1312,67
29362;ACHA - (PERFUMERIA) 533;SARANDI;2026-10-05;05-10-2026;02-10-2026;FAC-A-132247;Venta;Empresa LAGOPUELO;36003;8,00;13912,00;16833,52;VIVIANA ROSA FERNANDEZ;;20,00 %;26;Sabrina Pereyra;;AYDN LAVDNA OR 25g/l 8/2l;1739,00;3425;;OTR;Articulo de limpieza;1739,00;MARIANO SOSA;;$;2;GRUPO AYUDIN ARGENTINA S.A;;;CON;;;;;;;LAVANDINA;;;;;25;JOHANA VIGIL;AXUM;;;False;132247;0;1;;;;;;1;;1739,00
3010;MARMOL 216;Quilmes;2026-10-05;05-10-2026;02-10-2026;FAC-A-132250;Venta;LAGOPUELO S.A;33577;6,00;18808,86;22758,72;C.R.C.M S.R.L;;0,00 %;054;Leonel Caruso;;Aydn Ropa ClrViv DoyPk 12/650ml;3134,81;3430;;3;AUTOSERVICIO;2357,00;LEONARDO SANTA CRUZ;;$;2;GRUPO AYUDIN ARGENTINA S.A;;;CON;;;;;;;LAVADO DE ROPA;;;;;300;Bruno Centurion;AXUM;;;False;132250;0;1;;;;;;1;;3134,81
27773;LAS FLORES 454;WILDE;2026-10-05;05-10-2026;02-10-2026;FAC-A-132256;Venta;LAGOPUELO S.A;61576;16,00;26537,68;32110,59;GABRIEL GERMAN ROSSO;;5,00 %;30;Oriana Songini;;Aydn Bn Limp† Act Or DoyPk 16/450ml;1658,61;3425;;georgalos-803;Perfumeria;1343,00;MARIANO SOSA;;$;2;GRUPO AYUDIN ARGENTINA S.A;;;CON;;;;;;;BAÒO;;;;;25;JOHANA VIGIL;AXUM;;;False;132256;0;1;;;;;;1;;1658,61
27773;LAS FLORES 454;WILDE;2026-10-05;05-10-2026;02-10-2026;FAC-A-132256;Venta;LAGOPUELO S.A;61577;16,00;22565,92;27304,76;GABRIEL GERMAN ROSSO;;5,00 %;30;Oriana Songini;;Aydn Coc† Pod Act Or† DoyPk 16/450ml;1410,37;3425;;georgalos-803;Perfumeria;1142,00;MARIANO SOSA;;$;2;GRUPO AYUDIN ARGENTINA S.A;;;CON;;;;;;;COCINA;;;;;25;JOHANA VIGIL;AXUM;;;False;132256;0;1;;;;;;1;;1410,37
27773;LAS FLORES 454;WILDE;2026-10-05;05-10-2026;02-10-2026;FAC-A-132256;Venta;LAGOPUELO S.A;22057;12,00;18928,56;22903,56;GABRIEL GERMAN ROSSO;;0,00 %;30;Oriana Songini;;Pluz Pino 12/900ml;1577,38;3425;;georgalos-803;Perfumeria;1186,00;MARIANO SOSA;;$;2;GRUPO AYUDIN ARGENTINA S.A;;;CON;;;;;;;PISO;;;;;25;JOHANA VIGIL;AXUM;;;False;132256;0;1;;;;;;1;;1577,38
27773;LAS FLORES 454;WILDE;2026-10-05;05-10-2026;02-10-2026;FAC-A-132256;Venta;LAGOPUELO S.A;36003;24,00;41736,00;50500,56;GABRIEL GERMAN ROSSO;;20,00 %;30;Oriana Songini;;AYDN LAVDNA OR 25g/l 8/2l;1739,00;3425;;georgalos-803;Perfumeria;1739,00;MARIANO SOSA;;$;2;GRUPO AYUDIN ARGENTINA S.A;;;CON;;;;;;;LAVANDINA;;;;;25;JOHANA VIGIL;AXUM;;;False;132256;0;1;;;;;;1;;1739,00
313;CALLE 151 1234;Berazategui;2026-10-02;02-10-2026;02-10-2026;FAC-B-132257;Venta;ELEBES;17927;1,00;955,13;1155,70;BRUNO CENTURION;;10,00 %;16;VENDEDOR DEPOSITO;;AYDN LAVDNA OR 15/1L;955,13;3414;;georgalos-50;Empleados;849,00;PEDIDOS INTERNOS;;$;2;GRUPO AYUDIN ARGENTINA S.A;;;07D;;;;;;;LAVANDINA;;;;;;;gcw;;;False;132257;0;1;;;;;;1;;955,13
4039;JOSE HERNANDEZ 344;LLAVALLOL;2026-10-05;05-10-2026;02-10-2026;FAC-A-132262;Venta;LAGOPUELO S.A;34320;12,00;14767,56;17868,75;CHEN YU TIAN;;25,00 %;063;Daniel Martin;;Poett Desinf. Frescura de Lavanda 900ml;1230,63;3429;;3;Autoservicio A;1292,00;SIMON OLIVERA;;$;2;GRUPO AYUDIN ARGENTINA S.A;;;CON;;;;;;;PISO;;;;;300;Bruno Centurion;AXUM;;;False;132262;0;1;;;;;;1;;1230,63
4039;JOSE HERNANDEZ 344;LLAVALLOL;2026-10-05;05-10-2026;02-10-2026;FAC-A-132262;Venta;LAGOPUELO S.A;34327;12,00;14767,56;17868,75;CHEN YU TIAN;;25,00 %;063;Daniel Martin;;Poett Desinf. Solo para ti 900ml;1230,63;3429;;3;Autoservicio A;1292,00;SIMON OLIVERA;;$;2;GRUPO AYUDIN ARGENTINA S.A;;;CON;;;;;;;PISO;;;;;300;Bruno Centurion;AXUM;;;False;132262;0;1;;;;;;1;;1230,63
4039;JOSE HERNANDEZ 344;LLAVALLOL;2026-10-05;05-10-2026;02-10-2026;FAC-A-132262;Venta;LAGOPUELO S.A;34334;12,00;14767,56;17868,75;CHEN YU TIAN;;25,00 %;063;Daniel Martin;;Poett Dsnf SuadBebe 12/900ml;1230,63;3429;;3;Autoservicio A;1292,00;SIMON OLIVERA;;$;2;GRUPO AYUDIN ARGENTINA S.A;;;CON;;;;;;;PISO;;;;;300;Bruno Centurion;AXUM;;;False;132262;0;1;;;;;;1;;1230,63
4039;JOSE HERNANDEZ 344;LLAVALLOL;2026-10-05;05-10-2026;02-10-2026;FAC-A-132262;Venta;LAGOPUELO S.A;34324;12,00;14767,56;17868,75;CHEN YU TIAN;;25,00 %;063;Daniel Martin;;Poett Desinf. Flores de Primavera 900ml;1230,63;3429;;3;Autoservicio A;1292,00;SIMON OLIVERA;;$;2;GRUPO AYUDIN ARGENTINA S.A;;;CON;;;;;;;PISO;;;;;300;Bruno Centurion;AXUM;;;False;132262;0;1;;;;;;1;;1230,63
4039;JOSE HERNANDEZ 344;LLAVALLOL;2026-10-05;05-10-2026;02-10-2026;FAC-A-132262;Venta;LAGOPUELO S.A;34342;12,00;14767,56;17868,75;CHEN YU TIAN;;25,00 %;063;Daniel Martin;;Poett Dsnf AlgrDia 12/900ml;1230,63;3429;;3;Autoservicio A;1292,00;SIMON OLIVERA;;$;2;GRUPO AYUDIN ARGENTINA S.A;;;CON;;;;;;;PISO;;;;;300;Bruno Centurion;AXUM;;;False;132262;0;1;;;;;;1;;1230,63
4039;JOSE HERNANDEZ 344;LLAVALLOL;2026-10-05;05-10-2026;02-10-2026;FAC-A-132262;Venta;LAGOPUELO S.A;36001;12,00;14767,56;17868,75;CHEN YU TIAN;;25,00 %;063;Daniel Martin;;POETT FRSC TROP 12/900;1230,63;3429;;3;Autoservicio A;1292,00;SIMON OLIVERA;;$;2;GRUPO AYUDIN ARGENTINA S.A;;;CON;;;;;;;PISO;;;;;300;Bruno Centurion;AXUM;;;False;132262;0;1;;;;;;1;;1230,63
4039;JOSE HERNANDEZ 344;LLAVALLOL;2026-10-05;05-10-2026;02-10-2026;FAC-A-132262;Venta;LAGOPUELO S.A;34321;8,00;19328,40;23387,36;CHEN YU TIAN;;25,00 %;063;Daniel Martin;;Poett Desinf. Frescura de Lavanda 1.8ml;2416,05;3429;;3;Autoservicio A;2478,00;SIMON OLIVERA;;$;2;GRUPO AYUDIN ARGENTINA S.A;;;CON;;;;;;;PISO;;;;;300;Bruno Centurion;AXUM;;;False;132262;0;1;;;;;;1;;2416,05
6315;AV. HUDSON 2157;Varela;2026-10-01;01-10-2026;02-10-2026;NCR-A-132272;DevoluciÛn por Rechazo;LAGOPUELO S.A;34321;-8,00;-23194,08;-28064,84;HE MINJUN;NO QUIERE EL CLIENTE;10,00 %;051;Ezequiel Valente;;Poett Desinf. Frescura de Lavanda 1.8ml;2899,26;3397;;3;AUTOSERVICIO;2478,00;JUAN ESCOTO;;$;2;GRUPO AYUDIN ARGENTINA S.A;;;CON;;;;;;;PISO;;;;;300;Bruno Centurion;gcw;131268;;True;132272;0;1;;;;;;1;;2899,26
668;Cortez 12;Avellaneda;2026-10-05;05-10-2026;02-10-2026;FAC-A-132276;Venta;Empresa LAGOPUELO;34320;4,00;5250,69;6353,33;AlmacÈn Tatiana;;20,00 %;26;Sabrina Pereyra;;Poett Desinf. Frescura de Lavanda 900ml;1312,67;3424;;2;ALMACEN;1292,00;Marcos Sanchez;;$;2;GRUPO AYUDIN ARGENTINA S.A;;;EFV;;;;;;;PISO;;;;;25;JOHANA VIGIL;AXUM;;;False;132276;0;1;;;;;;1;;1312,67
668;Cortez 12;Avellaneda;2026-10-05;05-10-2026;02-10-2026;FAC-A-132276;Venta;Empresa LAGOPUELO;34324;4,00;5250,69;6353,33;AlmacÈn Tatiana;;20,00 %;26;Sabrina Pereyra;;Poett Desinf. Flores de Primavera 900ml;1312,67;3424;;2;ALMACEN;1292,00;Marcos Sanchez;;$;2;GRUPO AYUDIN ARGENTINA S.A;;;EFV;;;;;;;PISO;;;;;25;JOHANA VIGIL;AXUM;;;False;132276;0;1;;;;;;1;;1312,67
668;Cortez 12;Avellaneda;2026-10-05;05-10-2026;02-10-2026;FAC-A-132276;Venta;Empresa LAGOPUELO;60386;4,00;5250,69;6353,33;AlmacÈn Tatiana;;20,00 %;26;Sabrina Pereyra;;Poett EsptPly 12/900ml;1312,67;3424;;2;ALMACEN;1292,00;Marcos Sanchez;;$;2;GRUPO AYUDIN ARGENTINA S.A;;;EFV;;;;;;;PISO;;;;;25;JOHANA VIGIL;AXUM;;;False;132276;0;1;;;;;;1;;1312,67
29392;UCRANIA 524;LLAVALLOL;2026-10-05;05-10-2026;02-10-2026;FAC-A-132282;Venta;LAGOPUELO S.A;17927;75,00;61287,19;74157,50;yan han;;23,00 %;063;Daniel Martin;;AYDN LAVDNA OR 15/1L;817,16;3429;;3;Autoservicio A;849,00;SIMON OLIVERA;;$;2;GRUPO AYUDIN ARGENTINA S.A;;;CON;;;;;;;LAVANDINA;;;;;300;Bruno Centurion;AXUM;;;False;132282;0;1;;;;;;1;;817,16
23864;CALLE 1209 3100;INGENIERO ALLAN;2026-10-05;05-10-2026;02-10-2026;FAC-B-132291;Venta;ELEBES;34320;12,00;15752,06;19060,00;SEBASTIAN RIVERO;;20,00 %;051;Ezequiel Valente;;Poett Desinf. Frescura de Lavanda 900ml;1312,67;3431;;6;MAYORISTA;1292,00;JUAN ESCOTO;;$;2;GRUPO AYUDIN ARGENTINA S.A;;;CON;;;;;;;PISO;;;;;300;Bruno Centurion;AXUM;;;False;132291;0;1;;;;;;1;;1312,67
23864;CALLE 1209 3100;INGENIERO ALLAN;2026-10-05;05-10-2026;02-10-2026;FAC-B-132291;Venta;ELEBES;17927;15,00;12735,00;15409,35;SEBASTIAN RIVERO;;20,00 %;051;Ezequiel Valente;;AYDN LAVDNA OR 15/1L;849,00;3431;;6;MAYORISTA;849,00;JUAN ESCOTO;;$;2;GRUPO AYUDIN ARGENTINA S.A;;;CON;;;;;;;LAVANDINA;;;;;300;Bruno Centurion;AXUM;;;False;132291;0;1;;;;;;1;;849,00
23864;CALLE 1209 3100;INGENIERO ALLAN;2026-10-05;05-10-2026;02-10-2026;FAC-B-132291;Venta;ELEBES;61046;8,00;12331,80;14921,48;SEBASTIAN RIVERO;;15,00 %;051;Ezequiel Valente;;Aydn RopQuitMnch BlncInt 15/1l;1541,48;3431;;6;MAYORISTA;1395,00;JUAN ESCOTO;;$;2;GRUPO AYUDIN ARGENTINA S.A;;;CON;;;;;;;LAVADO DE ROPA;;;;;300;Bruno Centurion;AXUM;;;False;132291;0;1;;;;;;1;;1541,48
108025;Bah√≠a Blanca 709 0;Wilde;2026-10-05;05-10-2026;02-10-2026;FAC-A-132297;Venta;LAGOPUELO S.A;21313;12,00;26254,80;31768,31;Gilmar Veizaga;;0,00 %;30;Oriana Songini;;Tren Bol 72/120ml;2187,90;3425;;georgalos-7;Almacen;1683,00;MARIANO SOSA;;$;2;GRUPO AYUDIN ARGENTINA S.A;;;EFV;;;;;;;LAVADO DE ROPA;;;;;25;JOHANA VIGIL;AXUM;;;False;132297;0;1;;;;;;1;;2187,90
108025;Bah√≠a Blanca 709 0;Wilde;2026-10-05;05-10-2026;02-10-2026;FAC-A-132297;Venta;LAGOPUELO S.A;18098;24,00;36482,40;44143,70;Gilmar Veizaga;;0,00 %;30;Oriana Songini;;Mort Esp DobCara 4/24c;1520,10;3425;;georgalos-7;Almacen;1126,00;MARIANO SOSA;;$;2;GRUPO AYUDIN ARGENTINA S.A;;;EFV;;;;;;;MORTIMER;;;;;25;JOHANA VIGIL;AXUM;;;False;132297;0;1;;;;;;1;;1520,10
27918;GABOTO - (AUTOSERVICIOS) 5666;SAN JOSE;2026-10-01;01-10-2026;02-10-2026;NCR-A-132304;DevoluciÛn por Rechazo;LAGOPUELO S.A;61047;-8,00;-23682,26;-28655,53;GUAN WEI;NO HIZO PEDIDO;18,00 %;063;Daniel Martin;;Aydn RopQuitMnch BlncInt 8/2l;2960,28;3399;;3;Autoservicio A;2777,00;SIMON OLIVERA;;$;2;GRUPO AYUDIN ARGENTINA S.A;;;CON;;;;;;;LAVADO DE ROPA;;;;;300;Bruno Centurion;gcw;130493;;True;132304;0;1;;;;;;1;;2960,28
70;CALLE 835 1185;Quilmes;2026-10-06;06-10-2026;02-10-2026;FAC-B-132316;Venta;LAGOPUELO S.A;36003;8,00;13912,00;16833,52;ARRAIGADA ESTHER;;20,00 %;056;Ezequiel Ferreira;;AYDN LAVDNA OR 25g/l 8/2l;1739,00;3463;;2;ALMACEN;1739,00;SIMON OLIVERA;;$;2;GRUPO AYUDIN ARGENTINA S.A;;;EFV;;;;;;;LAVANDINA;;;;;300;Bruno Centurion;AXUM;;;False;132316;0;1;;;;;;1;;1739,00
70;CALLE 835 1185;Quilmes;2026-10-06;06-10-2026;02-10-2026;FAC-B-132316;Venta;LAGOPUELO S.A;60888;2,00;4974,71;6019,40;ARRAIGADA ESTHER;;15,00 %;056;Ezequiel Ferreira;;Poett Aer SvdAlg ExtFrag 6/360ml;2487,36;3463;;2;ALMACEN;2251,00;SIMON OLIVERA;;$;2;GRUPO AYUDIN ARGENTINA S.A;;;EFV;;;;;;;AERO POETT;;;;;300;Bruno Centurion;AXUM;;;False;132316;0;1;;;;;;1;;2487,36
70;CALLE 835 1185;Quilmes;2026-10-06;06-10-2026;02-10-2026;FAC-B-132316;Venta;LAGOPUELO S.A;60885;2,00;4974,71;6019,40;ARRAIGADA ESTHER;;15,00 %;056;Ezequiel Ferreira;;Poett Aer FlrLavda ExtFrag 6/360ml;2487,36;3463;;2;ALMACEN;2251,00;SIMON OLIVERA;;$;2;GRUPO AYUDIN ARGENTINA S.A;;;EFV;;;;;;;AERO POETT;;;;;300;Bruno Centurion;AXUM;;;False;132316;0;1;;;;;;1;;2487,36
70;CALLE 835 1185;Quilmes;2026-10-06;06-10-2026;02-10-2026;FAC-B-132316;Venta;LAGOPUELO S.A;60886;2,00;4974,71;6019,40;ARRAIGADA ESTHER;;15,00 %;056;Ezequiel Ferreira;;Poett Aer FlrPrm ExtFrag 6/360ml;2487,36;3463;;2;ALMACEN;2251,00;SIMON OLIVERA;;$;2;GRUPO AYUDIN ARGENTINA S.A;;;EFV;;;;;;;AERO POETT;;;;;300;Bruno Centurion;AXUM;;;False;132316;0;1;;;;;;1;;2487,36
70;CALLE 835 1185;Quilmes;2026-10-06;06-10-2026;02-10-2026;FAC-B-132316;Venta;LAGOPUELO S.A;61816;6,00;18159,57;21973,08;ARRAIGADA ESTHER;;15,00 %;056;Ezequiel Ferreira;;Sltn MataMosq Aer AccInst 6/360ml BA;3026,60;3463;;2;ALMACEN;2739,00;SIMON OLIVERA;;$;2;GRUPO AYUDIN ARGENTINA S.A;;;EFV;;;;;;;SELTON;;;;;300;Bruno Centurion;AXUM;;;False;132316;0;1;;;;;;1;;3026,60
268;CALLE 1149 1571;Florencio Varela;2026-10-05;05-10-2026;02-10-2026;FAC-A-132330;Venta;LAGOPUELO S.A;17927;30,00;25470,00;30818,70;FLORENTINO MIGUEL VICTOR;;20,00 %;051;Ezequiel Valente;;AYDN LAVDNA OR 15/1L;849,00;3431;;3;AUTOSERVICIO;849,00;JUAN ESCOTO;;$;2;GRUPO AYUDIN ARGENTINA S.A;;;EFV;;;;;;;LAVANDINA;;;;;300;Bruno Centurion;AXUM;;;False;132330;0;1;;;;;;1;;849,00
268;CALLE 1149 1571;Florencio Varela;2026-10-05;05-10-2026;02-10-2026;FAC-A-132330;Venta;LAGOPUELO S.A;60222;15,00;18427,50;22297,28;FLORENTINO MIGUEL VICTOR;;10,00 %;051;Ezequiel Valente;;Aydn Lavda TriPod 15/1l GP2;1228,50;3431;;3;AUTOSERVICIO;1050,00;JUAN ESCOTO;;$;2;GRUPO AYUDIN ARGENTINA S.A;;;EFV;;;;;;;LAVANDINA;;;;;300;Bruno Centurion;AXUM;;;False;132330;0;1;;;;;;1;;1228,50
268;CALLE 1149 1571;Florencio Varela;2026-10-05;05-10-2026;02-10-2026;FAC-A-132330;Venta;LAGOPUELO S.A;60226;15,00;18427,50;22297,28;FLORENTINO MIGUEL VICTOR;;10,00 %;051;Ezequiel Valente;;Aydn PurGlac TriPod 15/1l GP2;1228,50;3431;;3;AUTOSERVICIO;1050,00;JUAN ESCOTO;;$;2;GRUPO AYUDIN ARGENTINA S.A;;;EFV;;;;;;;LAVANDINA;;;;;300;Bruno Centurion;AXUM;;;False;132330;0;1;;;;;;1;;1228,50
268;CALLE 1149 1571;Florencio Varela;2026-10-05;05-10-2026;02-10-2026;FAC-A-132330;Venta;LAGOPUELO S.A;60231;15,00;21905,10;26505,17;FLORENTINO MIGUEL VICTOR;;10,00 %;051;Ezequiel Valente;;Aydn A-Sp Trad 15/1l GP2;1460,34;3431;;3;AUTOSERVICIO;1220,00;JUAN ESCOTO;;$;2;GRUPO AYUDIN ARGENTINA S.A;;;EFV;;;;;;;LAVANDINA;;;;;300;Bruno Centurion;AXUM;;;False;132330;0;1;;;;;;1;;1460,34
5460;LUIS BRAILLE 1809;FLORENCIO VARELA;2026-10-05;05-10-2026;02-10-2026;FAC-A-132340;Venta;LAGOPUELO S.A;60239;3,00;7417,21;8974,82;WENG LIQIONG;;15,00 %;6;Nieves Alegre;;Aydn Lavdna Gel MntFrs 15/700ml GP2;2472,40;3428;;3;AUTOSERVICIO;2187,00;CLAUDIO GARCIA;;$;2;GRUPO AYUDIN ARGENTINA S.A;;;CON;;;;;;;LAVANDINA;;;;;25;JOHANA VIGIL;AXUM;;;False;132340;0;1;;;;;;1;;2472,40
5460;LUIS BRAILLE 1809;FLORENCIO VARELA;2026-10-05;05-10-2026;02-10-2026;FAC-A-132340;Venta;LAGOPUELO S.A;60237;3,00;7417,21;8974,82;WENG LIQIONG;;15,00 %;6;Nieves Alegre;;Aydn Lavdna Gel Flr 15/700ml GP2;2472,40;3428;;3;AUTOSERVICIO;2187,00;CLAUDIO GARCIA;;$;2;GRUPO AYUDIN ARGENTINA S.A;;;CON;;;;;;;LAVANDINA;;;;;25;JOHANA VIGIL;AXUM;;;False;132340;0;1;;;;;;1;;2472,40
5460;LUIS BRAILLE 1809;FLORENCIO VARELA;2026-10-05;05-10-2026;02-10-2026;FAC-A-132340;Venta;LAGOPUELO S.A;60233;3,00;7417,21;8974,82;WENG LIQIONG;;15,00 %;6;Nieves Alegre;;Aydn Lavdna Gel Or 15/700ml GP2;2472,40;3428;;3;AUTOSERVICIO;2187,00;CLAUDIO GARCIA;;$;2;GRUPO AYUDIN ARGENTINA S.A;;;CON;;;;;;;LAVANDINA;;;;;25;JOHANA VIGIL;AXUM;;;False;132340;0;1;;;;;;1;;2472,40
2717;GORRITI 850;FLORENCIO VARELA;2026-10-05;05-10-2026;02-10-2026;FAC-B-132343;Venta;ELEBES;36012;48,00;81064,80;98088,41;EDUARDO ALBERTO CACERES;;0,00 %;6;Nieves Alegre;;Selton espirales 48x 12u;1688,85;3428;;2;ALMACEN;1251,00;CLAUDIO GARCIA;;$;2;GRUPO AYUDIN ARGENTINA S.A;;;CON;;;;;;;SELTON;;;;;25;JOHANA VIGIL;AXUM;;;False;132343;0;1;;;;;;1;;1688,85
4043;SANTA FE 1494;EZPELETA;2026-10-05;05-10-2026;02-10-2026;FAC-B-132345;Venta;LAGOPUELO S.A;17927;15,00;12735,00;15409,35;PINEDA FABIANA;;20,00 %;2;Fernanda Cejas;;AYDN LAVDNA OR 15/1L;849,00;3430;;georgalos-7;Almacen;849,00;LEONARDO SANTA CRUZ;;$;2;GRUPO AYUDIN ARGENTINA S.A;;;CON;;;;;;;LAVANDINA;;;;;25;JOHANA VIGIL;AXUM;;;False;132345;0;1;;;;;;1;;849,00
4043;SANTA FE 1494;EZPELETA;2026-10-05;05-10-2026;02-10-2026;FAC-B-132345;Venta;LAGOPUELO S.A;36004;3,00;11919,34;14422,40;PINEDA FABIANA;;12,00 %;2;Fernanda Cejas;;AYDN LAVDNA OR 25 g/l 3/4l;3973,11;3430;;georgalos-7;Almacen;3473,00;LEONARDO SANTA CRUZ;;$;2;GRUPO AYUDIN ARGENTINA S.A;;;CON;;;;;;;LAVANDINA;;;;;25;JOHANA VIGIL;AXUM;;;False;132345;0;1;;;;;;1;;3973,11
27438;Italia - (AUTOSERVICIOS) 550;CARLOS SPEGAZZINI;2026-10-06;06-10-2026;02-10-2026;FAC-A-132348;Venta;LAGOPUELO S.A;61046;30,00;42381,50;51281,61;Xue Yongtai;;22,10 %;075;Julieta Yegros;;Aydn RopQuitMnch BlncInt 15/1l;1412,72;3446;;3;Autoservicio A;1395,00;IVAN MONTOYA;;$;2;GRUPO AYUDIN ARGENTINA S.A;;;CON;;;;;;;LAVADO DE ROPA;;;;;300;Bruno Centurion;AXUM;;;False;132348;0;1;;;;;;1;;1412,72
27438;Italia - (AUTOSERVICIOS) 550;CARLOS SPEGAZZINI;2026-10-06;06-10-2026;02-10-2026;FAC-A-132348;Venta;LAGOPUELO S.A;50090;6,00;14177,92;17155,29;Xue Yongtai;;19,25 %;075;Julieta Yegros;;Poett Aer Huellitas 6/360ml;2362,99;3446;;3;Autoservicio A;2251,00;IVAN MONTOYA;;$;2;GRUPO AYUDIN ARGENTINA S.A;;;CON;;;;;;;AERO POETT;;;;;300;Bruno Centurion;AXUM;;;False;132348;0;1;;;;;;1;;2362,99
27438;Italia - (AUTOSERVICIOS) 550;CARLOS SPEGAZZINI;2026-10-06;06-10-2026;02-10-2026;FAC-A-132348;Venta;LAGOPUELO S.A;61816;18,00;46883,74;56729,32;Xue Yongtai;;26,85 %;075;Julieta Yegros;;Sltn MataMosq Aer AccInst 6/360ml BA;2604,65;3446;;3;Autoservicio A;2739,00;IVAN MONTOYA;;$;2;GRUPO AYUDIN ARGENTINA S.A;;;CON;;;;;;;SELTON;;;;;300;Bruno Centurion;AXUM;;;False;132348;0;1;;;;;;1;;2604,65
3161;AVDA CENTENARIO 4463;Quilmes;2026-10-05;05-10-2026;02-10-2026;FAC-A-132351;Venta;LAGOPUELO S.A;32288;16,00;29432,00;35612,72;SANCHEZ JIMENES MARIA EUGENIA;;0,00 %;053;Verona Abati;;Tren Oxi DoyPk 16/400ml;1839,50;3430;;3;AUTOSERVICIO;1415,00;LEONARDO SANTA CRUZ;;$;2;GRUPO AYUDIN ARGENTINA S.A;;;CON;;;;;;;LAVADO DE ROPA;;;;;300;Bruno Centurion;AXUM;;;False;132351;0;1;;;;;;1;;1839,50
3161;AVDA CENTENARIO 4463;Quilmes;2026-10-05;05-10-2026;02-10-2026;FAC-A-132351;Venta;LAGOPUELO S.A;50001;6,00;11712,60;14172,25;SANCHEZ JIMENES MARIA EUGENIA;;0,00 %;053;Verona Abati;;Trenet Power Pr QuitManchas 24/120gr;1952,10;3430;;3;AUTOSERVICIO;1446,00;LEONARDO SANTA CRUZ;;$;2;GRUPO AYUDIN ARGENTINA S.A;;;CON;;;;;;;LAVADO DE ROPA;;;;;300;Bruno Centurion;AXUM;;;False;132351;0;1;;;;;;1;;1952,10
3161;AVDA CENTENARIO 4463;Quilmes;2026-10-05;05-10-2026;02-10-2026;FAC-A-132351;Venta;LAGOPUELO S.A;33576;16,00;30366,56;36743,54;SANCHEZ JIMENES MARIA EUGENIA;;0,00 %;053;Verona Abati;;Aydn Ropa BlncSprms DoyPk 16/400ml;1897,91;3430;;3;AUTOSERVICIO;1427,00;LEONARDO SANTA CRUZ;;$;2;GRUPO AYUDIN ARGENTINA S.A;;;CON;;;;;;;LAVADO DE ROPA;;;;;300;Bruno Centurion;AXUM;;;False;132351;0;1;;;;;;1;;1897,91
2717;GORRITI 850;FLORENCIO VARELA;2026-10-05;05-10-2026;02-10-2026;FAC-B-132352;Venta;Empresa LAGOPUELO;17927;15,00;12735,00;15409,35;EDUARDO ALBERTO CACERES;;20,00 %;6;Nieves Alegre;;AYDN LAVDNA OR 15/1L;849,00;3428;;2;ALMACEN;849,00;CLAUDIO GARCIA;;$;2;GRUPO AYUDIN ARGENTINA S.A;;;CON;;;;;;;LAVANDINA;;;;;25;JOHANA VIGIL;AXUM;;;False;132352;0;1;;;;;;1;;849,00
53841;ROCA 468;CARLOS SPEGAZZINI;2026-10-06;06-10-2026;02-10-2026;FAC-A-132357;Venta;LAGOPUELO S.A;17927;15,00;12735,00;15409,35;RICARDO FABIAN IBA—EZ;;20,00 %;075;Julieta Yegros;;AYDN LAVDNA OR 15/1L;849,00;3446;;3;AUTOSERVICIO;849,00;IVAN MONTOYA;;$;2;GRUPO AYUDIN ARGENTINA S.A;;;CON;;;;;;;LAVANDINA;;;;;300;Bruno Centurion;AXUM;;;False;132357;0;1;;;;;;1;;849,00
53841;ROCA 468;CARLOS SPEGAZZINI;2026-10-06;06-10-2026;02-10-2026;FAC-A-132357;Venta;LAGOPUELO S.A;34320;12,00;15752,06;19060,00;RICARDO FABIAN IBA—EZ;;20,00 %;075;Julieta Yegros;;Poett Desinf. Frescura de Lavanda 900ml;1312,67;3446;;3;AUTOSERVICIO;1292,00;IVAN MONTOYA;;$;2;GRUPO AYUDIN ARGENTINA S.A;;;CON;;;;;;;PISO;;;;;300;Bruno Centurion;AXUM;;;False;132357;0;1;;;;;;1;;1312,67
6502;Calle 1149 NUMERO 1134;FLORENCIO VARELA;2026-10-05;05-10-2026;02-10-2026;FAC-A-132363;Venta;LAGOPUELO S.A;60233;15,00;34904,52;42234,47;LIN ZHUANG;;20,00 %;051;Ezequiel Valente;;Aydn Lavdna Gel Or 15/700ml GP2;2326,97;3431;;3;AUTOSERVICIO;2187,00;JUAN ESCOTO;;$;2;GRUPO AYUDIN ARGENTINA S.A;;;CON;;;;;;;LAVANDINA;;;;;300;Bruno Centurion;AXUM;;;False;132363;0;1;;;;;;1;;2326,97
6502;Calle 1149 NUMERO 1134;FLORENCIO VARELA;2026-10-05;05-10-2026;02-10-2026;FAC-A-132363;Venta;LAGOPUELO S.A;60239;15,00;34904,52;42234,47;LIN ZHUANG;;20,00 %;051;Ezequiel Valente;;Aydn Lavdna Gel MntFrs 15/700ml GP2;2326,97;3431;;3;AUTOSERVICIO;2187,00;JUAN ESCOTO;;$;2;GRUPO AYUDIN ARGENTINA S.A;;;CON;;;;;;;LAVANDINA;;;;;300;Bruno Centurion;AXUM;;;False;132363;0;1;;;;;;1;;2326,97
6502;Calle 1149 NUMERO 1134;FLORENCIO VARELA;2026-10-05;05-10-2026;02-10-2026;FAC-A-132363;Venta;LAGOPUELO S.A;60240;15,00;34904,52;42234,47;LIN ZHUANG;;20,00 %;051;Ezequiel Valente;;Aydn Lavdna Gel Lavda EXPRT 15/700ml GP2;2326,97;3431;;3;AUTOSERVICIO;2187,00;JUAN ESCOTO;;$;2;GRUPO AYUDIN ARGENTINA S.A;;;CON;;;;;;;LAVANDINA;;;;;300;Bruno Centurion;AXUM;;;False;132363;0;1;;;;;;1;;2326,97
5778;GRAL RODRIGUEZ 398;MONTE GRANDE;2026-10-05;05-10-2026;02-10-2026;FAC-A-132370;Venta;LAGOPUELO S.A;60237;15,00;37086,05;44874,12;Chen Dylan;;15,00 %;064;Karina Fernandez;;Aydn Lavdna Gel Flr 15/700ml GP2;2472,40;3429;;3;Autoservicio A;2187,00;SIMON OLIVERA;;$;2;GRUPO AYUDIN ARGENTINA S.A;;;CON;;;;;;;LAVANDINA;;;;;300;Bruno Centurion;AXUM;;;False;132370;0;1;;;;;;1;;2472,40
5778;GRAL RODRIGUEZ 398;MONTE GRANDE;2026-10-05;05-10-2026;02-10-2026;FAC-A-132370;Venta;LAGOPUELO S.A;61577;16,00;22565,92;27304,76;Chen Dylan;;5,00 %;064;Karina Fernandez;;Aydn Coc† Pod Act Or† DoyPk 16/450ml;1410,37;3429;;3;Autoservicio A;1142,00;SIMON OLIVERA;;$;2;GRUPO AYUDIN ARGENTINA S.A;;;CON;;;;;;;COCINA;;;;;300;Bruno Centurion;AXUM;;;False;132370;0;1;;;;;;1;;1410,37
5559;MERCEDES 1363;LLAVALLOL;2026-10-05;05-10-2026;02-10-2026;FAC-A-132376;Venta;LAGOPUELO S.A;61814;6,00;26415,00;31962,15;SAIMEI CHEN;;0,00 %;063;Daniel Martin;;Sltn MataMosq Aer s/OlrQmc 6/360ml BA;4402,50;3429;;3;Autoservicio A;3522,00;SIMON OLIVERA;;$;2;GRUPO AYUDIN ARGENTINA S.A;;;CON;;;;;;;SELTON;;;;;300;Bruno Centurion;AXUM;;;False;132376;0;1;;;;;;1;;4402,50
23852;Madariaga - (TRADICIONAL) 86;MALVINAS ARGENTINAS;2026-10-06;06-10-2026;02-10-2026;FAC-B-132395;Venta;LAGOPUELO S.A;17927;15,00;12735,00;15409,35;Acevedo Javier;;20,00 %;063;Daniel Martin;;AYDN LAVDNA OR 15/1L;849,00;3444;;2;ALMACEN;849,00;CLAUDIO GARCIA;;$;2;GRUPO AYUDIN ARGENTINA S.A;;;CON;;;;;;;LAVANDINA;;;;;300;Bruno Centurion;AXUM;;;False;132395;0;1;;;;;;1;;849,00
27437;Vigil - (TRADICIONAL) 226;CARLOS SPEGAZZINI;2026-10-06;06-10-2026;02-10-2026;FAC-A-132407;Venta;LAGOPUELO S.A;18026;6,00;15428,40;18668,36;Calzado Luis Dario;;0,00 %;075;Julieta Yegros;;Aydn Dsnf PstWC 36/16g;2571,40;3446;;2;ALMACEN;1978,00;IVAN MONTOYA;;$;2;GRUPO AYUDIN ARGENTINA S.A;;;CON;;;;;;;COCINA;;;;;300;Bruno Centurion;AXUM;;;False;132407;0;1;;;;;;1;;2571,40
27437;Vigil - (TRADICIONAL) 226;CARLOS SPEGAZZINI;2026-10-06;06-10-2026;02-10-2026;FAC-A-132407;Venta;LAGOPUELO S.A;61576;6,00;9951,63;12041,47;Calzado Luis Dario;;5,00 %;075;Julieta Yegros;;Aydn Bn Limp† Act Or DoyPk 16/450ml;1658,61;3446;;2;ALMACEN;1343,00;IVAN MONTOYA;;$;2;GRUPO AYUDIN ARGENTINA S.A;;;CON;;;;;;;BAÒO;;;;;300;Bruno Centurion;AXUM;;;False;132407;0;1;;;;;;1;;1658,61
106031;Anatole Frence 820 0;Sarandi;2026-10-05;05-10-2026;02-10-2026;FAC-A-132408;Venta;LAGOPUELO S.A;36003;8,00;13912,00;16833,52;Borrero Carlos;;20,00 %;26;Sabrina Pereyra;;AYDN LAVDNA OR 25g/l 8/2l;1739,00;3425;;georgalos-7;Almacen;1739,00;MARIANO SOSA;;$;2;GRUPO AYUDIN ARGENTINA S.A;;;EFV;;;;;;;LAVANDINA;;;;;25;JOHANA VIGIL;AXUM;;;False;132408;0;1;;;;;;1;;1739,00
249;CALLE 1149 1019;Florencio Varela;2026-10-05;05-10-2026;02-10-2026;FAC-A-132443;Venta;LAGOPUELO S.A;17927;15,00;15918,75;19261,69;VERON IRMA JACQUELINE;;0,00 %;051;Ezequiel Valente;;AYDN LAVDNA OR 15/1L;1061,25;3431;;2;ALMACEN;849,00;JUAN ESCOTO;;$;2;GRUPO AYUDIN ARGENTINA S.A;;;EFV;;;;;;;LAVANDINA;;;;;300;Bruno Centurion;AXUM;;;False;132443;0;1;;;;;;1;;1061,25
1050;AV. 7 1549;Berazategui;2026-10-05;05-10-2026;02-10-2026;FAC-A-132447;Venta;LAGOPUELO S.A;17927;15,00;12735,00;15409,35;TEJERA RAMON REINALDO;;20,00 %;4;Selene Pawlikowski;;AYDN LAVDNA OR 15/1L;849,00;3428;;3;AUTOSERVICIO;849,00;CLAUDIO GARCIA;;$;2;GRUPO AYUDIN ARGENTINA S.A;;;CON;;;;;;;LAVANDINA;;;;;25;JOHANA VIGIL;AXUM;;;False;132447;0;1;;;;;;1;;849,00
1050;AV. 7 1549;Berazategui;2026-10-05;05-10-2026;02-10-2026;FAC-A-132447;Venta;LAGOPUELO S.A;60222;15,00;17403,75;21058,54;TEJERA RAMON REINALDO;;15,00 %;4;Selene Pawlikowski;;Aydn Lavda TriPod 15/1l GP2;1160,25;3428;;3;AUTOSERVICIO;1050,00;CLAUDIO GARCIA;;$;2;GRUPO AYUDIN ARGENTINA S.A;;;CON;;;;;;;LAVANDINA;;;;;25;JOHANA VIGIL;AXUM;;;False;132447;0;1;;;;;;1;;1160,25
1027;CALLE 4 1495;BERAZATEGUI;2026-10-05;05-10-2026;02-10-2026;FAC-A-132455;Venta;LAGOPUELO S.A;34320;12,00;19690,08;23825,00;MACIEL AMARILLA BLANCA NIEVE;;0,00 %;5;Eliana Huber;;Poett Desinf. Frescura de Lavanda 900ml;1640,84;3428;;3;AUTOSERVICIO;1292,00;CLAUDIO GARCIA;;$;2;GRUPO AYUDIN ARGENTINA S.A;;;CON;;;;;;;PISO;;;;;25;JOHANA VIGIL;AXUM;;;False;132455;0;1;;;;;;1;;1640,84
1027;CALLE 4 1495;BERAZATEGUI;2026-10-05;05-10-2026;02-10-2026;FAC-A-132455;Venta;LAGOPUELO S.A;34336;12,00;19690,08;23825,00;MACIEL AMARILLA BLANCA NIEVE;;0,00 %;5;Eliana Huber;;Poett Dsnf SuadAlg 12/900ml;1640,84;3428;;3;AUTOSERVICIO;1292,00;CLAUDIO GARCIA;;$;2;GRUPO AYUDIN ARGENTINA S.A;;;CON;;;;;;;PISO;;;;;25;JOHANA VIGIL;AXUM;;;False;132455;0;1;;;;;;1;;1640,84
1027;CALLE 4 1495;BERAZATEGUI;2026-10-05;05-10-2026;02-10-2026;FAC-A-132455;Venta;LAGOPUELO S.A;34324;12,00;19690,08;23825,00;MACIEL AMARILLA BLANCA NIEVE;;0,00 %;5;Eliana Huber;;Poett Desinf. Flores de Primavera 900ml;1640,84;3428;;3;AUTOSERVICIO;1292,00;CLAUDIO GARCIA;;$;2;GRUPO AYUDIN ARGENTINA S.A;;;CON;;;;;;;PISO;;;;;25;JOHANA VIGIL;AXUM;;;False;132455;0;1;;;;;;1;;1640,84
3967;BARCELO E/ROJAS Y BARILARI - (Large Format) 366;BANFIELD;2026-10-05;05-10-2026;02-10-2026;FAC-A-132467;Venta;LAGOPUELO S.A;61620;3,00;9540,38;11543,85;CHENGDONG LIN;;5,00 %;074;Romina Baez;;Aydn Bn Limp† Act Or Gat 12/500 ml;3180,13;3427;;3;Autoservicio A;2575,00;NAHUEL MONTOYA;;$;2;GRUPO AYUDIN ARGENTINA S.A;;;CON;;;;;;;BAÒO;;;;;300;Bruno Centurion;AXUM;;;False;132467;0;1;;;;;;1;;3180,13
3967;BARCELO E/ROJAS Y BARILARI - (Large Format) 366;BANFIELD;2026-10-05;05-10-2026;02-10-2026;FAC-A-132467;Venta;LAGOPUELO S.A;61621;3,00;8184,35;9903,06;CHENGDONG LIN;;5,00 %;074;Romina Baez;;Aydn Coc† Pod Act Or† Gat 12/500ml;2728,12;3427;;3;Autoservicio A;2209,00;NAHUEL MONTOYA;;$;2;GRUPO AYUDIN ARGENTINA S.A;;;CON;;;;;;;COCINA;;;;;300;Bruno Centurion;AXUM;;;False;132467;0;1;;;;;;1;;2728,12
3967;BARCELO E/ROJAS Y BARILARI - (Large Format) 366;BANFIELD;2026-10-05;05-10-2026;02-10-2026;FAC-A-132467;Venta;LAGOPUELO S.A;33575;16,00;28848,23;34906,36;CHENGDONG LIN;;5,00 %;074;Romina Baez;;Aydn Ropa ClrViv DoyPk 16/400ml;1803,01;3427;;3;Autoservicio A;1427,00;NAHUEL MONTOYA;;$;2;GRUPO AYUDIN ARGENTINA S.A;;;CON;;;;;;;LAVADO DE ROPA;;;;;300;Bruno Centurion;AXUM;;;False;132467;0;1;;;;;;1;;1803,01
3967;BARCELO E/ROJAS Y BARILARI - (Large Format) 366;BANFIELD;2026-10-05;05-10-2026;02-10-2026;FAC-A-132467;Venta;LAGOPUELO S.A;33576;16,00;28848,23;34906,36;CHENGDONG LIN;;5,00 %;074;Romina Baez;;Aydn Ropa BlncSprms DoyPk 16/400ml;1803,01;3427;;3;Autoservicio A;1427,00;NAHUEL MONTOYA;;$;2;GRUPO AYUDIN ARGENTINA S.A;;;CON;;;;;;;LAVADO DE ROPA;;;;;300;Bruno Centurion;AXUM;;;False;132467;0;1;;;;;;1;;1803,01
23469;GUATAMBU 480;BURZACO;2026-10-05;05-10-2026;02-10-2026;FAC-A-132472;Venta;LAGOPUELO S.A;50087;2,00;8197,20;9918,61;WANG MIN;;0,00 %;063;Daniel Martin;;Poett Frgnz Huellitas 12/250ml AR;4098,60;3429;;3;Autoservicio A;3036,00;SIMON OLIVERA;;$;2;GRUPO AYUDIN ARGENTINA S.A;;;CON;;;;;;;AERO POETT;;;;;300;Bruno Centurion;AXUM;;;False;132472;0;1;;;;;;1;;4098,60
23469;GUATAMBU 480;BURZACO;2026-10-05;05-10-2026;02-10-2026;FAC-A-132472;Venta;LAGOPUELO S.A;19860;2,00;8197,20;9918,61;WANG MIN;;0,00 %;063;Daniel Martin;;Poett Frgnz FrsRoc 12/250ml AR;4098,60;3429;;3;Autoservicio A;3036,00;SIMON OLIVERA;;$;2;GRUPO AYUDIN ARGENTINA S.A;;;CON;;;;;;;AERO POETT;;;;;300;Bruno Centurion;AXUM;;;False;132472;0;1;;;;;;1;;4098,60
23469;GUATAMBU 480;BURZACO;2026-10-05;05-10-2026;02-10-2026;FAC-A-132472;Venta;LAGOPUELO S.A;19861;2,00;8197,20;9918,61;WANG MIN;;0,00 %;063;Daniel Martin;;Poett Frgnz Suad Alg 12/250ml AR;4098,60;3429;;3;Autoservicio A;3036,00;SIMON OLIVERA;;$;2;GRUPO AYUDIN ARGENTINA S.A;;;CON;;;;;;;AERO POETT;;;;;300;Bruno Centurion;AXUM;;;False;132472;0;1;;;;;;1;;4098,60
23469;GUATAMBU 480;BURZACO;2026-10-05;05-10-2026;02-10-2026;FAC-A-132472;Venta;LAGOPUELO S.A;17927;30,00;25470,00;30818,70;WANG MIN;;20,00 %;063;Daniel Martin;;AYDN LAVDNA OR 15/1L;849,00;3429;;3;Autoservicio A;849,00;SIMON OLIVERA;;$;2;GRUPO AYUDIN ARGENTINA S.A;;;CON;;;;;;;LAVANDINA;;;;;300;Bruno Centurion;AXUM;;;False;132472;0;1;;;;;;1;;849,00
23469;GUATAMBU 480;BURZACO;2026-10-05;05-10-2026;02-10-2026;FAC-A-132472;Venta;LAGOPUELO S.A;36003;16,00;27824,00;33667,04;WANG MIN;;20,00 %;063;Daniel Martin;;AYDN LAVDNA OR 25g/l 8/2l;1739,00;3429;;3;Autoservicio A;1739,00;SIMON OLIVERA;;$;2;GRUPO AYUDIN ARGENTINA S.A;;;CON;;;;;;;LAVANDINA;;;;;300;Bruno Centurion;AXUM;;;False;132472;0;1;;;;;;1;;1739,00
285;CALLE 114 387;Berazategui;2026-10-05;05-10-2026;02-10-2026;FAC-B-132478;Venta;ELEBES;61816;5,00;14242,80;17233,79;ZURITA MIRTA;;20,00 %;5;Eliana Huber;;Sltn MataMosq Aer AccInst 6/360ml BA;2848,56;3428;;2;ALMACEN;2739,00;CLAUDIO GARCIA;;$;2;GRUPO AYUDIN ARGENTINA S.A;;;EFV;;;;;;;SELTON;;;;;25;JOHANA VIGIL;AXUM;;;False;132478;0;1;;;;;;1;;2848,56
285;CALLE 114 387;Berazategui;2026-10-05;05-10-2026;02-10-2026;FAC-B-132478;Venta;ELEBES;17927;4,00;4245,00;5136,45;ZURITA MIRTA;;0,00 %;5;Eliana Huber;;AYDN LAVDNA OR 15/1L;1061,25;3428;;2;ALMACEN;849,00;CLAUDIO GARCIA;;$;2;GRUPO AYUDIN ARGENTINA S.A;;;EFV;;;;;;;LAVANDINA;;;;;25;JOHANA VIGIL;AXUM;;;False;132478;0;1;;;;;;1;;1061,25
878;san martin 1266;Longchamps;2026-10-05;05-10-2026;02-10-2026;FAC-A-132486;Venta;LAGOPUELO S.A;60233;5,00;12362,02;14958,04;Chen Dami;;15,00 %;062;Nahuel Martinez;;Aydn Lavdna Gel Or 15/700ml GP2;2472,40;3433;;3;AUTOSERVICIO;2187,00;WALTER JANIUK;;$;2;GRUPO AYUDIN ARGENTINA S.A;;;CON;;;;;;;LAVANDINA;;;;;300;Bruno Centurion;AXUM;;;False;132486;0;1;;;;;;1;;2472,40
878;san martin 1266;Longchamps;2026-10-05;05-10-2026;02-10-2026;FAC-A-132486;Venta;LAGOPUELO S.A;60234;5,00;12362,02;14958,04;Chen Dami;;15,00 %;062;Nahuel Martinez;;Aydn Lavdna Gel Ctra 15/700ml GP2;2472,40;3433;;3;AUTOSERVICIO;2187,00;WALTER JANIUK;;$;2;GRUPO AYUDIN ARGENTINA S.A;;;CON;;;;;;;LAVANDINA;;;;;300;Bruno Centurion;AXUM;;;False;132486;0;1;;;;;;1;;2472,40
878;san martin 1266;Longchamps;2026-10-05;05-10-2026;02-10-2026;FAC-A-132486;Venta;LAGOPUELO S.A;60237;5,00;12362,02;14958,04;Chen Dami;;15,00 %;062;Nahuel Martinez;;Aydn Lavdna Gel Flr 15/700ml GP2;2472,40;3433;;3;AUTOSERVICIO;2187,00;WALTER JANIUK;;$;2;GRUPO AYUDIN ARGENTINA S.A;;;CON;;;;;;;LAVANDINA;;;;;300;Bruno Centurion;AXUM;;;False;132486;0;1;;;;;;1;;2472,40
878;san martin 1266;Longchamps;2026-10-05;05-10-2026;02-10-2026;FAC-A-132486;Venta;LAGOPUELO S.A;60239;5,00;12362,02;14958,04;Chen Dami;;15,00 %;062;Nahuel Martinez;;Aydn Lavdna Gel MntFrs 15/700ml GP2;2472,40;3433;;3;AUTOSERVICIO;2187,00;WALTER JANIUK;;$;2;GRUPO AYUDIN ARGENTINA S.A;;;CON;;;;;;;LAVANDINA;;;;;300;Bruno Centurion;AXUM;;;False;132486;0;1;;;;;;1;;2472,40
878;san martin 1266;Longchamps;2026-10-05;05-10-2026;02-10-2026;FAC-A-132486;Venta;LAGOPUELO S.A;60240;5,00;12362,02;14958,04;Chen Dami;;15,00 %;062;Nahuel Martinez;;Aydn Lavdna Gel Lavda EXPRT 15/700ml GP2;2472,40;3433;;3;AUTOSERVICIO;2187,00;WALTER JANIUK;;$;2;GRUPO AYUDIN ARGENTINA S.A;;;CON;;;;;;;LAVANDINA;;;;;300;Bruno Centurion;AXUM;;;False;132486;0;1;;;;;;1;;2472,40
878;san martin 1266;Longchamps;2026-10-05;05-10-2026;02-10-2026;FAC-A-132486;Venta;LAGOPUELO S.A;60222;15,00;17403,75;21058,54;Chen Dami;;15,00 %;062;Nahuel Martinez;;Aydn Lavda TriPod 15/1l GP2;1160,25;3433;;3;AUTOSERVICIO;1050,00;WALTER JANIUK;;$;2;GRUPO AYUDIN ARGENTINA S.A;;;CON;;;;;;;LAVANDINA;;;;;300;Bruno Centurion;AXUM;;;False;132486;0;1;;;;;;1;;1160,25
878;san martin 1266;Longchamps;2026-10-05;05-10-2026;02-10-2026;FAC-A-132486;Venta;LAGOPUELO S.A;61620;5,00;16737,50;20252,38;Chen Dami;;0,00 %;062;Nahuel Martinez;;Aydn Bn Limp† Act Or Gat 12/500 ml;3347,50;3433;;3;AUTOSERVICIO;2575,00;WALTER JANIUK;;$;2;GRUPO AYUDIN ARGENTINA S.A;;;CON;;;;;;;BAÒO;;;;;300;Bruno Centurion;AXUM;;;False;132486;0;1;;;;;;1;;3347,50
27413;Capdevilla - (AUTOSERVICIOS) 2045;BANFIELD;2026-10-05;05-10-2026;02-10-2026;FAC-A-132492;Venta;LAGOPUELO S.A;17927;15,00;12735,00;15409,35;YU CHAORONG;;20,00 %;073;Florencia Cubilla;;AYDN LAVDNA OR 15/1L;849,00;3427;;3;Autoservicio B;849,00;NAHUEL MONTOYA;;$;2;GRUPO AYUDIN ARGENTINA S.A;;;CON;;;;;;;LAVANDINA;;;;;300;Bruno Centurion;AXUM;;;False;132492;0;1;;;;;;1;;849,00
27433;25 De Mayo 1314;CARLOS SPEGAZZINI;2026-10-06;06-10-2026;02-10-2026;FAC-A-132495;Venta;LAGOPUELO S.A;60231;30,00;48678,00;58900,38;Caiyun Zheng;;0,00 %;075;Julieta Yegros;;Aydn A-Sp Trad 15/1l GP2;1622,60;3446;;3;Autoservicio A;1220,00;IVAN MONTOYA;;$;2;GRUPO AYUDIN ARGENTINA S.A;;;CON;;;;;;;LAVANDINA;;;;;300;Bruno Centurion;AXUM;;;False;132495;0;1;;;;;;1;;1622,60
27433;25 De Mayo 1314;CARLOS SPEGAZZINI;2026-10-06;06-10-2026;02-10-2026;FAC-A-132495;Venta;LAGOPUELO S.A;61047;24,00;86642,40;104837,30;Caiyun Zheng;;0,00 %;075;Julieta Yegros;;Aydn RopQuitMnch BlncInt 8/2l;3610,10;3446;;3;Autoservicio A;2777,00;IVAN MONTOYA;;$;2;GRUPO AYUDIN ARGENTINA S.A;;;CON;;;;;;;LAVADO DE ROPA;;;;;300;Bruno Centurion;AXUM;;;False;132495;0;1;;;;;;1;;3610,10
107816;12 De Octubre 615 0;CRUCESITA;2026-10-05;05-10-2026;02-10-2026;FAC-A-132496;Venta;LAGOPUELO S.A;61730;12,00;42872,83;51876,13;Supermercado Lucky;;20,00 %;29;Camila Navarrete;;Sltn MataMosq Aer AccEfct 6/360ml BA;3572,74;3426;;3;AUTOSERVICIO;3489,00;HERNAN RIVERO;;$;2;GRUPO AYUDIN ARGENTINA S.A;;;EFV;;;;;;;SELTON;;;;;25;JOHANA VIGIL;AXUM;;;False;132496;0;1;;;;;;1;;3572,74
107816;12 De Octubre 615 0;CRUCESITA;2026-10-05;05-10-2026;02-10-2026;FAC-A-132496;Venta;LAGOPUELO S.A;60227;8,00;18493,28;22376,87;Supermercado Lucky;;15,00 %;29;Camila Navarrete;;Aydn PurGlac TriPod 8/2l GP2;2311,66;3426;;3;AUTOSERVICIO;2092,00;HERNAN RIVERO;;$;2;GRUPO AYUDIN ARGENTINA S.A;;;EFV;;;;;;;LAVANDINA;;;;;25;JOHANA VIGIL;AXUM;;;False;132496;0;1;;;;;;1;;2311,66
23279;Provincia de Buenos Aires - (AUTOSERVICIOS) 1160;LONGCHAMPS;2026-10-05;05-10-2026;02-10-2026;FAC-A-132502;Venta;LAGOPUELO S.A;36003;16,00;27824,00;33667,04;YAN XIAPING;;20,00 %;062;Nahuel Martinez;;AYDN LAVDNA OR 25g/l 8/2l;1739,00;3433;;3;Autoservicio A;1739,00;WALTER JANIUK;;$;2;GRUPO AYUDIN ARGENTINA S.A;;;CON;;;;;;;LAVANDINA;;;;;300;Bruno Centurion;AXUM;;;False;132502;0;1;;;;;;1;;1739,00
23279;Provincia de Buenos Aires - (AUTOSERVICIOS) 1160;LONGCHAMPS;2026-10-05;05-10-2026;02-10-2026;FAC-A-132502;Venta;LAGOPUELO S.A;34320;12,00;15161,36;18345,25;YAN XIAPING;;23,00 %;062;Nahuel Martinez;;Poett Desinf. Frescura de Lavanda 900ml;1263,45;3433;;3;Autoservicio A;1292,00;WALTER JANIUK;;$;2;GRUPO AYUDIN ARGENTINA S.A;;;CON;;;;;;;PISO;;;;;300;Bruno Centurion;AXUM;;;False;132502;0;1;;;;;;1;;1263,45
23279;Provincia de Buenos Aires - (AUTOSERVICIOS) 1160;LONGCHAMPS;2026-10-05;05-10-2026;02-10-2026;FAC-A-132502;Venta;LAGOPUELO S.A;34324;12,00;15161,36;18345,25;YAN XIAPING;;23,00 %;062;Nahuel Martinez;;Poett Desinf. Flores de Primavera 900ml;1263,45;3433;;3;Autoservicio A;1292,00;WALTER JANIUK;;$;2;GRUPO AYUDIN ARGENTINA S.A;;;CON;;;;;;;PISO;;;;;300;Bruno Centurion;AXUM;;;False;132502;0;1;;;;;;1;;1263,45
23279;Provincia de Buenos Aires - (AUTOSERVICIOS) 1160;LONGCHAMPS;2026-10-05;05-10-2026;02-10-2026;FAC-A-132502;Venta;LAGOPUELO S.A;34334;12,00;15161,36;18345,25;YAN XIAPING;;23,00 %;062;Nahuel Martinez;;Poett Dsnf SuadBebe 12/900ml;1263,45;3433;;3;Autoservicio A;1292,00;WALTER JANIUK;;$;2;GRUPO AYUDIN ARGENTINA S.A;;;CON;;;;;;;PISO;;;;;300;Bruno Centurion;AXUM;;;False;132502;0;1;;;;;;1;;1263,45
23279;Provincia de Buenos Aires - (AUTOSERVICIOS) 1160;LONGCHAMPS;2026-10-05;05-10-2026;02-10-2026;FAC-A-132502;Venta;LAGOPUELO S.A;60386;12,00;15161,36;18345,25;YAN XIAPING;;23,00 %;062;Nahuel Martinez;;Poett EsptPly 12/900ml;1263,45;3433;;3;Autoservicio A;1292,00;WALTER JANIUK;;$;2;GRUPO AYUDIN ARGENTINA S.A;;;CON;;;;;;;PISO;;;;;300;Bruno Centurion;AXUM;;;False;132502;0;1;;;;;;1;;1263,45
23279;Provincia de Buenos Aires - (AUTOSERVICIOS) 1160;LONGCHAMPS;2026-10-05;05-10-2026;02-10-2026;FAC-A-132502;Venta;LAGOPUELO S.A;34336;12,00;15161,36;18345,25;YAN XIAPING;;23,00 %;062;Nahuel Martinez;;Poett Dsnf SuadAlg 12/900ml;1263,45;3433;;3;Autoservicio A;1292,00;WALTER JANIUK;;$;2;GRUPO AYUDIN ARGENTINA S.A;;;CON;;;;;;;PISO;;;;;300;Bruno Centurion;AXUM;;;False;132502;0;1;;;;;;1;;1263,45
13118;CALLE 455 E/ 413 Y 413 A 0;BERAZATEGUI;2026-10-05;05-10-2026;02-10-2026;FAC-A-132509;Venta;LAGOPUELO S.A;34324;4,00;6563,36;7941,67;ABREVAR FD S.A.;;0,00 %;052;Nicole Sosa;;Poett Desinf. Flores de Primavera 900ml;1640,84;3431;;3;AUTOSERVICIO;1292,00;JUAN ESCOTO;;$;2;GRUPO AYUDIN ARGENTINA S.A;;;CON;;;;;;;PISO;;;;;300;Bruno Centurion;AXUM;;;False;132509;0;1;;;;;;1;;1640,84
13118;CALLE 455 E/ 413 Y 413 A 0;BERAZATEGUI;2026-10-05;05-10-2026;02-10-2026;FAC-A-132509;Venta;LAGOPUELO S.A;34320;4,00;6563,36;7941,67;ABREVAR FD S.A.;;0,00 %;052;Nicole Sosa;;Poett Desinf. Frescura de Lavanda 900ml;1640,84;3431;;3;AUTOSERVICIO;1292,00;JUAN ESCOTO;;$;2;GRUPO AYUDIN ARGENTINA S.A;;;CON;;;;;;;PISO;;;;;300;Bruno Centurion;AXUM;;;False;132509;0;1;;;;;;1;;1640,84
13118;CALLE 455 E/ 413 Y 413 A 0;BERAZATEGUI;2026-10-05;05-10-2026;02-10-2026;FAC-A-132509;Venta;LAGOPUELO S.A;34336;4,00;6563,36;7941,67;ABREVAR FD S.A.;;0,00 %;052;Nicole Sosa;;Poett Dsnf SuadAlg 12/900ml;1640,84;3431;;3;AUTOSERVICIO;1292,00;JUAN ESCOTO;;$;2;GRUPO AYUDIN ARGENTINA S.A;;;CON;;;;;;;PISO;;;;;300;Bruno Centurion;AXUM;;;False;132509;0;1;;;;;;1;;1640,84
13118;CALLE 455 E/ 413 Y 413 A 0;BERAZATEGUI;2026-10-05;05-10-2026;02-10-2026;FAC-A-132509;Venta;LAGOPUELO S.A;32288;3,00;5518,50;6677,39;ABREVAR FD S.A.;;0,00 %;052;Nicole Sosa;;Tren Oxi DoyPk 16/400ml;1839,50;3431;;3;AUTOSERVICIO;1415,00;JUAN ESCOTO;;$;2;GRUPO AYUDIN ARGENTINA S.A;;;CON;;;;;;;LAVADO DE ROPA;;;;;300;Bruno Centurion;AXUM;;;False;132509;0;1;;;;;;1;;1839,50
13118;CALLE 455 E/ 413 Y 413 A 0;BERAZATEGUI;2026-10-05;05-10-2026;02-10-2026;FAC-A-132509;Venta;LAGOPUELO S.A;21770;5,00;18697,50;22623,98;ABREVAR FD S.A.;;0,00 %;052;Nicole Sosa;;Mort PnMultus Clr3 20/3ct;3739,50;3431;;3;AUTOSERVICIO;2770,00;JUAN ESCOTO;;$;2;GRUPO AYUDIN ARGENTINA S.A;;;CON;;;;;;;MORTIMER;;;;;300;Bruno Centurion;AXUM;;;False;132509;0;1;;;;;;1;;3739,50
27439;Graham Bell - (AUTOSERVICIOS) 1239;CARLOS SPEGAZZINI;2026-10-06;06-10-2026;02-10-2026;FAC-A-132512;Venta;LAGOPUELO S.A;61576;6,00;10475,40;12675,23;Chen Duntai;;0,00 %;075;Julieta Yegros;;Aydn Bn Limp† Act Or DoyPk 16/450ml;1745,90;3446;;3;Autoservicio A;1343,00;IVAN MONTOYA;;$;2;GRUPO AYUDIN ARGENTINA S.A;;;CON;;;;;;;BAÒO;;;;;300;Bruno Centurion;AXUM;;;False;132512;0;1;;;;;;1;;1745,90
27439;Graham Bell - (AUTOSERVICIOS) 1239;CARLOS SPEGAZZINI;2026-10-06;06-10-2026;02-10-2026;FAC-A-132512;Venta;LAGOPUELO S.A;61577;6,00;8907,60;10778,20;Chen Duntai;;0,00 %;075;Julieta Yegros;;Aydn Coc† Pod Act Or† DoyPk 16/450ml;1484,60;3446;;3;Autoservicio A;1142,00;IVAN MONTOYA;;$;2;GRUPO AYUDIN ARGENTINA S.A;;;CON;;;;;;;COCINA;;;;;300;Bruno Centurion;AXUM;;;False;132512;0;1;;;;;;1;;1484,60
27439;Graham Bell - (AUTOSERVICIOS) 1239;CARLOS SPEGAZZINI;2026-10-06;06-10-2026;02-10-2026;FAC-A-132512;Venta;LAGOPUELO S.A;22963;3,00;12288,90;14869,57;Chen Duntai;;0,00 %;075;Julieta Yegros;;Tren Oxi Trig EftEspma 12/500ml;4096,30;3446;;3;Autoservicio A;3151,00;IVAN MONTOYA;;$;2;GRUPO AYUDIN ARGENTINA S.A;;;CON;;;;;;;AERO POETT;;;;;300;Bruno Centurion;AXUM;;;False;132512;0;1;;;;;;1;;4096,30
27439;Graham Bell - (AUTOSERVICIOS) 1239;CARLOS SPEGAZZINI;2026-10-06;06-10-2026;02-10-2026;FAC-A-132512;Venta;LAGOPUELO S.A;21313;6,00;13127,40;15884,15;Chen Duntai;;0,00 %;075;Julieta Yegros;;Tren Bol 72/120ml;2187,90;3446;;3;Autoservicio A;1683,00;IVAN MONTOYA;;$;2;GRUPO AYUDIN ARGENTINA S.A;;;CON;;;;;;;LAVADO DE ROPA;;;;;300;Bruno Centurion;AXUM;;;False;132512;0;1;;;;;;1;;2187,90
27439;Graham Bell - (AUTOSERVICIOS) 1239;CARLOS SPEGAZZINI;2026-10-06;06-10-2026;02-10-2026;FAC-A-132512;Venta;LAGOPUELO S.A;60402;6,00;22886,64;27692,83;Chen Duntai;;0,00 %;075;Julieta Yegros;;Ayudin Ropa Colores Vivos 15/700ml;3814,44;3446;;3;Autoservicio A;2868,00;IVAN MONTOYA;;$;2;GRUPO AYUDIN ARGENTINA S.A;;;CON;;;;;;;LAVADO DE ROPA;;;;;300;Bruno Centurion;AXUM;;;False;132512;0;1;;;;;;1;;3814,44
27439;Graham Bell - (AUTOSERVICIOS) 1239;CARLOS SPEGAZZINI;2026-10-06;06-10-2026;02-10-2026;FAC-A-132512;Venta;LAGOPUELO S.A;33575;6,00;11387,46;13778,83;Chen Duntai;;0,00 %;075;Julieta Yegros;;Aydn Ropa ClrViv DoyPk 16/400ml;1897,91;3446;;3;Autoservicio A;1427,00;IVAN MONTOYA;;$;2;GRUPO AYUDIN ARGENTINA S.A;;;CON;;;;;;;LAVADO DE ROPA;;;;;300;Bruno Centurion;AXUM;;;False;132512;0;1;;;;;;1;;1897,91
29125;25 DE MAYO EX 879 - (AUTOSERVICIOS) 877;CARLOS SPEGAZZINI;2026-10-06;06-10-2026;02-10-2026;FAC-B-132522;Venta;LAGOPUELO S.A;17927;30,00;25470,00;30818,70;CHURA TEOFILO;;20,00 %;075;Julieta Yegros;;AYDN LAVDNA OR 15/1L;849,00;3446;;2;ALMACEN;849,00;IVAN MONTOYA;;$;2;GRUPO AYUDIN ARGENTINA S.A;;;CON;;;;;;;LAVANDINA;;;;;300;Bruno Centurion;AXUM;;;False;132522;0;1;;;;;;1;;849,00
23624;RAMON SANTAMARINA - (AUTOSERVICIOS) 1148;MONTE GRANDE;2026-10-05;05-10-2026;02-10-2026;FAC-A-132527;Venta;LAGOPUELO S.A;36012;1,00;1688,85;2043,51;SUPER ECO S.R.L.;;0,00 %;064;Karina Fernandez;;Selton espirales 48x 12u;1688,85;3429;;3;Autoservicio A;1251,00;SIMON OLIVERA;;$;2;GRUPO AYUDIN ARGENTINA S.A;;;CON;;;;;;;SELTON;;;;;300;Bruno Centurion;AXUM;;;False;132527;0;1;;;;;;1;;1688,85
27409;Derqui - (AUTOSERVICIOS) 1325;LOMAS DE ZAMORA;2026-10-05;05-10-2026;02-10-2026;FAC-A-132529;Venta;LAGOPUELO S.A;61730;6,00;26795,52;32422,58;Yau Yuping;;0,00 %;073;Florencia Cubilla;;Sltn MataMosq Aer AccEfct 6/360ml BA;4465,92;3427;;3;Autoservicio B;3489,00;NAHUEL MONTOYA;;$;2;GRUPO AYUDIN ARGENTINA S.A;;;CON;;;;;;;SELTON;;;;;300;Bruno Centurion;AXUM;;;False;132529;0;1;;;;;;1;;4465,92
27409;Derqui - (AUTOSERVICIOS) 1325;LOMAS DE ZAMORA;2026-10-05;05-10-2026;02-10-2026;FAC-A-132529;Venta;LAGOPUELO S.A;61814;6,00;22452,75;27167,83;Yau Yuping;;15,00 %;073;Florencia Cubilla;;Sltn MataMosq Aer s/OlrQmc 6/360ml BA;3742,13;3427;;3;Autoservicio B;3522,00;NAHUEL MONTOYA;;$;2;GRUPO AYUDIN ARGENTINA S.A;;;CON;;;;;;;SELTON;;;;;300;Bruno Centurion;AXUM;;;False;132529;0;1;;;;;;1;;3742,13
5172;L N ALEM E/GONGORA Y R.CABO VERDE - (TRADICIONAL) 2037;DOCK SUD;2026-10-05;05-10-2026;02-10-2026;FAC-A-132536;Venta;LAGOPUELO S.A;60886;6,00;14924,13;18058,20;RU-LIN (JOSE LUIS LIBRETTI);;15,00 %;29;Camila Navarrete;;Poett Aer FlrPrm ExtFrag 6/360ml;2487,36;3426;;3;Autoservicio B;2251,00;HERNAN RIVERO;;$;2;GRUPO AYUDIN ARGENTINA S.A;;;CON;;;;;;;AERO POETT;;;;;25;JOHANA VIGIL;AXUM;;;False;132536;0;1;;;;;;1;;2487,36
5172;L N ALEM E/GONGORA Y R.CABO VERDE - (TRADICIONAL) 2037;DOCK SUD;2026-10-05;05-10-2026;02-10-2026;FAC-A-132536;Venta;LAGOPUELO S.A;60386;3,00;3938,02;4765,00;RU-LIN (JOSE LUIS LIBRETTI);;20,00 %;29;Camila Navarrete;;Poett EsptPly 12/900ml;1312,67;3426;;3;Autoservicio B;1292,00;HERNAN RIVERO;;$;2;GRUPO AYUDIN ARGENTINA S.A;;;CON;;;;;;;PISO;;;;;25;JOHANA VIGIL;AXUM;;;False;132536;0;1;;;;;;1;;1312,67
5172;L N ALEM E/GONGORA Y R.CABO VERDE - (TRADICIONAL) 2037;DOCK SUD;2026-10-05;05-10-2026;02-10-2026;FAC-A-132536;Venta;LAGOPUELO S.A;34320;3,00;3938,02;4765,00;RU-LIN (JOSE LUIS LIBRETTI);;20,00 %;29;Camila Navarrete;;Poett Desinf. Frescura de Lavanda 900ml;1312,67;3426;;3;Autoservicio B;1292,00;HERNAN RIVERO;;$;2;GRUPO AYUDIN ARGENTINA S.A;;;CON;;;;;;;PISO;;;;;25;JOHANA VIGIL;AXUM;;;False;132536;0;1;;;;;;1;;1312,67
5172;L N ALEM E/GONGORA Y R.CABO VERDE - (TRADICIONAL) 2037;DOCK SUD;2026-10-05;05-10-2026;02-10-2026;FAC-A-132536;Venta;LAGOPUELO S.A;34334;3,00;3938,02;4765,00;RU-LIN (JOSE LUIS LIBRETTI);;20,00 %;29;Camila Navarrete;;Poett Dsnf SuadBebe 12/900ml;1312,67;3426;;3;Autoservicio B;1292,00;HERNAN RIVERO;;$;2;GRUPO AYUDIN ARGENTINA S.A;;;CON;;;;;;;PISO;;;;;25;JOHANA VIGIL;AXUM;;;False;132536;0;1;;;;;;1;;1312,67
5172;L N ALEM E/GONGORA Y R.CABO VERDE - (TRADICIONAL) 2037;DOCK SUD;2026-10-05;05-10-2026;02-10-2026;FAC-A-132536;Venta;LAGOPUELO S.A;34336;3,00;3938,02;4765,00;RU-LIN (JOSE LUIS LIBRETTI);;20,00 %;29;Camila Navarrete;;Poett Dsnf SuadAlg 12/900ml;1312,67;3426;;3;Autoservicio B;1292,00;HERNAN RIVERO;;$;2;GRUPO AYUDIN ARGENTINA S.A;;;CON;;;;;;;PISO;;;;;25;JOHANA VIGIL;AXUM;;;False;132536;0;1;;;;;;1;;1312,67
22385;CHILE - 242;EZPELETA ESTE;2026-10-05;05-10-2026;02-10-2026;FAC-A-132541;Venta;LAGOPUELO S.A;61816;6,00;17091,36;20680,55;MARIA JOSE ZANOTTI Y TESON;;20,00 %;053;Verona Abati;;Sltn MataMosq Aer AccInst 6/360ml BA;2848,56;3430;;georgalos-803;Perfumeria;2739,00;LEONARDO SANTA CRUZ;;$;2;GRUPO AYUDIN ARGENTINA S.A;;;CON;;;;;;;SELTON;;;;;300;Bruno Centurion;AXUM;;;False;132541;0;1;;;;;;1;;2848,56
22385;CHILE - 242;EZPELETA ESTE;2026-10-05;05-10-2026;02-10-2026;FAC-A-132541;Venta;LAGOPUELO S.A;50060;16,00;25670,52;31061,33;MARIA JOSE ZANOTTI Y TESON;;5,00 %;053;Verona Abati;;Selton espirales violeta 48x12u;1604,41;3430;;georgalos-803;Perfumeria;1251,00;LEONARDO SANTA CRUZ;;$;2;GRUPO AYUDIN ARGENTINA S.A;;;CON;;;;;;;SELTON;;;;;300;Bruno Centurion;AXUM;;;False;132541;0;1;;;;;;1;;1604,41
22385;CHILE - 242;EZPELETA ESTE;2026-10-05;05-10-2026;02-10-2026;FAC-A-132541;Venta;LAGOPUELO S.A;36012;12,00;19252,89;23296,00;MARIA JOSE ZANOTTI Y TESON;;5,00 %;053;Verona Abati;;Selton espirales 48x 12u;1604,41;3430;;georgalos-803;Perfumeria;1251,00;LEONARDO SANTA CRUZ;;$;2;GRUPO AYUDIN ARGENTINA S.A;;;CON;;;;;;;SELTON;;;;;300;Bruno Centurion;AXUM;;;False;132541;0;1;;;;;;1;;1604,41
22385;CHILE - 242;EZPELETA ESTE;2026-10-05;05-10-2026;02-10-2026;FAC-A-132541;Venta;LAGOPUELO S.A;24648;12,00;16598,40;20084,06;MARIA JOSE ZANOTTI Y TESON;;0,00 %;053;Verona Abati;;Poett PastDesod Lavda 12/25g GP2;1383,20;3430;;georgalos-803;Perfumeria;1064,00;LEONARDO SANTA CRUZ;;$;2;GRUPO AYUDIN ARGENTINA S.A;;;CON;;;;;;;BAÒO;;;;;300;Bruno Centurion;AXUM;;;False;132541;0;1;;;;;;1;;1383,20
3144;EMILIO ZOLA 1653;QUILMES;2026-10-05;05-10-2026;02-10-2026;FAC-A-132543;Venta;LAGOPUELO S.A;61577;6,00;8907,60;10778,20;Wang Lixiang;;0,00 %;054;Leonel Caruso;;Aydn Coc† Pod Act Or† DoyPk 16/450ml;1484,60;3430;;3;AUTOSERVICIO;1142,00;LEONARDO SANTA CRUZ;;$;2;GRUPO AYUDIN ARGENTINA S.A;;;CON;;;;;;;COCINA;;;;;300;Bruno Centurion;AXUM;;;False;132543;0;1;;;;;;1;;1484,60
27705;AV BARTOLOME MITRE 2323;AVELLANEDA;2026-10-05;05-10-2026;02-10-2026;FAC-A-132553;Venta;LAGOPUELO S.A;36003;56,00;93732,10;113415,84;RAUL MANUEL PEREZ;;23,00 %;26;Sabrina Pereyra;;AYDN LAVDNA OR 25g/l 8/2l;1673,79;3425;;georgalos-803;Perfumeria;1739,00;MARIANO SOSA;;$;2;GRUPO AYUDIN ARGENTINA S.A;;;CON;;;;;;;LAVANDINA;;;;;25;JOHANA VIGIL;AXUM;;;False;132553;0;1;;;;;;1;;1673,79
27705;AV BARTOLOME MITRE 2323;AVELLANEDA;2026-10-05;05-10-2026;02-10-2026;FAC-A-132553;Venta;LAGOPUELO S.A;17927;45,00;38205,00;46228,05;RAUL MANUEL PEREZ;;20,00 %;26;Sabrina Pereyra;;AYDN LAVDNA OR 15/1L;849,00;3425;;georgalos-803;Perfumeria;849,00;MARIANO SOSA;;$;2;GRUPO AYUDIN ARGENTINA S.A;;;CON;;;;;;;LAVANDINA;;;;;25;JOHANA VIGIL;AXUM;;;False;132553;0;1;;;;;;1;;849,00
23627;LEANDRO N ALEM 1246;Esteban EcheverrÌa;2026-10-05;05-10-2026;02-10-2026;FAC-A-132555;Venta;LAGOPUELO S.A;61046;15,00;22306,05;26990,32;HUANG ZIJIAO;;18,00 %;064;Karina Fernandez;;Aydn RopQuitMnch BlncInt 15/1l;1487,07;3429;;3;Autoservicio A;1395,00;SIMON OLIVERA;;$;2;GRUPO AYUDIN ARGENTINA S.A;;;CON;;;;;;;LAVADO DE ROPA;;;;;300;Bruno Centurion;AXUM;;;False;132555;0;1;;;;;;1;;1487,07
27848;ARMESTI - (AUTOSERVICIOS) 4163;TEMPERLEY;2026-10-05;05-10-2026;02-10-2026;FAC-A-132556;Venta;LAGOPUELO S.A;17927;15,00;12735,00;15409,35;CHEN LIYING;;20,00 %;074;Romina Baez;;AYDN LAVDNA OR 15/1L;849,00;3427;;3;Autoservicio A;849,00;NAHUEL MONTOYA;;$;2;GRUPO AYUDIN ARGENTINA S.A;;;CON;;;;;;;LAVANDINA;;;;;300;Bruno Centurion;AXUM;;;False;132556;0;1;;;;;;1;;849,00
27848;ARMESTI - (AUTOSERVICIOS) 4163;TEMPERLEY;2026-10-05;05-10-2026;02-10-2026;FAC-A-132556;Venta;LAGOPUELO S.A;36003;8,00;13912,00;16833,52;CHEN LIYING;;20,00 %;074;Romina Baez;;AYDN LAVDNA OR 25g/l 8/2l;1739,00;3427;;3;Autoservicio A;1739,00;NAHUEL MONTOYA;;$;2;GRUPO AYUDIN ARGENTINA S.A;;;CON;;;;;;;LAVANDINA;;;;;300;Bruno Centurion;AXUM;;;False;132556;0;1;;;;;;1;;1739,00
27848;ARMESTI - (AUTOSERVICIOS) 4163;TEMPERLEY;2026-10-05;05-10-2026;02-10-2026;FAC-A-132556;Venta;LAGOPUELO S.A;61046;15,00;22306,05;26990,32;CHEN LIYING;;18,00 %;074;Romina Baez;;Aydn RopQuitMnch BlncInt 15/1l;1487,07;3427;;3;Autoservicio A;1395,00;NAHUEL MONTOYA;;$;2;GRUPO AYUDIN ARGENTINA S.A;;;CON;;;;;;;LAVADO DE ROPA;;;;;300;Bruno Centurion;AXUM;;;False;132556;0;1;;;;;;1;;1487,07
27848;ARMESTI - (AUTOSERVICIOS) 4163;TEMPERLEY;2026-10-05;05-10-2026;02-10-2026;FAC-A-132556;Venta;LAGOPUELO S.A;60233;6,00;14834,42;17949,65;CHEN LIYING;;15,00 %;074;Romina Baez;;Aydn Lavdna Gel Or 15/700ml GP2;2472,40;3427;;3;Autoservicio A;2187,00;NAHUEL MONTOYA;;$;2;GRUPO AYUDIN ARGENTINA S.A;;;CON;;;;;;;LAVANDINA;;;;;300;Bruno Centurion;AXUM;;;False;132556;0;1;;;;;;1;;2472,40
27848;ARMESTI - (AUTOSERVICIOS) 4163;TEMPERLEY;2026-10-05;05-10-2026;02-10-2026;FAC-A-132556;Venta;LAGOPUELO S.A;60239;6,00;14834,42;17949,65;CHEN LIYING;;15,00 %;074;Romina Baez;;Aydn Lavdna Gel MntFrs 15/700ml GP2;2472,40;3427;;3;Autoservicio A;2187,00;NAHUEL MONTOYA;;$;2;GRUPO AYUDIN ARGENTINA S.A;;;CON;;;;;;;LAVANDINA;;;;;300;Bruno Centurion;AXUM;;;False;132556;0;1;;;;;;1;;2472,40
27848;ARMESTI - (AUTOSERVICIOS) 4163;TEMPERLEY;2026-10-05;05-10-2026;02-10-2026;FAC-A-132556;Venta;LAGOPUELO S.A;60240;6,00;14834,42;17949,65;CHEN LIYING;;15,00 %;074;Romina Baez;;Aydn Lavdna Gel Lavda EXPRT 15/700ml GP2;2472,40;3427;;3;Autoservicio A;2187,00;NAHUEL MONTOYA;;$;2;GRUPO AYUDIN ARGENTINA S.A;;;CON;;;;;;;LAVANDINA;;;;;300;Bruno Centurion;AXUM;;;False;132556;0;1;;;;;;1;;2472,40
24055;EMILIO ZOLA 1571;QUILMES;2026-10-05;05-10-2026;02-10-2026;FAC-A-132568;Venta;LAGOPUELO S.A;17927;15,00;15918,75;19261,69;VANINA COCRE;;0,00 %;054;Leonel Caruso;;AYDN LAVDNA OR 15/1L;1061,25;3430;;2;ALMACEN;849,00;LEONARDO SANTA CRUZ;;$;2;GRUPO AYUDIN ARGENTINA S.A;;;CON;;;;;;;LAVANDINA;;;;;300;Bruno Centurion;AXUM;;;False;132568;0;1;;;;;;1;;1061,25
23292;Av. Pres. Hipolito Yrigoyen - (AUTOSERVICIOS) 17365;LONGCHAMPS;2026-10-05;05-10-2026;02-10-2026;FAC-A-132569;Venta;LAGOPUELO S.A;34342;12,00;15752,06;19060,00;HUANG EVELYN;;20,00 %;062;Nahuel Martinez;;Poett Dsnf AlgrDia 12/900ml;1312,67;3433;;3;Autoservicio A;1292,00;WALTER JANIUK;;$;2;GRUPO AYUDIN ARGENTINA S.A;;;CON;;;;;;;PISO;;;;;300;Bruno Centurion;AXUM;;;False;132569;0;1;;;;;;1;;1312,67
23292;Av. Pres. Hipolito Yrigoyen - (AUTOSERVICIOS) 17365;LONGCHAMPS;2026-10-05;05-10-2026;02-10-2026;FAC-A-132569;Venta;LAGOPUELO S.A;21313;3,00;6563,70;7942,08;HUANG EVELYN;;0,00 %;062;Nahuel Martinez;;Tren Bol 72/120ml;2187,90;3433;;3;Autoservicio A;1683,00;WALTER JANIUK;;$;2;GRUPO AYUDIN ARGENTINA S.A;;;CON;;;;;;;LAVADO DE ROPA;;;;;300;Bruno Centurion;AXUM;;;False;132569;0;1;;;;;;1;;2187,90
23292;Av. Pres. Hipolito Yrigoyen - (AUTOSERVICIOS) 17365;LONGCHAMPS;2026-10-05;05-10-2026;02-10-2026;FAC-A-132569;Venta;LAGOPUELO S.A;32288;3,00;5518,50;6677,39;HUANG EVELYN;;0,00 %;062;Nahuel Martinez;;Tren Oxi DoyPk 16/400ml;1839,50;3433;;3;Autoservicio A;1415,00;WALTER JANIUK;;$;2;GRUPO AYUDIN ARGENTINA S.A;;;CON;;;;;;;LAVADO DE ROPA;;;;;300;Bruno Centurion;AXUM;;;False;132569;0;1;;;;;;1;;1839,50
23292;Av. Pres. Hipolito Yrigoyen - (AUTOSERVICIOS) 17365;LONGCHAMPS;2026-10-05;05-10-2026;02-10-2026;FAC-A-132569;Venta;LAGOPUELO S.A;61620;3,00;10042,50;12151,43;HUANG EVELYN;;0,00 %;062;Nahuel Martinez;;Aydn Bn Limp† Act Or Gat 12/500 ml;3347,50;3433;;3;Autoservicio A;2575,00;WALTER JANIUK;;$;2;GRUPO AYUDIN ARGENTINA S.A;;;CON;;;;;;;BAÒO;;;;;300;Bruno Centurion;AXUM;;;False;132569;0;1;;;;;;1;;3347,50
23292;Av. Pres. Hipolito Yrigoyen - (AUTOSERVICIOS) 17365;LONGCHAMPS;2026-10-05;05-10-2026;02-10-2026;FAC-A-132569;Venta;LAGOPUELO S.A;36003;16,00;27824,00;33667,04;HUANG EVELYN;;20,00 %;062;Nahuel Martinez;;AYDN LAVDNA OR 25g/l 8/2l;1739,00;3433;;3;Autoservicio A;1739,00;WALTER JANIUK;;$;2;GRUPO AYUDIN ARGENTINA S.A;;;CON;;;;;;;LAVANDINA;;;;;300;Bruno Centurion;AXUM;;;False;132569;0;1;;;;;;1;;1739,00
23292;Av. Pres. Hipolito Yrigoyen - (AUTOSERVICIOS) 17365;LONGCHAMPS;2026-10-05;05-10-2026;02-10-2026;FAC-A-132569;Venta;LAGOPUELO S.A;60223;8,00;18493,28;22376,87;HUANG EVELYN;;15,00 %;062;Nahuel Martinez;;Aydn Lavda TriPod 8/2l GP2;2311,66;3433;;3;Autoservicio A;2092,00;WALTER JANIUK;;$;2;GRUPO AYUDIN ARGENTINA S.A;;;CON;;;;;;;LAVANDINA;;;;;300;Bruno Centurion;AXUM;;;False;132569;0;1;;;;;;1;;2311,66
23292;Av. Pres. Hipolito Yrigoyen - (AUTOSERVICIOS) 17365;LONGCHAMPS;2026-10-05;05-10-2026;02-10-2026;FAC-A-132569;Venta;LAGOPUELO S.A;17927;30,00;25470,00;30818,70;HUANG EVELYN;;20,00 %;062;Nahuel Martinez;;AYDN LAVDNA OR 15/1L;849,00;3433;;3;Autoservicio A;849,00;WALTER JANIUK;;$;2;GRUPO AYUDIN ARGENTINA S.A;;;CON;;;;;;;LAVANDINA;;;;;300;Bruno Centurion;AXUM;;;False;132569;0;1;;;;;;1;;849,00
29346;LACARRA - (PERFUMERIA) 1622;GERLI;2026-10-05;05-10-2026;02-10-2026;FAC-A-132570;Venta;LAGOPUELO S.A;17927;225,00;174310,31;210915,48;MABEL REY;;27,00 %;24;Cecilia Gauchez;;AYDN LAVDNA OR 15/1L;774,71;3425;;georgalos-803;Perfumeria;849,00;MARIANO SOSA;;$;2;GRUPO AYUDIN ARGENTINA S.A;;;CON;;;;;;;LAVANDINA;;;;;25;JOHANA VIGIL;AXUM;;;False;132570;0;1;;;;;;1;;774,71
29346;LACARRA - (PERFUMERIA) 1622;GERLI;2026-10-05;05-10-2026;02-10-2026;FAC-A-132570;Venta;LAGOPUELO S.A;36003;120,00;190420,50;230408,81;MABEL REY;;27,00 %;24;Cecilia Gauchez;;AYDN LAVDNA OR 25g/l 8/2l;1586,84;3425;;georgalos-803;Perfumeria;1739,00;MARIANO SOSA;;$;2;GRUPO AYUDIN ARGENTINA S.A;;;CON;;;;;;;LAVANDINA;;;;;25;JOHANA VIGIL;AXUM;;;False;132570;0;1;;;;;;1;;1586,84
29346;LACARRA - (PERFUMERIA) 1622;GERLI;2026-10-05;05-10-2026;02-10-2026;FAC-A-132570;Venta;LAGOPUELO S.A;60222;30,00;32760,00;39639,60;MABEL REY;;20,00 %;24;Cecilia Gauchez;;Aydn Lavda TriPod 15/1l GP2;1092,00;3425;;georgalos-803;Perfumeria;1050,00;MARIANO SOSA;;$;2;GRUPO AYUDIN ARGENTINA S.A;;;CON;;;;;;;LAVANDINA;;;;;25;JOHANA VIGIL;AXUM;;;False;132570;0;1;;;;;;1;;1092,00
29346;LACARRA - (PERFUMERIA) 1622;GERLI;2026-10-05;05-10-2026;02-10-2026;FAC-A-132570;Venta;LAGOPUELO S.A;60226;30,00;32760,00;39639,60;MABEL REY;;20,00 %;24;Cecilia Gauchez;;Aydn PurGlac TriPod 15/1l GP2;1092,00;3425;;georgalos-803;Perfumeria;1050,00;MARIANO SOSA;;$;2;GRUPO AYUDIN ARGENTINA S.A;;;CON;;;;;;;LAVANDINA;;;;;25;JOHANA VIGIL;AXUM;;;False;132570;0;1;;;;;;1;;1092,00
23096;MIGUEL CANE - (KIOSCOS/MAXI) 1105;GLEW;2026-10-05;05-10-2026;02-10-2026;FAC-B-132576;Venta;Empresa LAGOPUELO;18026;3,00;7714,20;9334,18;NAIR FEDERICO;;0,00 %;061;Nailah Guzman;;Aydn Dsnf PstWC 36/16g;2571,40;3433;;5;KIOSCO;1978,00;WALTER JANIUK;;$;2;GRUPO AYUDIN ARGENTINA S.A;;;CON;;;;;;;COCINA;;;;;300;Bruno Centurion;AXUM;;;False;132576;0;1;;;;;;1;;2571,40
5646;ING. HUERGO - (TRADITIONAL TRADE) 1312;DOCK SUD;2026-10-05;05-10-2026;02-10-2026;FAC-A-132581;Venta;LAGOPUELO S.A;17927;75,00;79593,75;96308,44;MARIA LUISA MAMANI FLORES;;0,00 %;29;Camila Navarrete;;AYDN LAVDNA OR 15/1L;1061,25;3426;;3;Autoservicio B;849,00;HERNAN RIVERO;;$;2;GRUPO AYUDIN ARGENTINA S.A;;;CON;;;;;;;LAVANDINA;;;;;25;JOHANA VIGIL;AXUM;;;False;132581;0;1;;;;;;1;;1061,25
5646;ING. HUERGO - (TRADITIONAL TRADE) 1312;DOCK SUD;2026-10-05;05-10-2026;02-10-2026;FAC-A-132581;Venta;LAGOPUELO S.A;34320;12,00;19690,08;23825,00;MARIA LUISA MAMANI FLORES;;0,00 %;29;Camila Navarrete;;Poett Desinf. Frescura de Lavanda 900ml;1640,84;3426;;3;Autoservicio B;1292,00;HERNAN RIVERO;;$;2;GRUPO AYUDIN ARGENTINA S.A;;;CON;;;;;;;PISO;;;;;25;JOHANA VIGIL;AXUM;;;False;132581;0;1;;;;;;1;;1640,84
5646;ING. HUERGO - (TRADITIONAL TRADE) 1312;DOCK SUD;2026-10-05;05-10-2026;02-10-2026;FAC-A-132581;Venta;LAGOPUELO S.A;34334;12,00;19690,08;23825,00;MARIA LUISA MAMANI FLORES;;0,00 %;29;Camila Navarrete;;Poett Dsnf SuadBebe 12/900ml;1640,84;3426;;3;Autoservicio B;1292,00;HERNAN RIVERO;;$;2;GRUPO AYUDIN ARGENTINA S.A;;;CON;;;;;;;PISO;;;;;25;JOHANA VIGIL;AXUM;;;False;132581;0;1;;;;;;1;;1640,84
5646;ING. HUERGO - (TRADITIONAL TRADE) 1312;DOCK SUD;2026-10-05;05-10-2026;02-10-2026;FAC-A-132581;Venta;LAGOPUELO S.A;36001;12,00;19690,08;23825,00;MARIA LUISA MAMANI FLORES;;0,00 %;29;Camila Navarrete;;POETT FRSC TROP 12/900;1640,84;3426;;3;Autoservicio B;1292,00;HERNAN RIVERO;;$;2;GRUPO AYUDIN ARGENTINA S.A;;;CON;;;;;;;PISO;;;;;25;JOHANA VIGIL;AXUM;;;False;132581;0;1;;;;;;1;;1640,84
5646;ING. HUERGO - (TRADITIONAL TRADE) 1312;DOCK SUD;2026-10-05;05-10-2026;02-10-2026;FAC-A-132581;Venta;LAGOPUELO S.A;34336;12,00;19690,08;23825,00;MARIA LUISA MAMANI FLORES;;0,00 %;29;Camila Navarrete;;Poett Dsnf SuadAlg 12/900ml;1640,84;3426;;3;Autoservicio B;1292,00;HERNAN RIVERO;;$;2;GRUPO AYUDIN ARGENTINA S.A;;;CON;;;;;;;PISO;;;;;25;JOHANA VIGIL;AXUM;;;False;132581;0;1;;;;;;1;;1640,84
5646;ING. HUERGO - (TRADITIONAL TRADE) 1312;DOCK SUD;2026-10-05;05-10-2026;02-10-2026;FAC-A-132581;Venta;LAGOPUELO S.A;34324;12,00;19690,08;23825,00;MARIA LUISA MAMANI FLORES;;0,00 %;29;Camila Navarrete;;Poett Desinf. Flores de Primavera 900ml;1640,84;3426;;3;Autoservicio B;1292,00;HERNAN RIVERO;;$;2;GRUPO AYUDIN ARGENTINA S.A;;;CON;;;;;;;PISO;;;;;25;JOHANA VIGIL;AXUM;;;False;132581;0;1;;;;;;1;;1640,84
6484;ACONCAGUA 1990;FLORENCIO VARELA;2026-10-06;06-10-2026;02-10-2026;FAC-B-132587;Venta;Empresa LAGOPUELO;34320;2,00;3281,68;3970,83;BENITEZ ZUNILDA;;0,00 %;6;Nieves Alegre;;Poett Desinf. Frescura de Lavanda 900ml;1640,84;3463;;2;ALMACEN;1292,00;SIMON OLIVERA;;$;2;GRUPO AYUDIN ARGENTINA S.A;;;CON;;;;;;;PISO;;;;;25;JOHANA VIGIL;AXUM;;;False;132587;0;1;;;;;;1;;1640,84
6484;ACONCAGUA 1990;FLORENCIO VARELA;2026-10-06;06-10-2026;02-10-2026;FAC-B-132587;Venta;Empresa LAGOPUELO;34327;2,00;3281,68;3970,83;BENITEZ ZUNILDA;;0,00 %;6;Nieves Alegre;;Poett Desinf. Solo para ti 900ml;1640,84;3463;;2;ALMACEN;1292,00;SIMON OLIVERA;;$;2;GRUPO AYUDIN ARGENTINA S.A;;;CON;;;;;;;PISO;;;;;25;JOHANA VIGIL;AXUM;;;False;132587;0;1;;;;;;1;;1640,84
6484;ACONCAGUA 1990;FLORENCIO VARELA;2026-10-06;06-10-2026;02-10-2026;FAC-B-132587;Venta;Empresa LAGOPUELO;34342;2,00;3281,68;3970,83;BENITEZ ZUNILDA;;0,00 %;6;Nieves Alegre;;Poett Dsnf AlgrDia 12/900ml;1640,84;3463;;2;ALMACEN;1292,00;SIMON OLIVERA;;$;2;GRUPO AYUDIN ARGENTINA S.A;;;CON;;;;;;;PISO;;;;;25;JOHANA VIGIL;AXUM;;;False;132587;0;1;;;;;;1;;1640,84
6484;ACONCAGUA 1990;FLORENCIO VARELA;2026-10-06;06-10-2026;02-10-2026;FAC-B-132587;Venta;Empresa LAGOPUELO;17927;15,00;12735,00;15409,35;BENITEZ ZUNILDA;;20,00 %;6;Nieves Alegre;;AYDN LAVDNA OR 15/1L;849,00;3463;;2;ALMACEN;849,00;SIMON OLIVERA;;$;2;GRUPO AYUDIN ARGENTINA S.A;;;CON;;;;;;;LAVANDINA;;;;;25;JOHANA VIGIL;AXUM;;;False;132587;0;1;;;;;;1;;849,00
6484;ACONCAGUA 1990;FLORENCIO VARELA;2026-10-06;06-10-2026;02-10-2026;FAC-B-132587;Venta;Empresa LAGOPUELO;60888;2,00;4974,71;6019,40;BENITEZ ZUNILDA;;15,00 %;6;Nieves Alegre;;Poett Aer SvdAlg ExtFrag 6/360ml;2487,36;3463;;2;ALMACEN;2251,00;SIMON OLIVERA;;$;2;GRUPO AYUDIN ARGENTINA S.A;;;CON;;;;;;;AERO POETT;;;;;25;JOHANA VIGIL;AXUM;;;False;132587;0;1;;;;;;1;;2487,36
6360;CAMINO GRAL. BELGRANO 5517;Varela;2026-10-05;05-10-2026;02-10-2026;FAC-A-132593;Venta;LAGOPUELO S.A;33576;6,00;11387,46;13778,83;LIN CHENGYANG;;0,00 %;6;Nieves Alegre;;Aydn Ropa BlncSprms DoyPk 16/400ml;1897,91;3428;;3;AUTOSERVICIO;1427,00;CLAUDIO GARCIA;;$;2;GRUPO AYUDIN ARGENTINA S.A;;;CON;;;;;;;LAVADO DE ROPA;;;;;25;JOHANA VIGIL;AXUM;;;False;132593;0;1;;;;;;1;;1897,91
6360;CAMINO GRAL. BELGRANO 5517;Varela;2026-10-05;05-10-2026;02-10-2026;FAC-A-132593;Venta;LAGOPUELO S.A;33577;6,00;18808,86;22758,72;LIN CHENGYANG;;0,00 %;6;Nieves Alegre;;Aydn Ropa ClrViv DoyPk 12/650ml;3134,81;3428;;3;AUTOSERVICIO;2357,00;CLAUDIO GARCIA;;$;2;GRUPO AYUDIN ARGENTINA S.A;;;CON;;;;;;;LAVADO DE ROPA;;;;;25;JOHANA VIGIL;AXUM;;;False;132593;0;1;;;;;;1;;3134,81
6360;CAMINO GRAL. BELGRANO 5517;Varela;2026-10-05;05-10-2026;02-10-2026;FAC-A-132593;Venta;LAGOPUELO S.A;61046;15,00;23122,13;27977,77;LIN CHENGYANG;;15,00 %;6;Nieves Alegre;;Aydn RopQuitMnch BlncInt 15/1l;1541,48;3428;;3;AUTOSERVICIO;1395,00;CLAUDIO GARCIA;;$;2;GRUPO AYUDIN ARGENTINA S.A;;;CON;;;;;;;LAVADO DE ROPA;;;;;25;JOHANA VIGIL;AXUM;;;False;132593;0;1;;;;;;1;;1541,48
6360;CAMINO GRAL. BELGRANO 5517;Varela;2026-10-05;05-10-2026;02-10-2026;FAC-A-132593;Venta;LAGOPUELO S.A;61047;8,00;24548,68;29703,90;LIN CHENGYANG;;15,00 %;6;Nieves Alegre;;Aydn RopQuitMnch BlncInt 8/2l;3068,59;3428;;3;AUTOSERVICIO;2777,00;CLAUDIO GARCIA;;$;2;GRUPO AYUDIN ARGENTINA S.A;;;CON;;;;;;;LAVADO DE ROPA;;;;;25;JOHANA VIGIL;AXUM;;;False;132593;0;1;;;;;;1;;3068,59
6360;CAMINO GRAL. BELGRANO 5517;Varela;2026-10-05;05-10-2026;02-10-2026;FAC-A-132593;Venta;LAGOPUELO S.A;60222;15,00;17403,75;21058,54;LIN CHENGYANG;;15,00 %;6;Nieves Alegre;;Aydn Lavda TriPod 15/1l GP2;1160,25;3428;;3;AUTOSERVICIO;1050,00;CLAUDIO GARCIA;;$;2;GRUPO AYUDIN ARGENTINA S.A;;;CON;;;;;;;LAVANDINA;;;;;25;JOHANA VIGIL;AXUM;;;False;132593;0;1;;;;;;1;;1160,25
6360;CAMINO GRAL. BELGRANO 5517;Varela;2026-10-05;05-10-2026;02-10-2026;FAC-A-132593;Venta;LAGOPUELO S.A;60231;15,00;24339,00;29450,19;LIN CHENGYANG;;0,00 %;6;Nieves Alegre;;Aydn A-Sp Trad 15/1l GP2;1622,60;3428;;3;AUTOSERVICIO;1220,00;CLAUDIO GARCIA;;$;2;GRUPO AYUDIN ARGENTINA S.A;;;CON;;;;;;;LAVANDINA;;;;;25;JOHANA VIGIL;AXUM;;;False;132593;0;1;;;;;;1;;1622,60
2780;Calle 457 N∞ 1561;Berazategui;2026-10-05;05-10-2026;02-10-2026;FAC-A-132596;Venta;LAGOPUELO S.A;60408;6,00;22886,64;27692,83;WANG HUANG;;0,00 %;052;Nicole Sosa;;Ayudin Ropa Blancos Supremos 15/700ml;3814,44;3431;;3;AUTOSERVICIO;2868,00;JUAN ESCOTO;;$;2;GRUPO AYUDIN ARGENTINA S.A;;;CON;;;;;;;LAVADO DE ROPA;;;;;300;Bruno Centurion;AXUM;;;False;132596;0;1;;;;;;1;;3814,44
6260;Calle 1155 N∞ 2607;Varela;2026-10-05;05-10-2026;02-10-2026;FAC-A-132602;Venta;LAGOPUELO S.A;32288;16,00;26488,80;32051,45;WEI ZHONGSHENG;;10,00 %;051;Ezequiel Valente;;Tren Oxi DoyPk 16/400ml;1655,55;3431;;3;AUTOSERVICIO;1415,00;JUAN ESCOTO;;$;2;GRUPO AYUDIN ARGENTINA S.A;;;CON;;;;;;;LAVADO DE ROPA;;;;;300;Bruno Centurion;AXUM;;;False;132602;0;1;;;;;;1;;1655,55
6260;Calle 1155 N∞ 2607;Varela;2026-10-05;05-10-2026;02-10-2026;FAC-A-132602;Venta;LAGOPUELO S.A;61576;16,00;25140,96;30420,56;WEI ZHONGSHENG;;10,00 %;051;Ezequiel Valente;;Aydn Bn Limp† Act Or DoyPk 16/450ml;1571,31;3431;;3;AUTOSERVICIO;1343,00;JUAN ESCOTO;;$;2;GRUPO AYUDIN ARGENTINA S.A;;;CON;;;;;;;BAÒO;;;;;300;Bruno Centurion;AXUM;;;False;132602;0;1;;;;;;1;;1571,31
6260;Calle 1155 N∞ 2607;Varela;2026-10-05;05-10-2026;02-10-2026;FAC-A-132602;Venta;LAGOPUELO S.A;61577;16,00;21378,24;25867,67;WEI ZHONGSHENG;;10,00 %;051;Ezequiel Valente;;Aydn Coc† Pod Act Or† DoyPk 16/450ml;1336,14;3431;;3;AUTOSERVICIO;1142,00;JUAN ESCOTO;;$;2;GRUPO AYUDIN ARGENTINA S.A;;;CON;;;;;;;COCINA;;;;;300;Bruno Centurion;AXUM;;;False;132602;0;1;;;;;;1;;1336,14
100680;Brandsen 1672 0;Crucecita;2026-10-05;05-10-2026;02-10-2026;FAC-A-132608;Venta;LAGOPUELO S.A;61046;15,00;22306,05;26990,32;Weng Minghui;;18,00 %;27;Samanta Dogliotti;;Aydn RopQuitMnch BlncInt 15/1l;1487,07;3426;;georgalos-7;Almacen;1395,00;HERNAN RIVERO;;$;2;GRUPO AYUDIN ARGENTINA S.A;;;EFV;;;;;;;LAVADO DE ROPA;;;;;25;JOHANA VIGIL;AXUM;;;False;132608;0;1;;;;;;1;;1487,07
100680;Brandsen 1672 0;Crucecita;2026-10-05;05-10-2026;02-10-2026;FAC-A-132608;Venta;LAGOPUELO S.A;61047;8,00;23682,26;28655,53;Weng Minghui;;18,00 %;27;Samanta Dogliotti;;Aydn RopQuitMnch BlncInt 8/2l;2960,28;3426;;georgalos-7;Almacen;2777,00;HERNAN RIVERO;;$;2;GRUPO AYUDIN ARGENTINA S.A;;;EFV;;;;;;;LAVADO DE ROPA;;;;;25;JOHANA VIGIL;AXUM;;;False;132608;0;1;;;;;;1;;2960,28
5128;ROSARIO E/AV.QUITO Y COSTA RICA - (TRADITIONAL TRADE) 1824;CARLOS SPEGAZZINI;2026-10-06;06-10-2026;02-10-2026;FAC-B-132612;Venta;LAGOPUELO S.A;17927;30,00;25470,00;30818,70;ENRIQUE ANTONIO GUERRE—O;;20,00 %;075;Julieta Yegros;;AYDN LAVDNA OR 15/1L;849,00;3446;;5;KIOSCO;849,00;IVAN MONTOYA;;$;2;GRUPO AYUDIN ARGENTINA S.A;;;CON;;;;;;;LAVANDINA;;;;;300;Bruno Centurion;AXUM;;;False;132612;0;1;;;;;;1;;849,00
5128;ROSARIO E/AV.QUITO Y COSTA RICA - (TRADITIONAL TRADE) 1824;CARLOS SPEGAZZINI;2026-10-06;06-10-2026;02-10-2026;FAC-B-132612;Venta;LAGOPUELO S.A;36003;16,00;27824,00;33667,04;ENRIQUE ANTONIO GUERRE—O;;20,00 %;075;Julieta Yegros;;AYDN LAVDNA OR 25g/l 8/2l;1739,00;3446;;5;KIOSCO;1739,00;IVAN MONTOYA;;$;2;GRUPO AYUDIN ARGENTINA S.A;;;CON;;;;;;;LAVANDINA;;;;;300;Bruno Centurion;AXUM;;;False;132612;0;1;;;;;;1;;1739,00
5128;ROSARIO E/AV.QUITO Y COSTA RICA - (TRADITIONAL TRADE) 1824;CARLOS SPEGAZZINI;2026-10-06;06-10-2026;02-10-2026;FAC-B-132612;Venta;LAGOPUELO S.A;61046;15,00;22306,05;26990,32;ENRIQUE ANTONIO GUERRE—O;;18,00 %;075;Julieta Yegros;;Aydn RopQuitMnch BlncInt 15/1l;1487,07;3446;;5;KIOSCO;1395,00;IVAN MONTOYA;;$;2;GRUPO AYUDIN ARGENTINA S.A;;;CON;;;;;;;LAVADO DE ROPA;;;;;300;Bruno Centurion;AXUM;;;False;132612;0;1;;;;;;1;;1487,07
27330;ADOLFO ALSINA 266;AVELLANEDA;2026-10-05;05-10-2026;02-10-2026;FAC-A-132620;Venta;ELEBES;22963;3,00;12288,90;14869,57;LEONOR PACO PALOMINO;;0,00 %;28;Nadia Diaz;;Tren Oxi Trig EftEspma 12/500ml;4096,30;3426;;2;ALMACEN;3151,00;HERNAN RIVERO;;$;2;GRUPO AYUDIN ARGENTINA S.A;;;CON;;;;;;;AERO POETT;;;;;25;JOHANA VIGIL;AXUM;;;False;132620;0;1;;;;;;1;;4096,30
2384;Calle 417 490 ESQ 454;Berazategui;2026-10-05;05-10-2026;02-10-2026;FAC-B-132624;Venta;Empresa LAGOPUELO;34324;6,00;7876,03;9530,00;ROLDAN JOSE;;20,00 %;052;Nicole Sosa;;Poett Desinf. Flores de Primavera 900ml;1312,67;3431;;2;ALMACEN;1292,00;JUAN ESCOTO;;$;2;GRUPO AYUDIN ARGENTINA S.A;;;CON;;;;;;;PISO;;;;;300;Bruno Centurion;AXUM;;;False;132624;0;1;;;;;;1;;1312,67
2384;Calle 417 490 ESQ 454;Berazategui;2026-10-05;05-10-2026;02-10-2026;FAC-B-132624;Venta;Empresa LAGOPUELO;34320;6,00;7876,03;9530,00;ROLDAN JOSE;;20,00 %;052;Nicole Sosa;;Poett Desinf. Frescura de Lavanda 900ml;1312,67;3431;;2;ALMACEN;1292,00;JUAN ESCOTO;;$;2;GRUPO AYUDIN ARGENTINA S.A;;;CON;;;;;;;PISO;;;;;300;Bruno Centurion;AXUM;;;False;132624;0;1;;;;;;1;;1312,67
101155;Mitre 311 0;Avellaneda;2026-10-05;05-10-2026;02-10-2026;FAC-A-132637;Venta;LAGOPUELO S.A;60222;30,00;34807,50;42117,08;Chen Xingtong;;15,00 %;29;Camila Navarrete;;Aydn Lavda TriPod 15/1l GP2;1160,25;3426;;3;AUTOSERVICIO;1050,00;HERNAN RIVERO;;$;2;GRUPO AYUDIN ARGENTINA S.A;;;EFV;;;;;;;LAVANDINA;;;;;25;JOHANA VIGIL;AXUM;;;False;132637;0;1;;;;;;1;;1160,25
101155;Mitre 311 0;Avellaneda;2026-10-05;05-10-2026;02-10-2026;FAC-A-132637;Venta;LAGOPUELO S.A;61046;15,00;22306,05;26990,32;Chen Xingtong;;18,00 %;29;Camila Navarrete;;Aydn RopQuitMnch BlncInt 15/1l;1487,07;3426;;3;AUTOSERVICIO;1395,00;HERNAN RIVERO;;$;2;GRUPO AYUDIN ARGENTINA S.A;;;EFV;;;;;;;LAVADO DE ROPA;;;;;25;JOHANA VIGIL;AXUM;;;False;132637;0;1;;;;;;1;;1487,07
5014;AV FCIO VARELA 2055;QUILMES;2026-10-05;05-10-2026;02-10-2026;FAC-A-132639;Venta;LAGOPUELO S.A;18098;3,00;4560,30;5517,96;HUANG ZHAORUI;;0,00 %;5;Eliana Huber;;Mort Esp DobCara 4/24c;1520,10;3428;;3;AUTOSERVICIO;1126,00;CLAUDIO GARCIA;;$;2;GRUPO AYUDIN ARGENTINA S.A;;;CON;;;;;;;MORTIMER;;;;;25;JOHANA VIGIL;AXUM;;;False;132639;0;1;;;;;;1;;1520,10
23633;LINIERS 421;ESTEBAN ECHEVERR√¬çA;2026-10-05;05-10-2026;02-10-2026;FAC-A-132643;Venta;LAGOPUELO S.A;34324;24,00;29535,12;35737,50;GOMEZ ADEMIR;;25,00 %;064;Karina Fernandez;;Poett Desinf. Flores de Primavera 900ml;1230,63;3429;;5;KIOSCO;1292,00;SIMON OLIVERA;;$;2;GRUPO AYUDIN ARGENTINA S.A;;;CON;;;;;;;PISO;;;;;300;Bruno Centurion;AXUM;;;False;132643;0;1;;;;;;1;;1230,63
23633;LINIERS 421;ESTEBAN ECHEVERR√¬çA;2026-10-05;05-10-2026;02-10-2026;FAC-A-132643;Venta;LAGOPUELO S.A;34320;24,00;29535,12;35737,50;GOMEZ ADEMIR;;25,00 %;064;Karina Fernandez;;Poett Desinf. Frescura de Lavanda 900ml;1230,63;3429;;5;KIOSCO;1292,00;SIMON OLIVERA;;$;2;GRUPO AYUDIN ARGENTINA S.A;;;CON;;;;;;;PISO;;;;;300;Bruno Centurion;AXUM;;;False;132643;0;1;;;;;;1;;1230,63
23633;LINIERS 421;ESTEBAN ECHEVERR√¬çA;2026-10-05;05-10-2026;02-10-2026;FAC-A-132643;Venta;LAGOPUELO S.A;34327;24,00;29535,12;35737,50;GOMEZ ADEMIR;;25,00 %;064;Karina Fernandez;;Poett Desinf. Solo para ti 900ml;1230,63;3429;;5;KIOSCO;1292,00;SIMON OLIVERA;;$;2;GRUPO AYUDIN ARGENTINA S.A;;;CON;;;;;;;PISO;;;;;300;Bruno Centurion;AXUM;;;False;132643;0;1;;;;;;1;;1230,63
23633;LINIERS 421;ESTEBAN ECHEVERR√¬çA;2026-10-05;05-10-2026;02-10-2026;FAC-A-132643;Venta;LAGOPUELO S.A;34338;24,00;29535,12;35737,50;GOMEZ ADEMIR;;25,00 %;064;Karina Fernandez;;Poett Dsnf MscPrmvra 12/900ml;1230,63;3429;;5;KIOSCO;1292,00;SIMON OLIVERA;;$;2;GRUPO AYUDIN ARGENTINA S.A;;;CON;;;;;;;PISO;;;;;300;Bruno Centurion;AXUM;;;False;132643;0;1;;;;;;1;;1230,63
23633;LINIERS 421;ESTEBAN ECHEVERR√¬çA;2026-10-05;05-10-2026;02-10-2026;FAC-A-132643;Venta;LAGOPUELO S.A;34336;12,00;14767,56;17868,75;GOMEZ ADEMIR;;25,00 %;064;Karina Fernandez;;Poett Dsnf SuadAlg 12/900ml;1230,63;3429;;5;KIOSCO;1292,00;SIMON OLIVERA;;$;2;GRUPO AYUDIN ARGENTINA S.A;;;CON;;;;;;;PISO;;;;;300;Bruno Centurion;AXUM;;;False;132643;0;1;;;;;;1;;1230,63
23633;LINIERS 421;ESTEBAN ECHEVERR√¬çA;2026-10-05;05-10-2026;02-10-2026;FAC-A-132643;Venta;LAGOPUELO S.A;34334;12,00;14767,56;17868,75;GOMEZ ADEMIR;;25,00 %;064;Karina Fernandez;;Poett Dsnf SuadBebe 12/900ml;1230,63;3429;;5;KIOSCO;1292,00;SIMON OLIVERA;;$;2;GRUPO AYUDIN ARGENTINA S.A;;;CON;;;;;;;PISO;;;;;300;Bruno Centurion;AXUM;;;False;132643;0;1;;;;;;1;;1230,63
23633;LINIERS 421;ESTEBAN ECHEVERR√¬çA;2026-10-05;05-10-2026;02-10-2026;FAC-A-132643;Venta;LAGOPUELO S.A;36001;12,00;14767,56;17868,75;GOMEZ ADEMIR;;25,00 %;064;Karina Fernandez;;POETT FRSC TROP 12/900;1230,63;3429;;5;KIOSCO;1292,00;SIMON OLIVERA;;$;2;GRUPO AYUDIN ARGENTINA S.A;;;CON;;;;;;;PISO;;;;;300;Bruno Centurion;AXUM;;;False;132643;0;1;;;;;;1;;1230,63
23633;LINIERS 421;ESTEBAN ECHEVERR√¬çA;2026-10-05;05-10-2026;02-10-2026;FAC-A-132643;Venta;LAGOPUELO S.A;60386;24,00;29535,12;35737,50;GOMEZ ADEMIR;;25,00 %;064;Karina Fernandez;;Poett EsptPly 12/900ml;1230,63;3429;;5;KIOSCO;1292,00;SIMON OLIVERA;;$;2;GRUPO AYUDIN ARGENTINA S.A;;;CON;;;;;;;PISO;;;;;300;Bruno Centurion;AXUM;;;False;132643;0;1;;;;;;1;;1230,63
23633;LINIERS 421;ESTEBAN ECHEVERR√¬çA;2026-10-05;05-10-2026;02-10-2026;FAC-A-132643;Venta;LAGOPUELO S.A;34342;24,00;29535,12;35737,50;GOMEZ ADEMIR;;25,00 %;064;Karina Fernandez;;Poett Dsnf AlgrDia 12/900ml;1230,63;3429;;5;KIOSCO;1292,00;SIMON OLIVERA;;$;2;GRUPO AYUDIN ARGENTINA S.A;;;CON;;;;;;;PISO;;;;;300;Bruno Centurion;AXUM;;;False;132643;0;1;;;;;;1;;1230,63
27614;Quito 1207;TRISTAN SUAREZ;2026-10-06;06-10-2026;02-10-2026;FAC-A-132648;Venta;LAGOPUELO S.A;17927;75,00;61287,19;74157,50;Luo xiaojun;;23,00 %;075;Julieta Yegros;;AYDN LAVDNA OR 15/1L;817,16;3446;;3;Autoservicio A;849,00;IVAN MONTOYA;;$;2;GRUPO AYUDIN ARGENTINA S.A;;;CON;;;;;;;LAVANDINA;;;;;300;Bruno Centurion;AXUM;;;False;132648;0;1;;;;;;1;;817,16
27614;Quito 1207;TRISTAN SUAREZ;2026-10-06;06-10-2026;02-10-2026;FAC-A-132648;Venta;LAGOPUELO S.A;24648;12,00;16598,40;20084,06;Luo xiaojun;;0,00 %;075;Julieta Yegros;;Poett PastDesod Lavda 12/25g GP2;1383,20;3446;;3;Autoservicio A;1064,00;IVAN MONTOYA;;$;2;GRUPO AYUDIN ARGENTINA S.A;;;CON;;;;;;;BAÒO;;;;;300;Bruno Centurion;AXUM;;;False;132648;0;1;;;;;;1;;1383,20
27592;CAAGUAZU SUR 457;Lomas de Zamora;2026-10-05;05-10-2026;02-10-2026;FAC-A-132650;Venta;LAGOPUELO S.A;61046;15,00;22306,05;26990,32;Lin Liquan;;18,00 %;074;Romina Baez;;Aydn RopQuitMnch BlncInt 15/1l;1487,07;3427;;3;Autoservicio B;1395,00;NAHUEL MONTOYA;;$;2;GRUPO AYUDIN ARGENTINA S.A;;;CON;;;;;;;LAVADO DE ROPA;;;;;300;Bruno Centurion;AXUM;;;False;132650;0;1;;;;;;1;;1487,07
4736;Calle 881 N 4461;solano;2026-10-06;06-10-2026;02-10-2026;FAC-A-132671;Venta;LAGOPUELO S.A;24648;12,00;16598,40;20084,06;Chen Hui;;0,00 %;056;Ezequiel Ferreira;;Poett PastDesod Lavda 12/25g GP2;1383,20;3463;;3;AUTOSERVICIO;1064,00;SIMON OLIVERA;;$;2;GRUPO AYUDIN ARGENTINA S.A;;;CON;;;;;;;BAÒO;;;;;300;Bruno Centurion;AXUM;;;False;132671;0;1;;;;;;1;;1383,20
4736;Calle 881 N 4461;solano;2026-10-06;06-10-2026;02-10-2026;FAC-A-132671;Venta;LAGOPUELO S.A;24649;12,00;16598,40;20084,06;Chen Hui;;0,00 %;056;Ezequiel Ferreira;;Poett PastDesod 12/25g GP2;1383,20;3463;;3;AUTOSERVICIO;1064,00;SIMON OLIVERA;;$;2;GRUPO AYUDIN ARGENTINA S.A;;;CON;;;;;;;BAÒO;;;;;300;Bruno Centurion;AXUM;;;False;132671;0;1;;;;;;1;;1383,20
4936;EMILIO ZOLA 1571;EZPELETA ESTE;2026-10-05;05-10-2026;02-10-2026;FAC-B-132675;Venta;LAGOPUELO S.A;17927;15,00;12735,00;15409,35;CROCE VANINA;;20,00 %;054;Leonel Caruso;;AYDN LAVDNA OR 15/1L;849,00;3430;;georgalos-7;Almacen;849,00;LEONARDO SANTA CRUZ;;$;2;GRUPO AYUDIN ARGENTINA S.A;;;CON;;;;;;;LAVANDINA;;;;;300;Bruno Centurion;AXUM;;;False;132675;0;1;;;;;;1;;849,00
23989;GARZON - (KIOSCOS/MAXI) 1458;MONTE GRANDE;2026-10-05;05-10-2026;02-10-2026;FAC-B-132683;Venta;LAGOPUELO S.A;36001;4,00;6563,36;7941,67;LAURA ARAMBURU;;0,00 %;064;Karina Fernandez;;POETT FRSC TROP 12/900;1640,84;3429;;5;KIOSCO;1292,00;SIMON OLIVERA;;$;2;GRUPO AYUDIN ARGENTINA S.A;;;CON;;;;;;;PISO;;;;;300;Bruno Centurion;AXUM;;;False;132683;0;1;;;;;;1;;1640,84
23989;GARZON - (KIOSCOS/MAXI) 1458;MONTE GRANDE;2026-10-05;05-10-2026;02-10-2026;FAC-B-132683;Venta;LAGOPUELO S.A;34334;4,00;6563,36;7941,67;LAURA ARAMBURU;;0,00 %;064;Karina Fernandez;;Poett Dsnf SuadBebe 12/900ml;1640,84;3429;;5;KIOSCO;1292,00;SIMON OLIVERA;;$;2;GRUPO AYUDIN ARGENTINA S.A;;;CON;;;;;;;PISO;;;;;300;Bruno Centurion;AXUM;;;False;132683;0;1;;;;;;1;;1640,84
29505;25 DE MAYO E/RUIZ E IRALA - (AUTOSERVICIOS) 1061;DOCK SUD;2026-10-05;05-10-2026;02-10-2026;FAC-A-132685;Venta;LAGOPUELO S.A;36003;104,00;165031,10;199687,63;LAS 3 NI—AS;;27,00 %;29;Camila Navarrete;;AYDN LAVDNA OR 25g/l 8/2l;1586,84;3426;;3;Autoservicio B;1739,00;HERNAN RIVERO;;$;2;GRUPO AYUDIN ARGENTINA S.A;;;CON;;;;;;;LAVANDINA;;;;;25;JOHANA VIGIL;AXUM;;;False;132685;0;1;;;;;;1;;1586,84
29505;25 DE MAYO E/RUIZ E IRALA - (AUTOSERVICIOS) 1061;DOCK SUD;2026-10-05;05-10-2026;02-10-2026;FAC-A-132685;Venta;LAGOPUELO S.A;17927;180,00;139448,25;168732,38;LAS 3 NI—AS;;27,00 %;29;Camila Navarrete;;AYDN LAVDNA OR 15/1L;774,71;3426;;3;Autoservicio B;849,00;HERNAN RIVERO;;$;2;GRUPO AYUDIN ARGENTINA S.A;;;CON;;;;;;;LAVANDINA;;;;;25;JOHANA VIGIL;AXUM;;;False;132685;0;1;;;;;;1;;774,71
101334;San Martin 845 0;Avellaneda;2026-10-05;05-10-2026;02-10-2026;FAC-A-132702;Venta;LAGOPUELO S.A;17927;15,00;13530,94;16372,43;Silvia Gomez;;15,00 %;28;Nadia Diaz;;AYDN LAVDNA OR 15/1L;902,06;3426;;3;AUTOSERVICIO;849,00;HERNAN RIVERO;;$;2;GRUPO AYUDIN ARGENTINA S.A;;;EFV;;;;;;;LAVANDINA;;;;;25;JOHANA VIGIL;AXUM;;;False;132702;0;1;;;;;;1;;902,06
4582;Calle 883 ESQ 845;Quilmes;2026-10-06;06-10-2026;02-10-2026;FAC-B-132704;Venta;LAGOPUELO S.A;17927;15,00;12735,00;15409,35;CARNOVALE DOMINGO;;20,00 %;056;Ezequiel Ferreira;;AYDN LAVDNA OR 15/1L;849,00;3463;;2;ALMACEN;849,00;SIMON OLIVERA;;$;2;GRUPO AYUDIN ARGENTINA S.A;;;CON;;;;;;;LAVANDINA;;;;;300;Bruno Centurion;AXUM;;;False;132704;0;1;;;;;;1;;849,00
27591;YERBAL 543;Lomas de Zamora;2026-10-05;05-10-2026;02-10-2026;FAC-A-132709;Venta;LAGOPUELO S.A;61046;15,00;22306,05;26990,32;Chen Xiuxia;;18,00 %;074;Romina Baez;;Aydn RopQuitMnch BlncInt 15/1l;1487,07;3427;;3;Autoservicio B;1395,00;NAHUEL MONTOYA;;$;2;GRUPO AYUDIN ARGENTINA S.A;;;CON;;;;;;;LAVADO DE ROPA;;;;;300;Bruno Centurion;AXUM;;;False;132709;0;1;;;;;;1;;1487,07
27591;YERBAL 543;Lomas de Zamora;2026-10-05;05-10-2026;02-10-2026;FAC-A-132709;Venta;LAGOPUELO S.A;60226;15,00;17403,75;21058,54;Chen Xiuxia;;15,00 %;074;Romina Baez;;Aydn PurGlac TriPod 15/1l GP2;1160,25;3427;;3;Autoservicio B;1050,00;NAHUEL MONTOYA;;$;2;GRUPO AYUDIN ARGENTINA S.A;;;CON;;;;;;;LAVANDINA;;;;;300;Bruno Centurion;AXUM;;;False;132709;0;1;;;;;;1;;1160,25
917;RAMON FRANCO 6175;WILDE;2026-10-05;05-10-2026;02-10-2026;FAC-A-132712;Venta;LAGOPUELO S.A;24649;1,00;1383,20;1673,67;YAMILA CORRADO;;0,00 %;30;Oriana Songini;;Poett PastDesod 12/25g GP2;1383,20;3425;;5;KIOSCO;1064,00;MARIANO SOSA;;$;2;GRUPO AYUDIN ARGENTINA S.A;;;CON;;;;;;;BAÒO;;;;;25;JOHANA VIGIL;AXUM;;;False;132712;0;1;;;;;;1;;1383,20
917;RAMON FRANCO 6175;WILDE;2026-10-05;05-10-2026;02-10-2026;FAC-A-132712;Venta;LAGOPUELO S.A;24648;2,00;2766,40;3347,34;YAMILA CORRADO;;0,00 %;30;Oriana Songini;;Poett PastDesod Lavda 12/25g GP2;1383,20;3425;;5;KIOSCO;1064,00;MARIANO SOSA;;$;2;GRUPO AYUDIN ARGENTINA S.A;;;CON;;;;;;;BAÒO;;;;;25;JOHANA VIGIL;AXUM;;;False;132712;0;1;;;;;;1;;1383,20
5926;CNO. GRAL. BELGRANO 965 965;GERLI;2026-10-05;05-10-2026;02-10-2026;FAC-A-132714;Venta;ELEBES;36012;12,00;20266,20;24522,10;ROSANA DIAZ;;0,00 %;24;Cecilia Gauchez;;Selton espirales 48x 12u;1688,85;3425;;georgalos-7;Almacen;1251,00;MARIANO SOSA;;$;2;GRUPO AYUDIN ARGENTINA S.A;;;EFV;;;;;;;SELTON;;;;;25;JOHANA VIGIL;AXUM;;;False;132714;0;1;;;;;;1;;1688,85
5926;CNO. GRAL. BELGRANO 965 965;GERLI;2026-10-05;05-10-2026;02-10-2026;FAC-A-132714;Venta;ELEBES;34320;6,00;7876,03;9530,00;ROSANA DIAZ;;20,00 %;24;Cecilia Gauchez;;Poett Desinf. Frescura de Lavanda 900ml;1312,67;3425;;georgalos-7;Almacen;1292,00;MARIANO SOSA;;$;2;GRUPO AYUDIN ARGENTINA S.A;;;EFV;;;;;;;PISO;;;;;25;JOHANA VIGIL;AXUM;;;False;132714;0;1;;;;;;1;;1312,67
5926;CNO. GRAL. BELGRANO 965 965;GERLI;2026-10-05;05-10-2026;02-10-2026;FAC-A-132714;Venta;ELEBES;34342;6,00;7876,03;9530,00;ROSANA DIAZ;;20,00 %;24;Cecilia Gauchez;;Poett Dsnf AlgrDia 12/900ml;1312,67;3425;;georgalos-7;Almacen;1292,00;MARIANO SOSA;;$;2;GRUPO AYUDIN ARGENTINA S.A;;;EFV;;;;;;;PISO;;;;;25;JOHANA VIGIL;AXUM;;;False;132714;0;1;;;;;;1;;1312,67
5926;CNO. GRAL. BELGRANO 965 965;GERLI;2026-10-05;05-10-2026;02-10-2026;FAC-A-132714;Venta;ELEBES;61816;6,00;21364,20;25850,68;ROSANA DIAZ;;0,00 %;24;Cecilia Gauchez;;Sltn MataMosq Aer AccInst 6/360ml BA;3560,70;3425;;georgalos-7;Almacen;2739,00;MARIANO SOSA;;$;2;GRUPO AYUDIN ARGENTINA S.A;;;EFV;;;;;;;SELTON;;;;;25;JOHANA VIGIL;AXUM;;;False;132714;0;1;;;;;;1;;3560,70
1743;CALLE 2 502;BERAZATEGUI;2026-10-05;05-10-2026;02-10-2026;FAC-B-132720;Venta;ELEBES;34327;3,00;3938,02;4765,00;OJEDA MARIA;;20,00 %;5;Eliana Huber;;Poett Desinf. Solo para ti 900ml;1312,67;3428;;5;KIOSCO;1292,00;CLAUDIO GARCIA;;$;2;GRUPO AYUDIN ARGENTINA S.A;;;CON;;;;;;;PISO;;;;;25;JOHANA VIGIL;AXUM;;;False;132720;0;1;;;;;;1;;1312,67
1743;CALLE 2 502;BERAZATEGUI;2026-10-05;05-10-2026;02-10-2026;FAC-B-132720;Venta;ELEBES;34334;3,00;3938,02;4765,00;OJEDA MARIA;;20,00 %;5;Eliana Huber;;Poett Dsnf SuadBebe 12/900ml;1312,67;3428;;5;KIOSCO;1292,00;CLAUDIO GARCIA;;$;2;GRUPO AYUDIN ARGENTINA S.A;;;CON;;;;;;;PISO;;;;;25;JOHANA VIGIL;AXUM;;;False;132720;0;1;;;;;;1;;1312,67
1743;CALLE 2 502;BERAZATEGUI;2026-10-05;05-10-2026;02-10-2026;FAC-B-132720;Venta;ELEBES;34338;3,00;3938,02;4765,00;OJEDA MARIA;;20,00 %;5;Eliana Huber;;Poett Dsnf MscPrmvra 12/900ml;1312,67;3428;;5;KIOSCO;1292,00;CLAUDIO GARCIA;;$;2;GRUPO AYUDIN ARGENTINA S.A;;;CON;;;;;;;PISO;;;;;25;JOHANA VIGIL;AXUM;;;False;132720;0;1;;;;;;1;;1312,67
1743;CALLE 2 502;BERAZATEGUI;2026-10-05;05-10-2026;02-10-2026;FAC-B-132720;Venta;ELEBES;61036;2,00;4974,71;6019,40;OJEDA MARIA;;15,00 %;5;Eliana Huber;;Poett Aer EsptPly ExtFrag 6/360ml;2487,36;3428;;5;KIOSCO;2251,00;CLAUDIO GARCIA;;$;2;GRUPO AYUDIN ARGENTINA S.A;;;CON;;;;;;;AERO POETT;;;;;25;JOHANA VIGIL;AXUM;;;False;132720;0;1;;;;;;1;;2487,36
1743;CALLE 2 502;BERAZATEGUI;2026-10-05;05-10-2026;02-10-2026;FAC-B-132720;Venta;ELEBES;61035;2,00;4974,71;6019,40;OJEDA MARIA;;15,00 %;5;Eliana Huber;;Poett Aer AlgrDia ExtFrag 6/360ml;2487,36;3428;;5;KIOSCO;2251,00;CLAUDIO GARCIA;;$;2;GRUPO AYUDIN ARGENTINA S.A;;;CON;;;;;;;AERO POETT;;;;;25;JOHANA VIGIL;AXUM;;;False;132720;0;1;;;;;;1;;2487,36
1743;CALLE 2 502;BERAZATEGUI;2026-10-05;05-10-2026;02-10-2026;FAC-B-132720;Venta;ELEBES;60886;2,00;4974,71;6019,40;OJEDA MARIA;;15,00 %;5;Eliana Huber;;Poett Aer FlrPrm ExtFrag 6/360ml;2487,36;3428;;5;KIOSCO;2251,00;CLAUDIO GARCIA;;$;2;GRUPO AYUDIN ARGENTINA S.A;;;CON;;;;;;;AERO POETT;;;;;25;JOHANA VIGIL;AXUM;;;False;132720;0;1;;;;;;1;;2487,36
1743;CALLE 2 502;BERAZATEGUI;2026-10-05;05-10-2026;02-10-2026;FAC-B-132720;Venta;ELEBES;17927;6,00;6367,50;7704,68;OJEDA MARIA;;0,00 %;5;Eliana Huber;;AYDN LAVDNA OR 15/1L;1061,25;3428;;5;KIOSCO;849,00;CLAUDIO GARCIA;;$;2;GRUPO AYUDIN ARGENTINA S.A;;;CON;;;;;;;LAVANDINA;;;;;25;JOHANA VIGIL;AXUM;;;False;132720;0;1;;;;;;1;;1061,25
1743;CALLE 2 502;BERAZATEGUI;2026-10-05;05-10-2026;02-10-2026;FAC-B-132720;Venta;ELEBES;34342;3,00;3938,02;4765,00;OJEDA MARIA;;20,00 %;5;Eliana Huber;;Poett Dsnf AlgrDia 12/900ml;1312,67;3428;;5;KIOSCO;1292,00;CLAUDIO GARCIA;;$;2;GRUPO AYUDIN ARGENTINA S.A;;;CON;;;;;;;PISO;;;;;25;JOHANA VIGIL;AXUM;;;False;132720;0;1;;;;;;1;;1312,67
27622;PIAGGIO - (PERFUMERIA) 110;AVELLANEDA;2026-10-05;05-10-2026;02-10-2026;FAC-A-132727;Venta;LAGOPUELO S.A;36003;16,00;27824,00;33667,04;MATHIAS URIEL HERMIDA;;20,00 %;28;Nadia Diaz;;AYDN LAVDNA OR 25g/l 8/2l;1739,00;3426;;georgalos-803;Perfumeria;1739,00;HERNAN RIVERO;;$;2;GRUPO AYUDIN ARGENTINA S.A;;;CON;;;;;;;LAVANDINA;;;;;25;JOHANA VIGIL;AXUM;;;False;132727;0;1;;;;;;1;;1739,00
27622;PIAGGIO - (PERFUMERIA) 110;AVELLANEDA;2026-10-05;05-10-2026;02-10-2026;FAC-A-132727;Venta;LAGOPUELO S.A;17927;15,00;12735,00;15409,35;MATHIAS URIEL HERMIDA;;20,00 %;28;Nadia Diaz;;AYDN LAVDNA OR 15/1L;849,00;3426;;georgalos-803;Perfumeria;849,00;HERNAN RIVERO;;$;2;GRUPO AYUDIN ARGENTINA S.A;;;CON;;;;;;;LAVANDINA;;;;;25;JOHANA VIGIL;AXUM;;;False;132727;0;1;;;;;;1;;849,00
27622;PIAGGIO - (PERFUMERIA) 110;AVELLANEDA;2026-10-05;05-10-2026;02-10-2026;FAC-A-132727;Venta;LAGOPUELO S.A;34320;12,00;15752,06;19060,00;MATHIAS URIEL HERMIDA;;20,00 %;28;Nadia Diaz;;Poett Desinf. Frescura de Lavanda 900ml;1312,67;3426;;georgalos-803;Perfumeria;1292,00;HERNAN RIVERO;;$;2;GRUPO AYUDIN ARGENTINA S.A;;;CON;;;;;;;PISO;;;;;25;JOHANA VIGIL;AXUM;;;False;132727;0;1;;;;;;1;;1312,67
27622;PIAGGIO - (PERFUMERIA) 110;AVELLANEDA;2026-10-05;05-10-2026;02-10-2026;FAC-A-132727;Venta;LAGOPUELO S.A;34342;12,00;15752,06;19060,00;MATHIAS URIEL HERMIDA;;20,00 %;28;Nadia Diaz;;Poett Dsnf AlgrDia 12/900ml;1312,67;3426;;georgalos-803;Perfumeria;1292,00;HERNAN RIVERO;;$;2;GRUPO AYUDIN ARGENTINA S.A;;;CON;;;;;;;PISO;;;;;25;JOHANA VIGIL;AXUM;;;False;132727;0;1;;;;;;1;;1312,67
101197;Brandsen 3484 0;Sarandi;2026-10-05;05-10-2026;02-10-2026;FAC-A-132728;Venta;LAGOPUELO S.A;61621;3,00;8615,10;10424,27;Chen Ying;;0,00 %;26;Sabrina Pereyra;;Aydn Coc† Pod Act Or† Gat 12/500ml;2871,70;3425;;georgalos-7;Almacen;2209,00;MARIANO SOSA;;$;2;GRUPO AYUDIN ARGENTINA S.A;;;EFV;;;;;;;COCINA;;;;;25;JOHANA VIGIL;AXUM;;;False;132728;0;1;;;;;;1;;2871,70
29537;C. VIGIL 193;CARLOS SPEGAZZINI;2026-10-06;06-10-2026;02-10-2026;FAC-A-132731;Venta;LAGOPUELO S.A;34320;4,00;5250,69;6353,33;JORGE FABIAN EKERMAN;;20,00 %;075;Julieta Yegros;;Poett Desinf. Frescura de Lavanda 900ml;1312,67;3446;;2;ALMACEN;1292,00;IVAN MONTOYA;;$;2;GRUPO AYUDIN ARGENTINA S.A;;;CON;;;;;;;PISO;;;;;300;Bruno Centurion;AXUM;;;False;132731;0;1;;;;;;1;;1312,67
29537;C. VIGIL 193;CARLOS SPEGAZZINI;2026-10-06;06-10-2026;02-10-2026;FAC-A-132731;Venta;LAGOPUELO S.A;34324;4,00;5250,69;6353,33;JORGE FABIAN EKERMAN;;20,00 %;075;Julieta Yegros;;Poett Desinf. Flores de Primavera 900ml;1312,67;3446;;2;ALMACEN;1292,00;IVAN MONTOYA;;$;2;GRUPO AYUDIN ARGENTINA S.A;;;CON;;;;;;;PISO;;;;;300;Bruno Centurion;AXUM;;;False;132731;0;1;;;;;;1;;1312,67
29537;C. VIGIL 193;CARLOS SPEGAZZINI;2026-10-06;06-10-2026;02-10-2026;FAC-A-132731;Venta;LAGOPUELO S.A;34327;4,00;5250,69;6353,33;JORGE FABIAN EKERMAN;;20,00 %;075;Julieta Yegros;;Poett Desinf. Solo para ti 900ml;1312,67;3446;;2;ALMACEN;1292,00;IVAN MONTOYA;;$;2;GRUPO AYUDIN ARGENTINA S.A;;;CON;;;;;;;PISO;;;;;300;Bruno Centurion;AXUM;;;False;132731;0;1;;;;;;1;;1312,67
29537;C. VIGIL 193;CARLOS SPEGAZZINI;2026-10-06;06-10-2026;02-10-2026;FAC-A-132733;Venta;LAGOPUELO S.A;36009;1,00;4622,80;5593,59;JORGE FABIAN EKERMAN;;0,00 %;075;Julieta Yegros;;SELTON REPEL COTIDIAN 165ML;4622,80;3446;;2;ALMACEN;3556,00;IVAN MONTOYA;;$;2;GRUPO AYUDIN ARGENTINA S.A;;;CON;;;;;;;SELTON;;;;;300;Bruno Centurion;AXUM;;;False;132733;0;1;;;;;;1;;4622,80
4320;Calle 882 N 4753;Quilmes;2026-10-06;06-10-2026;02-10-2026;FAC-A-132735;Venta;LAGOPUELO S.A;34320;12,00;15752,06;19060,00;CHEN MIN;;20,00 %;056;Ezequiel Ferreira;;Poett Desinf. Frescura de Lavanda 900ml;1312,67;3463;;3;AUTOSERVICIO;1292,00;SIMON OLIVERA;;$;2;GRUPO AYUDIN ARGENTINA S.A;;;CON;;;;;;;PISO;;;;;300;Bruno Centurion;AXUM;;;False;132735;0;1;;;;;;1;;1312,67
4320;Calle 882 N 4753;Quilmes;2026-10-06;06-10-2026;02-10-2026;FAC-A-132735;Venta;LAGOPUELO S.A;34324;12,00;15752,06;19060,00;CHEN MIN;;20,00 %;056;Ezequiel Ferreira;;Poett Desinf. Flores de Primavera 900ml;1312,67;3463;;3;AUTOSERVICIO;1292,00;SIMON OLIVERA;;$;2;GRUPO AYUDIN ARGENTINA S.A;;;CON;;;;;;;PISO;;;;;300;Bruno Centurion;AXUM;;;False;132735;0;1;;;;;;1;;1312,67
4320;Calle 882 N 4753;Quilmes;2026-10-06;06-10-2026;02-10-2026;FAC-A-132735;Venta;LAGOPUELO S.A;34342;12,00;15752,06;19060,00;CHEN MIN;;20,00 %;056;Ezequiel Ferreira;;Poett Dsnf AlgrDia 12/900ml;1312,67;3463;;3;AUTOSERVICIO;1292,00;SIMON OLIVERA;;$;2;GRUPO AYUDIN ARGENTINA S.A;;;CON;;;;;;;PISO;;;;;300;Bruno Centurion;AXUM;;;False;132735;0;1;;;;;;1;;1312,67
4320;Calle 882 N 4753;Quilmes;2026-10-06;06-10-2026;02-10-2026;FAC-A-132735;Venta;LAGOPUELO S.A;33575;8,00;13664,95;16534,59;CHEN MIN;;10,00 %;056;Ezequiel Ferreira;;Aydn Ropa ClrViv DoyPk 16/400ml;1708,12;3463;;3;AUTOSERVICIO;1427,00;SIMON OLIVERA;;$;2;GRUPO AYUDIN ARGENTINA S.A;;;CON;;;;;;;LAVADO DE ROPA;;;;;300;Bruno Centurion;AXUM;;;False;132735;0;1;;;;;;1;;1708,12
4320;Calle 882 N 4753;Quilmes;2026-10-06;06-10-2026;02-10-2026;FAC-A-132735;Venta;LAGOPUELO S.A;61731;6,00;20145,41;24375,94;CHEN MIN;;15,00 %;056;Ezequiel Ferreira;;Sltn MataCuca Aer AccProl 6/360ml BA;3357,57;3463;;3;AUTOSERVICIO;3086,00;SIMON OLIVERA;;$;2;GRUPO AYUDIN ARGENTINA S.A;;;CON;;;;;;;SELTON;;;;;300;Bruno Centurion;AXUM;;;False;132735;0;1;;;;;;1;;3357,57
4320;Calle 882 N 4753;Quilmes;2026-10-06;06-10-2026;02-10-2026;FAC-A-132735;Venta;LAGOPUELO S.A;60888;6,00;14924,13;18058,20;CHEN MIN;;15,00 %;056;Ezequiel Ferreira;;Poett Aer SvdAlg ExtFrag 6/360ml;2487,36;3463;;3;AUTOSERVICIO;2251,00;SIMON OLIVERA;;$;2;GRUPO AYUDIN ARGENTINA S.A;;;CON;;;;;;;AERO POETT;;;;;300;Bruno Centurion;AXUM;;;False;132735;0;1;;;;;;1;;2487,36
4320;Calle 882 N 4753;Quilmes;2026-10-06;06-10-2026;02-10-2026;FAC-A-132735;Venta;LAGOPUELO S.A;60885;6,00;14924,13;18058,20;CHEN MIN;;15,00 %;056;Ezequiel Ferreira;;Poett Aer FlrLavda ExtFrag 6/360ml;2487,36;3463;;3;AUTOSERVICIO;2251,00;SIMON OLIVERA;;$;2;GRUPO AYUDIN ARGENTINA S.A;;;CON;;;;;;;AERO POETT;;;;;300;Bruno Centurion;AXUM;;;False;132735;0;1;;;;;;1;;2487,36
4320;Calle 882 N 4753;Quilmes;2026-10-06;06-10-2026;02-10-2026;FAC-A-132735;Venta;LAGOPUELO S.A;60886;6,00;14924,13;18058,20;CHEN MIN;;15,00 %;056;Ezequiel Ferreira;;Poett Aer FlrPrm ExtFrag 6/360ml;2487,36;3463;;3;AUTOSERVICIO;2251,00;SIMON OLIVERA;;$;2;GRUPO AYUDIN ARGENTINA S.A;;;CON;;;;;;;AERO POETT;;;;;300;Bruno Centurion;AXUM;;;False;132735;0;1;;;;;;1;;2487,36
4320;Calle 882 N 4753;Quilmes;2026-10-06;06-10-2026;02-10-2026;FAC-A-132735;Venta;LAGOPUELO S.A;60386;12,00;15752,06;19060,00;CHEN MIN;;20,00 %;056;Ezequiel Ferreira;;Poett EsptPly 12/900ml;1312,67;3463;;3;AUTOSERVICIO;1292,00;SIMON OLIVERA;;$;2;GRUPO AYUDIN ARGENTINA S.A;;;CON;;;;;;;PISO;;;;;300;Bruno Centurion;AXUM;;;False;132735;0;1;;;;;;1;;1312,67
29230;YERBAL - 937;TEMPERLEY;2026-10-05;05-10-2026;02-10-2026;FAC-A-132737;Venta;LAGOPUELO S.A;36003;40,00;66951,50;81011,32;SHAOBIN CHEN;;23,00 %;074;Romina Baez;;AYDN LAVDNA OR 25g/l 8/2l;1673,79;3427;;3;Autoservicio A;1739,00;NAHUEL MONTOYA;;$;2;GRUPO AYUDIN ARGENTINA S.A;;;CON;;;;;;;LAVANDINA;;;;;300;Bruno Centurion;AXUM;;;False;132737;0;1;;;;;;1;;1673,79
27979;MU√‚ÄòOZ ASPIRI - (TRADICIONAL) 3628;SAN JOSE;2026-10-05;05-10-2026;02-10-2026;FAC-A-132754;Venta;LAGOPUELO S.A;36003;16,00;27824,00;33667,04;LAURA ELBA ELIZABETH LESTRADA;;20,00 %;074;Romina Baez;;AYDN LAVDNA OR 25g/l 8/2l;1739,00;3427;;2;ALMACEN;1739,00;NAHUEL MONTOYA;;$;2;GRUPO AYUDIN ARGENTINA S.A;;;CON;;;;;;;LAVANDINA;;;;;300;Bruno Centurion;AXUM;;;False;132754;0;1;;;;;;1;;1739,00
27402;Cabrera - (AUTOSERVICIOS) 445;BANFIELD;2026-10-05;05-10-2026;02-10-2026;FAC-A-132760;Venta;LAGOPUELO S.A;60233;15,00;34904,52;42234,47;YE FENGYU;;20,00 %;073;Florencia Cubilla;;Aydn Lavdna Gel Or 15/700ml GP2;2326,97;3427;;3;Autoservicio B;2187,00;NAHUEL MONTOYA;;$;2;GRUPO AYUDIN ARGENTINA S.A;;;CON;;;;;;;LAVANDINA;;;;;300;Bruno Centurion;AXUM;;;False;132760;0;1;;;;;;1;;2326,97
27402;Cabrera - (AUTOSERVICIOS) 445;BANFIELD;2026-10-05;05-10-2026;02-10-2026;FAC-A-132760;Venta;LAGOPUELO S.A;60234;15,00;34904,52;42234,47;YE FENGYU;;20,00 %;073;Florencia Cubilla;;Aydn Lavdna Gel Ctra 15/700ml GP2;2326,97;3427;;3;Autoservicio B;2187,00;NAHUEL MONTOYA;;$;2;GRUPO AYUDIN ARGENTINA S.A;;;CON;;;;;;;LAVANDINA;;;;;300;Bruno Centurion;AXUM;;;False;132760;0;1;;;;;;1;;2326,97
27402;Cabrera - (AUTOSERVICIOS) 445;BANFIELD;2026-10-05;05-10-2026;02-10-2026;FAC-A-132760;Venta;LAGOPUELO S.A;60237;15,00;34904,52;42234,47;YE FENGYU;;20,00 %;073;Florencia Cubilla;;Aydn Lavdna Gel Flr 15/700ml GP2;2326,97;3427;;3;Autoservicio B;2187,00;NAHUEL MONTOYA;;$;2;GRUPO AYUDIN ARGENTINA S.A;;;CON;;;;;;;LAVANDINA;;;;;300;Bruno Centurion;AXUM;;;False;132760;0;1;;;;;;1;;2326,97
27402;Cabrera - (AUTOSERVICIOS) 445;BANFIELD;2026-10-05;05-10-2026;02-10-2026;FAC-A-132760;Venta;LAGOPUELO S.A;60239;15,00;34904,52;42234,47;YE FENGYU;;20,00 %;073;Florencia Cubilla;;Aydn Lavdna Gel MntFrs 15/700ml GP2;2326,97;3427;;3;Autoservicio B;2187,00;NAHUEL MONTOYA;;$;2;GRUPO AYUDIN ARGENTINA S.A;;;CON;;;;;;;LAVANDINA;;;;;300;Bruno Centurion;AXUM;;;False;132760;0;1;;;;;;1;;2326,97
27402;Cabrera - (AUTOSERVICIOS) 445;BANFIELD;2026-10-05;05-10-2026;02-10-2026;FAC-A-132760;Venta;LAGOPUELO S.A;60240;15,00;34904,52;42234,47;YE FENGYU;;20,00 %;073;Florencia Cubilla;;Aydn Lavdna Gel Lavda EXPRT 15/700ml GP2;2326,97;3427;;3;Autoservicio B;2187,00;NAHUEL MONTOYA;;$;2;GRUPO AYUDIN ARGENTINA S.A;;;CON;;;;;;;LAVANDINA;;;;;300;Bruno Centurion;AXUM;;;False;132760;0;1;;;;;;1;;2326,97
27402;Cabrera - (AUTOSERVICIOS) 445;BANFIELD;2026-10-05;05-10-2026;02-10-2026;FAC-A-132764;Venta;LAGOPUELO S.A;36012;48,00;81064,80;98088,41;YE FENGYU;;0,00 %;073;Florencia Cubilla;;Selton espirales 48x 12u;1688,85;3427;;3;Autoservicio B;1251,00;NAHUEL MONTOYA;;$;2;GRUPO AYUDIN ARGENTINA S.A;;;CON;;;;;;;SELTON;;;;;300;Bruno Centurion;AXUM;;;False;132764;0;1;;;;;;1;;1688,85
27402;Cabrera - (AUTOSERVICIOS) 445;BANFIELD;2026-10-05;05-10-2026;02-10-2026;FAC-A-132764;Venta;LAGOPUELO S.A;50060;5,00;8444,25;10217,54;YE FENGYU;;0,00 %;073;Florencia Cubilla;;Selton espirales violeta 48x12u;1688,85;3427;;3;Autoservicio B;1251,00;NAHUEL MONTOYA;;$;2;GRUPO AYUDIN ARGENTINA S.A;;;CON;;;;;;;SELTON;;;;;300;Bruno Centurion;AXUM;;;False;132764;0;1;;;;;;1;;1688,85
29231;amenedo 811;BURZACO;2026-10-06;06-10-2026;05-10-2026;FAC-B-132803;Venta;Empresa LAGOPUELO;17927;15,00;12735,00;15409,35;Carlos Dante de santis;;20,00 %;063;Daniel Martin;;AYDN LAVDNA OR 15/1L;849,00;3444;;OTR;PaÒalera;849,00;CLAUDIO GARCIA;;$;2;GRUPO AYUDIN ARGENTINA S.A;;;07D;;;;;;;LAVANDINA;;;;;300;Bruno Centurion;AXUM;;;False;132803;0;1;;;;;;1;;849,00
29231;amenedo 811;BURZACO;2026-10-06;06-10-2026;05-10-2026;FAC-B-132803;Venta;Empresa LAGOPUELO;36003;8,00;13912,00;16833,52;Carlos Dante de santis;;20,00 %;063;Daniel Martin;;AYDN LAVDNA OR 25g/l 8/2l;1739,00;3444;;OTR;PaÒalera;1739,00;CLAUDIO GARCIA;;$;2;GRUPO AYUDIN ARGENTINA S.A;;;07D;;;;;;;LAVANDINA;;;;;300;Bruno Centurion;AXUM;;;False;132803;0;1;;;;;;1;;1739,00
100672;Centenario Uruguayo 479 1 0;LANUS;2026-10-02;02-10-2026;05-10-2026;NCR-A-132806;DevoluciÛn por Rechazo;LAGOPUELO S.A;34321;-16,00;-38656,80;-46774,73;Zhuang Fangping;NO HIZO PEDIDO;25,00 %;24;Cecilia Gauchez;;Poett Desinf. Frescura de Lavanda 1.8ml;2416,05;3408;;3;AUTOSERVICIO;2478,00;CLAUDIO GARCIA;;$;2;GRUPO AYUDIN ARGENTINA S.A;;;EFV;;;;;;;PISO;;;;;25;JOHANA VIGIL;gcw;131954;;True;132806;0;1;;;;;;1;;2416,05
23597;Carlos Morel - (AUTOSERVICIOS) 317;BURZACO;2026-10-02;02-10-2026;05-10-2026;NCR-A-132814;DevoluciÛn por Rechazo;LAGOPUELO S.A;60226;-15,00;-17403,75;-21058,54;ZHU SHAOBIN;NO QUIERE EL CLIENTE;15,00 %;063;Daniel Martin;;Aydn PurGlac TriPod 15/1l GP2;1160,25;3416;;3;Autoservicio A;1050,00;NAHUEL MONTOYA;;$;2;GRUPO AYUDIN ARGENTINA S.A;;;CON;;;;;;;LAVANDINA;;;;;300;Bruno Centurion;gcw;131922;;True;132814;0;1;;;;;;1;;1160,25
27397;Maipu - (AUTOSERVICIOS) 111;BANFIELD;2026-10-06;06-10-2026;05-10-2026;FAC-A-132819;Venta;LAGOPUELO S.A;17927;15,00;12735,00;15409,35;Bavosi Juan Martin;;20,00 %;074;Romina Baez;;AYDN LAVDNA OR 15/1L;849,00;3442;;5;KIOSCO;849,00;MARIANO SOSA;;$;2;GRUPO AYUDIN ARGENTINA S.A;;;CON;;;;;;;LAVANDINA;;;;;300;Bruno Centurion;AXUM;;;False;132819;0;1;;;;;;1;;849,00
2100;Calle 142B N 3150;Berazategui;2026-10-06;06-10-2026;05-10-2026;FAC-A-132823;Venta;LAGOPUELO S.A;17927;15,00;12735,00;15409,35;COZZARIN ESTELA ELIZABETH;;20,00 %;4;Selene Pawlikowski;;AYDN LAVDNA OR 15/1L;849,00;3443;;3;AUTOSERVICIO;849,00;JUAN ESCOTO;;$;2;GRUPO AYUDIN ARGENTINA S.A;;;CON;;;;;;;LAVANDINA;;;;;25;JOHANA VIGIL;AXUM;;;False;132823;0;1;;;;;;1;;849,00
2100;Calle 142B N 3150;Berazategui;2026-10-06;06-10-2026;05-10-2026;FAC-A-132823;Venta;LAGOPUELO S.A;36003;8,00;13912,00;16833,52;COZZARIN ESTELA ELIZABETH;;20,00 %;4;Selene Pawlikowski;;AYDN LAVDNA OR 25g/l 8/2l;1739,00;3443;;3;AUTOSERVICIO;1739,00;JUAN ESCOTO;;$;2;GRUPO AYUDIN ARGENTINA S.A;;;CON;;;;;;;LAVANDINA;;;;;25;JOHANA VIGIL;AXUM;;;False;132823;0;1;;;;;;1;;1739,00
2100;Calle 142B N 3150;Berazategui;2026-10-06;06-10-2026;05-10-2026;FAC-A-132823;Venta;LAGOPUELO S.A;34320;12,00;15752,06;19060,00;COZZARIN ESTELA ELIZABETH;;20,00 %;4;Selene Pawlikowski;;Poett Desinf. Frescura de Lavanda 900ml;1312,67;3443;;3;AUTOSERVICIO;1292,00;JUAN ESCOTO;;$;2;GRUPO AYUDIN ARGENTINA S.A;;;CON;;;;;;;PISO;;;;;25;JOHANA VIGIL;AXUM;;;False;132823;0;1;;;;;;1;;1312,67
2100;Calle 142B N 3150;Berazategui;2026-10-06;06-10-2026;05-10-2026;FAC-A-132823;Venta;LAGOPUELO S.A;34334;12,00;15752,06;19060,00;COZZARIN ESTELA ELIZABETH;;20,00 %;4;Selene Pawlikowski;;Poett Dsnf SuadBebe 12/900ml;1312,67;3443;;3;AUTOSERVICIO;1292,00;JUAN ESCOTO;;$;2;GRUPO AYUDIN ARGENTINA S.A;;;CON;;;;;;;PISO;;;;;25;JOHANA VIGIL;AXUM;;;False;132823;0;1;;;;;;1;;1312,67
2100;Calle 142B N 3150;Berazategui;2026-10-06;06-10-2026;05-10-2026;FAC-A-132823;Venta;LAGOPUELO S.A;18098;12,00;18241,20;22071,85;COZZARIN ESTELA ELIZABETH;;0,00 %;4;Selene Pawlikowski;;Mort Esp DobCara 4/24c;1520,10;3443;;3;AUTOSERVICIO;1126,00;JUAN ESCOTO;;$;2;GRUPO AYUDIN ARGENTINA S.A;;;CON;;;;;;;MORTIMER;;;;;25;JOHANA VIGIL;AXUM;;;False;132823;0;1;;;;;;1;;1520,10
27766;LARROQUE - (TRADICIONAL) 1532;BANFIELD;2026-10-06;06-10-2026;05-10-2026;FAC-A-132830;Venta;LAGOPUELO S.A;36003;8,00;13912,00;16833,52;PIONERE DEL MERCATO S.A.;;20,00 %;074;Romina Baez;;AYDN LAVDNA OR 25g/l 8/2l;1739,00;3442;;3;Autoservicio B;1739,00;MARIANO SOSA;;$;2;GRUPO AYUDIN ARGENTINA S.A;;;CON;;;;;;;LAVANDINA;;;;;300;Bruno Centurion;AXUM;;;False;132830;0;1;;;;;;1;;1739,00
5475;Juan Domingo PerÛn 2549;FLORENCIO VARELA;2026-10-06;06-10-2026;05-10-2026;FAC-A-132838;Venta;LAGOPUELO S.A;61577;16,00;22565,92;27304,76;LIN XIUJUAN;;5,00 %;6;Nieves Alegre;;Aydn Coc† Pod Act Or† DoyPk 16/450ml;1410,37;3463;;3;AUTOSERVICIO;1142,00;SIMON OLIVERA;;$;2;GRUPO AYUDIN ARGENTINA S.A;;;CON;;;;;;;COCINA;;;;;25;JOHANA VIGIL;AXUM;;;False;132838;0;1;;;;;;1;;1410,37
3320;ESTANISLAO DEL CAMPO 2174;Quilmes;2026-10-02;02-10-2026;05-10-2026;NCR-A-132844;DevoluciÛn por Rechazo;LAGOPUELO S.A;50087;-12,00;-49183,20;-59511,67;GUAN XIONG;NO QUIERE EL CLIENTE;0,00 %;054;Leonel Caruso;;Poett Frgnz Huellitas 12/250ml AR;4098,60;3413;;3;AUTOSERVICIO;3036,00;HERNAN RIVERO;;$;2;GRUPO AYUDIN ARGENTINA S.A;;;CON;;;;;;;AERO POETT;;;;;300;Bruno Centurion;gcw;131877;;True;132844;0;1;;;;;;1;;4098,60
41;12 DE OCTUBRE 4778;Quilmes;2026-10-02;02-10-2026;05-10-2026;NCR-A-132846;DevoluciÛn por Rechazo;LAGOPUELO S.A;33576;-6,00;-11387,46;-13778,83;Maria Elsa ayala MartÌnez;NO QUIERE EL CLIENTE;0,00 %;053;Verona Abati;;Aydn Ropa BlncSprms DoyPk 16/400ml;1897,91;3413;;2;ALMACEN;1427,00;HERNAN RIVERO;;$;2;GRUPO AYUDIN ARGENTINA S.A;;;EFV;;;;;;;LAVADO DE ROPA;;;;;300;Bruno Centurion;gcw;131078;;True;132846;0;1;;;;;;1;;1897,91
105956;Udaondo 1332 0;LANUS;2026-10-06;06-10-2026;05-10-2026;FAC-A-132849;Venta;LAGOPUELO S.A;60223;8,00;18493,28;22376,87;Lin Liqin;;15,00 %;30;Oriana Songini;;Aydn Lavda TriPod 8/2l GP2;2311,66;3441;;3;AUTOSERVICIO;2092,00;HERNAN RIVERO;;$;2;GRUPO AYUDIN ARGENTINA S.A;;;EFV;;;;;;;LAVANDINA;;;;;25;JOHANA VIGIL;AXUM;;;False;132849;0;1;;;;;;1;;2311,66
105956;Udaondo 1332 0;LANUS;2026-10-06;06-10-2026;05-10-2026;FAC-A-132849;Venta;LAGOPUELO S.A;61577;16,00;22565,92;27304,76;Lin Liqin;;5,00 %;30;Oriana Songini;;Aydn Coc† Pod Act Or† DoyPk 16/450ml;1410,37;3441;;3;AUTOSERVICIO;1142,00;HERNAN RIVERO;;$;2;GRUPO AYUDIN ARGENTINA S.A;;;EFV;;;;;;;COCINA;;;;;25;JOHANA VIGIL;AXUM;;;False;132849;0;1;;;;;;1;;1410,37
105956;Udaondo 1332 0;LANUS;2026-10-06;06-10-2026;05-10-2026;FAC-A-132849;Venta;LAGOPUELO S.A;33575;16,00;30366,56;36743,54;Lin Liqin;;0,00 %;30;Oriana Songini;;Aydn Ropa ClrViv DoyPk 16/400ml;1897,91;3441;;3;AUTOSERVICIO;1427,00;HERNAN RIVERO;;$;2;GRUPO AYUDIN ARGENTINA S.A;;;EFV;;;;;;;LAVADO DE ROPA;;;;;25;JOHANA VIGIL;AXUM;;;False;132849;0;1;;;;;;1;;1897,91
107556;Edmundo Fernandez 238 0;Avellaneda;2026-10-06;06-10-2026;05-10-2026;FAC-A-132853;Venta;LAGOPUELO S.A;34334;12,00;15752,06;19060,00;Weng Xiubin;;20,00 %;24;Cecilia Gauchez;;Poett Dsnf SuadBebe 12/900ml;1312,67;3441;;3;AUTOSERVICIO;1292,00;HERNAN RIVERO;;$;2;GRUPO AYUDIN ARGENTINA S.A;;;EFV;;;;;;;PISO;;;;;25;JOHANA VIGIL;AXUM;;;False;132853;0;1;;;;;;1;;1312,67
107556;Edmundo Fernandez 238 0;Avellaneda;2026-10-06;06-10-2026;05-10-2026;FAC-A-132853;Venta;LAGOPUELO S.A;60386;12,00;15752,06;19060,00;Weng Xiubin;;20,00 %;24;Cecilia Gauchez;;Poett EsptPly 12/900ml;1312,67;3441;;3;AUTOSERVICIO;1292,00;HERNAN RIVERO;;$;2;GRUPO AYUDIN ARGENTINA S.A;;;EFV;;;;;;;PISO;;;;;25;JOHANA VIGIL;AXUM;;;False;132853;0;1;;;;;;1;;1312,67
107556;Edmundo Fernandez 238 0;Avellaneda;2026-10-06;06-10-2026;05-10-2026;FAC-A-132853;Venta;LAGOPUELO S.A;36001;12,00;15752,06;19060,00;Weng Xiubin;;20,00 %;24;Cecilia Gauchez;;POETT FRSC TROP 12/900;1312,67;3441;;3;AUTOSERVICIO;1292,00;HERNAN RIVERO;;$;2;GRUPO AYUDIN ARGENTINA S.A;;;EFV;;;;;;;PISO;;;;;25;JOHANA VIGIL;AXUM;;;False;132853;0;1;;;;;;1;;1312,67
108132;Lomas De Zamora 244 0;WILDE;2026-10-02;02-10-2026;05-10-2026;NCR-A-132855;DevoluciÛn por Rechazo;LAGOPUELO S.A;61047;-8,00;-23682,26;-28655,53;Jian Ping Zheng;ERROR DE PREVENTA;18,00 %;29;Camila Navarrete;;Aydn RopQuitMnch BlncInt 8/2l;2960,28;3409;;3;AUTOSERVICIO;2777,00;SIMON OLIVERA;;$;2;GRUPO AYUDIN ARGENTINA S.A;;;EFV;;;;;;;LAVADO DE ROPA;;;;;25;JOHANA VIGIL;gcw;131898;;True;132855;0;1;;;;;;1;;2960,28
102819;Noya 315 0;GERLI;2026-10-06;06-10-2026;05-10-2026;FAC-A-132857;Venta;LAGOPUELO S.A;36003;8,00;13912,00;16833,52;Lin Hua;;20,00 %;26;Sabrina Pereyra;;AYDN LAVDNA OR 25g/l 8/2l;1739,00;3441;;3;AUTOSERVICIO;1739,00;HERNAN RIVERO;;$;2;GRUPO AYUDIN ARGENTINA S.A;;;EFV;;;;;;;LAVANDINA;;;;;25;JOHANA VIGIL;AXUM;;;False;132857;0;1;;;;;;1;;1739,00
102819;Noya 315 0;GERLI;2026-10-06;06-10-2026;05-10-2026;FAC-A-132857;Venta;LAGOPUELO S.A;60227;8,00;18493,28;22376,87;Lin Hua;;15,00 %;26;Sabrina Pereyra;;Aydn PurGlac TriPod 8/2l GP2;2311,66;3441;;3;AUTOSERVICIO;2092,00;HERNAN RIVERO;;$;2;GRUPO AYUDIN ARGENTINA S.A;;;EFV;;;;;;;LAVANDINA;;;;;25;JOHANA VIGIL;AXUM;;;False;132857;0;1;;;;;;1;;2311,66
102819;Noya 315 0;GERLI;2026-10-06;06-10-2026;05-10-2026;FAC-A-132857;Venta;LAGOPUELO S.A;61577;3,00;4453,80;5389,10;Lin Hua;;0,00 %;26;Sabrina Pereyra;;Aydn Coc† Pod Act Or† DoyPk 16/450ml;1484,60;3441;;3;AUTOSERVICIO;1142,00;HERNAN RIVERO;;$;2;GRUPO AYUDIN ARGENTINA S.A;;;EFV;;;;;;;COCINA;;;;;25;JOHANA VIGIL;AXUM;;;False;132857;0;1;;;;;;1;;1484,60
107755;Victor  Hugo 859 0;LANUS;2026-10-02;02-10-2026;05-10-2026;NCR-A-132862;DevoluciÛn por Rechazo;LAGOPUELO S.A;33575;-1,00;-1897,91;-2296,47;Lin Wenfang;ROTO;0,00 %;26;Sabrina Pereyra;;Aydn Ropa ClrViv DoyPk 16/400ml;1897,91;3409;;3;AUTOSERVICIO;1427,00;SIMON OLIVERA;;$;2;GRUPO AYUDIN ARGENTINA S.A;;;EFV;;;;;;;LAVADO DE ROPA;;;;;25;JOHANA VIGIL;gcw;131918;;True;132862;0;1;;;;;;1;;1897,91
421;WASHINGTON 546;Avellaneda;2026-10-02;02-10-2026;05-10-2026;NCR-A-132863;DevoluciÛn por Rechazo;LAGOPUELO S.A;32288;-1,00;-1839,50;-2225,80;CHEN SHENQIANG;ROTO;0,00 %;28;Nadia Diaz;;Tren Oxi DoyPk 16/400ml;1839,50;3409;;3;AUTOSERVICIO;1415,00;SIMON OLIVERA;;$;2;GRUPO AYUDIN ARGENTINA S.A;;;EFV;;;;;;;LAVADO DE ROPA;;;;;25;JOHANA VIGIL;gcw;132070;;True;132863;0;1;;;;;;1;;1839,50
27441;Venezuela - (AUTOSERVICIOS) 1276;EZEIZA;2026-10-07;07-10-2026;05-10-2026;FAC-A-132868;Venta;LAGOPUELO S.A;18026;4,00;10285,60;12445,58;Yan Cheng;;0,00 %;075;Julieta Yegros;;Aydn Dsnf PstWC 36/16g;2571,40;3458;;3;Autoservicio A;1978,00;WALTER JANIUK;;$;2;GRUPO AYUDIN ARGENTINA S.A;;;CON;;;;;;;COCINA;;;;;300;Bruno Centurion;AXUM;;;False;132868;0;1;;;;;;1;;2571,40
27386;Vieytes 1526;BANFIELD;2026-10-06;06-10-2026;05-10-2026;FAC-A-132875;Venta;LAGOPUELO S.A;60222;15,00;17403,75;21058,54;Santacruz Palacios Patricia Mabel;;15,00 %;074;Romina Baez;;Aydn Lavda TriPod 15/1l GP2;1160,25;3442;;3;Autoservicio A;1050,00;MARIANO SOSA;;$;2;GRUPO AYUDIN ARGENTINA S.A;;;CON;;;;;;;LAVANDINA;;;;;300;Bruno Centurion;AXUM;;;False;132875;0;1;;;;;;1;;1160,25
382;Formosa (entre Jujuy y Santiago del estero) 1005;Lan˙s;2026-10-06;06-10-2026;05-10-2026;FAC-B-132880;Venta;ELEBES;17927;15,00;12735,00;15409,35;Mariana NuÒez;;20,00 %;30;Oriana Songini;;AYDN LAVDNA OR 15/1L;849,00;3441;;2;ALMACEN;849,00;HERNAN RIVERO;;$;2;GRUPO AYUDIN ARGENTINA S.A;;;EFV;;;;;;;LAVANDINA;;;;;25;JOHANA VIGIL;AXUM;;;False;132880;0;1;;;;;;1;;849,00
5837;adolfo alsina e/roca y bartolome mitre - (Large Format) 760;BURZACO;2026-10-06;06-10-2026;05-10-2026;FAC-A-132889;Venta;LAGOPUELO S.A;60223;8,00;18493,28;22376,87;lin liqing;;15,00 %;063;Daniel Martin;;Aydn Lavda TriPod 8/2l GP2;2311,66;3444;;3;Autoservicio A;2092,00;CLAUDIO GARCIA;;$;2;GRUPO AYUDIN ARGENTINA S.A;;;CON;;;;;;;LAVANDINA;;;;;300;Bruno Centurion;AXUM;;;False;132889;0;1;;;;;;1;;2311,66
5837;adolfo alsina e/roca y bartolome mitre - (Large Format) 760;BURZACO;2026-10-06;06-10-2026;05-10-2026;FAC-A-132889;Venta;LAGOPUELO S.A;60227;8,00;18493,28;22376,87;lin liqing;;15,00 %;063;Daniel Martin;;Aydn PurGlac TriPod 8/2l GP2;2311,66;3444;;3;Autoservicio A;2092,00;CLAUDIO GARCIA;;$;2;GRUPO AYUDIN ARGENTINA S.A;;;CON;;;;;;;LAVANDINA;;;;;300;Bruno Centurion;AXUM;;;False;132889;0;1;;;;;;1;;2311,66
27683;ANA ACERBONI - (AUTOSERVICIOS) 741;BANFIELD;2026-10-06;06-10-2026;05-10-2026;FAC-A-132898;Venta;LAGOPUELO S.A;61816;30,00;85456,80;103402,73;HONG YU;;20,00 %;073;Florencia Cubilla;;Sltn MataMosq Aer AccInst 6/360ml BA;2848,56;3442;;3;Autoservicio B;2739,00;MARIANO SOSA;;$;2;GRUPO AYUDIN ARGENTINA S.A;;;CON;;;;;;;SELTON;;;;;300;Bruno Centurion;AXUM;;;False;132898;0;1;;;;;;1;;2848,56
1225;Calle 137 Y AV. EVA PERON 1;Berazategui;2026-10-06;06-10-2026;05-10-2026;FAC-A-132901;Venta;LAGOPUELO S.A;17927;150,00;127350,00;154093,50;SUPERMERCADOS LOS ANGELES SA;;20,00 %;051;Ezequiel Valente;;AYDN LAVDNA OR 15/1L;849,00;3443;;3;AUTOSERVICIO;849,00;JUAN ESCOTO;;$;2;GRUPO AYUDIN ARGENTINA S.A;;;CON;;;;;;;LAVANDINA;;;;;300;Bruno Centurion;AXUM;;;False;132901;0;1;;;;;;1;;849,00
1225;Calle 137 Y AV. EVA PERON 1;Berazategui;2026-10-06;06-10-2026;05-10-2026;FAC-A-132901;Venta;LAGOPUELO S.A;36003;80,00;139120,00;168335,20;SUPERMERCADOS LOS ANGELES SA;;20,00 %;051;Ezequiel Valente;;AYDN LAVDNA OR 25g/l 8/2l;1739,00;3443;;3;AUTOSERVICIO;1739,00;JUAN ESCOTO;;$;2;GRUPO AYUDIN ARGENTINA S.A;;;CON;;;;;;;LAVANDINA;;;;;300;Bruno Centurion;AXUM;;;False;132901;0;1;;;;;;1;;1739,00
1225;Calle 137 Y AV. EVA PERON 1;Berazategui;2026-10-06;06-10-2026;05-10-2026;FAC-A-132901;Venta;LAGOPUELO S.A;36004;15,00;60951,15;73750,89;SUPERMERCADOS LOS ANGELES SA;;10,00 %;051;Ezequiel Valente;;AYDN LAVDNA OR 25 g/l 3/4l;4063,41;3443;;3;AUTOSERVICIO;3473,00;JUAN ESCOTO;;$;2;GRUPO AYUDIN ARGENTINA S.A;;;CON;;;;;;;LAVANDINA;;;;;300;Bruno Centurion;AXUM;;;False;132901;0;1;;;;;;1;;4063,41
1225;Calle 137 Y AV. EVA PERON 1;Berazategui;2026-10-06;06-10-2026;05-10-2026;FAC-A-132901;Venta;LAGOPUELO S.A;60227;24,00;58743,36;71079,47;SUPERMERCADOS LOS ANGELES SA;;10,00 %;051;Ezequiel Valente;;Aydn PurGlac TriPod 8/2l GP2;2447,64;3443;;3;AUTOSERVICIO;2092,00;JUAN ESCOTO;;$;2;GRUPO AYUDIN ARGENTINA S.A;;;CON;;;;;;;LAVANDINA;;;;;300;Bruno Centurion;AXUM;;;False;132901;0;1;;;;;;1;;2447,64
1225;Calle 137 Y AV. EVA PERON 1;Berazategui;2026-10-06;06-10-2026;05-10-2026;FAC-A-132901;Venta;LAGOPUELO S.A;60228;15,00;73885,50;89401,46;SUPERMERCADOS LOS ANGELES SA;;10,00 %;051;Ezequiel Valente;;Aydn PurGlac TriPod 3/4l GP2;4925,70;3443;;3;AUTOSERVICIO;4210,00;JUAN ESCOTO;;$;2;GRUPO AYUDIN ARGENTINA S.A;;;CON;;;;;;;LAVANDINA;;;;;300;Bruno Centurion;AXUM;;;False;132901;0;1;;;;;;1;;4925,70
1225;Calle 137 Y AV. EVA PERON 1;Berazategui;2026-10-06;06-10-2026;05-10-2026;FAC-A-132901;Venta;LAGOPUELO S.A;60233;15,00;37086,05;44874,12;SUPERMERCADOS LOS ANGELES SA;;15,00 %;051;Ezequiel Valente;;Aydn Lavdna Gel Or 15/700ml GP2;2472,40;3443;;3;AUTOSERVICIO;2187,00;JUAN ESCOTO;;$;2;GRUPO AYUDIN ARGENTINA S.A;;;CON;;;;;;;LAVANDINA;;;;;300;Bruno Centurion;AXUM;;;False;132901;0;1;;;;;;1;;2472,40
1225;Calle 137 Y AV. EVA PERON 1;Berazategui;2026-10-06;06-10-2026;05-10-2026;FAC-A-132901;Venta;LAGOPUELO S.A;60239;15,00;37086,05;44874,12;SUPERMERCADOS LOS ANGELES SA;;15,00 %;051;Ezequiel Valente;;Aydn Lavdna Gel MntFrs 15/700ml GP2;2472,40;3443;;3;AUTOSERVICIO;2187,00;JUAN ESCOTO;;$;2;GRUPO AYUDIN ARGENTINA S.A;;;CON;;;;;;;LAVANDINA;;;;;300;Bruno Centurion;AXUM;;;False;132901;0;1;;;;;;1;;2472,40
1225;Calle 137 Y AV. EVA PERON 1;Berazategui;2026-10-06;06-10-2026;05-10-2026;FAC-A-132901;Venta;LAGOPUELO S.A;34324;24,00;31504,13;38119,99;SUPERMERCADOS LOS ANGELES SA;;20,00 %;051;Ezequiel Valente;;Poett Desinf. Flores de Primavera 900ml;1312,67;3443;;3;AUTOSERVICIO;1292,00;JUAN ESCOTO;;$;2;GRUPO AYUDIN ARGENTINA S.A;;;CON;;;;;;;PISO;;;;;300;Bruno Centurion;AXUM;;;False;132901;0;1;;;;;;1;;1312,67
1225;Calle 137 Y AV. EVA PERON 1;Berazategui;2026-10-06;06-10-2026;05-10-2026;FAC-A-132901;Venta;LAGOPUELO S.A;34327;12,00;15752,06;19060,00;SUPERMERCADOS LOS ANGELES SA;;20,00 %;051;Ezequiel Valente;;Poett Desinf. Solo para ti 900ml;1312,67;3443;;3;AUTOSERVICIO;1292,00;JUAN ESCOTO;;$;2;GRUPO AYUDIN ARGENTINA S.A;;;CON;;;;;;;PISO;;;;;300;Bruno Centurion;AXUM;;;False;132901;0;1;;;;;;1;;1312,67
1225;Calle 137 Y AV. EVA PERON 1;Berazategui;2026-10-06;06-10-2026;05-10-2026;FAC-A-132901;Venta;LAGOPUELO S.A;34334;24,00;31504,13;38119,99;SUPERMERCADOS LOS ANGELES SA;;20,00 %;051;Ezequiel Valente;;Poett Dsnf SuadBebe 12/900ml;1312,67;3443;;3;AUTOSERVICIO;1292,00;JUAN ESCOTO;;$;2;GRUPO AYUDIN ARGENTINA S.A;;;CON;;;;;;;PISO;;;;;300;Bruno Centurion;AXUM;;;False;132901;0;1;;;;;;1;;1312,67
1225;Calle 137 Y AV. EVA PERON 1;Berazategui;2026-10-06;06-10-2026;05-10-2026;FAC-A-132901;Venta;LAGOPUELO S.A;34336;10,00;13126,72;15883,33;SUPERMERCADOS LOS ANGELES SA;;20,00 %;051;Ezequiel Valente;;Poett Dsnf SuadAlg 12/900ml;1312,67;3443;;3;AUTOSERVICIO;1292,00;JUAN ESCOTO;;$;2;GRUPO AYUDIN ARGENTINA S.A;;;CON;;;;;;;PISO;;;;;300;Bruno Centurion;AXUM;;;False;132901;0;1;;;;;;1;;1312,67
1225;Calle 137 Y AV. EVA PERON 1;Berazategui;2026-10-06;06-10-2026;05-10-2026;FAC-A-132901;Venta;LAGOPUELO S.A;34342;24,00;31504,13;38119,99;SUPERMERCADOS LOS ANGELES SA;;20,00 %;051;Ezequiel Valente;;Poett Dsnf AlgrDia 12/900ml;1312,67;3443;;3;AUTOSERVICIO;1292,00;JUAN ESCOTO;;$;2;GRUPO AYUDIN ARGENTINA S.A;;;CON;;;;;;;PISO;;;;;300;Bruno Centurion;AXUM;;;False;132901;0;1;;;;;;1;;1312,67
1225;Calle 137 Y AV. EVA PERON 1;Berazategui;2026-10-06;06-10-2026;05-10-2026;FAC-A-132901;Venta;LAGOPUELO S.A;60386;24,00;31504,13;38119,99;SUPERMERCADOS LOS ANGELES SA;;20,00 %;051;Ezequiel Valente;;Poett EsptPly 12/900ml;1312,67;3443;;3;AUTOSERVICIO;1292,00;JUAN ESCOTO;;$;2;GRUPO AYUDIN ARGENTINA S.A;;;CON;;;;;;;PISO;;;;;300;Bruno Centurion;AXUM;;;False;132901;0;1;;;;;;1;;1312,67
1225;Calle 137 Y AV. EVA PERON 1;Berazategui;2026-10-06;06-10-2026;05-10-2026;FAC-A-132901;Venta;LAGOPUELO S.A;34322;15,00;106450,50;128805,11;SUPERMERCADOS LOS ANGELES SA;;0,00 %;051;Ezequiel Valente;;Poett Deinf. Frescura de Lavanda 4L;7096,70;3443;;3;AUTOSERVICIO;5459,00;JUAN ESCOTO;;$;2;GRUPO AYUDIN ARGENTINA S.A;;;CON;;;;;;;PISO;;;;;300;Bruno Centurion;AXUM;;;False;132901;0;1;;;;;;1;;7096,70
1225;Calle 137 Y AV. EVA PERON 1;Berazategui;2026-10-06;06-10-2026;05-10-2026;FAC-A-132901;Venta;LAGOPUELO S.A;61576;16,00;25140,96;30420,56;SUPERMERCADOS LOS ANGELES SA;;10,00 %;051;Ezequiel Valente;;Aydn Bn Limp† Act Or DoyPk 16/450ml;1571,31;3443;;3;AUTOSERVICIO;1343,00;JUAN ESCOTO;;$;2;GRUPO AYUDIN ARGENTINA S.A;;;CON;;;;;;;BAÒO;;;;;300;Bruno Centurion;AXUM;;;False;132901;0;1;;;;;;1;;1571,31
1225;Calle 137 Y AV. EVA PERON 1;Berazategui;2026-10-06;06-10-2026;05-10-2026;FAC-A-132901;Venta;LAGOPUELO S.A;61046;30,00;48964,50;59247,05;SUPERMERCADOS LOS ANGELES SA;;10,00 %;051;Ezequiel Valente;;Aydn RopQuitMnch BlncInt 15/1l;1632,15;3443;;3;AUTOSERVICIO;1395,00;JUAN ESCOTO;;$;2;GRUPO AYUDIN ARGENTINA S.A;;;CON;;;;;;;LAVADO DE ROPA;;;;;300;Bruno Centurion;AXUM;;;False;132901;0;1;;;;;;1;;1632,15
1225;Calle 137 Y AV. EVA PERON 1;Berazategui;2026-10-06;06-10-2026;05-10-2026;FAC-A-132901;Venta;LAGOPUELO S.A;61047;16,00;51985,44;62902,38;SUPERMERCADOS LOS ANGELES SA;;10,00 %;051;Ezequiel Valente;;Aydn RopQuitMnch BlncInt 8/2l;3249,09;3443;;3;AUTOSERVICIO;2777,00;JUAN ESCOTO;;$;2;GRUPO AYUDIN ARGENTINA S.A;;;CON;;;;;;;LAVADO DE ROPA;;;;;300;Bruno Centurion;AXUM;;;False;132901;0;1;;;;;;1;;3249,09
1225;Calle 137 Y AV. EVA PERON 1;Berazategui;2026-10-06;06-10-2026;05-10-2026;FAC-A-132901;Venta;LAGOPUELO S.A;33578;12,00;33855,95;40965,70;SUPERMERCADOS LOS ANGELES SA;;10,00 %;051;Ezequiel Valente;;Aydn Ropa BlncSprms DoyPk 12/650ml;2821,33;3443;;3;AUTOSERVICIO;2357,00;JUAN ESCOTO;;$;2;GRUPO AYUDIN ARGENTINA S.A;;;CON;;;;;;;LAVADO DE ROPA;;;;;300;Bruno Centurion;AXUM;;;False;132901;0;1;;;;;;1;;2821,33
1225;Calle 137 Y AV. EVA PERON 1;Berazategui;2026-10-06;06-10-2026;05-10-2026;FAC-A-132901;Venta;LAGOPUELO S.A;33575;32,00;54659,81;66138,37;SUPERMERCADOS LOS ANGELES SA;;10,00 %;051;Ezequiel Valente;;Aydn Ropa ClrViv DoyPk 16/400ml;1708,12;3443;;3;AUTOSERVICIO;1427,00;JUAN ESCOTO;;$;2;GRUPO AYUDIN ARGENTINA S.A;;;CON;;;;;;;LAVADO DE ROPA;;;;;300;Bruno Centurion;AXUM;;;False;132901;0;1;;;;;;1;;1708,12
1225;Calle 137 Y AV. EVA PERON 1;Berazategui;2026-10-06;06-10-2026;05-10-2026;FAC-A-132901;Venta;LAGOPUELO S.A;33577;12,00;33855,95;40965,70;SUPERMERCADOS LOS ANGELES SA;;10,00 %;051;Ezequiel Valente;;Aydn Ropa ClrViv DoyPk 12/650ml;2821,33;3443;;3;AUTOSERVICIO;2357,00;JUAN ESCOTO;;$;2;GRUPO AYUDIN ARGENTINA S.A;;;CON;;;;;;;LAVADO DE ROPA;;;;;300;Bruno Centurion;AXUM;;;False;132901;0;1;;;;;;1;;2821,33
1225;Calle 137 Y AV. EVA PERON 1;Berazategui;2026-10-06;06-10-2026;05-10-2026;FAC-A-132901;Venta;LAGOPUELO S.A;32288;16,00;26488,80;32051,45;SUPERMERCADOS LOS ANGELES SA;;10,00 %;051;Ezequiel Valente;;Tren Oxi DoyPk 16/400ml;1655,55;3443;;3;AUTOSERVICIO;1415,00;JUAN ESCOTO;;$;2;GRUPO AYUDIN ARGENTINA S.A;;;CON;;;;;;;LAVADO DE ROPA;;;;;300;Bruno Centurion;AXUM;;;False;132901;0;1;;;;;;1;;1655,55
27620;San Joaquin - (AUTOSERVICIOS) 321;TURDERA;2026-10-02;02-10-2026;05-10-2026;NCR-A-132904;DevoluciÛn por Rechazo;LAGOPUELO S.A;61577;-8,00;-11282,96;-13652,38;XIONGBIN LIN;NO HIZO PEDIDO;5,00 %;074;Romina Baez;;Aydn Coc† Pod Act Or† DoyPk 16/450ml;1410,37;3410;;3;Autoservicio A;1142,00;MARIANO SOSA;;$;2;GRUPO AYUDIN ARGENTINA S.A;;;CON;;;;;;;COCINA;;;;;300;Bruno Centurion;gcw;131357;;True;132904;0;1;;;;;;1;;1410,37
5426;DERQUI 1455;FLORENCIO VARELA;2026-10-06;06-10-2026;05-10-2026;FAC-A-132915;Venta;LAGOPUELO S.A;36004;9,00;37789,71;45725,55;HAI YAN;;7,00 %;7;Myrian Lertora;;AYDN LAVDNA OR 25 g/l 3/4l;4198,86;3463;;3;AUTOSERVICIO;3473,00;SIMON OLIVERA;;$;2;GRUPO AYUDIN ARGENTINA S.A;;;CON;;;;;;;LAVANDINA;;;;;25;JOHANA VIGIL;AXUM;;;False;132915;0;1;;;;;;1;;4198,86
5426;DERQUI 1455;FLORENCIO VARELA;2026-10-06;06-10-2026;05-10-2026;FAC-A-132915;Venta;LAGOPUELO S.A;60228;6,00;32838,00;39733,98;HAI YAN;;0,00 %;7;Myrian Lertora;;Aydn PurGlac TriPod 3/4l GP2;5473,00;3463;;3;AUTOSERVICIO;4210,00;SIMON OLIVERA;;$;2;GRUPO AYUDIN ARGENTINA S.A;;;CON;;;;;;;LAVANDINA;;;;;25;JOHANA VIGIL;AXUM;;;False;132915;0;1;;;;;;1;;5473,00
101719;Giribone 1059 0;Pi√±eyro;2026-10-06;06-10-2026;05-10-2026;FAC-A-132924;Venta;LAGOPUELO S.A;17927;15,00;12735,00;15409,35;Oscar Castillo;;20,00 %;24;Cecilia Gauchez;;AYDN LAVDNA OR 15/1L;849,00;3441;;georgalos-7;Almacen;849,00;HERNAN RIVERO;;$;2;GRUPO AYUDIN ARGENTINA S.A;;;EFV;;;;;;;LAVANDINA;;;;;25;JOHANA VIGIL;AXUM;;;False;132924;0;1;;;;;;1;;849,00
1499;CALLE 155 1765;BERAZATEGUI;2026-10-06;06-10-2026;05-10-2026;FAC-A-132926;Venta;LAGOPUELO S.A;18026;6,00;15428,40;18668,36;POMBO HORACIO NORBERTO;;0,00 %;5;Eliana Huber;;Aydn Dsnf PstWC 36/16g;2571,40;3443;;3;AUTOSERVICIO;1978,00;JUAN ESCOTO;;$;2;GRUPO AYUDIN ARGENTINA S.A;;;CON;;;;;;;COCINA;;;;;25;JOHANA VIGIL;AXUM;;;False;132926;0;1;;;;;;1;;2571,40
28053;LUZURIAGA - (AUTOSERVICIOS) 490;LLAVALLOL;2026-10-02;02-10-2026;05-10-2026;NCR-A-132927;DevoluciÛn por Rechazo;LAGOPUELO S.A;61577;-6,00;-8462,22;-10239,29;SEBASTIAN COSME ROMERO;NO QUIERE EL CLIENTE;5,00 %;074;Romina Baez;;Aydn Coc† Pod Act Or† DoyPk 16/450ml;1410,37;3410;;2;ALMACEN;1142,00;MARIANO SOSA;;$;2;GRUPO AYUDIN ARGENTINA S.A;;;CON;;;;;;;COCINA;;;;;300;Bruno Centurion;gcw;130991;;True;132927;0;1;;;;;;1;;1410,37
29518;MOLDES E/DE LA PE√‚ÄòA Y DARDO ROCHA - (AUTOSERVICIOS) 683;LLAVALLOL;2026-10-02;02-10-2026;05-10-2026;NCR-B-132934;DevoluciÛn por Rechazo;ELEBES;33576;-2,00;-3795,82;-4592,94;ISABEL PITINOS;ROTO;0,00 %;074;Romina Baez;;Aydn Ropa BlncSprms DoyPk 16/400ml;1897,91;3410;;2;ALMACEN;1427,00;MARIANO SOSA;;$;2;GRUPO AYUDIN ARGENTINA S.A;;;CON;;;;;;;LAVADO DE ROPA;;;;;300;Bruno Centurion;gcw;131069;;True;132934;0;1;;;;;;1;;1897,91
27397;Maipu - (AUTOSERVICIOS) 111;BANFIELD;2026-10-06;06-10-2026;05-10-2026;FAC-A-132944;Venta;LAGOPUELO S.A;34320;12,00;15752,06;19060,00;Bavosi Juan Martin;;20,00 %;074;Romina Baez;;Poett Desinf. Frescura de Lavanda 900ml;1312,67;3442;;5;KIOSCO;1292,00;MARIANO SOSA;;$;2;GRUPO AYUDIN ARGENTINA S.A;;;CON;;;;;;;PISO;;;;;300;Bruno Centurion;AXUM;;;False;132944;0;1;;;;;;1;;1312,67
27397;Maipu - (AUTOSERVICIOS) 111;BANFIELD;2026-10-06;06-10-2026;05-10-2026;FAC-A-132944;Venta;LAGOPUELO S.A;34327;12,00;15752,06;19060,00;Bavosi Juan Martin;;20,00 %;074;Romina Baez;;Poett Desinf. Solo para ti 900ml;1312,67;3442;;5;KIOSCO;1292,00;MARIANO SOSA;;$;2;GRUPO AYUDIN ARGENTINA S.A;;;CON;;;;;;;PISO;;;;;300;Bruno Centurion;AXUM;;;False;132944;0;1;;;;;;1;;1312,67
23204;Dr. Joaqu√≠n Essoin - (AUTOSERVICIOS) 176;LONGCHAMPS;2026-10-06;06-10-2026;05-10-2026;FAC-A-132946;Venta;LAGOPUELO S.A;60222;15,00;17403,75;21058,54;LIN HUAIPING;;15,00 %;062;Nahuel Martinez;;Aydn Lavda TriPod 15/1l GP2;1160,25;3447;;3;Autoservicio B;1050,00;WALTER JANIUK;;$;2;GRUPO AYUDIN ARGENTINA S.A;;;CON;;;;;;;LAVANDINA;;;;;300;Bruno Centurion;AXUM;;;False;132946;0;1;;;;;;1;;1160,25
23204;Dr. Joaqu√≠n Essoin - (AUTOSERVICIOS) 176;LONGCHAMPS;2026-10-06;06-10-2026;05-10-2026;FAC-A-132946;Venta;LAGOPUELO S.A;60223;8,00;18493,28;22376,87;LIN HUAIPING;;15,00 %;062;Nahuel Martinez;;Aydn Lavda TriPod 8/2l GP2;2311,66;3447;;3;Autoservicio B;2092,00;WALTER JANIUK;;$;2;GRUPO AYUDIN ARGENTINA S.A;;;CON;;;;;;;LAVANDINA;;;;;300;Bruno Centurion;AXUM;;;False;132946;0;1;;;;;;1;;2311,66
23204;Dr. Joaqu√≠n Essoin - (AUTOSERVICIOS) 176;LONGCHAMPS;2026-10-06;06-10-2026;05-10-2026;FAC-A-132946;Venta;LAGOPUELO S.A;60227;8,00;18493,28;22376,87;LIN HUAIPING;;15,00 %;062;Nahuel Martinez;;Aydn PurGlac TriPod 8/2l GP2;2311,66;3447;;3;Autoservicio B;2092,00;WALTER JANIUK;;$;2;GRUPO AYUDIN ARGENTINA S.A;;;CON;;;;;;;LAVANDINA;;;;;300;Bruno Centurion;AXUM;;;False;132946;0;1;;;;;;1;;2311,66
23204;Dr. Joaqu√≠n Essoin - (AUTOSERVICIOS) 176;LONGCHAMPS;2026-10-06;06-10-2026;05-10-2026;FAC-A-132946;Venta;LAGOPUELO S.A;36003;8,00;13912,00;16833,52;LIN HUAIPING;;20,00 %;062;Nahuel Martinez;;AYDN LAVDNA OR 25g/l 8/2l;1739,00;3447;;3;Autoservicio B;1739,00;WALTER JANIUK;;$;2;GRUPO AYUDIN ARGENTINA S.A;;;CON;;;;;;;LAVANDINA;;;;;300;Bruno Centurion;AXUM;;;False;132946;0;1;;;;;;1;;1739,00
23204;Dr. Joaqu√≠n Essoin - (AUTOSERVICIOS) 176;LONGCHAMPS;2026-10-06;06-10-2026;05-10-2026;FAC-A-132946;Venta;LAGOPUELO S.A;17927;15,00;12735,00;15409,35;LIN HUAIPING;;20,00 %;062;Nahuel Martinez;;AYDN LAVDNA OR 15/1L;849,00;3447;;3;Autoservicio B;849,00;WALTER JANIUK;;$;2;GRUPO AYUDIN ARGENTINA S.A;;;CON;;;;;;;LAVANDINA;;;;;300;Bruno Centurion;AXUM;;;False;132946;0;1;;;;;;1;;849,00
23204;Dr. Joaqu√≠n Essoin - (AUTOSERVICIOS) 176;LONGCHAMPS;2026-10-06;06-10-2026;05-10-2026;FAC-A-132946;Venta;LAGOPUELO S.A;34334;12,00;15752,06;19060,00;LIN HUAIPING;;20,00 %;062;Nahuel Martinez;;Poett Dsnf SuadBebe 12/900ml;1312,67;3447;;3;Autoservicio B;1292,00;WALTER JANIUK;;$;2;GRUPO AYUDIN ARGENTINA S.A;;;CON;;;;;;;PISO;;;;;300;Bruno Centurion;AXUM;;;False;132946;0;1;;;;;;1;;1312,67
23212;25 de Mayo - (AUTOSERVICIOS) 326;LONGCHAMPS;2026-10-06;06-10-2026;05-10-2026;FAC-A-132949;Venta;LAGOPUELO S.A;60226;15,00;17403,75;21058,54;LIN YINGMEI;;15,00 %;062;Nahuel Martinez;;Aydn PurGlac TriPod 15/1l GP2;1160,25;3447;;OTR;SIN SUB;1050,00;WALTER JANIUK;;$;2;GRUPO AYUDIN ARGENTINA S.A;;;CON;;;;;;;LAVANDINA;;;;;300;Bruno Centurion;AXUM;;;False;132949;0;1;;;;;;1;;1160,25
23208;JUAN A. VUCETICH ESQ. C. DEL CAMPO - (AUTOSERVICIOS) 285;LONGCHAMPS;2026-10-06;06-10-2026;05-10-2026;FAC-B-132951;Venta;ELEBES;60233;3,00;7417,21;8974,82;MARTINEZ NADIA;;15,00 %;062;Nahuel Martinez;;Aydn Lavdna Gel Or 15/700ml GP2;2472,40;3447;;2;ALMACEN;2187,00;WALTER JANIUK;;$;2;GRUPO AYUDIN ARGENTINA S.A;;;CON;;;;;;;LAVANDINA;;;;;300;Bruno Centurion;AXUM;;;False;132951;0;1;;;;;;1;;2472,40
23208;JUAN A. VUCETICH ESQ. C. DEL CAMPO - (AUTOSERVICIOS) 285;LONGCHAMPS;2026-10-06;06-10-2026;05-10-2026;FAC-B-132951;Venta;ELEBES;60239;3,00;7417,21;8974,82;MARTINEZ NADIA;;15,00 %;062;Nahuel Martinez;;Aydn Lavdna Gel MntFrs 15/700ml GP2;2472,40;3447;;2;ALMACEN;2187,00;WALTER JANIUK;;$;2;GRUPO AYUDIN ARGENTINA S.A;;;CON;;;;;;;LAVANDINA;;;;;300;Bruno Centurion;AXUM;;;False;132951;0;1;;;;;;1;;2472,40
23208;JUAN A. VUCETICH ESQ. C. DEL CAMPO - (AUTOSERVICIOS) 285;LONGCHAMPS;2026-10-06;06-10-2026;05-10-2026;FAC-B-132951;Venta;ELEBES;60237;3,00;7417,21;8974,82;MARTINEZ NADIA;;15,00 %;062;Nahuel Martinez;;Aydn Lavdna Gel Flr 15/700ml GP2;2472,40;3447;;2;ALMACEN;2187,00;WALTER JANIUK;;$;2;GRUPO AYUDIN ARGENTINA S.A;;;CON;;;;;;;LAVANDINA;;;;;300;Bruno Centurion;AXUM;;;False;132951;0;1;;;;;;1;;2472,40
23208;JUAN A. VUCETICH ESQ. C. DEL CAMPO - (AUTOSERVICIOS) 285;LONGCHAMPS;2026-10-06;06-10-2026;05-10-2026;FAC-B-132951;Venta;ELEBES;61046;15,00;22306,05;26990,32;MARTINEZ NADIA;;18,00 %;062;Nahuel Martinez;;Aydn RopQuitMnch BlncInt 15/1l;1487,07;3447;;2;ALMACEN;1395,00;WALTER JANIUK;;$;2;GRUPO AYUDIN ARGENTINA S.A;;;CON;;;;;;;LAVADO DE ROPA;;;;;300;Bruno Centurion;AXUM;;;False;132951;0;1;;;;;;1;;1487,07
23208;JUAN A. VUCETICH ESQ. C. DEL CAMPO - (AUTOSERVICIOS) 285;LONGCHAMPS;2026-10-06;06-10-2026;05-10-2026;FAC-B-132951;Venta;ELEBES;17927;30,00;25470,00;30818,70;MARTINEZ NADIA;;20,00 %;062;Nahuel Martinez;;AYDN LAVDNA OR 15/1L;849,00;3447;;2;ALMACEN;849,00;WALTER JANIUK;;$;2;GRUPO AYUDIN ARGENTINA S.A;;;CON;;;;;;;LAVANDINA;;;;;300;Bruno Centurion;AXUM;;;False;132951;0;1;;;;;;1;;849,00
28010;AVELLANEDA - (TRADICIONAL) 889;EZEIZA;2026-10-06;06-10-2026;05-10-2026;FAC-A-132953;Venta;LAGOPUELO S.A;34320;4,00;5250,69;6353,33;MARCELA ALEJANDRA GOMEZ;;20,00 %;075;Julieta Yegros;;Poett Desinf. Frescura de Lavanda 900ml;1312,67;3446;;2;ALMACEN;1292,00;IVAN MONTOYA;;$;2;GRUPO AYUDIN ARGENTINA S.A;;;CON;;;;;;;PISO;;;;;300;Bruno Centurion;AXUM;;;False;132953;0;1;;;;;;1;;1312,67
28010;AVELLANEDA - (TRADICIONAL) 889;EZEIZA;2026-10-06;06-10-2026;05-10-2026;FAC-A-132953;Venta;LAGOPUELO S.A;34324;4,00;5250,69;6353,33;MARCELA ALEJANDRA GOMEZ;;20,00 %;075;Julieta Yegros;;Poett Desinf. Flores de Primavera 900ml;1312,67;3446;;2;ALMACEN;1292,00;IVAN MONTOYA;;$;2;GRUPO AYUDIN ARGENTINA S.A;;;CON;;;;;;;PISO;;;;;300;Bruno Centurion;AXUM;;;False;132953;0;1;;;;;;1;;1312,67
28010;AVELLANEDA - (TRADICIONAL) 889;EZEIZA;2026-10-06;06-10-2026;05-10-2026;FAC-A-132953;Venta;LAGOPUELO S.A;34327;4,00;5250,69;6353,33;MARCELA ALEJANDRA GOMEZ;;20,00 %;075;Julieta Yegros;;Poett Desinf. Solo para ti 900ml;1312,67;3446;;2;ALMACEN;1292,00;IVAN MONTOYA;;$;2;GRUPO AYUDIN ARGENTINA S.A;;;CON;;;;;;;PISO;;;;;300;Bruno Centurion;AXUM;;;False;132953;0;1;;;;;;1;;1312,67
23751;ALEM 2016;ESTEBAN ECHEVERR√¬çA;2026-10-06;06-10-2026;05-10-2026;FAC-A-132961;Venta;LAGOPUELO S.A;60223;8,00;18493,28;22376,87;SUPERMERCADO JACKSON;;15,00 %;064;Karina Fernandez;;Aydn Lavda TriPod 8/2l GP2;2311,66;3444;;3;Autoservicio A;2092,00;CLAUDIO GARCIA;;$;2;GRUPO AYUDIN ARGENTINA S.A;;;CON;;;;;;;LAVANDINA;;;;;300;Bruno Centurion;AXUM;;;False;132961;0;1;;;;;;1;;2311,66
5452;VICTORIANO MONTES 879;FLORENCIO VARELA;2026-10-06;06-10-2026;05-10-2026;FAC-A-132966;Venta;LAGOPUELO S.A;17927;45,00;44413,31;53740,11;CAI JIANHUI;;7,00 %;7;Myrian Lertora;;AYDN LAVDNA OR 15/1L;986,96;3463;;3;AUTOSERVICIO;849,00;SIMON OLIVERA;;$;2;GRUPO AYUDIN ARGENTINA S.A;;;CON;;;;;;;LAVANDINA;;;;;25;JOHANA VIGIL;AXUM;;;False;132966;0;1;;;;;;1;;986,96
5452;VICTORIANO MONTES 879;FLORENCIO VARELA;2026-10-06;06-10-2026;05-10-2026;FAC-A-132966;Venta;LAGOPUELO S.A;36003;16,00;32345,40;39137,93;CAI JIANHUI;;7,00 %;7;Myrian Lertora;;AYDN LAVDNA OR 25g/l 8/2l;2021,59;3463;;3;AUTOSERVICIO;1739,00;SIMON OLIVERA;;$;2;GRUPO AYUDIN ARGENTINA S.A;;;CON;;;;;;;LAVANDINA;;;;;25;JOHANA VIGIL;AXUM;;;False;132966;0;1;;;;;;1;;2021,59
100442;Mendoza 1827 0;LANUS;2026-10-06;06-10-2026;05-10-2026;FAC-A-132984;Venta;LAGOPUELO S.A;34342;12,00;15752,06;19060,00;Huang Weixia;;20,00 %;30;Oriana Songini;;Poett Dsnf AlgrDia 12/900ml;1312,67;3441;;3;AUTOSERVICIO;1292,00;HERNAN RIVERO;;$;2;GRUPO AYUDIN ARGENTINA S.A;;;EFV;;;;;;;PISO;;;;;25;JOHANA VIGIL;AXUM;;;False;132984;0;1;;;;;;1;;1312,67
23559;ALEM - (AUTOSERVICIOS) 330;BURZACO;2026-10-06;06-10-2026;05-10-2026;FAC-A-132988;Venta;LAGOPUELO S.A;33577;6,00;17868,42;21620,78;CHEN YALANMEI;;5,00 %;063;Daniel Martin;;Aydn Ropa ClrViv DoyPk 12/650ml;2978,07;3444;;3;Autoservicio A;2357,00;CLAUDIO GARCIA;;$;2;GRUPO AYUDIN ARGENTINA S.A;;;CON;;;;;;;LAVADO DE ROPA;;;;;300;Bruno Centurion;AXUM;;;False;132988;0;1;;;;;;1;;2978,07
3892;CALLE 879 4020;solano;2026-10-06;06-10-2026;05-10-2026;FAC-A-132991;Venta;LAGOPUELO S.A;18026;16,00;41142,40;49782,30;JUAN VEN GYUN;;0,00 %;056;Ezequiel Ferreira;;Aydn Dsnf PstWC 36/16g;2571,40;3463;;3;AUTOSERVICIO;1978,00;SIMON OLIVERA;;$;2;GRUPO AYUDIN ARGENTINA S.A;;;CON;;;;;;;COCINA;;;;;300;Bruno Centurion;AXUM;;;False;132991;0;1;;;;;;1;;2571,40
3892;CALLE 879 4020;solano;2026-10-06;06-10-2026;05-10-2026;FAC-A-132991;Venta;LAGOPUELO S.A;24648;12,00;16598,40;20084,06;JUAN VEN GYUN;;0,00 %;056;Ezequiel Ferreira;;Poett PastDesod Lavda 12/25g GP2;1383,20;3463;;3;AUTOSERVICIO;1064,00;SIMON OLIVERA;;$;2;GRUPO AYUDIN ARGENTINA S.A;;;CON;;;;;;;BAÒO;;;;;300;Bruno Centurion;AXUM;;;False;132991;0;1;;;;;;1;;1383,20
3892;CALLE 879 4020;solano;2026-10-06;06-10-2026;05-10-2026;FAC-A-132991;Venta;LAGOPUELO S.A;33575;16,00;27329,90;33069,18;JUAN VEN GYUN;;10,00 %;056;Ezequiel Ferreira;;Aydn Ropa ClrViv DoyPk 16/400ml;1708,12;3463;;3;AUTOSERVICIO;1427,00;SIMON OLIVERA;;$;2;GRUPO AYUDIN ARGENTINA S.A;;;CON;;;;;;;LAVADO DE ROPA;;;;;300;Bruno Centurion;AXUM;;;False;132991;0;1;;;;;;1;;1708,12
3892;CALLE 879 4020;solano;2026-10-06;06-10-2026;05-10-2026;FAC-A-132991;Venta;LAGOPUELO S.A;33576;2,00;3416,24;4133,65;JUAN VEN GYUN;;10,00 %;056;Ezequiel Ferreira;;Aydn Ropa BlncSprms DoyPk 16/400ml;1708,12;3463;;3;AUTOSERVICIO;1427,00;SIMON OLIVERA;;$;2;GRUPO AYUDIN ARGENTINA S.A;;;CON;;;;;;;LAVADO DE ROPA;;;;;300;Bruno Centurion;AXUM;;;False;132991;0;1;;;;;;1;;1708,12
27496;VIRGEN DE ITATI - (AUTOSERVICIOS) 1245;BANFIELD;2026-10-06;06-10-2026;05-10-2026;FAC-A-132995;Venta;LAGOPUELO S.A;61576;16,00;26537,68;32110,59;CHEN YAN;;5,00 %;073;Florencia Cubilla;;Aydn Bn Limp† Act Or DoyPk 16/450ml;1658,61;3442;;3;Autoservicio A;1343,00;MARIANO SOSA;;$;2;GRUPO AYUDIN ARGENTINA S.A;;;CON;;;;;;;BAÒO;;;;;300;Bruno Centurion;AXUM;;;False;132995;0;1;;;;;;1;;1658,61
27496;VIRGEN DE ITATI - (AUTOSERVICIOS) 1245;BANFIELD;2026-10-06;06-10-2026;05-10-2026;FAC-A-132995;Venta;LAGOPUELO S.A;61621;6,00;17230,20;20848,54;CHEN YAN;;0,00 %;073;Florencia Cubilla;;Aydn Coc† Pod Act Or† Gat 12/500ml;2871,70;3442;;3;Autoservicio A;2209,00;MARIANO SOSA;;$;2;GRUPO AYUDIN ARGENTINA S.A;;;CON;;;;;;;COCINA;;;;;300;Bruno Centurion;AXUM;;;False;132995;0;1;;;;;;1;;2871,70
27496;VIRGEN DE ITATI - (AUTOSERVICIOS) 1245;BANFIELD;2026-10-06;06-10-2026;05-10-2026;FAC-A-132995;Venta;LAGOPUELO S.A;61046;15,00;22306,05;26990,32;CHEN YAN;;18,00 %;073;Florencia Cubilla;;Aydn RopQuitMnch BlncInt 15/1l;1487,07;3442;;3;Autoservicio A;1395,00;MARIANO SOSA;;$;2;GRUPO AYUDIN ARGENTINA S.A;;;CON;;;;;;;LAVADO DE ROPA;;;;;300;Bruno Centurion;AXUM;;;False;132995;0;1;;;;;;1;;1487,07
323940;San Martin 642 0;BERNAL;2026-10-06;06-10-2026;05-10-2026;FAC-A-133002;Venta;LAGOPUELO S.A;33575;6,00;11387,46;13778,83;Yanyan Ding;;0,00 %;054;Leonel Caruso;;Aydn Ropa ClrViv DoyPk 16/400ml;1897,91;3445;;3;AUTOSERVICIO;1427,00;LEONARDO SANTA CRUZ;;$;2;GRUPO AYUDIN ARGENTINA S.A;;;EFV;;;;;;;LAVADO DE ROPA;;;;;300;Bruno Centurion;AXUM;;;False;133002;0;1;;;;;;1;;1897,91
1227;Calle 302 Y 359;BERAZATEGUI;2026-10-06;06-10-2026;05-10-2026;FAC-A-133013;Venta;LAGOPUELO S.A;34322;3,00;21290,10;25761,02;SILVA MARISA BEATRIZ;;0,00 %;051;Ezequiel Valente;;Poett Deinf. Frescura de Lavanda 4L;7096,70;3443;;3;AUTOSERVICIO;5459,00;JUAN ESCOTO;;$;2;GRUPO AYUDIN ARGENTINA S.A;;;8;;;;;;;PISO;;;;;300;Bruno Centurion;AXUM;;;False;133013;0;1;;;;;;1;;7096,70
1227;Calle 302 Y 359;BERAZATEGUI;2026-10-06;06-10-2026;05-10-2026;FAC-A-133013;Venta;LAGOPUELO S.A;60237;5,00;14543,55;17597,70;SILVA MARISA BEATRIZ;;0,00 %;051;Ezequiel Valente;;Aydn Lavdna Gel Flr 15/700ml GP2;2908,71;3443;;3;AUTOSERVICIO;2187,00;JUAN ESCOTO;;$;2;GRUPO AYUDIN ARGENTINA S.A;;;8;;;;;;;LAVANDINA;;;;;300;Bruno Centurion;AXUM;;;False;133013;0;1;;;;;;1;;2908,71
1227;Calle 302 Y 359;BERAZATEGUI;2026-10-06;06-10-2026;05-10-2026;FAC-A-133013;Venta;LAGOPUELO S.A;34321;8,00;25771,20;31183,15;SILVA MARISA BEATRIZ;;0,00 %;051;Ezequiel Valente;;Poett Desinf. Frescura de Lavanda 1.8ml;3221,40;3443;;3;AUTOSERVICIO;2478,00;JUAN ESCOTO;;$;2;GRUPO AYUDIN ARGENTINA S.A;;;8;;;;;;;PISO;;;;;300;Bruno Centurion;AXUM;;;False;133013;0;1;;;;;;1;;3221,40
108922;Calle 169 2136 0;BERNAL;2026-10-06;06-10-2026;05-10-2026;FAC-B-133018;Venta;LAGOPUELO S.A;34342;12,00;19690,08;23825,00;Cecilia Romero;;0,00 %;2;Fernanda Cejas;;Poett Dsnf AlgrDia 12/900ml;1640,84;3445;;georgalos-7;Almacen;1292,00;LEONARDO SANTA CRUZ;;$;2;GRUPO AYUDIN ARGENTINA S.A;;;EFV;;;;;;;PISO;;;;;25;JOHANA VIGIL;AXUM;;;False;133018;0;1;;;;;;1;;1640,84
108922;Calle 169 2136 0;BERNAL;2026-10-06;06-10-2026;05-10-2026;FAC-B-133018;Venta;LAGOPUELO S.A;34320;12,00;19690,08;23825,00;Cecilia Romero;;0,00 %;2;Fernanda Cejas;;Poett Desinf. Frescura de Lavanda 900ml;1640,84;3445;;georgalos-7;Almacen;1292,00;LEONARDO SANTA CRUZ;;$;2;GRUPO AYUDIN ARGENTINA S.A;;;EFV;;;;;;;PISO;;;;;25;JOHANA VIGIL;AXUM;;;False;133018;0;1;;;;;;1;;1640,84
5944;URQUIZA 1010;Ezeiza;2026-10-06;06-10-2026;05-10-2026;FAC-A-133023;Venta;Empresa LAGOPUELO;17927;675,00;479950,31;580739,88;ZHENHAO ZHUANG;;33,00 %;075;Julieta Yegros;;AYDN LAVDNA OR 15/1L;711,04;3446;;3;AUTOSERVICIO;849,00;IVAN MONTOYA;;$;2;GRUPO AYUDIN ARGENTINA S.A;;;CON;;;;;;;LAVANDINA;;;;;300;Bruno Centurion;AXUM;;;False;133023;0;1;;;;;;1;;711,04
5944;URQUIZA 1010;Ezeiza;2026-10-06;06-10-2026;05-10-2026;FAC-A-133023;Venta;Empresa LAGOPUELO;36003;240,00;370407,00;448192,47;ZHENHAO ZHUANG;;29,00 %;075;Julieta Yegros;;AYDN LAVDNA OR 25g/l 8/2l;1543,36;3446;;3;AUTOSERVICIO;1739,00;IVAN MONTOYA;;$;2;GRUPO AYUDIN ARGENTINA S.A;;;CON;;;;;;;LAVANDINA;;;;;300;Bruno Centurion;AXUM;;;False;133023;0;1;;;;;;1;;1543,36
3086;AVDA SANTA FE Y CALLE 889;SAN FRANCISCO SOLANO;2026-10-06;06-10-2026;05-10-2026;FAC-A-133025;Venta;LAGOPUELO S.A;60233;15,00;37086,05;44874,12;EVELIN GISEL GAUNA;;15,00 %;056;Ezequiel Ferreira;;Aydn Lavdna Gel Or 15/700ml GP2;2472,40;3445;;3;AUTOSERVICIO;2187,00;LEONARDO SANTA CRUZ;;$;2;GRUPO AYUDIN ARGENTINA S.A;;;CON;;;;;;;LAVANDINA;;;;;300;Bruno Centurion;AXUM;;;False;133025;0;1;;;;;;1;;2472,40
3086;AVDA SANTA FE Y CALLE 889;SAN FRANCISCO SOLANO;2026-10-06;06-10-2026;05-10-2026;FAC-A-133025;Venta;LAGOPUELO S.A;36003;8,00;13912,00;16833,52;EVELIN GISEL GAUNA;;20,00 %;056;Ezequiel Ferreira;;AYDN LAVDNA OR 25g/l 8/2l;1739,00;3445;;3;AUTOSERVICIO;1739,00;LEONARDO SANTA CRUZ;;$;2;GRUPO AYUDIN ARGENTINA S.A;;;CON;;;;;;;LAVANDINA;;;;;300;Bruno Centurion;AXUM;;;False;133025;0;1;;;;;;1;;1739,00
3086;AVDA SANTA FE Y CALLE 889;SAN FRANCISCO SOLANO;2026-10-06;06-10-2026;05-10-2026;FAC-A-133025;Venta;LAGOPUELO S.A;34324;12,00;15752,06;19060,00;EVELIN GISEL GAUNA;;20,00 %;056;Ezequiel Ferreira;;Poett Desinf. Flores de Primavera 900ml;1312,67;3445;;3;AUTOSERVICIO;1292,00;LEONARDO SANTA CRUZ;;$;2;GRUPO AYUDIN ARGENTINA S.A;;;CON;;;;;;;PISO;;;;;300;Bruno Centurion;AXUM;;;False;133025;0;1;;;;;;1;;1312,67
3086;AVDA SANTA FE Y CALLE 889;SAN FRANCISCO SOLANO;2026-10-06;06-10-2026;05-10-2026;FAC-A-133025;Venta;LAGOPUELO S.A;34320;12,00;15752,06;19060,00;EVELIN GISEL GAUNA;;20,00 %;056;Ezequiel Ferreira;;Poett Desinf. Frescura de Lavanda 900ml;1312,67;3445;;3;AUTOSERVICIO;1292,00;LEONARDO SANTA CRUZ;;$;2;GRUPO AYUDIN ARGENTINA S.A;;;CON;;;;;;;PISO;;;;;300;Bruno Centurion;AXUM;;;False;133025;0;1;;;;;;1;;1312,67
3086;AVDA SANTA FE Y CALLE 889;SAN FRANCISCO SOLANO;2026-10-06;06-10-2026;05-10-2026;FAC-A-133025;Venta;LAGOPUELO S.A;60386;12,00;15752,06;19060,00;EVELIN GISEL GAUNA;;20,00 %;056;Ezequiel Ferreira;;Poett EsptPly 12/900ml;1312,67;3445;;3;AUTOSERVICIO;1292,00;LEONARDO SANTA CRUZ;;$;2;GRUPO AYUDIN ARGENTINA S.A;;;CON;;;;;;;PISO;;;;;300;Bruno Centurion;AXUM;;;False;133025;0;1;;;;;;1;;1312,67
3086;AVDA SANTA FE Y CALLE 889;SAN FRANCISCO SOLANO;2026-10-06;06-10-2026;05-10-2026;FAC-A-133025;Venta;LAGOPUELO S.A;61731;6,00;20145,41;24375,94;EVELIN GISEL GAUNA;;15,00 %;056;Ezequiel Ferreira;;Sltn MataCuca Aer AccProl 6/360ml BA;3357,57;3445;;3;AUTOSERVICIO;3086,00;LEONARDO SANTA CRUZ;;$;2;GRUPO AYUDIN ARGENTINA S.A;;;CON;;;;;;;SELTON;;;;;300;Bruno Centurion;AXUM;;;False;133025;0;1;;;;;;1;;3357,57
3086;AVDA SANTA FE Y CALLE 889;SAN FRANCISCO SOLANO;2026-10-06;06-10-2026;05-10-2026;FAC-A-133025;Venta;LAGOPUELO S.A;32288;8,00;14716,00;17806,36;EVELIN GISEL GAUNA;;0,00 %;056;Ezequiel Ferreira;;Tren Oxi DoyPk 16/400ml;1839,50;3445;;3;AUTOSERVICIO;1415,00;LEONARDO SANTA CRUZ;;$;2;GRUPO AYUDIN ARGENTINA S.A;;;CON;;;;;;;LAVADO DE ROPA;;;;;300;Bruno Centurion;AXUM;;;False;133025;0;1;;;;;;1;;1839,50
2454;Calle 158 ESQ. 46;PLATANOS;2026-10-06;06-10-2026;05-10-2026;FAC-A-133032;Venta;LAGOPUELO S.A;17927;15,00;12735,00;15409,35;GARIGLIO SANDRA EDITH;;20,00 %;052;Nicole Sosa;;AYDN LAVDNA OR 15/1L;849,00;3443;;3;AUTOSERVICIO;849,00;JUAN ESCOTO;;$;2;GRUPO AYUDIN ARGENTINA S.A;;;CON;;;;;;;LAVANDINA;;;;;300;Bruno Centurion;AXUM;;;False;133032;0;1;;;;;;1;;849,00
2454;Calle 158 ESQ. 46;PLATANOS;2026-10-06;06-10-2026;05-10-2026;FAC-A-133032;Venta;LAGOPUELO S.A;36003;8,00;13912,00;16833,52;GARIGLIO SANDRA EDITH;;20,00 %;052;Nicole Sosa;;AYDN LAVDNA OR 25g/l 8/2l;1739,00;3443;;3;AUTOSERVICIO;1739,00;JUAN ESCOTO;;$;2;GRUPO AYUDIN ARGENTINA S.A;;;CON;;;;;;;LAVANDINA;;;;;300;Bruno Centurion;AXUM;;;False;133032;0;1;;;;;;1;;1739,00
2454;Calle 158 ESQ. 46;PLATANOS;2026-10-06;06-10-2026;05-10-2026;FAC-A-133032;Venta;LAGOPUELO S.A;34320;4,00;5250,69;6353,33;GARIGLIO SANDRA EDITH;;20,00 %;052;Nicole Sosa;;Poett Desinf. Frescura de Lavanda 900ml;1312,67;3443;;3;AUTOSERVICIO;1292,00;JUAN ESCOTO;;$;2;GRUPO AYUDIN ARGENTINA S.A;;;CON;;;;;;;PISO;;;;;300;Bruno Centurion;AXUM;;;False;133032;0;1;;;;;;1;;1312,67
2454;Calle 158 ESQ. 46;PLATANOS;2026-10-06;06-10-2026;05-10-2026;FAC-A-133032;Venta;LAGOPUELO S.A;34324;4,00;5250,69;6353,33;GARIGLIO SANDRA EDITH;;20,00 %;052;Nicole Sosa;;Poett Desinf. Flores de Primavera 900ml;1312,67;3443;;3;AUTOSERVICIO;1292,00;JUAN ESCOTO;;$;2;GRUPO AYUDIN ARGENTINA S.A;;;CON;;;;;;;PISO;;;;;300;Bruno Centurion;AXUM;;;False;133032;0;1;;;;;;1;;1312,67
2454;Calle 158 ESQ. 46;PLATANOS;2026-10-06;06-10-2026;05-10-2026;FAC-A-133032;Venta;LAGOPUELO S.A;34338;4,00;5250,69;6353,33;GARIGLIO SANDRA EDITH;;20,00 %;052;Nicole Sosa;;Poett Dsnf MscPrmvra 12/900ml;1312,67;3443;;3;AUTOSERVICIO;1292,00;JUAN ESCOTO;;$;2;GRUPO AYUDIN ARGENTINA S.A;;;CON;;;;;;;PISO;;;;;300;Bruno Centurion;AXUM;;;False;133032;0;1;;;;;;1;;1312,67
2454;Calle 158 ESQ. 46;PLATANOS;2026-10-06;06-10-2026;05-10-2026;FAC-A-133032;Venta;LAGOPUELO S.A;34334;4,00;5250,69;6353,33;GARIGLIO SANDRA EDITH;;20,00 %;052;Nicole Sosa;;Poett Dsnf SuadBebe 12/900ml;1312,67;3443;;3;AUTOSERVICIO;1292,00;JUAN ESCOTO;;$;2;GRUPO AYUDIN ARGENTINA S.A;;;CON;;;;;;;PISO;;;;;300;Bruno Centurion;AXUM;;;False;133032;0;1;;;;;;1;;1312,67
2454;Calle 158 ESQ. 46;PLATANOS;2026-10-06;06-10-2026;05-10-2026;FAC-A-133032;Venta;LAGOPUELO S.A;36022;8,00;12956,76;15677,68;GARIGLIO SANDRA EDITH;;10,00 %;052;Nicole Sosa;;Mortimer Bolsa Normal x15;1619,60;3443;;3;AUTOSERVICIO;1333,00;JUAN ESCOTO;;$;2;GRUPO AYUDIN ARGENTINA S.A;;;CON;;;;;;;MORTIMER;;;;;300;Bruno Centurion;AXUM;;;False;133032;0;1;;;;;;1;;1619,60
2454;Calle 158 ESQ. 46;PLATANOS;2026-10-06;06-10-2026;05-10-2026;FAC-A-133032;Venta;LAGOPUELO S.A;36024;4,00;11158,56;13501,86;GARIGLIO SANDRA EDITH;;10,00 %;052;Nicole Sosa;;Mortimer Bolsa Mediana x15;2789,64;3443;;3;AUTOSERVICIO;2296,00;JUAN ESCOTO;;$;2;GRUPO AYUDIN ARGENTINA S.A;;;CON;;;;;;;MORTIMER;;;;;300;Bruno Centurion;AXUM;;;False;133032;0;1;;;;;;1;;2789,64
2454;Calle 158 ESQ. 46;PLATANOS;2026-10-06;06-10-2026;05-10-2026;FAC-A-133032;Venta;LAGOPUELO S.A;60886;6,00;14924,13;18058,20;GARIGLIO SANDRA EDITH;;15,00 %;052;Nicole Sosa;;Poett Aer FlrPrm ExtFrag 6/360ml;2487,36;3443;;3;AUTOSERVICIO;2251,00;JUAN ESCOTO;;$;2;GRUPO AYUDIN ARGENTINA S.A;;;CON;;;;;;;AERO POETT;;;;;300;Bruno Centurion;AXUM;;;False;133032;0;1;;;;;;1;;2487,36
2454;Calle 158 ESQ. 46;PLATANOS;2026-10-06;06-10-2026;05-10-2026;FAC-A-133032;Venta;LAGOPUELO S.A;50090;6,00;17557,80;21244,94;GARIGLIO SANDRA EDITH;;0,00 %;052;Nicole Sosa;;Poett Aer Huellitas 6/360ml;2926,30;3443;;3;AUTOSERVICIO;2251,00;JUAN ESCOTO;;$;2;GRUPO AYUDIN ARGENTINA S.A;;;CON;;;;;;;AERO POETT;;;;;300;Bruno Centurion;AXUM;;;False;133032;0;1;;;;;;1;;2926,30
2454;Calle 158 ESQ. 46;PLATANOS;2026-10-06;06-10-2026;05-10-2026;FAC-A-133032;Venta;LAGOPUELO S.A;22963;2,00;8192,60;9913,05;GARIGLIO SANDRA EDITH;;0,00 %;052;Nicole Sosa;;Tren Oxi Trig EftEspma 12/500ml;4096,30;3443;;3;AUTOSERVICIO;3151,00;JUAN ESCOTO;;$;2;GRUPO AYUDIN ARGENTINA S.A;;;CON;;;;;;;AERO POETT;;;;;300;Bruno Centurion;AXUM;;;False;133032;0;1;;;;;;1;;4096,30
322657;Cramer 616 0;BERNAL;2026-10-06;06-10-2026;05-10-2026;FAC-A-133034;Venta;LAGOPUELO S.A;60240;15,00;37086,05;44874,12;Huang Jiaping;;15,00 %;054;Leonel Caruso;;Aydn Lavdna Gel Lavda EXPRT 15/700ml GP2;2472,40;3445;;3;AUTOSERVICIO;2187,00;LEONARDO SANTA CRUZ;;$;2;GRUPO AYUDIN ARGENTINA S.A;;;EFV;;;;;;;LAVANDINA;;;;;300;Bruno Centurion;AXUM;;;False;133034;0;1;;;;;;1;;2472,40
322657;Cramer 616 0;BERNAL;2026-10-06;06-10-2026;05-10-2026;FAC-A-133034;Venta;LAGOPUELO S.A;60239;15,00;37086,05;44874,12;Huang Jiaping;;15,00 %;054;Leonel Caruso;;Aydn Lavdna Gel MntFrs 15/700ml GP2;2472,40;3445;;3;AUTOSERVICIO;2187,00;LEONARDO SANTA CRUZ;;$;2;GRUPO AYUDIN ARGENTINA S.A;;;EFV;;;;;;;LAVANDINA;;;;;300;Bruno Centurion;AXUM;;;False;133034;0;1;;;;;;1;;2472,40
322657;Cramer 616 0;BERNAL;2026-10-06;06-10-2026;05-10-2026;FAC-A-133034;Venta;LAGOPUELO S.A;22057;12,00;18928,56;22903,56;Huang Jiaping;;0,00 %;054;Leonel Caruso;;Pluz Pino 12/900ml;1577,38;3445;;3;AUTOSERVICIO;1186,00;LEONARDO SANTA CRUZ;;$;2;GRUPO AYUDIN ARGENTINA S.A;;;EFV;;;;;;;PISO;;;;;300;Bruno Centurion;AXUM;;;False;133034;0;1;;;;;;1;;1577,38
322657;Cramer 616 0;BERNAL;2026-10-06;06-10-2026;05-10-2026;FAC-A-133034;Venta;LAGOPUELO S.A;34327;12,00;15161,36;18345,25;Huang Jiaping;;23,00 %;054;Leonel Caruso;;Poett Desinf. Solo para ti 900ml;1263,45;3445;;3;AUTOSERVICIO;1292,00;LEONARDO SANTA CRUZ;;$;2;GRUPO AYUDIN ARGENTINA S.A;;;EFV;;;;;;;PISO;;;;;300;Bruno Centurion;AXUM;;;False;133034;0;1;;;;;;1;;1263,45
322657;Cramer 616 0;BERNAL;2026-10-06;06-10-2026;05-10-2026;FAC-A-133034;Venta;LAGOPUELO S.A;34334;12,00;15161,36;18345,25;Huang Jiaping;;23,00 %;054;Leonel Caruso;;Poett Dsnf SuadBebe 12/900ml;1263,45;3445;;3;AUTOSERVICIO;1292,00;LEONARDO SANTA CRUZ;;$;2;GRUPO AYUDIN ARGENTINA S.A;;;EFV;;;;;;;PISO;;;;;300;Bruno Centurion;AXUM;;;False;133034;0;1;;;;;;1;;1263,45
322657;Cramer 616 0;BERNAL;2026-10-06;06-10-2026;05-10-2026;FAC-A-133034;Venta;LAGOPUELO S.A;34338;12,00;15161,36;18345,25;Huang Jiaping;;23,00 %;054;Leonel Caruso;;Poett Dsnf MscPrmvra 12/900ml;1263,45;3445;;3;AUTOSERVICIO;1292,00;LEONARDO SANTA CRUZ;;$;2;GRUPO AYUDIN ARGENTINA S.A;;;EFV;;;;;;;PISO;;;;;300;Bruno Centurion;AXUM;;;False;133034;0;1;;;;;;1;;1263,45
322657;Cramer 616 0;BERNAL;2026-10-06;06-10-2026;05-10-2026;FAC-A-133034;Venta;LAGOPUELO S.A;60386;12,00;15161,36;18345,25;Huang Jiaping;;23,00 %;054;Leonel Caruso;;Poett EsptPly 12/900ml;1263,45;3445;;3;AUTOSERVICIO;1292,00;LEONARDO SANTA CRUZ;;$;2;GRUPO AYUDIN ARGENTINA S.A;;;EFV;;;;;;;PISO;;;;;300;Bruno Centurion;AXUM;;;False;133034;0;1;;;;;;1;;1263,45
322657;Cramer 616 0;BERNAL;2026-10-06;06-10-2026;05-10-2026;FAC-A-133034;Venta;LAGOPUELO S.A;34342;12,00;15161,36;18345,25;Huang Jiaping;;23,00 %;054;Leonel Caruso;;Poett Dsnf AlgrDia 12/900ml;1263,45;3445;;3;AUTOSERVICIO;1292,00;LEONARDO SANTA CRUZ;;$;2;GRUPO AYUDIN ARGENTINA S.A;;;EFV;;;;;;;PISO;;;;;300;Bruno Centurion;AXUM;;;False;133034;0;1;;;;;;1;;1263,45
23385;Claudio Leon Sempere - (AUTOSERVICIOS) 1630;ALTE BROWN;2026-10-06;06-10-2026;05-10-2026;FAC-A-133036;Venta;LAGOPUELO S.A;36003;80,00;130425,00;157814,25;SHI YUMING;;25,00 %;061;Nailah Guzman;;AYDN LAVDNA OR 25g/l 8/2l;1630,31;3447;;3;Autoservicio A;1739,00;WALTER JANIUK;;$;2;GRUPO AYUDIN ARGENTINA S.A;;;CON;;;;;;;LAVANDINA;;;;;300;Bruno Centurion;AXUM;;;False;133036;0;1;;;;;;1;;1630,31
23385;Claudio Leon Sempere - (AUTOSERVICIOS) 1630;ALTE BROWN;2026-10-06;06-10-2026;05-10-2026;FAC-A-133036;Venta;LAGOPUELO S.A;17927;75,00;59695,31;72231,33;SHI YUMING;;25,00 %;061;Nailah Guzman;;AYDN LAVDNA OR 15/1L;795,94;3447;;3;Autoservicio A;849,00;WALTER JANIUK;;$;2;GRUPO AYUDIN ARGENTINA S.A;;;CON;;;;;;;LAVANDINA;;;;;300;Bruno Centurion;AXUM;;;False;133036;0;1;;;;;;1;;795,94
29200;CALLE 20 ENT 159/160 - (PERFUMERIA) 5943;BERAZATEGUI;2026-10-06;06-10-2026;05-10-2026;FAC-A-133050;Venta;Empresa LAGOPUELO;61816;6,00;17091,36;20680,55;PATRICIA VARGAS RODRIGUEZ;;20,00 %;5;Eliana Huber;;Sltn MataMosq Aer AccInst 6/360ml BA;2848,56;3443;;georgalos-803;Perfumeria;2739,00;JUAN ESCOTO;;$;2;GRUPO AYUDIN ARGENTINA S.A;;;CON;;;;;;;SELTON;;;;;25;JOHANA VIGIL;AXUM;;;False;133050;0;1;;;;;;1;;2848,56
23747;LEANDRO N ALEM 2452;Esteban EcheverrÌa;2026-10-06;06-10-2026;05-10-2026;FAC-A-133052;Venta;LAGOPUELO S.A;34320;12,00;15161,36;18345,25;CHEN JIEMING;;23,00 %;064;Karina Fernandez;;Poett Desinf. Frescura de Lavanda 900ml;1263,45;3444;;3;Autoservicio A;1292,00;CLAUDIO GARCIA;;$;2;GRUPO AYUDIN ARGENTINA S.A;;;CON;;;;;;;PISO;;;;;300;Bruno Centurion;AXUM;;;False;133052;0;1;;;;;;1;;1263,45
23747;LEANDRO N ALEM 2452;Esteban EcheverrÌa;2026-10-06;06-10-2026;05-10-2026;FAC-A-133052;Venta;LAGOPUELO S.A;34324;12,00;15161,36;18345,25;CHEN JIEMING;;23,00 %;064;Karina Fernandez;;Poett Desinf. Flores de Primavera 900ml;1263,45;3444;;3;Autoservicio A;1292,00;CLAUDIO GARCIA;;$;2;GRUPO AYUDIN ARGENTINA S.A;;;CON;;;;;;;PISO;;;;;300;Bruno Centurion;AXUM;;;False;133052;0;1;;;;;;1;;1263,45
23747;LEANDRO N ALEM 2452;Esteban EcheverrÌa;2026-10-06;06-10-2026;05-10-2026;FAC-A-133052;Venta;LAGOPUELO S.A;34334;12,00;15161,36;18345,25;CHEN JIEMING;;23,00 %;064;Karina Fernandez;;Poett Dsnf SuadBebe 12/900ml;1263,45;3444;;3;Autoservicio A;1292,00;CLAUDIO GARCIA;;$;2;GRUPO AYUDIN ARGENTINA S.A;;;CON;;;;;;;PISO;;;;;300;Bruno Centurion;AXUM;;;False;133052;0;1;;;;;;1;;1263,45
23747;LEANDRO N ALEM 2452;Esteban EcheverrÌa;2026-10-06;06-10-2026;05-10-2026;FAC-A-133052;Venta;LAGOPUELO S.A;60386;12,00;15161,36;18345,25;CHEN JIEMING;;23,00 %;064;Karina Fernandez;;Poett EsptPly 12/900ml;1263,45;3444;;3;Autoservicio A;1292,00;CLAUDIO GARCIA;;$;2;GRUPO AYUDIN ARGENTINA S.A;;;CON;;;;;;;PISO;;;;;300;Bruno Centurion;AXUM;;;False;133052;0;1;;;;;;1;;1263,45
23747;LEANDRO N ALEM 2452;Esteban EcheverrÌa;2026-10-06;06-10-2026;05-10-2026;FAC-A-133052;Venta;LAGOPUELO S.A;34342;12,00;15161,36;18345,25;CHEN JIEMING;;23,00 %;064;Karina Fernandez;;Poett Dsnf AlgrDia 12/900ml;1263,45;3444;;3;Autoservicio A;1292,00;CLAUDIO GARCIA;;$;2;GRUPO AYUDIN ARGENTINA S.A;;;CON;;;;;;;PISO;;;;;300;Bruno Centurion;AXUM;;;False;133052;0;1;;;;;;1;;1263,45
23747;LEANDRO N ALEM 2452;Esteban EcheverrÌa;2026-10-06;06-10-2026;05-10-2026;FAC-A-133052;Venta;LAGOPUELO S.A;60222;15,00;17403,75;21058,54;CHEN JIEMING;;15,00 %;064;Karina Fernandez;;Aydn Lavda TriPod 15/1l GP2;1160,25;3444;;3;Autoservicio A;1050,00;CLAUDIO GARCIA;;$;2;GRUPO AYUDIN ARGENTINA S.A;;;CON;;;;;;;LAVANDINA;;;;;300;Bruno Centurion;AXUM;;;False;133052;0;1;;;;;;1;;1160,25
1202;CALLE 24 4705;Berazategui;2026-10-06;06-10-2026;05-10-2026;FAC-A-133062;Venta;LAGOPUELO S.A;60222;15,00;17403,75;21058,54;GUZMAN MERIDA HERNAN;;15,00 %;4;Selene Pawlikowski;;Aydn Lavda TriPod 15/1l GP2;1160,25;3443;;3;AUTOSERVICIO;1050,00;JUAN ESCOTO;;$;2;GRUPO AYUDIN ARGENTINA S.A;;;CON;;;;;;;LAVANDINA;;;;;25;JOHANA VIGIL;AXUM;;;False;133062;0;1;;;;;;1;;1160,25
1202;CALLE 24 4705;Berazategui;2026-10-06;06-10-2026;05-10-2026;FAC-A-133062;Venta;LAGOPUELO S.A;22057;12,00;18928,56;22903,56;GUZMAN MERIDA HERNAN;;0,00 %;4;Selene Pawlikowski;;Pluz Pino 12/900ml;1577,38;3443;;3;AUTOSERVICIO;1186,00;JUAN ESCOTO;;$;2;GRUPO AYUDIN ARGENTINA S.A;;;CON;;;;;;;PISO;;;;;25;JOHANA VIGIL;AXUM;;;False;133062;0;1;;;;;;1;;1577,38
1202;CALLE 24 4705;Berazategui;2026-10-06;06-10-2026;05-10-2026;FAC-A-133062;Venta;LAGOPUELO S.A;32288;16,00;29432,00;35612,72;GUZMAN MERIDA HERNAN;;0,00 %;4;Selene Pawlikowski;;Tren Oxi DoyPk 16/400ml;1839,50;3443;;3;AUTOSERVICIO;1415,00;JUAN ESCOTO;;$;2;GRUPO AYUDIN ARGENTINA S.A;;;CON;;;;;;;LAVADO DE ROPA;;;;;25;JOHANA VIGIL;AXUM;;;False;133062;0;1;;;;;;1;;1839,50
1202;CALLE 24 4705;Berazategui;2026-10-06;06-10-2026;05-10-2026;FAC-A-133062;Venta;LAGOPUELO S.A;36004;3,00;13544,70;16389,09;GUZMAN MERIDA HERNAN;;0,00 %;4;Selene Pawlikowski;;AYDN LAVDNA OR 25 g/l 3/4l;4514,90;3443;;3;AUTOSERVICIO;3473,00;JUAN ESCOTO;;$;2;GRUPO AYUDIN ARGENTINA S.A;;;CON;;;;;;;LAVANDINA;;;;;25;JOHANA VIGIL;AXUM;;;False;133062;0;1;;;;;;1;;4514,90
29073;FRENCH 122;BANFIELD;2026-10-06;06-10-2026;05-10-2026;FAC-B-133069;Venta;LAGOPUELO S.A;33575;6,00;11387,46;13778,83;ACOSTA MIRIAM;;0,00 %;074;Romina Baez;;Aydn Ropa ClrViv DoyPk 16/400ml;1897,91;3442;;OTR;PaÒalera;1427,00;MARIANO SOSA;;$;2;GRUPO AYUDIN ARGENTINA S.A;;;CON;;;;;;;LAVADO DE ROPA;;;;;300;Bruno Centurion;AXUM;;;False;133069;0;1;;;;;;1;;1897,91
29073;FRENCH 122;BANFIELD;2026-10-06;06-10-2026;05-10-2026;FAC-B-133069;Venta;LAGOPUELO S.A;61577;6,00;8462,22;10239,29;ACOSTA MIRIAM;;5,00 %;074;Romina Baez;;Aydn Coc† Pod Act Or† DoyPk 16/450ml;1410,37;3442;;OTR;PaÒalera;1142,00;MARIANO SOSA;;$;2;GRUPO AYUDIN ARGENTINA S.A;;;CON;;;;;;;COCINA;;;;;300;Bruno Centurion;AXUM;;;False;133069;0;1;;;;;;1;;1410,37
29073;FRENCH 122;BANFIELD;2026-10-06;06-10-2026;05-10-2026;FAC-B-133069;Venta;LAGOPUELO S.A;60233;2,00;4944,81;5983,22;ACOSTA MIRIAM;;15,00 %;074;Romina Baez;;Aydn Lavdna Gel Or 15/700ml GP2;2472,40;3442;;OTR;PaÒalera;2187,00;MARIANO SOSA;;$;2;GRUPO AYUDIN ARGENTINA S.A;;;CON;;;;;;;LAVANDINA;;;;;300;Bruno Centurion;AXUM;;;False;133069;0;1;;;;;;1;;2472,40
29073;FRENCH 122;BANFIELD;2026-10-06;06-10-2026;05-10-2026;FAC-B-133069;Venta;LAGOPUELO S.A;60234;2,00;4944,81;5983,22;ACOSTA MIRIAM;;15,00 %;074;Romina Baez;;Aydn Lavdna Gel Ctra 15/700ml GP2;2472,40;3442;;OTR;PaÒalera;2187,00;MARIANO SOSA;;$;2;GRUPO AYUDIN ARGENTINA S.A;;;CON;;;;;;;LAVANDINA;;;;;300;Bruno Centurion;AXUM;;;False;133069;0;1;;;;;;1;;2472,40
29073;FRENCH 122;BANFIELD;2026-10-06;06-10-2026;05-10-2026;FAC-B-133069;Venta;LAGOPUELO S.A;60237;2,00;4944,81;5983,22;ACOSTA MIRIAM;;15,00 %;074;Romina Baez;;Aydn Lavdna Gel Flr 15/700ml GP2;2472,40;3442;;OTR;PaÒalera;2187,00;MARIANO SOSA;;$;2;GRUPO AYUDIN ARGENTINA S.A;;;CON;;;;;;;LAVANDINA;;;;;300;Bruno Centurion;AXUM;;;False;133069;0;1;;;;;;1;;2472,40
23571;Francisco Cafferata - (TRADICIONAL) 1032;TURDERA;2026-10-06;06-10-2026;05-10-2026;FAC-B-133075;Venta;Empresa LAGOPUELO;61816;6,00;17091,36;20680,55;GARCIA MIRTA;;20,00 %;063;Daniel Martin;;Sltn MataMosq Aer AccInst 6/360ml BA;2848,56;3444;;2;ALMACEN;2739,00;CLAUDIO GARCIA;;$;2;GRUPO AYUDIN ARGENTINA S.A;;;CON;;;;;;;SELTON;;;;;300;Bruno Centurion;AXUM;;;False;133075;0;1;;;;;;1;;2848,56
5944;URQUIZA 1010;Ezeiza;2026-10-06;06-10-2026;05-10-2026;FAC-A-133079;Venta;ELEBES;60227;24,00;54174,43;65551,06;ZHENHAO ZHUANG;;17,00 %;075;Julieta Yegros;;Aydn PurGlac TriPod 8/2l GP2;2257,27;3446;;3;AUTOSERVICIO;2092,00;IVAN MONTOYA;;$;2;GRUPO AYUDIN ARGENTINA S.A;;;CON;;;;;;;LAVANDINA;;;;;300;Bruno Centurion;AXUM;;;False;133079;0;1;;;;;;1;;2257,27
5944;URQUIZA 1010;Ezeiza;2026-10-06;06-10-2026;05-10-2026;FAC-A-133079;Venta;ELEBES;60223;24,00;54174,43;65551,06;ZHENHAO ZHUANG;;17,00 %;075;Julieta Yegros;;Aydn Lavda TriPod 8/2l GP2;2257,27;3446;;3;AUTOSERVICIO;2092,00;IVAN MONTOYA;;$;2;GRUPO AYUDIN ARGENTINA S.A;;;CON;;;;;;;LAVANDINA;;;;;300;Bruno Centurion;AXUM;;;False;133079;0;1;;;;;;1;;2257,27
5944;URQUIZA 1010;Ezeiza;2026-10-06;06-10-2026;05-10-2026;FAC-A-133079;Venta;ELEBES;60231;45,00;73017,00;88350,57;ZHENHAO ZHUANG;;0,00 %;075;Julieta Yegros;;Aydn A-Sp Trad 15/1l GP2;1622,60;3446;;3;AUTOSERVICIO;1220,00;IVAN MONTOYA;;$;2;GRUPO AYUDIN ARGENTINA S.A;;;CON;;;;;;;LAVANDINA;;;;;300;Bruno Centurion;AXUM;;;False;133079;0;1;;;;;;1;;1622,60
322671;Cramer 868;BERNAL;2026-10-06;06-10-2026;05-10-2026;FAC-A-133084;Venta;LAGOPUELO S.A;60227;8,00;18493,28;22376,87;Ricardo Palacios;;15,00 %;054;Leonel Caruso;;Aydn PurGlac TriPod 8/2l GP2;2311,66;3445;;3;AUTOSERVICIO;2092,00;LEONARDO SANTA CRUZ;;$;2;GRUPO AYUDIN ARGENTINA S.A;;;EFV;;;;;;;LAVANDINA;;;;;300;Bruno Centurion;AXUM;;;False;133084;0;1;;;;;;1;;2311,66
322671;Cramer 868;BERNAL;2026-10-06;06-10-2026;05-10-2026;FAC-A-133084;Venta;LAGOPUELO S.A;60223;8,00;18493,28;22376,87;Ricardo Palacios;;15,00 %;054;Leonel Caruso;;Aydn Lavda TriPod 8/2l GP2;2311,66;3445;;3;AUTOSERVICIO;2092,00;LEONARDO SANTA CRUZ;;$;2;GRUPO AYUDIN ARGENTINA S.A;;;EFV;;;;;;;LAVANDINA;;;;;300;Bruno Centurion;AXUM;;;False;133084;0;1;;;;;;1;;2311,66
322671;Cramer 868;BERNAL;2026-10-06;06-10-2026;05-10-2026;FAC-A-133084;Venta;LAGOPUELO S.A;60226;15,00;17403,75;21058,54;Ricardo Palacios;;15,00 %;054;Leonel Caruso;;Aydn PurGlac TriPod 15/1l GP2;1160,25;3445;;3;AUTOSERVICIO;1050,00;LEONARDO SANTA CRUZ;;$;2;GRUPO AYUDIN ARGENTINA S.A;;;EFV;;;;;;;LAVANDINA;;;;;300;Bruno Centurion;AXUM;;;False;133084;0;1;;;;;;1;;1160,25
322671;Cramer 868;BERNAL;2026-10-06;06-10-2026;05-10-2026;FAC-A-133084;Venta;LAGOPUELO S.A;61046;15,00;22306,05;26990,32;Ricardo Palacios;;18,00 %;054;Leonel Caruso;;Aydn RopQuitMnch BlncInt 15/1l;1487,07;3445;;3;AUTOSERVICIO;1395,00;LEONARDO SANTA CRUZ;;$;2;GRUPO AYUDIN ARGENTINA S.A;;;EFV;;;;;;;LAVADO DE ROPA;;;;;300;Bruno Centurion;AXUM;;;False;133084;0;1;;;;;;1;;1487,07
29254;ALMAFUERTE - (AUTOSERVICIOS) 1837;BANFIELD;2026-10-06;06-10-2026;05-10-2026;FAC-A-133095;Venta;LAGOPUELO S.A;61046;8,00;11896,56;14394,84;WENJIN YAO;;18,00 %;074;Romina Baez;;Aydn RopQuitMnch BlncInt 15/1l;1487,07;3442;;3;Autoservicio A;1395,00;MARIANO SOSA;;$;2;GRUPO AYUDIN ARGENTINA S.A;;;CON;;;;;;;LAVADO DE ROPA;;;;;300;Bruno Centurion;AXUM;;;False;133095;0;1;;;;;;1;;1487,07
29254;ALMAFUERTE - (AUTOSERVICIOS) 1837;BANFIELD;2026-10-06;06-10-2026;05-10-2026;FAC-A-133095;Venta;LAGOPUELO S.A;60408;4,00;15257,76;18461,89;WENJIN YAO;;0,00 %;074;Romina Baez;;Ayudin Ropa Blancos Supremos 15/700ml;3814,44;3442;;3;Autoservicio A;2868,00;MARIANO SOSA;;$;2;GRUPO AYUDIN ARGENTINA S.A;;;CON;;;;;;;LAVADO DE ROPA;;;;;300;Bruno Centurion;AXUM;;;False;133095;0;1;;;;;;1;;3814,44
29254;ALMAFUERTE - (AUTOSERVICIOS) 1837;BANFIELD;2026-10-06;06-10-2026;05-10-2026;FAC-A-133095;Venta;LAGOPUELO S.A;32288;6,00;11037,00;13354,77;WENJIN YAO;;0,00 %;074;Romina Baez;;Tren Oxi DoyPk 16/400ml;1839,50;3442;;3;Autoservicio A;1415,00;MARIANO SOSA;;$;2;GRUPO AYUDIN ARGENTINA S.A;;;CON;;;;;;;LAVADO DE ROPA;;;;;300;Bruno Centurion;AXUM;;;False;133095;0;1;;;;;;1;;1839,50
23230;ONCATIVO - (AUTOSERVICIOS) 18;BURZACO;2026-10-06;06-10-2026;05-10-2026;FAC-B-133098;Venta;ELEBES;17927;15,00;12735,00;15409,35;MARIA INES GONZALEZ;;20,00 %;062;Nahuel Martinez;;AYDN LAVDNA OR 15/1L;849,00;3447;;2;ALMACEN;849,00;WALTER JANIUK;;$;2;GRUPO AYUDIN ARGENTINA S.A;;;CON;;;;;;;LAVANDINA;;;;;300;Bruno Centurion;AXUM;;;False;133098;0;1;;;;;;1;;849,00
23230;ONCATIVO - (AUTOSERVICIOS) 18;BURZACO;2026-10-06;06-10-2026;05-10-2026;FAC-B-133098;Venta;ELEBES;36003;8,00;13912,00;16833,52;MARIA INES GONZALEZ;;20,00 %;062;Nahuel Martinez;;AYDN LAVDNA OR 25g/l 8/2l;1739,00;3447;;2;ALMACEN;1739,00;WALTER JANIUK;;$;2;GRUPO AYUDIN ARGENTINA S.A;;;CON;;;;;;;LAVANDINA;;;;;300;Bruno Centurion;AXUM;;;False;133098;0;1;;;;;;1;;1739,00
23230;ONCATIVO - (AUTOSERVICIOS) 18;BURZACO;2026-10-06;06-10-2026;05-10-2026;FAC-B-133098;Venta;ELEBES;34327;12,00;15752,06;19060,00;MARIA INES GONZALEZ;;20,00 %;062;Nahuel Martinez;;Poett Desinf. Solo para ti 900ml;1312,67;3447;;2;ALMACEN;1292,00;WALTER JANIUK;;$;2;GRUPO AYUDIN ARGENTINA S.A;;;CON;;;;;;;PISO;;;;;300;Bruno Centurion;AXUM;;;False;133098;0;1;;;;;;1;;1312,67
27703;CHILE 360;PI—EYRO;2026-10-06;06-10-2026;05-10-2026;FAC-A-133100;Venta;LAGOPUELO S.A;36003;8,00;13912,00;16833,52;CARINA  BEATRIZ GUERRA;;20,00 %;26;Sabrina Pereyra;;AYDN LAVDNA OR 25g/l 8/2l;1739,00;3441;;2;ALMACEN;1739,00;HERNAN RIVERO;;$;2;GRUPO AYUDIN ARGENTINA S.A;;;CON;;;;;;;LAVANDINA;;;;;25;JOHANA VIGIL;AXUM;;;False;133100;0;1;;;;;;1;;1739,00
23739;ALEM 3080;MONTE GRANDE;2026-10-06;06-10-2026;05-10-2026;FAC-B-133102;Venta;LAGOPUELO S.A;36003;16,00;27824,00;33667,04;RIVERO HORACIO;;20,00 %;064;Karina Fernandez;;AYDN LAVDNA OR 25g/l 8/2l;1739,00;3444;;2;ALMACEN;1739,00;CLAUDIO GARCIA;;$;2;GRUPO AYUDIN ARGENTINA S.A;;;CON;;;;;;;LAVANDINA;;;;;300;Bruno Centurion;AXUM;;;False;133102;0;1;;;;;;1;;1739,00
23565;Florida 1214;BURZACO;2026-10-06;06-10-2026;05-10-2026;FAC-A-133103;Venta;LAGOPUELO S.A;17927;15,00;12735,00;15409,35;PASZCZUUK JUAN CARLOS;;20,00 %;063;Daniel Martin;;AYDN LAVDNA OR 15/1L;849,00;3444;;2;ALMACEN;849,00;CLAUDIO GARCIA;;$;2;GRUPO AYUDIN ARGENTINA S.A;;;CON;;;;;;;LAVANDINA;;;;;300;Bruno Centurion;AXUM;;;False;133103;0;1;;;;;;1;;849,00
23565;Florida 1214;BURZACO;2026-10-06;06-10-2026;05-10-2026;FAC-A-133103;Venta;LAGOPUELO S.A;61816;6,00;17091,36;20680,55;PASZCZUUK JUAN CARLOS;;20,00 %;063;Daniel Martin;;Sltn MataMosq Aer AccInst 6/360ml BA;2848,56;3444;;2;ALMACEN;2739,00;CLAUDIO GARCIA;;$;2;GRUPO AYUDIN ARGENTINA S.A;;;CON;;;;;;;SELTON;;;;;300;Bruno Centurion;AXUM;;;False;133103;0;1;;;;;;1;;2848,56
27446;Pte Peron - (AUTOSERVICIOS) 17;EZEIZA;2026-10-06;06-10-2026;05-10-2026;FAC-A-133105;Venta;LAGOPUELO S.A;17927;225,00;179085,94;216693,98;Li Haijin;;25,00 %;075;Julieta Yegros;;AYDN LAVDNA OR 15/1L;795,94;3446;;3;Autoservicio A;849,00;IVAN MONTOYA;;$;2;GRUPO AYUDIN ARGENTINA S.A;;;CON;;;;;;;LAVANDINA;;;;;300;Bruno Centurion;AXUM;;;False;133105;0;1;;;;;;1;;795,94
106117;Paso De Burgos 136 0;VALENTIN ALSINA;2026-10-06;06-10-2026;05-10-2026;FAC-A-133108;Venta;LAGOPUELO S.A;17994;12,00;32015,76;38739,07;Casa Tony E Hijos S. Cap I Secc iv;;0,00 %;27;Samanta Dogliotti;;ArcIris DoyPk 12/500ml;2667,98;3441;;3;AUTOSERVICIO;2006,00;HERNAN RIVERO;;$;2;GRUPO AYUDIN ARGENTINA S.A;;;EFV;;;;;;;OTROS LIMPIADORES;;;;;25;JOHANA VIGIL;AXUM;;;False;133108;0;1;;;;;;1;;2667,98
106117;Paso De Burgos 136 0;VALENTIN ALSINA;2026-10-06;06-10-2026;05-10-2026;FAC-A-133108;Venta;LAGOPUELO S.A;17992;3,00;14072,73;17028,00;Casa Tony E Hijos S. Cap I Secc iv;;0,00 %;27;Samanta Dogliotti;;ArcIris Liq 12/1l;4690,91;3441;;3;AUTOSERVICIO;3527,00;HERNAN RIVERO;;$;2;GRUPO AYUDIN ARGENTINA S.A;;;EFV;;;;;;;OTROS LIMPIADORES;;;;;25;JOHANA VIGIL;AXUM;;;False;133108;0;1;;;;;;1;;4690,91
106117;Paso De Burgos 136 0;VALENTIN ALSINA;2026-10-06;06-10-2026;05-10-2026;FAC-A-133108;Venta;LAGOPUELO S.A;27536;3,00;19894,14;24071,91;Casa Tony E Hijos S. Cap I Secc iv;;0,00 %;27;Samanta Dogliotti;;Aydn RopaBlnc UltrQuitMnch 12/450g;6631,38;3441;;3;AUTOSERVICIO;4986,00;HERNAN RIVERO;;$;2;GRUPO AYUDIN ARGENTINA S.A;;;EFV;;;;;;;LAVADO DE ROPA;;;;;25;JOHANA VIGIL;AXUM;;;False;133108;0;1;;;;;;1;;6631,38
106117;Paso De Burgos 136 0;VALENTIN ALSINA;2026-10-06;06-10-2026;05-10-2026;FAC-A-133108;Venta;LAGOPUELO S.A;27529;3,00;19894,14;24071,91;Casa Tony E Hijos S. Cap I Secc iv;;0,00 %;27;Samanta Dogliotti;;Aydn RopClr UltrQuitMnch 12/450g;6631,38;3441;;3;AUTOSERVICIO;4986,00;HERNAN RIVERO;;$;2;GRUPO AYUDIN ARGENTINA S.A;;;EFV;;;;;;;LAVADO DE ROPA;;;;;25;JOHANA VIGIL;AXUM;;;False;133108;0;1;;;;;;1;;6631,38
27701;URUGUAY 865;AVELLANEDA;2026-10-06;06-10-2026;05-10-2026;FAC-A-133110;Venta;ELEBES;17927;15,00;15918,75;19261,69;MARIA ALEJANDRA TANUS;;0,00 %;27;Samanta Dogliotti;;AYDN LAVDNA OR 15/1L;1061,25;3441;;2;ALMACEN;849,00;HERNAN RIVERO;;$;2;GRUPO AYUDIN ARGENTINA S.A;;;CON;;;;;;;LAVANDINA;;;;;25;JOHANA VIGIL;AXUM;;;False;133110;0;1;;;;;;1;;1061,25
23858;ALSINA - (TRADICIONAL) 380;BURZACO;2026-10-06;06-10-2026;05-10-2026;FAC-A-133116;Venta;ELEBES;60234;3,00;7417,21;8974,82;FACUNDO GUILLERMO GARBAGNATI;;15,00 %;061;Nailah Guzman;;Aydn Lavdna Gel Ctra 15/700ml GP2;2472,40;3447;;georgalos-803;Perfumeria;2187,00;WALTER JANIUK;;$;2;GRUPO AYUDIN ARGENTINA S.A;;;CON;;;;;;;LAVANDINA;;;;;300;Bruno Centurion;AXUM;;;False;133116;0;1;;;;;;1;;2472,40
23858;ALSINA - (TRADICIONAL) 380;BURZACO;2026-10-06;06-10-2026;05-10-2026;FAC-A-133116;Venta;ELEBES;60237;3,00;7417,21;8974,82;FACUNDO GUILLERMO GARBAGNATI;;15,00 %;061;Nailah Guzman;;Aydn Lavdna Gel Flr 15/700ml GP2;2472,40;3447;;georgalos-803;Perfumeria;2187,00;WALTER JANIUK;;$;2;GRUPO AYUDIN ARGENTINA S.A;;;CON;;;;;;;LAVANDINA;;;;;300;Bruno Centurion;AXUM;;;False;133116;0;1;;;;;;1;;2472,40
23858;ALSINA - (TRADICIONAL) 380;BURZACO;2026-10-06;06-10-2026;05-10-2026;FAC-A-133116;Venta;ELEBES;60240;3,00;7417,21;8974,82;FACUNDO GUILLERMO GARBAGNATI;;15,00 %;061;Nailah Guzman;;Aydn Lavdna Gel Lavda EXPRT 15/700ml GP2;2472,40;3447;;georgalos-803;Perfumeria;2187,00;WALTER JANIUK;;$;2;GRUPO AYUDIN ARGENTINA S.A;;;CON;;;;;;;LAVANDINA;;;;;300;Bruno Centurion;AXUM;;;False;133116;0;1;;;;;;1;;2472,40
23858;ALSINA - (TRADICIONAL) 380;BURZACO;2026-10-06;06-10-2026;05-10-2026;FAC-A-133116;Venta;ELEBES;60239;3,00;7417,21;8974,82;FACUNDO GUILLERMO GARBAGNATI;;15,00 %;061;Nailah Guzman;;Aydn Lavdna Gel MntFrs 15/700ml GP2;2472,40;3447;;georgalos-803;Perfumeria;2187,00;WALTER JANIUK;;$;2;GRUPO AYUDIN ARGENTINA S.A;;;CON;;;;;;;LAVANDINA;;;;;300;Bruno Centurion;AXUM;;;False;133116;0;1;;;;;;1;;2472,40
23858;ALSINA - (TRADICIONAL) 380;BURZACO;2026-10-06;06-10-2026;05-10-2026;FAC-A-133116;Venta;ELEBES;60233;3,00;7417,21;8974,82;FACUNDO GUILLERMO GARBAGNATI;;15,00 %;061;Nailah Guzman;;Aydn Lavdna Gel Or 15/700ml GP2;2472,40;3447;;georgalos-803;Perfumeria;2187,00;WALTER JANIUK;;$;2;GRUPO AYUDIN ARGENTINA S.A;;;CON;;;;;;;LAVANDINA;;;;;300;Bruno Centurion;AXUM;;;False;133116;0;1;;;;;;1;;2472,40
23858;ALSINA - (TRADICIONAL) 380;BURZACO;2026-10-06;06-10-2026;05-10-2026;FAC-A-133116;Venta;ELEBES;18098;6,00;9120,60;11035,93;FACUNDO GUILLERMO GARBAGNATI;;0,00 %;061;Nailah Guzman;;Mort Esp DobCara 4/24c;1520,10;3447;;georgalos-803;Perfumeria;1126,00;WALTER JANIUK;;$;2;GRUPO AYUDIN ARGENTINA S.A;;;CON;;;;;;;MORTIMER;;;;;300;Bruno Centurion;AXUM;;;False;133116;0;1;;;;;;1;;1520,10
470;CALLE 161 (e 20 y 21) 2060;Berazategui;2026-10-06;06-10-2026;05-10-2026;FAC-A-133132;Venta;LAGOPUELO S.A;60887;6,00;14924,13;18058,20;Laura Gamarra;;15,00 %;5;Eliana Huber;;Poett Aer SvdBb ExtFrag 6/360ml;2487,36;3443;;2;ALMACEN;2251,00;JUAN ESCOTO;;$;2;GRUPO AYUDIN ARGENTINA S.A;;;EFV;;;;;;;AERO POETT;;;;;25;JOHANA VIGIL;AXUM;;;False;133132;0;1;;;;;;1;;2487,36
470;CALLE 161 (e 20 y 21) 2060;Berazategui;2026-10-06;06-10-2026;05-10-2026;FAC-A-133132;Venta;LAGOPUELO S.A;61034;6,00;14924,13;18058,20;Laura Gamarra;;15,00 %;5;Eliana Huber;;Poett Aer MscPrmvra ExtFrag 6/360ml;2487,36;3443;;2;ALMACEN;2251,00;JUAN ESCOTO;;$;2;GRUPO AYUDIN ARGENTINA S.A;;;EFV;;;;;;;AERO POETT;;;;;25;JOHANA VIGIL;AXUM;;;False;133132;0;1;;;;;;1;;2487,36
470;CALLE 161 (e 20 y 21) 2060;Berazategui;2026-10-06;06-10-2026;05-10-2026;FAC-A-133132;Venta;LAGOPUELO S.A;60886;6,00;14924,13;18058,20;Laura Gamarra;;15,00 %;5;Eliana Huber;;Poett Aer FlrPrm ExtFrag 6/360ml;2487,36;3443;;2;ALMACEN;2251,00;JUAN ESCOTO;;$;2;GRUPO AYUDIN ARGENTINA S.A;;;EFV;;;;;;;AERO POETT;;;;;25;JOHANA VIGIL;AXUM;;;False;133132;0;1;;;;;;1;;2487,36
27427;Plumerillo (y Amberes) - (AUTOSERVICIOS) 699;LOMAS DE ZAMORA;2026-10-06;06-10-2026;05-10-2026;FAC-A-133133;Venta;LAGOPUELO S.A;61046;15,00;22306,05;26990,32;CHEN XIONG;;18,00 %;073;Florencia Cubilla;;Aydn RopQuitMnch BlncInt 15/1l;1487,07;3442;;3;Autoservicio B;1395,00;MARIANO SOSA;;$;2;GRUPO AYUDIN ARGENTINA S.A;;;CON;;;;;;;LAVADO DE ROPA;;;;;300;Bruno Centurion;AXUM;;;False;133133;0;1;;;;;;1;;1487,07
27427;Plumerillo (y Amberes) - (AUTOSERVICIOS) 699;LOMAS DE ZAMORA;2026-10-06;06-10-2026;05-10-2026;FAC-A-133133;Venta;LAGOPUELO S.A;60237;15,00;37086,05;44874,12;CHEN XIONG;;15,00 %;073;Florencia Cubilla;;Aydn Lavdna Gel Flr 15/700ml GP2;2472,40;3442;;3;Autoservicio B;2187,00;MARIANO SOSA;;$;2;GRUPO AYUDIN ARGENTINA S.A;;;CON;;;;;;;LAVANDINA;;;;;300;Bruno Centurion;AXUM;;;False;133133;0;1;;;;;;1;;2472,40
27427;Plumerillo (y Amberes) - (AUTOSERVICIOS) 699;LOMAS DE ZAMORA;2026-10-06;06-10-2026;05-10-2026;FAC-A-133133;Venta;LAGOPUELO S.A;24648;12,00;16598,40;20084,06;CHEN XIONG;;0,00 %;073;Florencia Cubilla;;Poett PastDesod Lavda 12/25g GP2;1383,20;3442;;3;Autoservicio B;1064,00;MARIANO SOSA;;$;2;GRUPO AYUDIN ARGENTINA S.A;;;CON;;;;;;;BAÒO;;;;;300;Bruno Centurion;AXUM;;;False;133133;0;1;;;;;;1;;1383,20
27427;Plumerillo (y Amberes) - (AUTOSERVICIOS) 699;LOMAS DE ZAMORA;2026-10-06;06-10-2026;05-10-2026;FAC-A-133133;Venta;LAGOPUELO S.A;19859;3,00;10451,43;12646,23;CHEN XIONG;;15,00 %;073;Florencia Cubilla;;Poett Frgnz SedPrm 12/250ml AR;3483,81;3442;;3;Autoservicio B;3036,00;MARIANO SOSA;;$;2;GRUPO AYUDIN ARGENTINA S.A;;;CON;;;;;;;AERO POETT;;;;;300;Bruno Centurion;AXUM;;;False;133133;0;1;;;;;;1;;3483,81
27427;Plumerillo (y Amberes) - (AUTOSERVICIOS) 699;LOMAS DE ZAMORA;2026-10-06;06-10-2026;05-10-2026;FAC-A-133133;Venta;LAGOPUELO S.A;19860;3,00;10451,43;12646,23;CHEN XIONG;;15,00 %;073;Florencia Cubilla;;Poett Frgnz FrsRoc 12/250ml AR;3483,81;3442;;3;Autoservicio B;3036,00;MARIANO SOSA;;$;2;GRUPO AYUDIN ARGENTINA S.A;;;CON;;;;;;;AERO POETT;;;;;300;Bruno Centurion;AXUM;;;False;133133;0;1;;;;;;1;;3483,81
27427;Plumerillo (y Amberes) - (AUTOSERVICIOS) 699;LOMAS DE ZAMORA;2026-10-06;06-10-2026;05-10-2026;FAC-A-133133;Venta;LAGOPUELO S.A;19861;3,00;10451,43;12646,23;CHEN XIONG;;15,00 %;073;Florencia Cubilla;;Poett Frgnz Suad Alg 12/250ml AR;3483,81;3442;;3;Autoservicio B;3036,00;MARIANO SOSA;;$;2;GRUPO AYUDIN ARGENTINA S.A;;;CON;;;;;;;AERO POETT;;;;;300;Bruno Centurion;AXUM;;;False;133133;0;1;;;;;;1;;3483,81
27427;Plumerillo (y Amberes) - (AUTOSERVICIOS) 699;LOMAS DE ZAMORA;2026-10-06;06-10-2026;05-10-2026;FAC-A-133133;Venta;LAGOPUELO S.A;50087;3,00;10451,43;12646,23;CHEN XIONG;;15,00 %;073;Florencia Cubilla;;Poett Frgnz Huellitas 12/250ml AR;3483,81;3442;;3;Autoservicio B;3036,00;MARIANO SOSA;;$;2;GRUPO AYUDIN ARGENTINA S.A;;;CON;;;;;;;AERO POETT;;;;;300;Bruno Centurion;AXUM;;;False;133133;0;1;;;;;;1;;3483,81
25063;ZAPIOLA - (AUTOSERVICIOS) 2221;BERNAL ESTE;2026-10-06;06-10-2026;05-10-2026;FAC-A-133136;Venta;Empresa LAGOPUELO;17927;75,00;61287,19;74157,50;YUECHI SHI;;23,00 %;053;Verona Abati;;AYDN LAVDNA OR 15/1L;817,16;3445;;3;Autoservicio B;849,00;LEONARDO SANTA CRUZ;;$;2;GRUPO AYUDIN ARGENTINA S.A;;;CON;;;;;;;LAVANDINA;;;;;300;Bruno Centurion;AXUM;;;False;133136;0;1;;;;;;1;;817,16
25063;ZAPIOLA - (AUTOSERVICIOS) 2221;BERNAL ESTE;2026-10-06;06-10-2026;05-10-2026;FAC-A-133136;Venta;Empresa LAGOPUELO;36003;40,00;66951,50;81011,32;YUECHI SHI;;23,00 %;053;Verona Abati;;AYDN LAVDNA OR 25g/l 8/2l;1673,79;3445;;3;Autoservicio B;1739,00;LEONARDO SANTA CRUZ;;$;2;GRUPO AYUDIN ARGENTINA S.A;;;CON;;;;;;;LAVANDINA;;;;;300;Bruno Centurion;AXUM;;;False;133136;0;1;;;;;;1;;1673,79
108493;Coronel Delia 1539 0;LANUS;2026-10-06;06-10-2026;05-10-2026;FAC-B-133142;Venta;LAGOPUELO S.A;61577;6,00;8907,60;10778,20;Nely Flores;;0,00 %;30;Oriana Songini;;Aydn Coc† Pod Act Or† DoyPk 16/450ml;1484,60;3441;;3;AUTOSERVICIO;1142,00;HERNAN RIVERO;;$;2;GRUPO AYUDIN ARGENTINA S.A;;;EFV;;;;;;;COCINA;;;;;25;JOHANA VIGIL;AXUM;;;False;133142;0;1;;;;;;1;;1484,60
108493;Coronel Delia 1539 0;LANUS;2026-10-06;06-10-2026;05-10-2026;FAC-B-133142;Venta;LAGOPUELO S.A;18098;12,00;18241,20;22071,85;Nely Flores;;0,00 %;30;Oriana Songini;;Mort Esp DobCara 4/24c;1520,10;3441;;3;AUTOSERVICIO;1126,00;HERNAN RIVERO;;$;2;GRUPO AYUDIN ARGENTINA S.A;;;EFV;;;;;;;MORTIMER;;;;;25;JOHANA VIGIL;AXUM;;;False;133142;0;1;;;;;;1;;1520,10
1466;CALLE 154 3821;Berazategui;2026-10-06;06-10-2026;05-10-2026;FAC-A-133144;Venta;LAGOPUELO S.A;36003;16,00;27824,00;33667,04;BALBUENA HERNAN PABLO;;20,00 %;052;Nicole Sosa;;AYDN LAVDNA OR 25g/l 8/2l;1739,00;3443;;3;AUTOSERVICIO;1739,00;JUAN ESCOTO;;$;2;GRUPO AYUDIN ARGENTINA S.A;;;CON;;;;;;;LAVANDINA;;;;;300;Bruno Centurion;AXUM;;;False;133144;0;1;;;;;;1;;1739,00
1466;CALLE 154 3821;Berazategui;2026-10-06;06-10-2026;05-10-2026;FAC-A-133144;Venta;LAGOPUELO S.A;60233;6,00;14834,42;17949,65;BALBUENA HERNAN PABLO;;15,00 %;052;Nicole Sosa;;Aydn Lavdna Gel Or 15/700ml GP2;2472,40;3443;;3;AUTOSERVICIO;2187,00;JUAN ESCOTO;;$;2;GRUPO AYUDIN ARGENTINA S.A;;;CON;;;;;;;LAVANDINA;;;;;300;Bruno Centurion;AXUM;;;False;133144;0;1;;;;;;1;;2472,40
1466;CALLE 154 3821;Berazategui;2026-10-06;06-10-2026;05-10-2026;FAC-A-133144;Venta;LAGOPUELO S.A;34334;6,00;7876,03;9530,00;BALBUENA HERNAN PABLO;;20,00 %;052;Nicole Sosa;;Poett Dsnf SuadBebe 12/900ml;1312,67;3443;;3;AUTOSERVICIO;1292,00;JUAN ESCOTO;;$;2;GRUPO AYUDIN ARGENTINA S.A;;;CON;;;;;;;PISO;;;;;300;Bruno Centurion;AXUM;;;False;133144;0;1;;;;;;1;;1312,67
1466;CALLE 154 3821;Berazategui;2026-10-06;06-10-2026;05-10-2026;FAC-A-133144;Venta;LAGOPUELO S.A;60386;6,00;7876,03;9530,00;BALBUENA HERNAN PABLO;;20,00 %;052;Nicole Sosa;;Poett EsptPly 12/900ml;1312,67;3443;;3;AUTOSERVICIO;1292,00;JUAN ESCOTO;;$;2;GRUPO AYUDIN ARGENTINA S.A;;;CON;;;;;;;PISO;;;;;300;Bruno Centurion;AXUM;;;False;133144;0;1;;;;;;1;;1312,67
23845;CALLE 24 - (OTROS) 4822;BERAZATEGUI;2026-10-06;06-10-2026;05-10-2026;FAC-B-133146;Venta;Empresa LAGOPUELO;17927;15,00;12735,00;15409,35;MIGUEL;;20,00 %;4;Selene Pawlikowski;;AYDN LAVDNA OR 15/1L;849,00;3443;;2;ALMACEN;849,00;JUAN ESCOTO;;$;2;GRUPO AYUDIN ARGENTINA S.A;;;CON;;;;;;;LAVANDINA;;;;;25;JOHANA VIGIL;AXUM;;;False;133146;0;1;;;;;;1;;849,00
5;O  BRIEN 427;Escalada;2026-10-05;05-10-2026;05-10-2026;FAC-A-133148;Venta;Empresa LAGOPUELO;36003;2,00;3651,90;4418,80;ALEJANDRO NEGRO;;0,00 %;16;VENDEDOR DEPOSITO;;AYDN LAVDNA OR 25g/l 8/2l;1825,95;3436;;georgalos-50;Empleados;1739,00;PEDIDOS INTERNOS;;$;2;GRUPO AYUDIN ARGENTINA S.A;;;15D;;;;;;;LAVANDINA;;;;;;;gcw;;;False;133148;0;4;;;;;;1;;1825,95
5;O  BRIEN 427;Escalada;2026-10-05;05-10-2026;05-10-2026;FAC-A-133148;Venta;Empresa LAGOPUELO;60233;2,00;4592,70;5557,17;ALEJANDRO NEGRO;;0,00 %;16;VENDEDOR DEPOSITO;;Aydn Lavdna Gel Or 15/700ml GP2;2296,35;3436;;georgalos-50;Empleados;2187,00;PEDIDOS INTERNOS;;$;2;GRUPO AYUDIN ARGENTINA S.A;;;15D;;;;;;;LAVANDINA;;;;;;;gcw;;;False;133148;0;4;;;;;;1;;2296,35
27392;Larroque - (AUTOSERVICIOS) 570;BANFIELD;2026-10-06;06-10-2026;05-10-2026;FAC-A-133152;Venta;LAGOPUELO S.A;32288;6,00;11037,00;13354,77;XU ZHIXIAN;;0,00 %;074;Romina Baez;;Tren Oxi DoyPk 16/400ml;1839,50;3442;;3;Autoservicio A;1415,00;MARIANO SOSA;;$;2;GRUPO AYUDIN ARGENTINA S.A;;;CON;;;;;;;LAVADO DE ROPA;;;;;300;Bruno Centurion;AXUM;;;False;133152;0;1;;;;;;1;;1839,50
27392;Larroque - (AUTOSERVICIOS) 570;BANFIELD;2026-10-06;06-10-2026;05-10-2026;FAC-A-133152;Venta;LAGOPUELO S.A;50001;6,00;11712,60;14172,25;XU ZHIXIAN;;0,00 %;074;Romina Baez;;Trenet Power Pr QuitManchas 24/120gr;1952,10;3442;;3;Autoservicio A;1446,00;MARIANO SOSA;;$;2;GRUPO AYUDIN ARGENTINA S.A;;;CON;;;;;;;LAVADO DE ROPA;;;;;300;Bruno Centurion;AXUM;;;False;133152;0;1;;;;;;1;;1952,10
23743;ALEM - (AUTOSERVICIOS) 2934;MONTE GRANDE;2026-10-06;06-10-2026;05-10-2026;FAC-A-133155;Venta;LAGOPUELO S.A;36001;36,00;43121,28;52176,74;LIN XINWEI;;27,00 %;064;Karina Fernandez;;POETT FRSC TROP 12/900;1197,81;3444;;3;Autoservicio A;1292,00;CLAUDIO GARCIA;;$;2;GRUPO AYUDIN ARGENTINA S.A;;;CON;;;;;;;PISO;;;;;300;Bruno Centurion;AXUM;;;False;133155;0;1;;;;;;1;;1197,81
23743;ALEM - (AUTOSERVICIOS) 2934;MONTE GRANDE;2026-10-06;06-10-2026;05-10-2026;FAC-A-133155;Venta;LAGOPUELO S.A;34324;36,00;43121,28;52176,74;LIN XINWEI;;27,00 %;064;Karina Fernandez;;Poett Desinf. Flores de Primavera 900ml;1197,81;3444;;3;Autoservicio A;1292,00;CLAUDIO GARCIA;;$;2;GRUPO AYUDIN ARGENTINA S.A;;;CON;;;;;;;PISO;;;;;300;Bruno Centurion;AXUM;;;False;133155;0;1;;;;;;1;;1197,81
23743;ALEM - (AUTOSERVICIOS) 2934;MONTE GRANDE;2026-10-06;06-10-2026;05-10-2026;FAC-A-133155;Venta;LAGOPUELO S.A;34320;72,00;86242,55;104353,49;LIN XINWEI;;27,00 %;064;Karina Fernandez;;Poett Desinf. Frescura de Lavanda 900ml;1197,81;3444;;3;Autoservicio A;1292,00;CLAUDIO GARCIA;;$;2;GRUPO AYUDIN ARGENTINA S.A;;;CON;;;;;;;PISO;;;;;300;Bruno Centurion;AXUM;;;False;133155;0;1;;;;;;1;;1197,81
23743;ALEM - (AUTOSERVICIOS) 2934;MONTE GRANDE;2026-10-06;06-10-2026;05-10-2026;FAC-A-133155;Venta;LAGOPUELO S.A;60386;24,00;28747,52;34784,50;LIN XINWEI;;27,00 %;064;Karina Fernandez;;Poett EsptPly 12/900ml;1197,81;3444;;3;Autoservicio A;1292,00;CLAUDIO GARCIA;;$;2;GRUPO AYUDIN ARGENTINA S.A;;;CON;;;;;;;PISO;;;;;300;Bruno Centurion;AXUM;;;False;133155;0;1;;;;;;1;;1197,81
23743;ALEM - (AUTOSERVICIOS) 2934;MONTE GRANDE;2026-10-06;06-10-2026;05-10-2026;FAC-A-133155;Venta;LAGOPUELO S.A;34334;24,00;28747,52;34784,50;LIN XINWEI;;27,00 %;064;Karina Fernandez;;Poett Dsnf SuadBebe 12/900ml;1197,81;3444;;3;Autoservicio A;1292,00;CLAUDIO GARCIA;;$;2;GRUPO AYUDIN ARGENTINA S.A;;;CON;;;;;;;PISO;;;;;300;Bruno Centurion;AXUM;;;False;133155;0;1;;;;;;1;;1197,81
23743;ALEM - (AUTOSERVICIOS) 2934;MONTE GRANDE;2026-10-06;06-10-2026;05-10-2026;FAC-A-133155;Venta;LAGOPUELO S.A;34342;24,00;28747,52;34784,50;LIN XINWEI;;27,00 %;064;Karina Fernandez;;Poett Dsnf AlgrDia 12/900ml;1197,81;3444;;3;Autoservicio A;1292,00;CLAUDIO GARCIA;;$;2;GRUPO AYUDIN ARGENTINA S.A;;;CON;;;;;;;PISO;;;;;300;Bruno Centurion;AXUM;;;False;133155;0;1;;;;;;1;;1197,81
23743;ALEM - (AUTOSERVICIOS) 2934;MONTE GRANDE;2026-10-06;06-10-2026;05-10-2026;FAC-A-133155;Venta;LAGOPUELO S.A;34327;36,00;43121,28;52176,74;LIN XINWEI;;27,00 %;064;Karina Fernandez;;Poett Desinf. Solo para ti 900ml;1197,81;3444;;3;Autoservicio A;1292,00;CLAUDIO GARCIA;;$;2;GRUPO AYUDIN ARGENTINA S.A;;;CON;;;;;;;PISO;;;;;300;Bruno Centurion;AXUM;;;False;133155;0;1;;;;;;1;;1197,81
23743;ALEM - (AUTOSERVICIOS) 2934;MONTE GRANDE;2026-10-06;06-10-2026;05-10-2026;FAC-A-133155;Venta;LAGOPUELO S.A;34338;36,00;43121,28;52176,74;LIN XINWEI;;27,00 %;064;Karina Fernandez;;Poett Dsnf MscPrmvra 12/900ml;1197,81;3444;;3;Autoservicio A;1292,00;CLAUDIO GARCIA;;$;2;GRUPO AYUDIN ARGENTINA S.A;;;CON;;;;;;;PISO;;;;;300;Bruno Centurion;AXUM;;;False;133155;0;1;;;;;;1;;1197,81
27996;FRENCH ENTR ALEM Y ACEVEDO - (PERFUMERIA) 131;BANFIELD;2026-10-06;06-10-2026;05-10-2026;FAC-A-133162;Venta;LAGOPUELO S.A;60231;8,00;12331,76;14921,43;ELBA NOEMI IGLESIAS;;5,00 %;074;Romina Baez;;Aydn A-Sp Trad 15/1l GP2;1541,47;3442;;OTR;SIN SUB;1220,00;MARIANO SOSA;;$;2;GRUPO AYUDIN ARGENTINA S.A;;;CON;;;;;;;LAVANDINA;;;;;300;Bruno Centurion;AXUM;;;False;133162;0;1;;;;;;1;;1541,47
418;CHILE (Valentin Alsina) 1802;Lan˙s;2026-10-06;06-10-2026;05-10-2026;FAC-B-133167;Venta;ELEBES;17927;6,00;6367,50;7704,68;NANCY GELATO;;0,00 %;27;Samanta Dogliotti;;AYDN LAVDNA OR 15/1L;1061,25;3441;;2;ALMACEN;849,00;HERNAN RIVERO;;$;2;GRUPO AYUDIN ARGENTINA S.A;;;EFV;;;;;;;LAVANDINA;;;;;25;JOHANA VIGIL;AXUM;;;False;133167;0;1;;;;;;1;;1061,25
418;CHILE (Valentin Alsina) 1802;Lan˙s;2026-10-06;06-10-2026;05-10-2026;FAC-B-133167;Venta;ELEBES;18098;6,00;9120,60;11035,93;NANCY GELATO;;0,00 %;27;Samanta Dogliotti;;Mort Esp DobCara 4/24c;1520,10;3441;;2;ALMACEN;1126,00;HERNAN RIVERO;;$;2;GRUPO AYUDIN ARGENTINA S.A;;;EFV;;;;;;;MORTIMER;;;;;25;JOHANA VIGIL;AXUM;;;False;133167;0;1;;;;;;1;;1520,10
27806;PTE.J.D.PERON 2634;VALENTIN ALSINA;2026-10-06;06-10-2026;05-10-2026;FAC-A-133169;Venta;Empresa LAGOPUELO;36003;16,00;27824,00;33667,04;GABRIEL REGINO PELIZZARI;;20,00 %;28;Nadia Diaz;;AYDN LAVDNA OR 25g/l 8/2l;1739,00;3441;;OTR;Articulo de limpieza;1739,00;HERNAN RIVERO;;$;2;GRUPO AYUDIN ARGENTINA S.A;;;CON;;;;;;;LAVANDINA;;;;;25;JOHANA VIGIL;AXUM;;;False;133169;0;1;;;;;;1;;1739,00
27806;PTE.J.D.PERON 2634;VALENTIN ALSINA;2026-10-06;06-10-2026;05-10-2026;FAC-A-133169;Venta;Empresa LAGOPUELO;17927;15,00;12735,00;15409,35;GABRIEL REGINO PELIZZARI;;20,00 %;28;Nadia Diaz;;AYDN LAVDNA OR 15/1L;849,00;3441;;OTR;Articulo de limpieza;849,00;HERNAN RIVERO;;$;2;GRUPO AYUDIN ARGENTINA S.A;;;CON;;;;;;;LAVANDINA;;;;;25;JOHANA VIGIL;AXUM;;;False;133169;0;1;;;;;;1;;849,00
27806;PTE.J.D.PERON 2634;VALENTIN ALSINA;2026-10-06;06-10-2026;05-10-2026;FAC-A-133169;Venta;Empresa LAGOPUELO;60233;15,00;37086,05;44874,12;GABRIEL REGINO PELIZZARI;;15,00 %;28;Nadia Diaz;;Aydn Lavdna Gel Or 15/700ml GP2;2472,40;3441;;OTR;Articulo de limpieza;2187,00;HERNAN RIVERO;;$;2;GRUPO AYUDIN ARGENTINA S.A;;;CON;;;;;;;LAVANDINA;;;;;25;JOHANA VIGIL;AXUM;;;False;133169;0;1;;;;;;1;;2472,40
27806;PTE.J.D.PERON 2634;VALENTIN ALSINA;2026-10-06;06-10-2026;05-10-2026;FAC-A-133169;Venta;Empresa LAGOPUELO;60240;15,00;37086,05;44874,12;GABRIEL REGINO PELIZZARI;;15,00 %;28;Nadia Diaz;;Aydn Lavdna Gel Lavda EXPRT 15/700ml GP2;2472,40;3441;;OTR;Articulo de limpieza;2187,00;HERNAN RIVERO;;$;2;GRUPO AYUDIN ARGENTINA S.A;;;CON;;;;;;;LAVANDINA;;;;;25;JOHANA VIGIL;AXUM;;;False;133169;0;1;;;;;;1;;2472,40
27806;PTE.J.D.PERON 2634;VALENTIN ALSINA;2026-10-06;06-10-2026;05-10-2026;FAC-A-133169;Venta;Empresa LAGOPUELO;60234;15,00;37086,05;44874,12;GABRIEL REGINO PELIZZARI;;15,00 %;28;Nadia Diaz;;Aydn Lavdna Gel Ctra 15/700ml GP2;2472,40;3441;;OTR;Articulo de limpieza;2187,00;HERNAN RIVERO;;$;2;GRUPO AYUDIN ARGENTINA S.A;;;CON;;;;;;;LAVANDINA;;;;;25;JOHANA VIGIL;AXUM;;;False;133169;0;1;;;;;;1;;2472,40
27806;PTE.J.D.PERON 2634;VALENTIN ALSINA;2026-10-06;06-10-2026;05-10-2026;FAC-A-133169;Venta;Empresa LAGOPUELO;34320;12,00;15752,06;19060,00;GABRIEL REGINO PELIZZARI;;20,00 %;28;Nadia Diaz;;Poett Desinf. Frescura de Lavanda 900ml;1312,67;3441;;OTR;Articulo de limpieza;1292,00;HERNAN RIVERO;;$;2;GRUPO AYUDIN ARGENTINA S.A;;;CON;;;;;;;PISO;;;;;25;JOHANA VIGIL;AXUM;;;False;133169;0;1;;;;;;1;;1312,67
27806;PTE.J.D.PERON 2634;VALENTIN ALSINA;2026-10-06;06-10-2026;05-10-2026;FAC-A-133169;Venta;Empresa LAGOPUELO;61816;6,00;17091,36;20680,55;GABRIEL REGINO PELIZZARI;;20,00 %;28;Nadia Diaz;;Sltn MataMosq Aer AccInst 6/360ml BA;2848,56;3441;;OTR;Articulo de limpieza;2739,00;HERNAN RIVERO;;$;2;GRUPO AYUDIN ARGENTINA S.A;;;CON;;;;;;;SELTON;;;;;25;JOHANA VIGIL;AXUM;;;False;133169;0;1;;;;;;1;;2848,56
23206;AV. TOMAS ESPORA 5345;LONGCHAMPS;2026-10-06;06-10-2026;05-10-2026;FAC-A-133179;Venta;LAGOPUELO S.A;17927;30,00;25470,00;30818,70;RODRIGUEZ HERNAN ARIEL;;20,00 %;062;Nahuel Martinez;;AYDN LAVDNA OR 15/1L;849,00;3447;;3;Autoservicio B;849,00;WALTER JANIUK;;$;2;GRUPO AYUDIN ARGENTINA S.A;;;8;;;;;;;LAVANDINA;;;;;300;Bruno Centurion;AXUM;;;False;133179;0;1;;;;;;1;;849,00
23206;AV. TOMAS ESPORA 5345;LONGCHAMPS;2026-10-06;06-10-2026;05-10-2026;FAC-A-133179;Venta;LAGOPUELO S.A;60222;15,00;17403,75;21058,54;RODRIGUEZ HERNAN ARIEL;;15,00 %;062;Nahuel Martinez;;Aydn Lavda TriPod 15/1l GP2;1160,25;3447;;3;Autoservicio B;1050,00;WALTER JANIUK;;$;2;GRUPO AYUDIN ARGENTINA S.A;;;8;;;;;;;LAVANDINA;;;;;300;Bruno Centurion;AXUM;;;False;133179;0;1;;;;;;1;;1160,25
23206;AV. TOMAS ESPORA 5345;LONGCHAMPS;2026-10-06;06-10-2026;05-10-2026;FAC-A-133179;Venta;LAGOPUELO S.A;36003;8,00;13912,00;16833,52;RODRIGUEZ HERNAN ARIEL;;20,00 %;062;Nahuel Martinez;;AYDN LAVDNA OR 25g/l 8/2l;1739,00;3447;;3;Autoservicio B;1739,00;WALTER JANIUK;;$;2;GRUPO AYUDIN ARGENTINA S.A;;;8;;;;;;;LAVANDINA;;;;;300;Bruno Centurion;AXUM;;;False;133179;0;1;;;;;;1;;1739,00
23206;AV. TOMAS ESPORA 5345;LONGCHAMPS;2026-10-06;06-10-2026;05-10-2026;FAC-A-133179;Venta;LAGOPUELO S.A;61816;6,00;18159,57;21973,08;RODRIGUEZ HERNAN ARIEL;;15,00 %;062;Nahuel Martinez;;Sltn MataMosq Aer AccInst 6/360ml BA;3026,60;3447;;3;Autoservicio B;2739,00;WALTER JANIUK;;$;2;GRUPO AYUDIN ARGENTINA S.A;;;8;;;;;;;SELTON;;;;;300;Bruno Centurion;AXUM;;;False;133179;0;1;;;;;;1;;3026,60
23206;AV. TOMAS ESPORA 5345;LONGCHAMPS;2026-10-06;06-10-2026;05-10-2026;FAC-A-133179;Venta;LAGOPUELO S.A;24648;12,00;16598,40;20084,06;RODRIGUEZ HERNAN ARIEL;;0,00 %;062;Nahuel Martinez;;Poett PastDesod Lavda 12/25g GP2;1383,20;3447;;3;Autoservicio B;1064,00;WALTER JANIUK;;$;2;GRUPO AYUDIN ARGENTINA S.A;;;8;;;;;;;BAÒO;;;;;300;Bruno Centurion;AXUM;;;False;133179;0;1;;;;;;1;;1383,20
23206;AV. TOMAS ESPORA 5345;LONGCHAMPS;2026-10-06;06-10-2026;05-10-2026;FAC-A-133179;Venta;LAGOPUELO S.A;27816;12,00;26785,20;32410,09;RODRIGUEZ HERNAN ARIEL;;0,00 %;062;Nahuel Martinez;;Poett Cnsta 12/27.5g;2232,10;3447;;3;Autoservicio B;1717,00;WALTER JANIUK;;$;2;GRUPO AYUDIN ARGENTINA S.A;;;8;;;;;;;BAÒO;;;;;300;Bruno Centurion;AXUM;;;False;133179;0;1;;;;;;1;;2232,10
5514;Av. Monteverde - (TRADICIONAL) 5776;BURZACO;2026-10-06;06-10-2026;05-10-2026;FAC-A-133184;Venta;LAGOPUELO S.A;36003;16,00;27824,00;33667,04;Fiscal Cristina del Valle;;20,00 %;062;Nahuel Martinez;;AYDN LAVDNA OR 25g/l 8/2l;1739,00;3447;;2;ALMACEN;1739,00;WALTER JANIUK;;$;2;GRUPO AYUDIN ARGENTINA S.A;;;CON;;;;;;;LAVANDINA;;;;;300;Bruno Centurion;AXUM;;;False;133184;0;1;;;;;;1;;1739,00
5514;Av. Monteverde - (TRADICIONAL) 5776;BURZACO;2026-10-06;06-10-2026;05-10-2026;FAC-A-133184;Venta;LAGOPUELO S.A;17927;30,00;25470,00;30818,70;Fiscal Cristina del Valle;;20,00 %;062;Nahuel Martinez;;AYDN LAVDNA OR 15/1L;849,00;3447;;2;ALMACEN;849,00;WALTER JANIUK;;$;2;GRUPO AYUDIN ARGENTINA S.A;;;CON;;;;;;;LAVANDINA;;;;;300;Bruno Centurion;AXUM;;;False;133184;0;1;;;;;;1;;849,00
101720;Mario Bravo 1382 0;Avellaneda;2026-10-06;06-10-2026;05-10-2026;FAC-A-133190;Venta;LAGOPUELO S.A;33577;3,00;9404,43;11379,36;Wu Min;;0,00 %;27;Samanta Dogliotti;;Aydn Ropa ClrViv DoyPk 12/650ml;3134,81;3441;;3;AUTOSERVICIO;2357,00;HERNAN RIVERO;;$;2;GRUPO AYUDIN ARGENTINA S.A;;;EFV;;;;;;;LAVADO DE ROPA;;;;;25;JOHANA VIGIL;AXUM;;;False;133190;0;1;;;;;;1;;3134,81
101720;Mario Bravo 1382 0;Avellaneda;2026-10-06;06-10-2026;05-10-2026;FAC-A-133190;Venta;LAGOPUELO S.A;33575;5,00;9489,55;11482,36;Wu Min;;0,00 %;27;Samanta Dogliotti;;Aydn Ropa ClrViv DoyPk 16/400ml;1897,91;3441;;3;AUTOSERVICIO;1427,00;HERNAN RIVERO;;$;2;GRUPO AYUDIN ARGENTINA S.A;;;EFV;;;;;;;LAVADO DE ROPA;;;;;25;JOHANA VIGIL;AXUM;;;False;133190;0;1;;;;;;1;;1897,91
101720;Mario Bravo 1382 0;Avellaneda;2026-10-06;06-10-2026;05-10-2026;FAC-A-133190;Venta;LAGOPUELO S.A;60234;5,00;14543,55;17597,70;Wu Min;;0,00 %;27;Samanta Dogliotti;;Aydn Lavdna Gel Ctra 15/700ml GP2;2908,71;3441;;3;AUTOSERVICIO;2187,00;HERNAN RIVERO;;$;2;GRUPO AYUDIN ARGENTINA S.A;;;EFV;;;;;;;LAVANDINA;;;;;25;JOHANA VIGIL;AXUM;;;False;133190;0;1;;;;;;1;;2908,71
101720;Mario Bravo 1382 0;Avellaneda;2026-10-06;06-10-2026;05-10-2026;FAC-A-133190;Venta;LAGOPUELO S.A;60237;6,00;17452,26;21117,23;Wu Min;;0,00 %;27;Samanta Dogliotti;;Aydn Lavdna Gel Flr 15/700ml GP2;2908,71;3441;;3;AUTOSERVICIO;2187,00;HERNAN RIVERO;;$;2;GRUPO AYUDIN ARGENTINA S.A;;;EFV;;;;;;;LAVANDINA;;;;;25;JOHANA VIGIL;AXUM;;;False;133190;0;1;;;;;;1;;2908,71
101720;Mario Bravo 1382 0;Avellaneda;2026-10-06;06-10-2026;05-10-2026;FAC-A-133190;Venta;LAGOPUELO S.A;60239;4,00;11634,84;14078,16;Wu Min;;0,00 %;27;Samanta Dogliotti;;Aydn Lavdna Gel MntFrs 15/700ml GP2;2908,71;3441;;3;AUTOSERVICIO;2187,00;HERNAN RIVERO;;$;2;GRUPO AYUDIN ARGENTINA S.A;;;EFV;;;;;;;LAVANDINA;;;;;25;JOHANA VIGIL;AXUM;;;False;133190;0;1;;;;;;1;;2908,71
27391;Azara Y French - (AUTOSERVICIOS) 1515;BANFIELD;2026-10-06;06-10-2026;05-10-2026;FAC-A-133196;Venta;LAGOPUELO S.A;61046;15,00;22306,05;26990,32;Odoguardi Pascual;;18,00 %;074;Romina Baez;;Aydn RopQuitMnch BlncInt 15/1l;1487,07;3442;;3;Autoservicio B;1395,00;MARIANO SOSA;;$;2;GRUPO AYUDIN ARGENTINA S.A;;;CON;;;;;;;LAVADO DE ROPA;;;;;300;Bruno Centurion;AXUM;;;False;133196;0;1;;;;;;1;;1487,07
27391;Azara Y French - (AUTOSERVICIOS) 1515;BANFIELD;2026-10-06;06-10-2026;05-10-2026;FAC-A-133196;Venta;LAGOPUELO S.A;60231;15,00;24339,00;29450,19;Odoguardi Pascual;;0,00 %;074;Romina Baez;;Aydn A-Sp Trad 15/1l GP2;1622,60;3442;;3;Autoservicio B;1220,00;MARIANO SOSA;;$;2;GRUPO AYUDIN ARGENTINA S.A;;;CON;;;;;;;LAVANDINA;;;;;300;Bruno Centurion;AXUM;;;False;133196;0;1;;;;;;1;;1622,60
27391;Azara Y French - (AUTOSERVICIOS) 1515;BANFIELD;2026-10-06;06-10-2026;05-10-2026;FAC-A-133196;Venta;LAGOPUELO S.A;60233;15,00;37086,05;44874,12;Odoguardi Pascual;;15,00 %;074;Romina Baez;;Aydn Lavdna Gel Or 15/700ml GP2;2472,40;3442;;3;Autoservicio B;2187,00;MARIANO SOSA;;$;2;GRUPO AYUDIN ARGENTINA S.A;;;CON;;;;;;;LAVANDINA;;;;;300;Bruno Centurion;AXUM;;;False;133196;0;1;;;;;;1;;2472,40
27391;Azara Y French - (AUTOSERVICIOS) 1515;BANFIELD;2026-10-06;06-10-2026;05-10-2026;FAC-A-133196;Venta;LAGOPUELO S.A;60240;15,00;37086,05;44874,12;Odoguardi Pascual;;15,00 %;074;Romina Baez;;Aydn Lavdna Gel Lavda EXPRT 15/700ml GP2;2472,40;3442;;3;Autoservicio B;2187,00;MARIANO SOSA;;$;2;GRUPO AYUDIN ARGENTINA S.A;;;CON;;;;;;;LAVANDINA;;;;;300;Bruno Centurion;AXUM;;;False;133196;0;1;;;;;;1;;2472,40
449;CALLE 26 (entre 158 y 159) 5837;Berazategui;2026-10-06;06-10-2026;05-10-2026;FAC-A-133207;Venta;Empresa LAGOPUELO;60386;4,00;5250,69;6353,33;Nelida Ferrel Flores;;20,00 %;5;Eliana Huber;;Poett EsptPly 12/900ml;1312,67;3443;;2;ALMACEN;1292,00;JUAN ESCOTO;;$;2;GRUPO AYUDIN ARGENTINA S.A;;;EFV;;;;;;;PISO;;;;;25;JOHANA VIGIL;AXUM;;;False;133207;0;1;;;;;;1;;1312,67
449;CALLE 26 (entre 158 y 159) 5837;Berazategui;2026-10-06;06-10-2026;05-10-2026;FAC-A-133207;Venta;Empresa LAGOPUELO;34320;4,00;5250,69;6353,33;Nelida Ferrel Flores;;20,00 %;5;Eliana Huber;;Poett Desinf. Frescura de Lavanda 900ml;1312,67;3443;;2;ALMACEN;1292,00;JUAN ESCOTO;;$;2;GRUPO AYUDIN ARGENTINA S.A;;;EFV;;;;;;;PISO;;;;;25;JOHANA VIGIL;AXUM;;;False;133207;0;1;;;;;;1;;1312,67
449;CALLE 26 (entre 158 y 159) 5837;Berazategui;2026-10-06;06-10-2026;05-10-2026;FAC-A-133207;Venta;Empresa LAGOPUELO;34334;4,00;5250,69;6353,33;Nelida Ferrel Flores;;20,00 %;5;Eliana Huber;;Poett Dsnf SuadBebe 12/900ml;1312,67;3443;;2;ALMACEN;1292,00;JUAN ESCOTO;;$;2;GRUPO AYUDIN ARGENTINA S.A;;;EFV;;;;;;;PISO;;;;;25;JOHANA VIGIL;AXUM;;;False;133207;0;1;;;;;;1;;1312,67
23576;Coronel Mariano Echenaguc√≠a - (TRADICIONAL) 958;BURZACO;2026-10-06;06-10-2026;05-10-2026;FAC-A-133214;Venta;Empresa LAGOPUELO;61816;6,00;17091,36;20680,55;HUGO CAMELINO;;20,00 %;063;Daniel Martin;;Sltn MataMosq Aer AccInst 6/360ml BA;2848,56;3444;;OTR;SIN SUB;2739,00;CLAUDIO GARCIA;;$;2;GRUPO AYUDIN ARGENTINA S.A;;;CON;;;;;;;SELTON;;;;;300;Bruno Centurion;AXUM;;;False;133214;0;1;;;;;;1;;2848,56
5870;EPECUEN E/Bustos y arana gorin - (PARQUE BARON) - (Autoservicio) 428;LOMAS DE ZAMORA;2026-10-06;06-10-2026;05-10-2026;FAC-A-133228;Venta;LAGOPUELO S.A;17927;75,00;61287,19;74157,50;LI QIU PING;;23,00 %;073;Florencia Cubilla;;AYDN LAVDNA OR 15/1L;817,16;3442;;3;Autoservicio B;849,00;MARIANO SOSA;;$;2;GRUPO AYUDIN ARGENTINA S.A;;;CON;;;;;;;LAVANDINA;;;;;300;Bruno Centurion;AXUM;;;False;133228;0;1;;;;;;1;;817,16
5870;EPECUEN E/Bustos y arana gorin - (PARQUE BARON) - (Autoservicio) 428;LOMAS DE ZAMORA;2026-10-06;06-10-2026;05-10-2026;FAC-A-133228;Venta;LAGOPUELO S.A;60222;15,00;17403,75;21058,54;LI QIU PING;;15,00 %;073;Florencia Cubilla;;Aydn Lavda TriPod 15/1l GP2;1160,25;3442;;3;Autoservicio B;1050,00;MARIANO SOSA;;$;2;GRUPO AYUDIN ARGENTINA S.A;;;CON;;;;;;;LAVANDINA;;;;;300;Bruno Centurion;AXUM;;;False;133228;0;1;;;;;;1;;1160,25
5948;HUGO DEL CARRIL 1122;Almirante Brown;2026-10-06;06-10-2026;05-10-2026;FAC-B-133243;Venta;Empresa LAGOPUELO;34320;6,00;7876,03;9530,00;ALMACEN Y KIOSCO NARDA;;20,00 %;062;Nahuel Martinez;;Poett Desinf. Frescura de Lavanda 900ml;1312,67;3447;;2;ALMACEN;1292,00;WALTER JANIUK;;$;2;GRUPO AYUDIN ARGENTINA S.A;;;CON;;;;;;;PISO;;;;;300;Bruno Centurion;AXUM;;;False;133243;0;1;;;;;;1;;1312,67
5948;HUGO DEL CARRIL 1122;Almirante Brown;2026-10-06;06-10-2026;05-10-2026;FAC-B-133243;Venta;Empresa LAGOPUELO;34324;6,00;7876,03;9530,00;ALMACEN Y KIOSCO NARDA;;20,00 %;062;Nahuel Martinez;;Poett Desinf. Flores de Primavera 900ml;1312,67;3447;;2;ALMACEN;1292,00;WALTER JANIUK;;$;2;GRUPO AYUDIN ARGENTINA S.A;;;CON;;;;;;;PISO;;;;;300;Bruno Centurion;AXUM;;;False;133243;0;1;;;;;;1;;1312,67
22821;AV HUDSON - (PERFUMERIA) 191;FLORENCIO VARELA;2026-10-06;06-10-2026;05-10-2026;FAC-B-133252;Venta;LAGOPUELO S.A;36003;8,00;13912,00;16833,52;VARELA AZUCENA;;20,00 %;6;Nieves Alegre;;AYDN LAVDNA OR 25g/l 8/2l;1739,00;3463;;3;Autoservicio B;1739,00;SIMON OLIVERA;;$;2;GRUPO AYUDIN ARGENTINA S.A;;;CON;;;;;;;LAVANDINA;;;;;25;JOHANA VIGIL;AXUM;;;False;133252;0;1;;;;;;1;;1739,00
101048;Obon 2043 0;VALENTIN ALSINA;2026-10-06;06-10-2026;05-10-2026;FAC-A-133255;Venta;LAGOPUELO S.A;36003;80,00;133903,00;162022,63;Manrrique Raymundo;;23,00 %;29;Camila Navarrete;;AYDN LAVDNA OR 25g/l 8/2l;1673,79;3441;;3;AUTOSERVICIO;1739,00;HERNAN RIVERO;;$;2;GRUPO AYUDIN ARGENTINA S.A;;;EFV;;;;;;;LAVANDINA;;;;;25;JOHANA VIGIL;AXUM;;;False;133255;0;1;;;;;;1;;1673,79
106075;Calle 195 N 944 0;BERNAL;2026-10-06;06-10-2026;05-10-2026;FAC-B-133266;Venta;LAGOPUELO S.A;18098;12,00;18241,20;22071,85;Valeria;;0,00 %;056;Ezequiel Ferreira;;Mort Esp DobCara 4/24c;1520,10;3445;;georgalos-7;Almacen;1126,00;LEONARDO SANTA CRUZ;;$;2;GRUPO AYUDIN ARGENTINA S.A;;;EFV;;;;;;;MORTIMER;;;;;300;Bruno Centurion;AXUM;;;False;133266;0;1;;;;;;1;;1520,10
23200;LAPRIDA - (TRADICIONAL) 302;LONGCHAMPS;2026-10-06;06-10-2026;05-10-2026;FAC-B-133275;Venta;Empresa LAGOPUELO;17927;60,00;49029,75;59326,00;ROJAS ELSA;;23,00 %;062;Nahuel Martinez;;AYDN LAVDNA OR 15/1L;817,16;3447;;2;ALMACEN;849,00;WALTER JANIUK;;$;2;GRUPO AYUDIN ARGENTINA S.A;;;CON;;;;;;;LAVANDINA;;;;;300;Bruno Centurion;AXUM;;;False;133275;0;1;;;;;;1;;817,16
23200;LAPRIDA - (TRADICIONAL) 302;LONGCHAMPS;2026-10-06;06-10-2026;05-10-2026;FAC-B-133275;Venta;Empresa LAGOPUELO;36003;16,00;26780,60;32404,53;ROJAS ELSA;;23,00 %;062;Nahuel Martinez;;AYDN LAVDNA OR 25g/l 8/2l;1673,79;3447;;2;ALMACEN;1739,00;WALTER JANIUK;;$;2;GRUPO AYUDIN ARGENTINA S.A;;;CON;;;;;;;LAVANDINA;;;;;300;Bruno Centurion;AXUM;;;False;133275;0;1;;;;;;1;;1673,79
5328;AV. HUDSON 553;FLORENCIO VARELA;2026-10-06;06-10-2026;05-10-2026;FAC-A-133278;Venta;LAGOPUELO S.A;61046;15,00;23122,13;27977,77;MAMAMI VALERIA NATALIA;;15,00 %;6;Nieves Alegre;;Aydn RopQuitMnch BlncInt 15/1l;1541,48;3463;;2;ALMACEN;1395,00;SIMON OLIVERA;;$;2;GRUPO AYUDIN ARGENTINA S.A;;;CON;;;;;;;LAVADO DE ROPA;;;;;25;JOHANA VIGIL;AXUM;;;False;133278;0;1;;;;;;1;;1541,48
5328;AV. HUDSON 553;FLORENCIO VARELA;2026-10-06;06-10-2026;05-10-2026;FAC-A-133278;Venta;LAGOPUELO S.A;34321;16,00;51542,40;62366,30;MAMAMI VALERIA NATALIA;;0,00 %;6;Nieves Alegre;;Poett Desinf. Frescura de Lavanda 1.8ml;3221,40;3463;;2;ALMACEN;2478,00;SIMON OLIVERA;;$;2;GRUPO AYUDIN ARGENTINA S.A;;;CON;;;;;;;PISO;;;;;25;JOHANA VIGIL;AXUM;;;False;133278;0;1;;;;;;1;;3221,40
5328;AV. HUDSON 553;FLORENCIO VARELA;2026-10-06;06-10-2026;05-10-2026;FAC-A-133278;Venta;LAGOPUELO S.A;36003;8,00;13912,00;16833,52;MAMAMI VALERIA NATALIA;;20,00 %;6;Nieves Alegre;;AYDN LAVDNA OR 25g/l 8/2l;1739,00;3463;;2;ALMACEN;1739,00;SIMON OLIVERA;;$;2;GRUPO AYUDIN ARGENTINA S.A;;;CON;;;;;;;LAVANDINA;;;;;25;JOHANA VIGIL;AXUM;;;False;133278;0;1;;;;;;1;;1739,00
103349;Uruguay 998 0;Avellaneda;2026-10-06;06-10-2026;05-10-2026;FAC-A-133286;Venta;ELEBES;17994;4,00;10671,92;12913,02;Vera Natalia;;0,00 %;27;Samanta Dogliotti;;ArcIris DoyPk 12/500ml;2667,98;3441;;georgalos-7;Almacen;2006,00;HERNAN RIVERO;;$;2;GRUPO AYUDIN ARGENTINA S.A;;;EFV;;;;;;;OTROS LIMPIADORES;;;;;25;JOHANA VIGIL;AXUM;;;False;133286;0;1;;;;;;1;;2667,98
27494;AV J. D. PERON - (AUTOSERVICIOS) 4842;ING BUDGE;2026-10-06;06-10-2026;05-10-2026;FAC-A-133288;Venta;LAGOPUELO S.A;17927;75,00;61287,19;74157,50;HE WENXIA;;23,00 %;073;Florencia Cubilla;;AYDN LAVDNA OR 15/1L;817,16;3442;;3;Autoservicio B;849,00;MARIANO SOSA;;$;2;GRUPO AYUDIN ARGENTINA S.A;;;CON;;;;;;;LAVANDINA;;;;;300;Bruno Centurion;AXUM;;;False;133288;0;1;;;;;;1;;817,16
27494;AV J. D. PERON - (AUTOSERVICIOS) 4842;ING BUDGE;2026-10-06;06-10-2026;05-10-2026;FAC-A-133288;Venta;LAGOPUELO S.A;61046;15,00;22306,05;26990,32;HE WENXIA;;18,00 %;073;Florencia Cubilla;;Aydn RopQuitMnch BlncInt 15/1l;1487,07;3442;;3;Autoservicio B;1395,00;MARIANO SOSA;;$;2;GRUPO AYUDIN ARGENTINA S.A;;;CON;;;;;;;LAVADO DE ROPA;;;;;300;Bruno Centurion;AXUM;;;False;133288;0;1;;;;;;1;;1487,07
23743;ALEM - (AUTOSERVICIOS) 2934;MONTE GRANDE;2026-10-06;06-10-2026;05-10-2026;FAC-A-133293;Venta;LAGOPUELO S.A;34334;12,00;14373,76;17392,25;LIN XINWEI;;27,00 %;064;Karina Fernandez;;Poett Dsnf SuadBebe 12/900ml;1197,81;3444;;3;Autoservicio A;1292,00;CLAUDIO GARCIA;;$;2;GRUPO AYUDIN ARGENTINA S.A;;;CON;;;;;;;PISO;;;;;300;Bruno Centurion;AXUM;;;False;133293;0;1;;;;;;1;;1197,81
2405;AV. 33 5840;Berazategui;2026-10-06;06-10-2026;05-10-2026;FAC-A-133320;Venta;LAGOPUELO S.A;34324;3,00;3938,02;4765,00;LUQUE LILIANA;;20,00 %;5;Eliana Huber;;Poett Desinf. Flores de Primavera 900ml;1312,67;3443;;2;ALMACEN;1292,00;JUAN ESCOTO;;$;2;GRUPO AYUDIN ARGENTINA S.A;;;CON;;;;;;;PISO;;;;;25;JOHANA VIGIL;AXUM;;;False;133320;0;1;;;;;;1;;1312,67
2405;AV. 33 5840;Berazategui;2026-10-06;06-10-2026;05-10-2026;FAC-A-133320;Venta;LAGOPUELO S.A;34342;3,00;3938,02;4765,00;LUQUE LILIANA;;20,00 %;5;Eliana Huber;;Poett Dsnf AlgrDia 12/900ml;1312,67;3443;;2;ALMACEN;1292,00;JUAN ESCOTO;;$;2;GRUPO AYUDIN ARGENTINA S.A;;;CON;;;;;;;PISO;;;;;25;JOHANA VIGIL;AXUM;;;False;133320;0;1;;;;;;1;;1312,67
2405;AV. 33 5840;Berazategui;2026-10-06;06-10-2026;05-10-2026;FAC-A-133320;Venta;LAGOPUELO S.A;60386;3,00;3938,02;4765,00;LUQUE LILIANA;;20,00 %;5;Eliana Huber;;Poett EsptPly 12/900ml;1312,67;3443;;2;ALMACEN;1292,00;JUAN ESCOTO;;$;2;GRUPO AYUDIN ARGENTINA S.A;;;CON;;;;;;;PISO;;;;;25;JOHANA VIGIL;AXUM;;;False;133320;0;1;;;;;;1;;1312,67
2405;AV. 33 5840;Berazategui;2026-10-06;06-10-2026;05-10-2026;FAC-A-133320;Venta;LAGOPUELO S.A;34334;3,00;3938,02;4765,00;LUQUE LILIANA;;20,00 %;5;Eliana Huber;;Poett Dsnf SuadBebe 12/900ml;1312,67;3443;;2;ALMACEN;1292,00;JUAN ESCOTO;;$;2;GRUPO AYUDIN ARGENTINA S.A;;;CON;;;;;;;PISO;;;;;25;JOHANA VIGIL;AXUM;;;False;133320;0;1;;;;;;1;;1312,67
323025;BARTOLOME MITRE 654;FLORENCIO VARELA;2026-10-01;01-10-2026;05-10-2026;NCR-A-133326;DevoluciÛn por Rechazo;LAGOPUELO S.A;18098;-12,00;-13680,90;-16553,89;WENG FENGMEI;RECHAZA, MUY CARO;25,00 %;6;Nieves Alegre;;Mort Esp DobCara 4/24c;1140,08;3392;;3;AUTOSERVICIO;1126,00;WALTER JANIUK;;$;2;GRUPO AYUDIN ARGENTINA S.A;;;CON;;;;;;;MORTIMER;;;;;25;JOHANA VIGIL;gcw;131377;;True;133326;0;1;;;;;;1;;1140,08
31637;GRISNTEIN 3049;FLORENCIO VARELA;2026-10-01;01-10-2026;05-10-2026;NCR-B-133328;DevoluciÛn por Rechazo;LAGOPUELO S.A;33575;-6,00;-10818,09;-13089,89;FILIBERTO BALTAZAR;SIN DINERO;5,00 %;6;Nieves Alegre;;Aydn Ropa ClrViv DoyPk 16/400ml;1803,01;3392;;3;AUTOSERVICIO;1427,00;WALTER JANIUK;;$;2;GRUPO AYUDIN ARGENTINA S.A;;;CON;;;;;;;LAVADO DE ROPA;;;;;25;JOHANA VIGIL;gcw;131423;;True;133328;0;1;;;;;;1;;1803,01
28046;SANTIAGO DE LINIERS - (TRADICIONAL) 1350;EZEIZA;2026-10-06;06-10-2026;05-10-2026;FAC-A-133333;Venta;LAGOPUELO S.A;17927;15,00;12735,00;15409,35;CRISTIAN NU—EZ;;20,00 %;075;Julieta Yegros;;AYDN LAVDNA OR 15/1L;849,00;3446;;5;KIOSCO;849,00;IVAN MONTOYA;;$;2;GRUPO AYUDIN ARGENTINA S.A;;;CON;;;;;;;LAVANDINA;;;;;300;Bruno Centurion;AXUM;;;False;133333;0;1;;;;;;1;;849,00
28046;SANTIAGO DE LINIERS - (TRADICIONAL) 1350;EZEIZA;2026-10-06;06-10-2026;05-10-2026;FAC-A-133333;Venta;LAGOPUELO S.A;34320;4,00;5250,69;6353,33;CRISTIAN NU—EZ;;20,00 %;075;Julieta Yegros;;Poett Desinf. Frescura de Lavanda 900ml;1312,67;3446;;5;KIOSCO;1292,00;IVAN MONTOYA;;$;2;GRUPO AYUDIN ARGENTINA S.A;;;CON;;;;;;;PISO;;;;;300;Bruno Centurion;AXUM;;;False;133333;0;1;;;;;;1;;1312,67
28046;SANTIAGO DE LINIERS - (TRADICIONAL) 1350;EZEIZA;2026-10-06;06-10-2026;05-10-2026;FAC-A-133333;Venta;LAGOPUELO S.A;34327;4,00;5250,69;6353,33;CRISTIAN NU—EZ;;20,00 %;075;Julieta Yegros;;Poett Desinf. Solo para ti 900ml;1312,67;3446;;5;KIOSCO;1292,00;IVAN MONTOYA;;$;2;GRUPO AYUDIN ARGENTINA S.A;;;CON;;;;;;;PISO;;;;;300;Bruno Centurion;AXUM;;;False;133333;0;1;;;;;;1;;1312,67
28046;SANTIAGO DE LINIERS - (TRADICIONAL) 1350;EZEIZA;2026-10-06;06-10-2026;05-10-2026;FAC-A-133333;Venta;LAGOPUELO S.A;34324;4,00;5250,69;6353,33;CRISTIAN NU—EZ;;20,00 %;075;Julieta Yegros;;Poett Desinf. Flores de Primavera 900ml;1312,67;3446;;5;KIOSCO;1292,00;IVAN MONTOYA;;$;2;GRUPO AYUDIN ARGENTINA S.A;;;CON;;;;;;;PISO;;;;;300;Bruno Centurion;AXUM;;;False;133333;0;1;;;;;;1;;1312,67
22147;CALLE N¬∫ 6225 - (TRADICIONAL) 28;BERAZATEGU√¬ç;2026-10-06;06-10-2026;05-10-2026;FAC-B-133335;Venta;Empresa LAGOPUELO;17927;30,00;25470,00;30818,70;SOLIS JUANA;;20,00 %;5;Eliana Huber;;AYDN LAVDNA OR 15/1L;849,00;3443;;2;ALMACEN;849,00;JUAN ESCOTO;;$;2;GRUPO AYUDIN ARGENTINA S.A;;;CON;;;;;;;LAVANDINA;;;;;25;JOHANA VIGIL;AXUM;;;False;133335;0;1;;;;;;1;;849,00
107787;Monse√±or De Andrea 1040 0;BERNAL;2026-10-06;06-10-2026;05-10-2026;FAC-A-133342;Venta;LAGOPUELO S.A;61577;16,00;22565,92;27304,76;Lu Xiaoshou;;5,00 %;056;Ezequiel Ferreira;;Aydn Coc† Pod Act Or† DoyPk 16/450ml;1410,37;3445;;3;AUTOSERVICIO;1142,00;LEONARDO SANTA CRUZ;;$;2;GRUPO AYUDIN ARGENTINA S.A;;;EFV;;;;;;;COCINA;;;;;300;Bruno Centurion;AXUM;;;False;133342;0;1;;;;;;1;;1410,37
107787;Monse√±or De Andrea 1040 0;BERNAL;2026-10-06;06-10-2026;05-10-2026;FAC-A-133342;Venta;LAGOPUELO S.A;33575;8,00;15183,28;18371,77;Lu Xiaoshou;;0,00 %;056;Ezequiel Ferreira;;Aydn Ropa ClrViv DoyPk 16/400ml;1897,91;3445;;3;AUTOSERVICIO;1427,00;LEONARDO SANTA CRUZ;;$;2;GRUPO AYUDIN ARGENTINA S.A;;;EFV;;;;;;;LAVADO DE ROPA;;;;;300;Bruno Centurion;AXUM;;;False;133342;0;1;;;;;;1;;1897,91
107787;Monse√±or De Andrea 1040 0;BERNAL;2026-10-06;06-10-2026;05-10-2026;FAC-A-133342;Venta;LAGOPUELO S.A;34327;12,00;15752,06;19060,00;Lu Xiaoshou;;20,00 %;056;Ezequiel Ferreira;;Poett Desinf. Solo para ti 900ml;1312,67;3445;;3;AUTOSERVICIO;1292,00;LEONARDO SANTA CRUZ;;$;2;GRUPO AYUDIN ARGENTINA S.A;;;EFV;;;;;;;PISO;;;;;300;Bruno Centurion;AXUM;;;False;133342;0;1;;;;;;1;;1312,67
107787;Monse√±or De Andrea 1040 0;BERNAL;2026-10-06;06-10-2026;05-10-2026;FAC-A-133342;Venta;LAGOPUELO S.A;34334;12,00;15752,06;19060,00;Lu Xiaoshou;;20,00 %;056;Ezequiel Ferreira;;Poett Dsnf SuadBebe 12/900ml;1312,67;3445;;3;AUTOSERVICIO;1292,00;LEONARDO SANTA CRUZ;;$;2;GRUPO AYUDIN ARGENTINA S.A;;;EFV;;;;;;;PISO;;;;;300;Bruno Centurion;AXUM;;;False;133342;0;1;;;;;;1;;1312,67
107787;Monse√±or De Andrea 1040 0;BERNAL;2026-10-06;06-10-2026;05-10-2026;FAC-A-133342;Venta;LAGOPUELO S.A;60386;12,00;15752,06;19060,00;Lu Xiaoshou;;20,00 %;056;Ezequiel Ferreira;;Poett EsptPly 12/900ml;1312,67;3445;;3;AUTOSERVICIO;1292,00;LEONARDO SANTA CRUZ;;$;2;GRUPO AYUDIN ARGENTINA S.A;;;EFV;;;;;;;PISO;;;;;300;Bruno Centurion;AXUM;;;False;133342;0;1;;;;;;1;;1312,67
107787;Monse√±or De Andrea 1040 0;BERNAL;2026-10-06;06-10-2026;05-10-2026;FAC-A-133342;Venta;LAGOPUELO S.A;60888;6,00;14924,13;18058,20;Lu Xiaoshou;;15,00 %;056;Ezequiel Ferreira;;Poett Aer SvdAlg ExtFrag 6/360ml;2487,36;3445;;3;AUTOSERVICIO;2251,00;LEONARDO SANTA CRUZ;;$;2;GRUPO AYUDIN ARGENTINA S.A;;;EFV;;;;;;;AERO POETT;;;;;300;Bruno Centurion;AXUM;;;False;133342;0;1;;;;;;1;;2487,36
107787;Monse√±or De Andrea 1040 0;BERNAL;2026-10-06;06-10-2026;05-10-2026;FAC-A-133342;Venta;LAGOPUELO S.A;60886;6,00;14924,13;18058,20;Lu Xiaoshou;;15,00 %;056;Ezequiel Ferreira;;Poett Aer FlrPrm ExtFrag 6/360ml;2487,36;3445;;3;AUTOSERVICIO;2251,00;LEONARDO SANTA CRUZ;;$;2;GRUPO AYUDIN ARGENTINA S.A;;;EFV;;;;;;;AERO POETT;;;;;300;Bruno Centurion;AXUM;;;False;133342;0;1;;;;;;1;;2487,36
107787;Monse√±or De Andrea 1040 0;BERNAL;2026-10-06;06-10-2026;05-10-2026;FAC-A-133342;Venta;LAGOPUELO S.A;60885;6,00;14924,13;18058,20;Lu Xiaoshou;;15,00 %;056;Ezequiel Ferreira;;Poett Aer FlrLavda ExtFrag 6/360ml;2487,36;3445;;3;AUTOSERVICIO;2251,00;LEONARDO SANTA CRUZ;;$;2;GRUPO AYUDIN ARGENTINA S.A;;;EFV;;;;;;;AERO POETT;;;;;300;Bruno Centurion;AXUM;;;False;133342;0;1;;;;;;1;;2487,36
1788;CALLE 13 322;BERAZATEGUI;2026-10-06;06-10-2026;05-10-2026;FAC-A-133347;Venta;LAGOPUELO S.A;17927;15,00;12735,00;15409,35;MARIANA BARRAZA;;20,00 %;4;Selene Pawlikowski;;AYDN LAVDNA OR 15/1L;849,00;3463;;2;ALMACEN;849,00;SIMON OLIVERA;;$;2;GRUPO AYUDIN ARGENTINA S.A;;;CON;;;;;;;LAVANDINA;;;;;25;JOHANA VIGIL;AXUM;;;False;133347;0;1;;;;;;1;;849,00
1788;CALLE 13 322;BERAZATEGUI;2026-10-06;06-10-2026;05-10-2026;FAC-A-133347;Venta;LAGOPUELO S.A;36001;12,00;15752,06;19060,00;MARIANA BARRAZA;;20,00 %;4;Selene Pawlikowski;;POETT FRSC TROP 12/900;1312,67;3463;;2;ALMACEN;1292,00;SIMON OLIVERA;;$;2;GRUPO AYUDIN ARGENTINA S.A;;;CON;;;;;;;PISO;;;;;25;JOHANA VIGIL;AXUM;;;False;133347;0;1;;;;;;1;;1312,67
1788;CALLE 13 322;BERAZATEGUI;2026-10-06;06-10-2026;05-10-2026;FAC-A-133347;Venta;LAGOPUELO S.A;34327;12,00;15752,06;19060,00;MARIANA BARRAZA;;20,00 %;4;Selene Pawlikowski;;Poett Desinf. Solo para ti 900ml;1312,67;3463;;2;ALMACEN;1292,00;SIMON OLIVERA;;$;2;GRUPO AYUDIN ARGENTINA S.A;;;CON;;;;;;;PISO;;;;;25;JOHANA VIGIL;AXUM;;;False;133347;0;1;;;;;;1;;1312,67
1788;CALLE 13 322;BERAZATEGUI;2026-10-06;06-10-2026;05-10-2026;FAC-A-133347;Venta;LAGOPUELO S.A;60222;15,00;14793,19;17899,76;MARIANA BARRAZA;;27,75 %;4;Selene Pawlikowski;;Aydn Lavda TriPod 15/1l GP2;986,21;3463;;2;ALMACEN;1050,00;SIMON OLIVERA;;$;2;GRUPO AYUDIN ARGENTINA S.A;;;CON;;;;;;;LAVANDINA;;;;;25;JOHANA VIGIL;AXUM;;;False;133347;0;1;;;;;;1;;986,21
6377;AV. EVA PERON 7499;Varela;2026-10-07;07-10-2026;05-10-2026;FAC-A-133349;Venta;LAGOPUELO S.A;60223;24,00;47157,86;57061,02;Zhou Xinchen;;27,75 %;7;Myrian Lertora;;Aydn Lavda TriPod 8/2l GP2;1964,91;3455;;3;AUTOSERVICIO;2092,00;IVAN MONTOYA;;$;2;GRUPO AYUDIN ARGENTINA S.A;;;CON;;;;;;;LAVANDINA;;;;;25;JOHANA VIGIL;gcw;;;False;133349;0;1;;;;;;1;;1964,91
6377;AV. EVA PERON 7499;Varela;2026-10-07;07-10-2026;05-10-2026;FAC-A-133349;Venta;LAGOPUELO S.A;60227;16,00;31438,58;38040,68;Zhou Xinchen;;27,75 %;7;Myrian Lertora;;Aydn PurGlac TriPod 8/2l GP2;1964,91;3455;;3;AUTOSERVICIO;2092,00;IVAN MONTOYA;;$;2;GRUPO AYUDIN ARGENTINA S.A;;;CON;;;;;;;LAVANDINA;;;;;25;JOHANA VIGIL;gcw;;;False;133349;0;1;;;;;;1;;1964,91
2283;CALLE 762 935;Varela;2026-10-07;07-10-2026;05-10-2026;FAC-A-133351;Venta;LAGOPUELO S.A;17927;15,00;15918,75;19261,69;MAMANI CALLATA SOFIA;;0,00 %;7;Myrian Lertora;;AYDN LAVDNA OR 15/1L;1061,25;3455;;2;ALMACEN;849,00;IVAN MONTOYA;;$;2;GRUPO AYUDIN ARGENTINA S.A;;;CON;;;;;;;LAVANDINA;;;;;25;JOHANA VIGIL;gcw;;;False;133351;0;1;;;;;;1;;1061,25
878;san martin 1266;Longchamps;2026-10-05;05-10-2026;06-10-2026;NCR-A-133383;DevoluciÛn por Rechazo;LAGOPUELO S.A;60233;-5,00;-12362,02;-14958,04;Chen Dami;SIN DINERO;15,00 %;062;Nahuel Martinez;;Aydn Lavdna Gel Or 15/700ml GP2;2472,40;3433;;3;AUTOSERVICIO;2187,00;WALTER JANIUK;;$;2;GRUPO AYUDIN ARGENTINA S.A;;;CON;;;;;;;LAVANDINA;;;;;300;Bruno Centurion;gcw;132486;;True;133383;0;1;;;;;;1;;2472,40
878;san martin 1266;Longchamps;2026-10-05;05-10-2026;06-10-2026;NCR-A-133383;DevoluciÛn por Rechazo;LAGOPUELO S.A;60234;-5,00;-12362,02;-14958,04;Chen Dami;SIN DINERO;15,00 %;062;Nahuel Martinez;;Aydn Lavdna Gel Ctra 15/700ml GP2;2472,40;3433;;3;AUTOSERVICIO;2187,00;WALTER JANIUK;;$;2;GRUPO AYUDIN ARGENTINA S.A;;;CON;;;;;;;LAVANDINA;;;;;300;Bruno Centurion;gcw;132486;;True;133383;0;1;;;;;;1;;2472,40
878;san martin 1266;Longchamps;2026-10-05;05-10-2026;06-10-2026;NCR-A-133383;DevoluciÛn por Rechazo;LAGOPUELO S.A;60237;-5,00;-12362,02;-14958,04;Chen Dami;SIN DINERO;15,00 %;062;Nahuel Martinez;;Aydn Lavdna Gel Flr 15/700ml GP2;2472,40;3433;;3;AUTOSERVICIO;2187,00;WALTER JANIUK;;$;2;GRUPO AYUDIN ARGENTINA S.A;;;CON;;;;;;;LAVANDINA;;;;;300;Bruno Centurion;gcw;132486;;True;133383;0;1;;;;;;1;;2472,40
878;san martin 1266;Longchamps;2026-10-05;05-10-2026;06-10-2026;NCR-A-133383;DevoluciÛn por Rechazo;LAGOPUELO S.A;60239;-5,00;-12362,02;-14958,04;Chen Dami;SIN DINERO;15,00 %;062;Nahuel Martinez;;Aydn Lavdna Gel MntFrs 15/700ml GP2;2472,40;3433;;3;AUTOSERVICIO;2187,00;WALTER JANIUK;;$;2;GRUPO AYUDIN ARGENTINA S.A;;;CON;;;;;;;LAVANDINA;;;;;300;Bruno Centurion;gcw;132486;;True;133383;0;1;;;;;;1;;2472,40
878;san martin 1266;Longchamps;2026-10-05;05-10-2026;06-10-2026;NCR-A-133383;DevoluciÛn por Rechazo;LAGOPUELO S.A;60240;-5,00;-12362,02;-14958,04;Chen Dami;SIN DINERO;15,00 %;062;Nahuel Martinez;;Aydn Lavdna Gel Lavda EXPRT 15/700ml GP2;2472,40;3433;;3;AUTOSERVICIO;2187,00;WALTER JANIUK;;$;2;GRUPO AYUDIN ARGENTINA S.A;;;CON;;;;;;;LAVANDINA;;;;;300;Bruno Centurion;gcw;132486;;True;133383;0;1;;;;;;1;;2472,40
878;san martin 1266;Longchamps;2026-10-05;05-10-2026;06-10-2026;NCR-A-133383;DevoluciÛn por Rechazo;LAGOPUELO S.A;60222;-15,00;-17403,75;-21058,54;Chen Dami;SIN DINERO;15,00 %;062;Nahuel Martinez;;Aydn Lavda TriPod 15/1l GP2;1160,25;3433;;3;AUTOSERVICIO;1050,00;WALTER JANIUK;;$;2;GRUPO AYUDIN ARGENTINA S.A;;;CON;;;;;;;LAVANDINA;;;;;300;Bruno Centurion;gcw;132486;;True;133383;0;1;;;;;;1;;1160,25
878;san martin 1266;Longchamps;2026-10-05;05-10-2026;06-10-2026;NCR-A-133383;DevoluciÛn por Rechazo;LAGOPUELO S.A;61620;-5,00;-16737,50;-20252,38;Chen Dami;SIN DINERO;0,00 %;062;Nahuel Martinez;;Aydn Bn Limp† Act Or Gat 12/500 ml;3347,50;3433;;3;AUTOSERVICIO;2575,00;WALTER JANIUK;;$;2;GRUPO AYUDIN ARGENTINA S.A;;;CON;;;;;;;BAÒO;;;;;300;Bruno Centurion;gcw;132486;;True;133383;0;1;;;;;;1;;3347,50
1027;CALLE 4 1495;BERAZATEGUI;2026-10-05;05-10-2026;06-10-2026;NCR-A-133387;DevoluciÛn por Rechazo;LAGOPUELO S.A;34320;-12,00;-19690,08;-23825,00;MACIEL AMARILLA BLANCA NIEVE;SIN DINERO;0,00 %;5;Eliana Huber;;Poett Desinf. Frescura de Lavanda 900ml;1640,84;3428;;3;AUTOSERVICIO;1292,00;CLAUDIO GARCIA;;$;2;GRUPO AYUDIN ARGENTINA S.A;;;CON;;;;;;;PISO;;;;;25;JOHANA VIGIL;gcw;132455;;True;133387;0;1;;;;;;1;;1640,84
1027;CALLE 4 1495;BERAZATEGUI;2026-10-05;05-10-2026;06-10-2026;NCR-A-133387;DevoluciÛn por Rechazo;LAGOPUELO S.A;34336;-12,00;-19690,08;-23825,00;MACIEL AMARILLA BLANCA NIEVE;SIN DINERO;0,00 %;5;Eliana Huber;;Poett Dsnf SuadAlg 12/900ml;1640,84;3428;;3;AUTOSERVICIO;1292,00;CLAUDIO GARCIA;;$;2;GRUPO AYUDIN ARGENTINA S.A;;;CON;;;;;;;PISO;;;;;25;JOHANA VIGIL;gcw;132455;;True;133387;0;1;;;;;;1;;1640,84
1027;CALLE 4 1495;BERAZATEGUI;2026-10-05;05-10-2026;06-10-2026;NCR-A-133387;DevoluciÛn por Rechazo;LAGOPUELO S.A;34324;-12,00;-19690,08;-23825,00;MACIEL AMARILLA BLANCA NIEVE;SIN DINERO;0,00 %;5;Eliana Huber;;Poett Desinf. Flores de Primavera 900ml;1640,84;3428;;3;AUTOSERVICIO;1292,00;CLAUDIO GARCIA;;$;2;GRUPO AYUDIN ARGENTINA S.A;;;CON;;;;;;;PISO;;;;;25;JOHANA VIGIL;gcw;132455;;True;133387;0;1;;;;;;1;;1640,84
2717;GORRITI 850;FLORENCIO VARELA;2026-10-05;05-10-2026;06-10-2026;NCR-B-133393;DevoluciÛn por Rechazo;ELEBES;36012;-48,00;-81064,80;-98088,41;EDUARDO ALBERTO CACERES;CERRADO DENTRO DE HORARIO;0,00 %;6;Nieves Alegre;;Selton espirales 48x 12u;1688,85;3428;;2;ALMACEN;1251,00;CLAUDIO GARCIA;;$;2;GRUPO AYUDIN ARGENTINA S.A;;;CON;;;;;;;SELTON;;;;;25;JOHANA VIGIL;gcw;132343;;True;133393;0;1;;;;;;1;;1688,85
2717;GORRITI 850;FLORENCIO VARELA;2026-10-05;05-10-2026;06-10-2026;NCR-B-133394;DevoluciÛn por Rechazo;Empresa LAGOPUELO;17927;-15,00;-12735,00;-15409,35;EDUARDO ALBERTO CACERES;CERRADO DENTRO DE HORARIO;20,00 %;6;Nieves Alegre;;AYDN LAVDNA OR 15/1L;849,00;3428;;2;ALMACEN;849,00;CLAUDIO GARCIA;;$;2;GRUPO AYUDIN ARGENTINA S.A;;;CON;;;;;;;LAVANDINA;;;;;25;JOHANA VIGIL;gcw;132352;;True;133394;0;1;;;;;;1;;849,00
27892;GENERAL HORNOS - (ARTICULO DE LIMPIEZA) 1427;LOMAS DE ZAMORA;2026-10-07;07-10-2026;06-10-2026;FAC-A-133398;Venta;LAGOPUELO S.A;33575;32,00;60733,12;73487,08;ANA KARINA SANTOS;;0,00 %;073;Florencia Cubilla;;Aydn Ropa ClrViv DoyPk 16/400ml;1897,91;3456;;OTR;Articulo de limpieza;1427,00;NAHUEL MONTOYA;;$;2;GRUPO AYUDIN ARGENTINA S.A;;;CON;;;;;;;LAVADO DE ROPA;;;;;300;Bruno Centurion;AXUM;;;False;133398;0;1;;;;;;1;;1897,91
23664;TOMAS A EDISON - (AUTOSERVICIOS) 555;EL JAGUEL;2026-10-07;07-10-2026;06-10-2026;FAC-A-133403;Venta;LAGOPUELO S.A;60226;15,00;17403,75;21058,54;YAN SHIYUMEI;;15,00 %;064;Karina Fernandez;;Aydn PurGlac TriPod 15/1l GP2;1160,25;3458;;3;Autoservicio A;1050,00;WALTER JANIUK;;$;2;GRUPO AYUDIN ARGENTINA S.A;;;CON;;;;;;;LAVANDINA;;;;;300;Bruno Centurion;AXUM;;;False;133403;0;1;;;;;;1;;1160,25
23664;TOMAS A EDISON - (AUTOSERVICIOS) 555;EL JAGUEL;2026-10-07;07-10-2026;06-10-2026;FAC-A-133403;Venta;LAGOPUELO S.A;36003;120,00;195637,50;236721,38;YAN SHIYUMEI;;25,00 %;064;Karina Fernandez;;AYDN LAVDNA OR 25g/l 8/2l;1630,31;3458;;3;Autoservicio A;1739,00;WALTER JANIUK;;$;2;GRUPO AYUDIN ARGENTINA S.A;;;CON;;;;;;;LAVANDINA;;;;;300;Bruno Centurion;AXUM;;;False;133403;0;1;;;;;;1;;1630,31
23342;Rafael Obligado 460;GLEW;2026-10-07;07-10-2026;06-10-2026;FAC-A-133410;Venta;LAGOPUELO S.A;61046;15,00;22306,05;26990,32;NOVAR PATRICIA VIVIANA;;18,00 %;062;Nahuel Martinez;;Aydn RopQuitMnch BlncInt 15/1l;1487,07;3462;;3;Autoservicio A;1395,00;HERNAN RIVERO;;$;2;GRUPO AYUDIN ARGENTINA S.A;;;CON;;;;;;;LAVADO DE ROPA;;;;;300;Bruno Centurion;AXUM;;;False;133410;0;1;;;;;;1;;1487,07
23662;EVITA - (PERFUMERIA) 633;EL JAGUEL;2026-10-01;01-10-2026;06-10-2026;NCR-B-133416;DevoluciÛn por Rechazo;LAGOPUELO S.A;61046;-15,00;-23122,13;-27977,77;ELIZABETH BUSTAMANTE;NO QUIERE EL CLIENTE;15,00 %;064;Karina Fernandez;;Aydn RopQuitMnch BlncInt 15/1l;1541,48;3395;;georgalos-803;Perfumeria;1395,00;LEONARDO SANTA CRUZ;;$;2;GRUPO AYUDIN ARGENTINA S.A;;;CON;;;;;;;LAVADO DE ROPA;;;;;300;Bruno Centurion;gcw;130645;;True;133416;0;1;;;;;;1;;1541,48
102771;Lebensohn 241 0;BERNAL;2026-10-07;07-10-2026;06-10-2026;FAC-A-133428;Venta;LAGOPUELO S.A;36003;40,00;66951,50;81011,32;Negro Graciela;;23,00 %;053;Verona Abati;;AYDN LAVDNA OR 25g/l 8/2l;1673,79;3459;;georgalos-7;Almacen;1739,00;LEONARDO SANTA CRUZ;;$;2;GRUPO AYUDIN ARGENTINA S.A;;;EFV;;;;;;;LAVANDINA;;;;;300;Bruno Centurion;AXUM;;;False;133428;0;1;;;;;;1;;1673,79
107602;Manuel Maza 2755 0;LANUS;2026-10-07;07-10-2026;06-10-2026;FAC-A-133434;Venta;ELEBES;60222;15,00;17403,75;21058,54;Weng de;;15,00 %;26;Sabrina Pereyra;;Aydn Lavda TriPod 15/1l GP2;1160,25;3454;;3;AUTOSERVICIO;1050,00;SIMON OLIVERA;;$;2;GRUPO AYUDIN ARGENTINA S.A;;;EFV;;;;;;;LAVANDINA;;;;;25;JOHANA VIGIL;AXUM;;;False;133434;0;1;;;;;;1;;1160,25
107602;Manuel Maza 2755 0;LANUS;2026-10-07;07-10-2026;06-10-2026;FAC-A-133434;Venta;ELEBES;61046;15,00;22306,05;26990,32;Weng de;;18,00 %;26;Sabrina Pereyra;;Aydn RopQuitMnch BlncInt 15/1l;1487,07;3454;;3;AUTOSERVICIO;1395,00;SIMON OLIVERA;;$;2;GRUPO AYUDIN ARGENTINA S.A;;;EFV;;;;;;;LAVADO DE ROPA;;;;;25;JOHANA VIGIL;AXUM;;;False;133434;0;1;;;;;;1;;1487,07
3954;SAN MARTIN 1709;solano;2026-10-08;08-10-2026;06-10-2026;FAC-A-133437;Venta;LAGOPUELO S.A;61046;15,00;22306,05;26990,32;FAN QISONG;;18,00 %;056;Ezequiel Ferreira;;Aydn RopQuitMnch BlncInt 15/1l;1487,07;3478;;3;AUTOSERVICIO;1395,00;WALTER JANIUK;;$;2;GRUPO AYUDIN ARGENTINA S.A;;;CON;;;;;;;LAVADO DE ROPA;;;;;300;Bruno Centurion;AXUM;;;False;133437;0;1;;;;;;1;;1487,07
3954;SAN MARTIN 1709;solano;2026-10-08;08-10-2026;06-10-2026;FAC-A-133437;Venta;LAGOPUELO S.A;36003;8,00;17390,00;21041,90;FAN QISONG;;0,00 %;056;Ezequiel Ferreira;;AYDN LAVDNA OR 25g/l 8/2l;2173,75;3478;;3;AUTOSERVICIO;1739,00;WALTER JANIUK;;$;2;GRUPO AYUDIN ARGENTINA S.A;;;CON;;;;;;;LAVANDINA;;;;;300;Bruno Centurion;AXUM;;;False;133437;0;1;;;;;;1;;2173,75
3954;SAN MARTIN 1709;solano;2026-10-08;08-10-2026;06-10-2026;FAC-A-133437;Venta;LAGOPUELO S.A;60223;8,00;18493,28;22376,87;FAN QISONG;;15,00 %;056;Ezequiel Ferreira;;Aydn Lavda TriPod 8/2l GP2;2311,66;3478;;3;AUTOSERVICIO;2092,00;WALTER JANIUK;;$;2;GRUPO AYUDIN ARGENTINA S.A;;;CON;;;;;;;LAVANDINA;;;;;300;Bruno Centurion;AXUM;;;False;133437;0;1;;;;;;1;;2311,66
27660;TUYUTI - (TRADICIONAL) 1098;EZEIZA;2026-10-07;07-10-2026;06-10-2026;FAC-A-133441;Venta;LAGOPUELO S.A;36003;8,00;13912,00;16833,52;FABRICIO ESCURRA ILJUSZYK;;20,00 %;075;Julieta Yegros;;AYDN LAVDNA OR 25g/l 8/2l;1739,00;3458;;3;Autoservicio B;1739,00;WALTER JANIUK;;$;2;GRUPO AYUDIN ARGENTINA S.A;;;CON;;;;;;;LAVANDINA;;;;;300;Bruno Centurion;AXUM;;;False;133441;0;1;;;;;;1;;1739,00
29314;presidente peron 1774;LOMAS DE ZAMORA;2026-10-07;07-10-2026;06-10-2026;FAC-A-133449;Venta;Empresa LAGOPUELO;34320;48,00;59070,24;71474,99;CLAUDIO ROBERTO BAZAN;;25,00 %;074;Romina Baez;;Poett Desinf. Frescura de Lavanda 900ml;1230,63;3456;;6;MAYORISTA;1292,00;NAHUEL MONTOYA;;$;2;GRUPO AYUDIN ARGENTINA S.A;;;07D;;;;;;;PISO;;;;;300;Bruno Centurion;AXUM;;;False;133449;0;1;;;;;;1;;1230,63
29314;presidente peron 1774;LOMAS DE ZAMORA;2026-10-07;07-10-2026;06-10-2026;FAC-A-133449;Venta;Empresa LAGOPUELO;34324;24,00;29535,12;35737,50;CLAUDIO ROBERTO BAZAN;;25,00 %;074;Romina Baez;;Poett Desinf. Flores de Primavera 900ml;1230,63;3456;;6;MAYORISTA;1292,00;NAHUEL MONTOYA;;$;2;GRUPO AYUDIN ARGENTINA S.A;;;07D;;;;;;;PISO;;;;;300;Bruno Centurion;AXUM;;;False;133449;0;1;;;;;;1;;1230,63
29314;presidente peron 1774;LOMAS DE ZAMORA;2026-10-07;07-10-2026;06-10-2026;FAC-A-133449;Venta;Empresa LAGOPUELO;34336;12,00;14767,56;17868,75;CLAUDIO ROBERTO BAZAN;;25,00 %;074;Romina Baez;;Poett Dsnf SuadAlg 12/900ml;1230,63;3456;;6;MAYORISTA;1292,00;NAHUEL MONTOYA;;$;2;GRUPO AYUDIN ARGENTINA S.A;;;07D;;;;;;;PISO;;;;;300;Bruno Centurion;AXUM;;;False;133449;0;1;;;;;;1;;1230,63
29314;presidente peron 1774;LOMAS DE ZAMORA;2026-10-07;07-10-2026;06-10-2026;FAC-A-133449;Venta;Empresa LAGOPUELO;34338;24,00;29535,12;35737,50;CLAUDIO ROBERTO BAZAN;;25,00 %;074;Romina Baez;;Poett Dsnf MscPrmvra 12/900ml;1230,63;3456;;6;MAYORISTA;1292,00;NAHUEL MONTOYA;;$;2;GRUPO AYUDIN ARGENTINA S.A;;;07D;;;;;;;PISO;;;;;300;Bruno Centurion;AXUM;;;False;133449;0;1;;;;;;1;;1230,63
29314;presidente peron 1774;LOMAS DE ZAMORA;2026-10-07;07-10-2026;06-10-2026;FAC-A-133449;Venta;Empresa LAGOPUELO;60386;36,00;44302,68;53606,24;CLAUDIO ROBERTO BAZAN;;25,00 %;074;Romina Baez;;Poett EsptPly 12/900ml;1230,63;3456;;6;MAYORISTA;1292,00;NAHUEL MONTOYA;;$;2;GRUPO AYUDIN ARGENTINA S.A;;;07D;;;;;;;PISO;;;;;300;Bruno Centurion;AXUM;;;False;133449;0;1;;;;;;1;;1230,63
29314;presidente peron 1774;LOMAS DE ZAMORA;2026-10-07;07-10-2026;06-10-2026;FAC-A-133449;Venta;Empresa LAGOPUELO;36001;24,00;29535,12;35737,50;CLAUDIO ROBERTO BAZAN;;25,00 %;074;Romina Baez;;POETT FRSC TROP 12/900;1230,63;3456;;6;MAYORISTA;1292,00;NAHUEL MONTOYA;;$;2;GRUPO AYUDIN ARGENTINA S.A;;;07D;;;;;;;PISO;;;;;300;Bruno Centurion;AXUM;;;False;133449;0;1;;;;;;1;;1230,63
29314;presidente peron 1774;LOMAS DE ZAMORA;2026-10-07;07-10-2026;06-10-2026;FAC-A-133449;Venta;Empresa LAGOPUELO;34342;12,00;14767,56;17868,75;CLAUDIO ROBERTO BAZAN;;25,00 %;074;Romina Baez;;Poett Dsnf AlgrDia 12/900ml;1230,63;3456;;6;MAYORISTA;1292,00;NAHUEL MONTOYA;;$;2;GRUPO AYUDIN ARGENTINA S.A;;;07D;;;;;;;PISO;;;;;300;Bruno Centurion;AXUM;;;False;133449;0;1;;;;;;1;;1230,63
29314;presidente peron 1774;LOMAS DE ZAMORA;2026-10-07;07-10-2026;06-10-2026;FAC-A-133449;Venta;Empresa LAGOPUELO;36003;40,00;65212,50;78907,13;CLAUDIO ROBERTO BAZAN;;25,00 %;074;Romina Baez;;AYDN LAVDNA OR 25g/l 8/2l;1630,31;3456;;6;MAYORISTA;1739,00;NAHUEL MONTOYA;;$;2;GRUPO AYUDIN ARGENTINA S.A;;;07D;;;;;;;LAVANDINA;;;;;300;Bruno Centurion;AXUM;;;False;133449;0;1;;;;;;1;;1630,31
29314;presidente peron 1774;LOMAS DE ZAMORA;2026-10-07;07-10-2026;06-10-2026;FAC-A-133449;Venta;Empresa LAGOPUELO;17927;90,00;71634,38;86677,59;CLAUDIO ROBERTO BAZAN;;25,00 %;074;Romina Baez;;AYDN LAVDNA OR 15/1L;795,94;3456;;6;MAYORISTA;849,00;NAHUEL MONTOYA;;$;2;GRUPO AYUDIN ARGENTINA S.A;;;07D;;;;;;;LAVANDINA;;;;;300;Bruno Centurion;AXUM;;;False;133449;0;1;;;;;;1;;795,94
29314;presidente peron 1774;LOMAS DE ZAMORA;2026-10-07;07-10-2026;06-10-2026;FAC-A-133449;Venta;Empresa LAGOPUELO;60222;30,00;34807,50;42117,08;CLAUDIO ROBERTO BAZAN;;15,00 %;074;Romina Baez;;Aydn Lavda TriPod 15/1l GP2;1160,25;3456;;6;MAYORISTA;1050,00;NAHUEL MONTOYA;;$;2;GRUPO AYUDIN ARGENTINA S.A;;;07D;;;;;;;LAVANDINA;;;;;300;Bruno Centurion;AXUM;;;False;133449;0;1;;;;;;1;;1160,25
29314;presidente peron 1774;LOMAS DE ZAMORA;2026-10-07;07-10-2026;06-10-2026;FAC-A-133449;Venta;Empresa LAGOPUELO;60226;30,00;34807,50;42117,08;CLAUDIO ROBERTO BAZAN;;15,00 %;074;Romina Baez;;Aydn PurGlac TriPod 15/1l GP2;1160,25;3456;;6;MAYORISTA;1050,00;NAHUEL MONTOYA;;$;2;GRUPO AYUDIN ARGENTINA S.A;;;07D;;;;;;;LAVANDINA;;;;;300;Bruno Centurion;AXUM;;;False;133449;0;1;;;;;;1;;1160,25
29314;presidente peron 1774;LOMAS DE ZAMORA;2026-10-07;07-10-2026;06-10-2026;FAC-A-133449;Venta;Empresa LAGOPUELO;11123;1,00;0,10;0,12;CLAUDIO ROBERTO BAZAN;;0,00 %;074;Romina Baez;;EXHIBIDOR LIMP Y DESINFECCION;0,10;3456;;6;MAYORISTA;0,10;NAHUEL MONTOYA;;$;2;GRUPO AYUDIN ARGENTINA S.A;;;07D;;;;;;;EXHIBIDORES;;;;;300;Bruno Centurion;AXUM;;;False;133449;0;1;;;;;;1;;0,10
29102;BOEDO - (TRADICIONAL) 541;LOMAS DE ZAMORA;2026-10-07;07-10-2026;06-10-2026;FAC-A-133455;Venta;LAGOPUELO S.A;36003;8,00;17390,00;21041,90;SILVIA MU—OZ APAZA;;0,00 %;074;Romina Baez;;AYDN LAVDNA OR 25g/l 8/2l;2173,75;3456;;5;KIOSCO;1739,00;NAHUEL MONTOYA;;$;2;GRUPO AYUDIN ARGENTINA S.A;;;CON;;;;;;;LAVANDINA;;;;;300;Bruno Centurion;AXUM;;;False;133455;0;1;;;;;;1;;2173,75
27704;ALVEAR - (TRADICIONAL) 1028;LOMAS DE ZAMORA;2026-10-07;07-10-2026;06-10-2026;FAC-B-133456;Venta;LAGOPUELO S.A;17927;15,00;15918,75;19261,69;DANIEL ALTAMIRANO;;0,00 %;073;Florencia Cubilla;;AYDN LAVDNA OR 15/1L;1061,25;3456;;3;Autoservicio B;849,00;NAHUEL MONTOYA;;$;2;GRUPO AYUDIN ARGENTINA S.A;;;CON;;;;;;;LAVANDINA;;;;;300;Bruno Centurion;AXUM;;;False;133456;0;1;;;;;;1;;1061,25
27704;ALVEAR - (TRADICIONAL) 1028;LOMAS DE ZAMORA;2026-10-07;07-10-2026;06-10-2026;FAC-B-133456;Venta;LAGOPUELO S.A;36003;8,00;17390,00;21041,90;DANIEL ALTAMIRANO;;0,00 %;073;Florencia Cubilla;;AYDN LAVDNA OR 25g/l 8/2l;2173,75;3456;;3;Autoservicio B;1739,00;NAHUEL MONTOYA;;$;2;GRUPO AYUDIN ARGENTINA S.A;;;CON;;;;;;;LAVANDINA;;;;;300;Bruno Centurion;AXUM;;;False;133456;0;1;;;;;;1;;2173,75
27704;ALVEAR - (TRADICIONAL) 1028;LOMAS DE ZAMORA;2026-10-07;07-10-2026;06-10-2026;FAC-B-133456;Venta;LAGOPUELO S.A;19861;3,00;12295,80;14877,92;DANIEL ALTAMIRANO;;0,00 %;073;Florencia Cubilla;;Poett Frgnz Suad Alg 12/250ml AR;4098,60;3456;;3;Autoservicio B;3036,00;NAHUEL MONTOYA;;$;2;GRUPO AYUDIN ARGENTINA S.A;;;CON;;;;;;;AERO POETT;;;;;300;Bruno Centurion;AXUM;;;False;133456;0;1;;;;;;1;;4098,60
4330;AV. SAN MARTIN 1784;Quilmes;2026-10-08;08-10-2026;06-10-2026;FAC-A-133464;Venta;LAGOPUELO S.A;24648;12,00;16598,40;20084,06;SHI JIEZHONG;;0,00 %;056;Ezequiel Ferreira;;Poett PastDesod Lavda 12/25g GP2;1383,20;3478;;3;AUTOSERVICIO;1064,00;WALTER JANIUK;;$;2;GRUPO AYUDIN ARGENTINA S.A;;;CON;;;;;;;BAÒO;;;;;300;Bruno Centurion;AXUM;;;False;133464;0;1;;;;;;1;;1383,20
4330;AV. SAN MARTIN 1784;Quilmes;2026-10-08;08-10-2026;06-10-2026;FAC-A-133464;Venta;LAGOPUELO S.A;33575;16,00;30366,56;36743,54;SHI JIEZHONG;;0,00 %;056;Ezequiel Ferreira;;Aydn Ropa ClrViv DoyPk 16/400ml;1897,91;3478;;3;AUTOSERVICIO;1427,00;WALTER JANIUK;;$;2;GRUPO AYUDIN ARGENTINA S.A;;;CON;;;;;;;LAVADO DE ROPA;;;;;300;Bruno Centurion;AXUM;;;False;133464;0;1;;;;;;1;;1897,91
27942;LAPRIDA - (TRADICIONAL) 1902;LOMAS DE ZAMORA;2026-10-07;07-10-2026;06-10-2026;FAC-A-133465;Venta;ELEBES;17927;15,00;15918,75;19261,69;MARTINA ESPINDOLA;;0,00 %;074;Romina Baez;;AYDN LAVDNA OR 15/1L;1061,25;3456;;2;ALMACEN;849,00;NAHUEL MONTOYA;;$;2;GRUPO AYUDIN ARGENTINA S.A;;;CON;;;;;;;LAVANDINA;;;;;300;Bruno Centurion;AXUM;;;False;133465;0;1;;;;;;1;;1061,25
27942;LAPRIDA - (TRADICIONAL) 1902;LOMAS DE ZAMORA;2026-10-07;07-10-2026;06-10-2026;FAC-A-133465;Venta;ELEBES;34320;3,00;4922,52;5956,25;MARTINA ESPINDOLA;;0,00 %;074;Romina Baez;;Poett Desinf. Frescura de Lavanda 900ml;1640,84;3456;;2;ALMACEN;1292,00;NAHUEL MONTOYA;;$;2;GRUPO AYUDIN ARGENTINA S.A;;;CON;;;;;;;PISO;;;;;300;Bruno Centurion;AXUM;;;False;133465;0;1;;;;;;1;;1640,84
27942;LAPRIDA - (TRADICIONAL) 1902;LOMAS DE ZAMORA;2026-10-07;07-10-2026;06-10-2026;FAC-A-133465;Venta;ELEBES;34324;3,00;4922,52;5956,25;MARTINA ESPINDOLA;;0,00 %;074;Romina Baez;;Poett Desinf. Flores de Primavera 900ml;1640,84;3456;;2;ALMACEN;1292,00;NAHUEL MONTOYA;;$;2;GRUPO AYUDIN ARGENTINA S.A;;;CON;;;;;;;PISO;;;;;300;Bruno Centurion;AXUM;;;False;133465;0;1;;;;;;1;;1640,84
27942;LAPRIDA - (TRADICIONAL) 1902;LOMAS DE ZAMORA;2026-10-07;07-10-2026;06-10-2026;FAC-A-133465;Venta;ELEBES;34334;3,00;4922,52;5956,25;MARTINA ESPINDOLA;;0,00 %;074;Romina Baez;;Poett Dsnf SuadBebe 12/900ml;1640,84;3456;;2;ALMACEN;1292,00;NAHUEL MONTOYA;;$;2;GRUPO AYUDIN ARGENTINA S.A;;;CON;;;;;;;PISO;;;;;300;Bruno Centurion;AXUM;;;False;133465;0;1;;;;;;1;;1640,84
27942;LAPRIDA - (TRADICIONAL) 1902;LOMAS DE ZAMORA;2026-10-07;07-10-2026;06-10-2026;FAC-A-133465;Venta;ELEBES;36001;3,00;4922,52;5956,25;MARTINA ESPINDOLA;;0,00 %;074;Romina Baez;;POETT FRSC TROP 12/900;1640,84;3456;;2;ALMACEN;1292,00;NAHUEL MONTOYA;;$;2;GRUPO AYUDIN ARGENTINA S.A;;;CON;;;;;;;PISO;;;;;300;Bruno Centurion;AXUM;;;False;133465;0;1;;;;;;1;;1640,84
5110;RUTA 36 2141;FLORENCIO VARELA;2026-10-08;08-10-2026;06-10-2026;FAC-A-133468;Venta;LAGOPUELO S.A;60885;6,00;14924,13;18058,20;Jjiang Yuanyu;;15,00 %;6;Nieves Alegre;;Poett Aer FlrLavda ExtFrag 6/360ml;2487,36;3472;;3;AUTOSERVICIO;2251,00;IVAN MONTOYA;;$;2;GRUPO AYUDIN ARGENTINA S.A;;;CON;;;;;;;AERO POETT;;;;;25;JOHANA VIGIL;AXUM;;;False;133468;0;1;;;;;;1;;2487,36
23350;Antonio Lamberti 596;ALTE BROWN;2026-10-07;07-10-2026;06-10-2026;FAC-A-133475;Venta;LAGOPUELO S.A;60240;15,00;37086,05;44874,12;LI YUQING;;15,00 %;062;Nahuel Martinez;;Aydn Lavdna Gel Lavda EXPRT 15/700ml GP2;2472,40;3462;;3;Autoservicio B;2187,00;HERNAN RIVERO;;$;2;GRUPO AYUDIN ARGENTINA S.A;;;CON;;;;;;;LAVANDINA;;;;;300;Bruno Centurion;AXUM;;;False;133475;0;1;;;;;;1;;2472,40
23350;Antonio Lamberti 596;ALTE BROWN;2026-10-07;07-10-2026;06-10-2026;FAC-A-133475;Venta;LAGOPUELO S.A;60239;15,00;37086,05;44874,12;LI YUQING;;15,00 %;062;Nahuel Martinez;;Aydn Lavdna Gel MntFrs 15/700ml GP2;2472,40;3462;;3;Autoservicio B;2187,00;HERNAN RIVERO;;$;2;GRUPO AYUDIN ARGENTINA S.A;;;CON;;;;;;;LAVANDINA;;;;;300;Bruno Centurion;AXUM;;;False;133475;0;1;;;;;;1;;2472,40
1497;AV SAN MARTIN 2062;SAN FRANCISCO SOLANO (QUILMES);2026-10-08;08-10-2026;06-10-2026;FAC-A-133492;Venta;LAGOPUELO S.A;60885;12,00;29848,26;36116,39;Fang Zhibo;;15,00 %;056;Ezequiel Ferreira;;Poett Aer FlrLavda ExtFrag 6/360ml;2487,36;3478;;3;AUTOSERVICIO;2251,00;WALTER JANIUK;;$;2;GRUPO AYUDIN ARGENTINA S.A;;;CON;;;;;;;AERO POETT;;;;;300;Bruno Centurion;AXUM;;;False;133492;0;1;;;;;;1;;2487,36
1497;AV SAN MARTIN 2062;SAN FRANCISCO SOLANO (QUILMES);2026-10-08;08-10-2026;06-10-2026;FAC-A-133492;Venta;LAGOPUELO S.A;50090;12,00;29848,26;36116,39;Fang Zhibo;;15,00 %;056;Ezequiel Ferreira;;Poett Aer Huellitas 6/360ml;2487,36;3478;;3;AUTOSERVICIO;2251,00;WALTER JANIUK;;$;2;GRUPO AYUDIN ARGENTINA S.A;;;CON;;;;;;;AERO POETT;;;;;300;Bruno Centurion;AXUM;;;False;133492;0;1;;;;;;1;;2487,36
1497;AV SAN MARTIN 2062;SAN FRANCISCO SOLANO (QUILMES);2026-10-08;08-10-2026;06-10-2026;FAC-A-133492;Venta;LAGOPUELO S.A;60888;12,00;29848,26;36116,39;Fang Zhibo;;15,00 %;056;Ezequiel Ferreira;;Poett Aer SvdAlg ExtFrag 6/360ml;2487,36;3478;;3;AUTOSERVICIO;2251,00;WALTER JANIUK;;$;2;GRUPO AYUDIN ARGENTINA S.A;;;CON;;;;;;;AERO POETT;;;;;300;Bruno Centurion;AXUM;;;False;133492;0;1;;;;;;1;;2487,36
1497;AV SAN MARTIN 2062;SAN FRANCISCO SOLANO (QUILMES);2026-10-08;08-10-2026;06-10-2026;FAC-A-133492;Venta;LAGOPUELO S.A;36003;8,00;17390,00;21041,90;Fang Zhibo;;0,00 %;056;Ezequiel Ferreira;;AYDN LAVDNA OR 25g/l 8/2l;2173,75;3478;;3;AUTOSERVICIO;1739,00;WALTER JANIUK;;$;2;GRUPO AYUDIN ARGENTINA S.A;;;CON;;;;;;;LAVANDINA;;;;;300;Bruno Centurion;AXUM;;;False;133492;0;1;;;;;;1;;2173,75
5623;RAUL SOLDI - (TRADITIONAL TRADE) 177;GLEW;2026-10-07;07-10-2026;06-10-2026;FAC-A-133501;Venta;LAGOPUELO S.A;61816;12,00;34182,72;41361,09;ESTILO TROTE S.A.;;20,00 %;062;Nahuel Martinez;;Sltn MataMosq Aer AccInst 6/360ml BA;2848,56;3462;;3;Autoservicio B;2739,00;HERNAN RIVERO;;$;2;GRUPO AYUDIN ARGENTINA S.A;;;CON;;;;;;;SELTON;;;;;300;Bruno Centurion;AXUM;;;False;133501;0;1;;;;;;1;;2848,56
322004;AV. 14 5184;BERAZATEGUI;2026-10-07;07-10-2026;06-10-2026;FAC-A-133509;Venta;LAGOPUELO S.A;36003;8,00;17390,00;21041,90;PACO MOLLO SEBASTIAN;;0,00 %;5;Eliana Huber;;AYDN LAVDNA OR 25g/l 8/2l;2173,75;3457;;2;ALMACEN;1739,00;JUAN ESCOTO;;$;2;GRUPO AYUDIN ARGENTINA S.A;;;CON;;;;;;;LAVANDINA;;;;;25;JOHANA VIGIL;AXUM;;;False;133509;0;1;;;;;;1;;2173,75
322004;AV. 14 5184;BERAZATEGUI;2026-10-07;07-10-2026;06-10-2026;FAC-A-133509;Venta;LAGOPUELO S.A;17927;15,00;15918,75;19261,69;PACO MOLLO SEBASTIAN;;0,00 %;5;Eliana Huber;;AYDN LAVDNA OR 15/1L;1061,25;3457;;2;ALMACEN;849,00;JUAN ESCOTO;;$;2;GRUPO AYUDIN ARGENTINA S.A;;;CON;;;;;;;LAVANDINA;;;;;25;JOHANA VIGIL;AXUM;;;False;133509;0;1;;;;;;1;;1061,25
322004;AV. 14 5184;BERAZATEGUI;2026-10-07;07-10-2026;06-10-2026;FAC-A-133509;Venta;LAGOPUELO S.A;60222;15,00;17403,75;21058,54;PACO MOLLO SEBASTIAN;;15,00 %;5;Eliana Huber;;Aydn Lavda TriPod 15/1l GP2;1160,25;3457;;2;ALMACEN;1050,00;JUAN ESCOTO;;$;2;GRUPO AYUDIN ARGENTINA S.A;;;CON;;;;;;;LAVANDINA;;;;;25;JOHANA VIGIL;AXUM;;;False;133509;0;1;;;;;;1;;1160,25
322004;AV. 14 5184;BERAZATEGUI;2026-10-07;07-10-2026;06-10-2026;FAC-A-133509;Venta;LAGOPUELO S.A;60226;15,00;17403,75;21058,54;PACO MOLLO SEBASTIAN;;15,00 %;5;Eliana Huber;;Aydn PurGlac TriPod 15/1l GP2;1160,25;3457;;2;ALMACEN;1050,00;JUAN ESCOTO;;$;2;GRUPO AYUDIN ARGENTINA S.A;;;CON;;;;;;;LAVANDINA;;;;;25;JOHANA VIGIL;AXUM;;;False;133509;0;1;;;;;;1;;1160,25
27858;PEDRO MASCAGNI - (AUTOSERVICIOS) 234;LOMAS DE ZAMORA;2026-10-07;07-10-2026;06-10-2026;FAC-A-133513;Venta;LAGOPUELO S.A;60233;6,00;17452,26;21117,23;XIUBIN LIN;;0,00 %;074;Romina Baez;;Aydn Lavdna Gel Or 15/700ml GP2;2908,71;3456;;3;Autoservicio A;2187,00;NAHUEL MONTOYA;;$;2;GRUPO AYUDIN ARGENTINA S.A;;;CON;;;;;;;LAVANDINA;;;;;300;Bruno Centurion;AXUM;;;False;133513;0;1;;;;;;1;;2908,71
27858;PEDRO MASCAGNI - (AUTOSERVICIOS) 234;LOMAS DE ZAMORA;2026-10-07;07-10-2026;06-10-2026;FAC-A-133513;Venta;LAGOPUELO S.A;60234;6,00;17452,26;21117,23;XIUBIN LIN;;0,00 %;074;Romina Baez;;Aydn Lavdna Gel Ctra 15/700ml GP2;2908,71;3456;;3;Autoservicio A;2187,00;NAHUEL MONTOYA;;$;2;GRUPO AYUDIN ARGENTINA S.A;;;CON;;;;;;;LAVANDINA;;;;;300;Bruno Centurion;AXUM;;;False;133513;0;1;;;;;;1;;2908,71
27858;PEDRO MASCAGNI - (AUTOSERVICIOS) 234;LOMAS DE ZAMORA;2026-10-07;07-10-2026;06-10-2026;FAC-A-133513;Venta;LAGOPUELO S.A;61621;4,00;11486,80;13899,03;XIUBIN LIN;;0,00 %;074;Romina Baez;;Aydn Coc† Pod Act Or† Gat 12/500ml;2871,70;3456;;3;Autoservicio A;2209,00;NAHUEL MONTOYA;;$;2;GRUPO AYUDIN ARGENTINA S.A;;;CON;;;;;;;COCINA;;;;;300;Bruno Centurion;AXUM;;;False;133513;0;1;;;;;;1;;2871,70
3958;E.SCHIAFFINO e/BENAVENTE Y LORCA - (TRADITIONAL TRADE) 2554;LOMAS DE ZAMORA;2026-10-07;07-10-2026;06-10-2026;FAC-A-133518;Venta;LAGOPUELO S.A;60233;6,00;17452,26;21117,23;HONGZHU HUANG;;0,00 %;074;Romina Baez;;Aydn Lavdna Gel Or 15/700ml GP2;2908,71;3456;;3;Autoservicio A;2187,00;NAHUEL MONTOYA;;$;2;GRUPO AYUDIN ARGENTINA S.A;;;CON;;;;;;;LAVANDINA;;;;;300;Bruno Centurion;AXUM;;;False;133518;0;1;;;;;;1;;2908,71
3958;E.SCHIAFFINO e/BENAVENTE Y LORCA - (TRADITIONAL TRADE) 2554;LOMAS DE ZAMORA;2026-10-07;07-10-2026;06-10-2026;FAC-A-133518;Venta;LAGOPUELO S.A;36003;24,00;52170,00;63125,70;HONGZHU HUANG;;0,00 %;074;Romina Baez;;AYDN LAVDNA OR 25g/l 8/2l;2173,75;3456;;3;Autoservicio A;1739,00;NAHUEL MONTOYA;;$;2;GRUPO AYUDIN ARGENTINA S.A;;;CON;;;;;;;LAVANDINA;;;;;300;Bruno Centurion;AXUM;;;False;133518;0;1;;;;;;1;;2173,75
3958;E.SCHIAFFINO e/BENAVENTE Y LORCA - (TRADITIONAL TRADE) 2554;LOMAS DE ZAMORA;2026-10-07;07-10-2026;06-10-2026;FAC-A-133518;Venta;LAGOPUELO S.A;60227;16,00;36986,56;44753,74;HONGZHU HUANG;;15,00 %;074;Romina Baez;;Aydn PurGlac TriPod 8/2l GP2;2311,66;3456;;3;Autoservicio A;2092,00;NAHUEL MONTOYA;;$;2;GRUPO AYUDIN ARGENTINA S.A;;;CON;;;;;;;LAVANDINA;;;;;300;Bruno Centurion;AXUM;;;False;133518;0;1;;;;;;1;;2311,66
23837;AV. DARDO ROCHA - (AUTOSERVICIOS) 23;BERNAL ESTE;2026-10-07;07-10-2026;06-10-2026;FAC-A-133526;Venta;LAGOPUELO S.A;17927;15,00;12735,00;15409,35;XU DONG;;20,00 %;054;Leonel Caruso;;AYDN LAVDNA OR 15/1L;849,00;3459;;3;Autoservicio B;849,00;LEONARDO SANTA CRUZ;;$;2;GRUPO AYUDIN ARGENTINA S.A;;;CON;;;;;;;LAVANDINA;;;;;300;Bruno Centurion;AXUM;;;False;133526;0;1;;;;;;1;;849,00
23837;AV. DARDO ROCHA - (AUTOSERVICIOS) 23;BERNAL ESTE;2026-10-07;07-10-2026;06-10-2026;FAC-A-133526;Venta;LAGOPUELO S.A;60226;15,00;17403,75;21058,54;XU DONG;;15,00 %;054;Leonel Caruso;;Aydn PurGlac TriPod 15/1l GP2;1160,25;3459;;3;Autoservicio B;1050,00;LEONARDO SANTA CRUZ;;$;2;GRUPO AYUDIN ARGENTINA S.A;;;CON;;;;;;;LAVANDINA;;;;;300;Bruno Centurion;AXUM;;;False;133526;0;1;;;;;;1;;1160,25
23837;AV. DARDO ROCHA - (AUTOSERVICIOS) 23;BERNAL ESTE;2026-10-07;07-10-2026;06-10-2026;FAC-A-133526;Venta;LAGOPUELO S.A;34327;12,00;15161,36;18345,25;XU DONG;;23,00 %;054;Leonel Caruso;;Poett Desinf. Solo para ti 900ml;1263,45;3459;;3;Autoservicio B;1292,00;LEONARDO SANTA CRUZ;;$;2;GRUPO AYUDIN ARGENTINA S.A;;;CON;;;;;;;PISO;;;;;300;Bruno Centurion;AXUM;;;False;133526;0;1;;;;;;1;;1263,45
23837;AV. DARDO ROCHA - (AUTOSERVICIOS) 23;BERNAL ESTE;2026-10-07;07-10-2026;06-10-2026;FAC-A-133526;Venta;LAGOPUELO S.A;34334;12,00;15161,36;18345,25;XU DONG;;23,00 %;054;Leonel Caruso;;Poett Dsnf SuadBebe 12/900ml;1263,45;3459;;3;Autoservicio B;1292,00;LEONARDO SANTA CRUZ;;$;2;GRUPO AYUDIN ARGENTINA S.A;;;CON;;;;;;;PISO;;;;;300;Bruno Centurion;AXUM;;;False;133526;0;1;;;;;;1;;1263,45
23837;AV. DARDO ROCHA - (AUTOSERVICIOS) 23;BERNAL ESTE;2026-10-07;07-10-2026;06-10-2026;FAC-A-133526;Venta;LAGOPUELO S.A;34338;12,00;15161,36;18345,25;XU DONG;;23,00 %;054;Leonel Caruso;;Poett Dsnf MscPrmvra 12/900ml;1263,45;3459;;3;Autoservicio B;1292,00;LEONARDO SANTA CRUZ;;$;2;GRUPO AYUDIN ARGENTINA S.A;;;CON;;;;;;;PISO;;;;;300;Bruno Centurion;AXUM;;;False;133526;0;1;;;;;;1;;1263,45
23837;AV. DARDO ROCHA - (AUTOSERVICIOS) 23;BERNAL ESTE;2026-10-07;07-10-2026;06-10-2026;FAC-A-133526;Venta;LAGOPUELO S.A;60386;12,00;15161,36;18345,25;XU DONG;;23,00 %;054;Leonel Caruso;;Poett EsptPly 12/900ml;1263,45;3459;;3;Autoservicio B;1292,00;LEONARDO SANTA CRUZ;;$;2;GRUPO AYUDIN ARGENTINA S.A;;;CON;;;;;;;PISO;;;;;300;Bruno Centurion;AXUM;;;False;133526;0;1;;;;;;1;;1263,45
23837;AV. DARDO ROCHA - (AUTOSERVICIOS) 23;BERNAL ESTE;2026-10-07;07-10-2026;06-10-2026;FAC-A-133526;Venta;LAGOPUELO S.A;34320;12,00;15161,36;18345,25;XU DONG;;23,00 %;054;Leonel Caruso;;Poett Desinf. Frescura de Lavanda 900ml;1263,45;3459;;3;Autoservicio B;1292,00;LEONARDO SANTA CRUZ;;$;2;GRUPO AYUDIN ARGENTINA S.A;;;CON;;;;;;;PISO;;;;;300;Bruno Centurion;AXUM;;;False;133526;0;1;;;;;;1;;1263,45
23665;ESQUIU - (AUTOSERVICIOS) 1278;ESTEBAN ECHEVERR√¬çA;2026-10-07;07-10-2026;06-10-2026;FAC-A-133531;Venta;LAGOPUELO S.A;17927;675,00;501440,63;606743,16;LUCAS (SUPERLUNA);;30,00 %;064;Karina Fernandez;;AYDN LAVDNA OR 15/1L;742,88;3458;;3;Autoservicio A;849,00;WALTER JANIUK;;$;2;GRUPO AYUDIN ARGENTINA S.A;;;CON;;;;;;;LAVANDINA;;;;;300;Bruno Centurion;AXUM;;;False;133531;0;1;;;;;;1;;742,88
3716;AV SAN MARTIN 2248;SAN FRANCISCO SOLANO (QUILMES);2026-10-08;08-10-2026;06-10-2026;FAC-A-133532;Venta;LAGOPUELO S.A;36003;8,00;17390,00;21041,90;YUYING CHEN;;0,00 %;056;Ezequiel Ferreira;;AYDN LAVDNA OR 25g/l 8/2l;2173,75;3478;;3;AUTOSERVICIO;1739,00;WALTER JANIUK;;$;2;GRUPO AYUDIN ARGENTINA S.A;;;CON;;;;;;;LAVANDINA;;;;;300;Bruno Centurion;AXUM;;;False;133532;0;1;;;;;;1;;2173,75
22672;PATRICIOS P/D: - (AUTOSERVICIOS) 175;BERNAL ESTE;2026-10-07;07-10-2026;06-10-2026;FAC-A-133541;Venta;LAGOPUELO S.A;60226;15,00;17403,75;21058,54;(061027) CHEN GUOFU;;15,00 %;053;Verona Abati;;Aydn PurGlac TriPod 15/1l GP2;1160,25;3459;;3;Autoservicio B;1050,00;LEONARDO SANTA CRUZ;;$;2;GRUPO AYUDIN ARGENTINA S.A;;;CON;;;;;;;LAVANDINA;;;;;300;Bruno Centurion;AXUM;;;False;133541;0;1;;;;;;1;;1160,25
22672;PATRICIOS P/D: - (AUTOSERVICIOS) 175;BERNAL ESTE;2026-10-07;07-10-2026;06-10-2026;FAC-A-133541;Venta;LAGOPUELO S.A;61046;15,00;22306,05;26990,32;(061027) CHEN GUOFU;;18,00 %;053;Verona Abati;;Aydn RopQuitMnch BlncInt 15/1l;1487,07;3459;;3;Autoservicio B;1395,00;LEONARDO SANTA CRUZ;;$;2;GRUPO AYUDIN ARGENTINA S.A;;;CON;;;;;;;LAVADO DE ROPA;;;;;300;Bruno Centurion;AXUM;;;False;133541;0;1;;;;;;1;;1487,07
27464;Diego Laure - (AUTOSERVICIOS) 278;EZEIZA;2026-10-07;07-10-2026;06-10-2026;FAC-A-133546;Venta;LAGOPUELO S.A;60234;30,00;74172,11;89748,25;Zhang Baojin;;15,00 %;075;Julieta Yegros;;Aydn Lavdna Gel Ctra 15/700ml GP2;2472,40;3458;;3;Autoservicio A;2187,00;WALTER JANIUK;;$;2;GRUPO AYUDIN ARGENTINA S.A;;;CON;;;;;;;LAVANDINA;;;;;300;Bruno Centurion;AXUM;;;False;133546;0;1;;;;;;1;;2472,40
27464;Diego Laure - (AUTOSERVICIOS) 278;EZEIZA;2026-10-07;07-10-2026;06-10-2026;FAC-A-133546;Venta;LAGOPUELO S.A;60237;30,00;74172,11;89748,25;Zhang Baojin;;15,00 %;075;Julieta Yegros;;Aydn Lavdna Gel Flr 15/700ml GP2;2472,40;3458;;3;Autoservicio A;2187,00;WALTER JANIUK;;$;2;GRUPO AYUDIN ARGENTINA S.A;;;CON;;;;;;;LAVANDINA;;;;;300;Bruno Centurion;AXUM;;;False;133546;0;1;;;;;;1;;2472,40
27464;Diego Laure - (AUTOSERVICIOS) 278;EZEIZA;2026-10-07;07-10-2026;06-10-2026;FAC-A-133546;Venta;LAGOPUELO S.A;60240;30,00;74172,11;89748,25;Zhang Baojin;;15,00 %;075;Julieta Yegros;;Aydn Lavdna Gel Lavda EXPRT 15/700ml GP2;2472,40;3458;;3;Autoservicio A;2187,00;WALTER JANIUK;;$;2;GRUPO AYUDIN ARGENTINA S.A;;;CON;;;;;;;LAVANDINA;;;;;300;Bruno Centurion;AXUM;;;False;133546;0;1;;;;;;1;;2472,40
27464;Diego Laure - (AUTOSERVICIOS) 278;EZEIZA;2026-10-07;07-10-2026;06-10-2026;FAC-A-133546;Venta;LAGOPUELO S.A;60239;30,00;74172,11;89748,25;Zhang Baojin;;15,00 %;075;Julieta Yegros;;Aydn Lavdna Gel MntFrs 15/700ml GP2;2472,40;3458;;3;Autoservicio A;2187,00;WALTER JANIUK;;$;2;GRUPO AYUDIN ARGENTINA S.A;;;CON;;;;;;;LAVANDINA;;;;;300;Bruno Centurion;AXUM;;;False;133546;0;1;;;;;;1;;2472,40
27464;Diego Laure - (AUTOSERVICIOS) 278;EZEIZA;2026-10-07;07-10-2026;06-10-2026;FAC-A-133546;Venta;LAGOPUELO S.A;19874;3,00;12295,80;14877,92;Zhang Baojin;;0,00 %;075;Julieta Yegros;;Poett Frgnz SvdBeb 12/250ml AR;4098,60;3458;;3;Autoservicio A;3036,00;WALTER JANIUK;;$;2;GRUPO AYUDIN ARGENTINA S.A;;;CON;;;;;;;AERO POETT;;;;;300;Bruno Centurion;AXUM;;;False;133546;0;1;;;;;;1;;4098,60
27464;Diego Laure - (AUTOSERVICIOS) 278;EZEIZA;2026-10-07;07-10-2026;06-10-2026;FAC-A-133546;Venta;LAGOPUELO S.A;50087;3,00;12295,80;14877,92;Zhang Baojin;;0,00 %;075;Julieta Yegros;;Poett Frgnz Huellitas 12/250ml AR;4098,60;3458;;3;Autoservicio A;3036,00;WALTER JANIUK;;$;2;GRUPO AYUDIN ARGENTINA S.A;;;CON;;;;;;;AERO POETT;;;;;300;Bruno Centurion;AXUM;;;False;133546;0;1;;;;;;1;;4098,60
27464;Diego Laure - (AUTOSERVICIOS) 278;EZEIZA;2026-10-07;07-10-2026;06-10-2026;FAC-A-133546;Venta;LAGOPUELO S.A;60402;15,00;53211,44;64385,84;Zhang Baojin;;7,00 %;075;Julieta Yegros;;Ayudin Ropa Colores Vivos 15/700ml;3547,43;3458;;3;Autoservicio A;2868,00;WALTER JANIUK;;$;2;GRUPO AYUDIN ARGENTINA S.A;;;CON;;;;;;;LAVADO DE ROPA;;;;;300;Bruno Centurion;AXUM;;;False;133546;0;1;;;;;;1;;3547,43
27464;Diego Laure - (AUTOSERVICIOS) 278;EZEIZA;2026-10-07;07-10-2026;06-10-2026;FAC-A-133546;Venta;LAGOPUELO S.A;34321;8,00;25771,20;31183,15;Zhang Baojin;;0,00 %;075;Julieta Yegros;;Poett Desinf. Frescura de Lavanda 1.8ml;3221,40;3458;;3;Autoservicio A;2478,00;WALTER JANIUK;;$;2;GRUPO AYUDIN ARGENTINA S.A;;;CON;;;;;;;PISO;;;;;300;Bruno Centurion;AXUM;;;False;133546;0;1;;;;;;1;;3221,40
2978;AV. MILAZZO 809 ESQUINA CNO GRAL BELGRANO 0;Berazategui;2026-10-08;08-10-2026;06-10-2026;FAC-A-133547;Venta;LAGOPUELO S.A;17927;30,00;20376,00;24654,96;MONTERO JORGE MARCELO;;36,00 %;051;Ezequiel Valente;;AYDN LAVDNA OR 15/1L;679,20;3474;;3;AUTOSERVICIO;849,00;JUAN ESCOTO;;$;2;GRUPO AYUDIN ARGENTINA S.A;;;CON;;;;;;;LAVANDINA;;;;;300;Bruno Centurion;AXUM;;;False;133547;0;1;;;;;;1;;679,20
2978;AV. MILAZZO 809 ESQUINA CNO GRAL BELGRANO 0;Berazategui;2026-10-08;08-10-2026;06-10-2026;FAC-A-133547;Venta;LAGOPUELO S.A;36003;8,00;11129,60;13466,82;MONTERO JORGE MARCELO;;36,00 %;051;Ezequiel Valente;;AYDN LAVDNA OR 25g/l 8/2l;1391,20;3474;;3;AUTOSERVICIO;1739,00;JUAN ESCOTO;;$;2;GRUPO AYUDIN ARGENTINA S.A;;;CON;;;;;;;LAVANDINA;;;;;300;Bruno Centurion;AXUM;;;False;133547;0;1;;;;;;1;;1391,20
27706;AV. SAN MARTIN - (PERFUMERIA) 3607;LANUS;2026-10-07;07-10-2026;06-10-2026;FAC-A-133559;Venta;LAGOPUELO S.A;61814;60,00;211302,83;255676,42;ARIEL MONTESANTI;;20,01 %;27;Samanta Dogliotti;;Sltn MataMosq Aer s/OlrQmc 6/360ml BA;3521,71;3454;;georgalos-803;Perfumeria;3522,00;SIMON OLIVERA;;$;2;GRUPO AYUDIN ARGENTINA S.A;;;CON;;;;;;;SELTON;;;;;25;JOHANA VIGIL;AXUM;;;False;133559;0;1;;;;;;1;;3521,71
27706;AV. SAN MARTIN - (PERFUMERIA) 3607;LANUS;2026-10-07;07-10-2026;06-10-2026;FAC-A-133559;Venta;LAGOPUELO S.A;61816;60,00;170913,60;206805,46;ARIEL MONTESANTI;;20,00 %;27;Samanta Dogliotti;;Sltn MataMosq Aer AccInst 6/360ml BA;2848,56;3454;;georgalos-803;Perfumeria;2739,00;SIMON OLIVERA;;$;2;GRUPO AYUDIN ARGENTINA S.A;;;CON;;;;;;;SELTON;;;;;25;JOHANA VIGIL;AXUM;;;False;133559;0;1;;;;;;1;;2848,56
506;29 DE SEPTIEMBRE 1858;Lan˙s;2026-10-06;06-10-2026;06-10-2026;FAC-B-133565;Venta;Empresa LAGOPUELO;24648;2,00;2489,76;3012,61;AILEN PESCI;;10,00 %;16;VENDEDOR DEPOSITO;;Poett PastDesod Lavda 12/25g GP2;1244,88;3436;;georgalos-50;Empleados;1064,00;PEDIDOS INTERNOS;;$;2;GRUPO AYUDIN ARGENTINA S.A;;;15D;;;;;;;BAÒO;;;;;;;gcw;;;False;133565;0;1;;;;;;1;;1244,88
27504;Mentruyt - (AUTOSERVICIOS) 346;LOMAS DE ZAMORA;2026-10-07;07-10-2026;06-10-2026;FAC-A-133569;Venta;LAGOPUELO S.A;17927;60,00;49029,75;59326,00;Chen Muzhu;;23,00 %;073;Florencia Cubilla;;AYDN LAVDNA OR 15/1L;817,16;3456;;3;Autoservicio B;849,00;NAHUEL MONTOYA;;$;2;GRUPO AYUDIN ARGENTINA S.A;;;CON;;;;;;;LAVANDINA;;;;;300;Bruno Centurion;AXUM;;;False;133569;0;1;;;;;;1;;817,16
27504;Mentruyt - (AUTOSERVICIOS) 346;LOMAS DE ZAMORA;2026-10-07;07-10-2026;06-10-2026;FAC-A-133569;Venta;LAGOPUELO S.A;36003;8,00;13390,30;16202,26;Chen Muzhu;;23,00 %;073;Florencia Cubilla;;AYDN LAVDNA OR 25g/l 8/2l;1673,79;3456;;3;Autoservicio B;1739,00;NAHUEL MONTOYA;;$;2;GRUPO AYUDIN ARGENTINA S.A;;;CON;;;;;;;LAVANDINA;;;;;300;Bruno Centurion;AXUM;;;False;133569;0;1;;;;;;1;;1673,79
29093;CABILDO - (TRADICIONAL) 770;EL JAGUEL;2026-10-07;07-10-2026;06-10-2026;FAC-B-133584;Venta;LAGOPUELO S.A;34320;12,00;19690,08;23825,00;COLQUE SILVIA;;0,00 %;064;Karina Fernandez;;Poett Desinf. Frescura de Lavanda 900ml;1640,84;3458;;2;ALMACEN;1292,00;WALTER JANIUK;;$;2;GRUPO AYUDIN ARGENTINA S.A;;;CON;;;;;;;PISO;;;;;300;Bruno Centurion;AXUM;;;False;133584;0;1;;;;;;1;;1640,84
29093;CABILDO - (TRADICIONAL) 770;EL JAGUEL;2026-10-07;07-10-2026;06-10-2026;FAC-B-133584;Venta;LAGOPUELO S.A;34324;12,00;19690,08;23825,00;COLQUE SILVIA;;0,00 %;064;Karina Fernandez;;Poett Desinf. Flores de Primavera 900ml;1640,84;3458;;2;ALMACEN;1292,00;WALTER JANIUK;;$;2;GRUPO AYUDIN ARGENTINA S.A;;;CON;;;;;;;PISO;;;;;300;Bruno Centurion;AXUM;;;False;133584;0;1;;;;;;1;;1640,84
29093;CABILDO - (TRADICIONAL) 770;EL JAGUEL;2026-10-07;07-10-2026;06-10-2026;FAC-B-133584;Venta;LAGOPUELO S.A;17927;15,00;15918,75;19261,69;COLQUE SILVIA;;0,00 %;064;Karina Fernandez;;AYDN LAVDNA OR 15/1L;1061,25;3458;;2;ALMACEN;849,00;WALTER JANIUK;;$;2;GRUPO AYUDIN ARGENTINA S.A;;;CON;;;;;;;LAVANDINA;;;;;300;Bruno Centurion;AXUM;;;False;133584;0;1;;;;;;1;;1061,25
29093;CABILDO - (TRADICIONAL) 770;EL JAGUEL;2026-10-07;07-10-2026;06-10-2026;FAC-B-133584;Venta;LAGOPUELO S.A;60887;6,00;14924,13;18058,20;COLQUE SILVIA;;15,00 %;064;Karina Fernandez;;Poett Aer SvdBb ExtFrag 6/360ml;2487,36;3458;;2;ALMACEN;2251,00;WALTER JANIUK;;$;2;GRUPO AYUDIN ARGENTINA S.A;;;CON;;;;;;;AERO POETT;;;;;300;Bruno Centurion;AXUM;;;False;133584;0;1;;;;;;1;;2487,36
3625;NICOLAS VIDELA 179;QUILMES;2026-10-07;07-10-2026;06-10-2026;FAC-A-133589;Venta;LAGOPUELO S.A;36003;8,00;17390,00;21041,90;CASTILLO MARIA ALEJANDRA;;0,00 %;2;Fernanda Cejas;;AYDN LAVDNA OR 25g/l 8/2l;2173,75;3459;;3;AUTOSERVICIO;1739,00;LEONARDO SANTA CRUZ;;$;2;GRUPO AYUDIN ARGENTINA S.A;;;CON;;;;;;;LAVANDINA;;;;;25;JOHANA VIGIL;AXUM;;;False;133589;0;1;;;;;;1;;2173,75
102414;San Martin 3385 0;LANUS;2026-10-07;07-10-2026;06-10-2026;FAC-A-133592;Venta;LAGOPUELO S.A;61046;15,00;22306,05;26990,32;Wei Chengle;;18,00 %;28;Nadia Diaz;;Aydn RopQuitMnch BlncInt 15/1l;1487,07;3454;;3;AUTOSERVICIO;1395,00;SIMON OLIVERA;;$;2;GRUPO AYUDIN ARGENTINA S.A;;;EFV;;;;;;;LAVADO DE ROPA;;;;;25;JOHANA VIGIL;AXUM;;;False;133592;0;1;;;;;;1;;1487,07
102414;San Martin 3385 0;LANUS;2026-10-07;07-10-2026;06-10-2026;FAC-A-133592;Venta;LAGOPUELO S.A;60231;15,00;24339,00;29450,19;Wei Chengle;;0,00 %;28;Nadia Diaz;;Aydn A-Sp Trad 15/1l GP2;1622,60;3454;;3;AUTOSERVICIO;1220,00;SIMON OLIVERA;;$;2;GRUPO AYUDIN ARGENTINA S.A;;;EFV;;;;;;;LAVANDINA;;;;;25;JOHANA VIGIL;AXUM;;;False;133592;0;1;;;;;;1;;1622,60
102414;San Martin 3385 0;LANUS;2026-10-07;07-10-2026;06-10-2026;FAC-A-133592;Venta;LAGOPUELO S.A;61047;8,00;23682,26;28655,53;Wei Chengle;;18,00 %;28;Nadia Diaz;;Aydn RopQuitMnch BlncInt 8/2l;2960,28;3454;;3;AUTOSERVICIO;2777,00;SIMON OLIVERA;;$;2;GRUPO AYUDIN ARGENTINA S.A;;;EFV;;;;;;;LAVADO DE ROPA;;;;;25;JOHANA VIGIL;AXUM;;;False;133592;0;1;;;;;;1;;2960,28
102414;San Martin 3385 0;LANUS;2026-10-07;07-10-2026;06-10-2026;FAC-A-133592;Venta;LAGOPUELO S.A;34321;8,00;25771,20;31183,15;Wei Chengle;;0,00 %;28;Nadia Diaz;;Poett Desinf. Frescura de Lavanda 1.8ml;3221,40;3454;;3;AUTOSERVICIO;2478,00;SIMON OLIVERA;;$;2;GRUPO AYUDIN ARGENTINA S.A;;;EFV;;;;;;;PISO;;;;;25;JOHANA VIGIL;AXUM;;;False;133592;0;1;;;;;;1;;3221,40
102414;San Martin 3385 0;LANUS;2026-10-07;07-10-2026;06-10-2026;FAC-A-133592;Venta;LAGOPUELO S.A;33575;6,00;11387,46;13778,83;Wei Chengle;;0,00 %;28;Nadia Diaz;;Aydn Ropa ClrViv DoyPk 16/400ml;1897,91;3454;;3;AUTOSERVICIO;1427,00;SIMON OLIVERA;;$;2;GRUPO AYUDIN ARGENTINA S.A;;;EFV;;;;;;;LAVADO DE ROPA;;;;;25;JOHANA VIGIL;AXUM;;;False;133592;0;1;;;;;;1;;1897,91
29055;EDISON - (TRADICIONAL) 1476;EL JAGUEL;2026-10-07;07-10-2026;06-10-2026;FAC-A-133594;Venta;LAGOPUELO S.A;17927;15,00;15918,75;19261,69;VERONICA VIVIANA ALVAREZ;;0,00 %;064;Karina Fernandez;;AYDN LAVDNA OR 15/1L;1061,25;3458;;3;Autoservicio B;849,00;WALTER JANIUK;;$;2;GRUPO AYUDIN ARGENTINA S.A;;;CON;;;;;;;LAVANDINA;;;;;300;Bruno Centurion;AXUM;;;False;133594;0;1;;;;;;1;;1061,25
27514;Av Santa Fe - (AUTOSERVICIOS) 67;LOMAS DE ZAMORA;2026-10-07;07-10-2026;06-10-2026;FAC-A-133601;Venta;LAGOPUELO S.A;17927;45,00;47756,25;57785,06;YAN CHANGRONG;;0,00 %;074;Romina Baez;;AYDN LAVDNA OR 15/1L;1061,25;3456;;3;Autoservicio A;849,00;NAHUEL MONTOYA;;$;2;GRUPO AYUDIN ARGENTINA S.A;;;CON;;;;;;;LAVANDINA;;;;;300;Bruno Centurion;AXUM;;;False;133601;0;1;;;;;;1;;1061,25
27514;Av Santa Fe - (AUTOSERVICIOS) 67;LOMAS DE ZAMORA;2026-10-07;07-10-2026;06-10-2026;FAC-A-133601;Venta;LAGOPUELO S.A;60223;8,00;18493,28;22376,87;YAN CHANGRONG;;15,00 %;074;Romina Baez;;Aydn Lavda TriPod 8/2l GP2;2311,66;3456;;3;Autoservicio A;2092,00;NAHUEL MONTOYA;;$;2;GRUPO AYUDIN ARGENTINA S.A;;;CON;;;;;;;LAVANDINA;;;;;300;Bruno Centurion;AXUM;;;False;133601;0;1;;;;;;1;;2311,66
27514;Av Santa Fe - (AUTOSERVICIOS) 67;LOMAS DE ZAMORA;2026-10-07;07-10-2026;06-10-2026;FAC-A-133601;Venta;LAGOPUELO S.A;60408;6,00;22886,64;27692,83;YAN CHANGRONG;;0,00 %;074;Romina Baez;;Ayudin Ropa Blancos Supremos 15/700ml;3814,44;3456;;3;Autoservicio A;2868,00;NAHUEL MONTOYA;;$;2;GRUPO AYUDIN ARGENTINA S.A;;;CON;;;;;;;LAVADO DE ROPA;;;;;300;Bruno Centurion;AXUM;;;False;133601;0;1;;;;;;1;;3814,44
27514;Av Santa Fe - (AUTOSERVICIOS) 67;LOMAS DE ZAMORA;2026-10-07;07-10-2026;06-10-2026;FAC-A-133601;Venta;LAGOPUELO S.A;60402;6,00;22886,64;27692,83;YAN CHANGRONG;;0,00 %;074;Romina Baez;;Ayudin Ropa Colores Vivos 15/700ml;3814,44;3456;;3;Autoservicio A;2868,00;NAHUEL MONTOYA;;$;2;GRUPO AYUDIN ARGENTINA S.A;;;CON;;;;;;;LAVADO DE ROPA;;;;;300;Bruno Centurion;AXUM;;;False;133601;0;1;;;;;;1;;3814,44
27514;Av Santa Fe - (AUTOSERVICIOS) 67;LOMAS DE ZAMORA;2026-10-07;07-10-2026;06-10-2026;FAC-A-133601;Venta;LAGOPUELO S.A;61577;16,00;22565,92;27304,76;YAN CHANGRONG;;5,00 %;074;Romina Baez;;Aydn Coc† Pod Act Or† DoyPk 16/450ml;1410,37;3456;;3;Autoservicio A;1142,00;NAHUEL MONTOYA;;$;2;GRUPO AYUDIN ARGENTINA S.A;;;CON;;;;;;;COCINA;;;;;300;Bruno Centurion;AXUM;;;False;133601;0;1;;;;;;1;;1410,37
27514;Av Santa Fe - (AUTOSERVICIOS) 67;LOMAS DE ZAMORA;2026-10-07;07-10-2026;06-10-2026;FAC-A-133601;Venta;LAGOPUELO S.A;61816;6,00;17091,36;20680,55;YAN CHANGRONG;;20,00 %;074;Romina Baez;;Sltn MataMosq Aer AccInst 6/360ml BA;2848,56;3456;;3;Autoservicio A;2739,00;NAHUEL MONTOYA;;$;2;GRUPO AYUDIN ARGENTINA S.A;;;CON;;;;;;;SELTON;;;;;300;Bruno Centurion;AXUM;;;False;133601;0;1;;;;;;1;;2848,56
23174;Av. Pres. Hipolito Yrigoyen - (AUTOSERVICIOS) 21706;LONGCHAMPS;2026-10-07;07-10-2026;06-10-2026;FAC-A-133602;Venta;LAGOPUELO S.A;33575;16,00;30366,56;36743,54;ZHENG YAN;;0,00 %;062;Nahuel Martinez;;Aydn Ropa ClrViv DoyPk 16/400ml;1897,91;3462;;3;Autoservicio A;1427,00;HERNAN RIVERO;;$;2;GRUPO AYUDIN ARGENTINA S.A;;;CON;;;;;;;LAVADO DE ROPA;;;;;300;Bruno Centurion;AXUM;;;False;133602;0;1;;;;;;1;;1897,91
2204;PATAGONES 1246;Berazategui;2026-10-08;08-10-2026;06-10-2026;FAC-A-133620;Venta;LAGOPUELO S.A;61576;6,00;10475,40;12675,23;WENG JINHUI;;0,00 %;051;Ezequiel Valente;;Aydn Bn Limp† Act Or DoyPk 16/450ml;1745,90;3474;;3;AUTOSERVICIO;1343,00;JUAN ESCOTO;;$;2;GRUPO AYUDIN ARGENTINA S.A;;;CON;;;;;;;BAÒO;;;;;300;Bruno Centurion;AXUM;;;False;133620;0;1;;;;;;1;;1745,90
105516;Patricios 651 0;BERNAL;2026-10-07;07-10-2026;06-10-2026;FAC-A-133624;Venta;LAGOPUELO S.A;61046;30,00;44612,10;53980,64;Ding Ximei;;18,00 %;053;Verona Abati;;Aydn RopQuitMnch BlncInt 15/1l;1487,07;3459;;3;AUTOSERVICIO;1395,00;LEONARDO SANTA CRUZ;;$;2;GRUPO AYUDIN ARGENTINA S.A;;;EFV;;;;;;;LAVADO DE ROPA;;;;;300;Bruno Centurion;AXUM;;;False;133624;0;1;;;;;;1;;1487,07
105516;Patricios 651 0;BERNAL;2026-10-07;07-10-2026;06-10-2026;FAC-A-133624;Venta;LAGOPUELO S.A;61047;8,00;23682,26;28655,53;Ding Ximei;;18,00 %;053;Verona Abati;;Aydn RopQuitMnch BlncInt 8/2l;2960,28;3459;;3;AUTOSERVICIO;2777,00;LEONARDO SANTA CRUZ;;$;2;GRUPO AYUDIN ARGENTINA S.A;;;EFV;;;;;;;LAVADO DE ROPA;;;;;300;Bruno Centurion;AXUM;;;False;133624;0;1;;;;;;1;;2960,28
695;AV SAN MARTIN 4142;Lan˙s;2026-10-07;07-10-2026;06-10-2026;FAC-A-133629;Venta;LAGOPUELO S.A;61047;8,00;23682,26;28655,53;Weng Xiuxia;;18,00 %;27;Samanta Dogliotti;;Aydn RopQuitMnch BlncInt 8/2l;2960,28;3454;;3;AUTOSERVICIO;2777,00;SIMON OLIVERA;;$;2;GRUPO AYUDIN ARGENTINA S.A;;;EFV;;;;;;;LAVADO DE ROPA;;;;;25;JOHANA VIGIL;AXUM;;;False;133629;0;1;;;;;;1;;2960,28
695;AV SAN MARTIN 4142;Lan˙s;2026-10-07;07-10-2026;06-10-2026;FAC-A-133629;Venta;LAGOPUELO S.A;17994;12,00;32015,76;38739,07;Weng Xiuxia;;0,00 %;27;Samanta Dogliotti;;ArcIris DoyPk 12/500ml;2667,98;3454;;3;AUTOSERVICIO;2006,00;SIMON OLIVERA;;$;2;GRUPO AYUDIN ARGENTINA S.A;;;EFV;;;;;;;OTROS LIMPIADORES;;;;;25;JOHANA VIGIL;AXUM;;;False;133629;0;1;;;;;;1;;2667,98
23785;CABILDO - (TRADICIONAL) 513;ESTEBAN ECHEVERR√¬çA;2026-10-07;07-10-2026;06-10-2026;FAC-A-133634;Venta;LAGOPUELO S.A;36003;16,00;26780,60;32404,53;MONTIEL ELPIDIO ANTOLIN;;23,00 %;064;Karina Fernandez;;AYDN LAVDNA OR 25g/l 8/2l;1673,79;3458;;2;ALMACEN;1739,00;WALTER JANIUK;;$;2;GRUPO AYUDIN ARGENTINA S.A;;;CON;;;;;;;LAVANDINA;;;;;300;Bruno Centurion;AXUM;;;False;133634;0;1;;;;;;1;;1673,79
23785;CABILDO - (TRADICIONAL) 513;ESTEBAN ECHEVERR√¬çA;2026-10-07;07-10-2026;06-10-2026;FAC-A-133634;Venta;LAGOPUELO S.A;17927;45,00;36772,31;44494,50;MONTIEL ELPIDIO ANTOLIN;;23,00 %;064;Karina Fernandez;;AYDN LAVDNA OR 15/1L;817,16;3458;;2;ALMACEN;849,00;WALTER JANIUK;;$;2;GRUPO AYUDIN ARGENTINA S.A;;;CON;;;;;;;LAVANDINA;;;;;300;Bruno Centurion;AXUM;;;False;133634;0;1;;;;;;1;;817,16
23785;CABILDO - (TRADICIONAL) 513;ESTEBAN ECHEVERR√¬çA;2026-10-07;07-10-2026;06-10-2026;FAC-A-133634;Venta;LAGOPUELO S.A;60885;6,00;14924,13;18058,20;MONTIEL ELPIDIO ANTOLIN;;15,00 %;064;Karina Fernandez;;Poett Aer FlrLavda ExtFrag 6/360ml;2487,36;3458;;2;ALMACEN;2251,00;WALTER JANIUK;;$;2;GRUPO AYUDIN ARGENTINA S.A;;;CON;;;;;;;AERO POETT;;;;;300;Bruno Centurion;AXUM;;;False;133634;0;1;;;;;;1;;2487,36
23785;CABILDO - (TRADICIONAL) 513;ESTEBAN ECHEVERR√¬çA;2026-10-07;07-10-2026;06-10-2026;FAC-A-133634;Venta;LAGOPUELO S.A;60886;6,00;14924,13;18058,20;MONTIEL ELPIDIO ANTOLIN;;15,00 %;064;Karina Fernandez;;Poett Aer FlrPrm ExtFrag 6/360ml;2487,36;3458;;2;ALMACEN;2251,00;WALTER JANIUK;;$;2;GRUPO AYUDIN ARGENTINA S.A;;;CON;;;;;;;AERO POETT;;;;;300;Bruno Centurion;AXUM;;;False;133634;0;1;;;;;;1;;2487,36
23785;CABILDO - (TRADICIONAL) 513;ESTEBAN ECHEVERR√¬çA;2026-10-07;07-10-2026;06-10-2026;FAC-A-133634;Venta;LAGOPUELO S.A;60888;6,00;14924,13;18058,20;MONTIEL ELPIDIO ANTOLIN;;15,00 %;064;Karina Fernandez;;Poett Aer SvdAlg ExtFrag 6/360ml;2487,36;3458;;2;ALMACEN;2251,00;WALTER JANIUK;;$;2;GRUPO AYUDIN ARGENTINA S.A;;;CON;;;;;;;AERO POETT;;;;;300;Bruno Centurion;AXUM;;;False;133634;0;1;;;;;;1;;2487,36
23785;CABILDO - (TRADICIONAL) 513;ESTEBAN ECHEVERR√¬çA;2026-10-07;07-10-2026;06-10-2026;FAC-A-133634;Venta;LAGOPUELO S.A;60887;6,00;14924,13;18058,20;MONTIEL ELPIDIO ANTOLIN;;15,00 %;064;Karina Fernandez;;Poett Aer SvdBb ExtFrag 6/360ml;2487,36;3458;;2;ALMACEN;2251,00;WALTER JANIUK;;$;2;GRUPO AYUDIN ARGENTINA S.A;;;CON;;;;;;;AERO POETT;;;;;300;Bruno Centurion;AXUM;;;False;133634;0;1;;;;;;1;;2487,36
103790;Estanislao Zeballos 1097 0;BERNAL;2026-10-07;07-10-2026;06-10-2026;FAC-B-133641;Venta;LAGOPUELO S.A;34327;12,00;19690,08;23825,00;Romero Veronica;;0,00 %;054;Leonel Caruso;;Poett Desinf. Solo para ti 900ml;1640,84;3459;;georgalos-7;Almacen;1292,00;LEONARDO SANTA CRUZ;;$;2;GRUPO AYUDIN ARGENTINA S.A;;;EFV;;;;;;;PISO;;;;;300;Bruno Centurion;AXUM;;;False;133641;0;1;;;;;;1;;1640,84
4043;SANTA FE 1494;EZPELETA;2026-10-05;05-10-2026;06-10-2026;NCR-B-133649;DevoluciÛn por Rechazo;LAGOPUELO S.A;36004;-3,00;-11919,34;-14422,40;PINEDA FABIANA;NO QUIERE EL CLIENTE;12,00 %;2;Fernanda Cejas;;AYDN LAVDNA OR 25 g/l 3/4l;3973,11;3430;;georgalos-7;Almacen;3473,00;LEONARDO SANTA CRUZ;;$;2;GRUPO AYUDIN ARGENTINA S.A;;;CON;;;;;;;LAVANDINA;;;;;25;JOHANA VIGIL;gcw;132345;;True;133649;0;1;;;;;;1;;3973,11
27746;LAS HERAS E/SAN MARTIN Y ALVEAR - (TRADICIONAL) 708;LOMAS DE ZAMORA;2026-10-07;07-10-2026;06-10-2026;FAC-B-133657;Venta;LAGOPUELO S.A;17927;15,00;15918,75;19261,69;MARCASOLI KARINA;;0,00 %;073;Florencia Cubilla;;AYDN LAVDNA OR 15/1L;1061,25;3456;;2;ALMACEN;849,00;NAHUEL MONTOYA;;$;2;GRUPO AYUDIN ARGENTINA S.A;;;CON;;;;;;;LAVANDINA;;;;;300;Bruno Centurion;AXUM;;;False;133657;0;1;;;;;;1;;1061,25
27746;LAS HERAS E/SAN MARTIN Y ALVEAR - (TRADICIONAL) 708;LOMAS DE ZAMORA;2026-10-07;07-10-2026;06-10-2026;FAC-B-133657;Venta;LAGOPUELO S.A;32288;3,00;5518,50;6677,39;MARCASOLI KARINA;;0,00 %;073;Florencia Cubilla;;Tren Oxi DoyPk 16/400ml;1839,50;3456;;2;ALMACEN;1415,00;NAHUEL MONTOYA;;$;2;GRUPO AYUDIN ARGENTINA S.A;;;CON;;;;;;;LAVADO DE ROPA;;;;;300;Bruno Centurion;AXUM;;;False;133657;0;1;;;;;;1;;1839,50
27746;LAS HERAS E/SAN MARTIN Y ALVEAR - (TRADICIONAL) 708;LOMAS DE ZAMORA;2026-10-07;07-10-2026;06-10-2026;FAC-B-133657;Venta;LAGOPUELO S.A;61814;3,00;13207,50;15981,08;MARCASOLI KARINA;;0,00 %;073;Florencia Cubilla;;Sltn MataMosq Aer s/OlrQmc 6/360ml BA;4402,50;3456;;2;ALMACEN;3522,00;NAHUEL MONTOYA;;$;2;GRUPO AYUDIN ARGENTINA S.A;;;CON;;;;;;;SELTON;;;;;300;Bruno Centurion;AXUM;;;False;133657;0;1;;;;;;1;;4402,50
29131;CLARK - (AUTOSERVICIOS) 548;GLEW;2026-10-07;07-10-2026;06-10-2026;FAC-A-133661;Venta;LAGOPUELO S.A;17927;30,00;31837,50;38523,38;LIANG TIAN;;0,00 %;062;Nahuel Martinez;;AYDN LAVDNA OR 15/1L;1061,25;3462;;3;Autoservicio B;849,00;HERNAN RIVERO;;$;2;GRUPO AYUDIN ARGENTINA S.A;;;CON;;;;;;;LAVANDINA;;;;;300;Bruno Centurion;AXUM;;;False;133661;0;1;;;;;;1;;1061,25
29131;CLARK - (AUTOSERVICIOS) 548;GLEW;2026-10-07;07-10-2026;06-10-2026;FAC-A-133661;Venta;LAGOPUELO S.A;61620;3,00;10042,50;12151,43;LIANG TIAN;;0,00 %;062;Nahuel Martinez;;Aydn Bn Limp† Act Or Gat 12/500 ml;3347,50;3462;;3;Autoservicio B;2575,00;HERNAN RIVERO;;$;2;GRUPO AYUDIN ARGENTINA S.A;;;CON;;;;;;;BAÒO;;;;;300;Bruno Centurion;AXUM;;;False;133661;0;1;;;;;;1;;3347,50
29131;CLARK - (AUTOSERVICIOS) 548;GLEW;2026-10-07;07-10-2026;06-10-2026;FAC-A-133661;Venta;LAGOPUELO S.A;61816;6,00;17091,36;20680,55;LIANG TIAN;;20,00 %;062;Nahuel Martinez;;Sltn MataMosq Aer AccInst 6/360ml BA;2848,56;3462;;3;Autoservicio B;2739,00;HERNAN RIVERO;;$;2;GRUPO AYUDIN ARGENTINA S.A;;;CON;;;;;;;SELTON;;;;;300;Bruno Centurion;AXUM;;;False;133661;0;1;;;;;;1;;2848,56
29131;CLARK - (AUTOSERVICIOS) 548;GLEW;2026-10-07;07-10-2026;06-10-2026;FAC-A-133661;Venta;LAGOPUELO S.A;60885;6,00;14924,13;18058,20;LIANG TIAN;;15,00 %;062;Nahuel Martinez;;Poett Aer FlrLavda ExtFrag 6/360ml;2487,36;3462;;3;Autoservicio B;2251,00;HERNAN RIVERO;;$;2;GRUPO AYUDIN ARGENTINA S.A;;;CON;;;;;;;AERO POETT;;;;;300;Bruno Centurion;AXUM;;;False;133661;0;1;;;;;;1;;2487,36
4936;EMILIO ZOLA 1571;EZPELETA ESTE;2026-10-05;05-10-2026;06-10-2026;NCR-B-133662;DevoluciÛn por Rechazo;LAGOPUELO S.A;17927;-15,00;-12735,00;-15409,35;CROCE VANINA;MAL FACTURADO;20,00 %;054;Leonel Caruso;;AYDN LAVDNA OR 15/1L;849,00;3430;;georgalos-7;Almacen;849,00;LEONARDO SANTA CRUZ;;$;2;GRUPO AYUDIN ARGENTINA S.A;;;CON;;;;;;;LAVANDINA;;;;;300;Bruno Centurion;gcw;132675;;True;133662;0;1;;;;;;1;;849,00
23339;Teniente Clark - (AUTOSERVICIOS) 333;ALTE BROWN;2026-10-07;07-10-2026;06-10-2026;FAC-A-133671;Venta;LAGOPUELO S.A;61035;6,00;14924,13;18058,20;LANZANI ROCIO LUJAN;;15,00 %;062;Nahuel Martinez;;Poett Aer AlgrDia ExtFrag 6/360ml;2487,36;3462;;2;ALMACEN;2251,00;HERNAN RIVERO;;$;2;GRUPO AYUDIN ARGENTINA S.A;;;CON;;;;;;;AERO POETT;;;;;300;Bruno Centurion;AXUM;;;False;133671;0;1;;;;;;1;;2487,36
23339;Teniente Clark - (AUTOSERVICIOS) 333;ALTE BROWN;2026-10-07;07-10-2026;06-10-2026;FAC-A-133671;Venta;LAGOPUELO S.A;61036;6,00;14924,13;18058,20;LANZANI ROCIO LUJAN;;15,00 %;062;Nahuel Martinez;;Poett Aer EsptPly ExtFrag 6/360ml;2487,36;3462;;2;ALMACEN;2251,00;HERNAN RIVERO;;$;2;GRUPO AYUDIN ARGENTINA S.A;;;CON;;;;;;;AERO POETT;;;;;300;Bruno Centurion;AXUM;;;False;133671;0;1;;;;;;1;;2487,36
6541;ANTARTIDA ARGENTINA 1538;FLORENCIO VARELA;2026-10-08;08-10-2026;06-10-2026;FAC-A-133680;Venta;LAGOPUELO S.A;34327;12,00;19690,08;23825,00;UNIGUDS;;0,00 %;051;Ezequiel Valente;;Poett Desinf. Solo para ti 900ml;1640,84;3474;;3;AUTOSERVICIO;1292,00;JUAN ESCOTO;;$;2;GRUPO AYUDIN ARGENTINA S.A;;;9;;;;;;;PISO;;;;;300;Bruno Centurion;AXUM;;;False;133680;0;1;;;;;;1;;1640,84
6541;ANTARTIDA ARGENTINA 1538;FLORENCIO VARELA;2026-10-08;08-10-2026;06-10-2026;FAC-A-133680;Venta;LAGOPUELO S.A;60386;6,00;9845,04;11912,50;UNIGUDS;;0,00 %;051;Ezequiel Valente;;Poett EsptPly 12/900ml;1640,84;3474;;3;AUTOSERVICIO;1292,00;JUAN ESCOTO;;$;2;GRUPO AYUDIN ARGENTINA S.A;;;9;;;;;;;PISO;;;;;300;Bruno Centurion;AXUM;;;False;133680;0;1;;;;;;1;;1640,84
6541;ANTARTIDA ARGENTINA 1538;FLORENCIO VARELA;2026-10-08;08-10-2026;06-10-2026;FAC-A-133680;Venta;LAGOPUELO S.A;60227;8,00;18493,28;22376,87;UNIGUDS;;15,00 %;051;Ezequiel Valente;;Aydn PurGlac TriPod 8/2l GP2;2311,66;3474;;3;AUTOSERVICIO;2092,00;JUAN ESCOTO;;$;2;GRUPO AYUDIN ARGENTINA S.A;;;9;;;;;;;LAVANDINA;;;;;300;Bruno Centurion;AXUM;;;False;133680;0;1;;;;;;1;;2311,66
107796;Mendoza 3259 0;LANUS;2026-10-07;07-10-2026;06-10-2026;FAC-A-133685;Venta;LAGOPUELO S.A;60233;15,00;37086,05;44874,12;Feng Teng;;15,00 %;28;Nadia Diaz;;Aydn Lavdna Gel Or 15/700ml GP2;2472,40;3454;;3;AUTOSERVICIO;2187,00;SIMON OLIVERA;;$;2;GRUPO AYUDIN ARGENTINA S.A;;;EFV;;;;;;;LAVANDINA;;;;;25;JOHANA VIGIL;AXUM;;;False;133685;0;1;;;;;;1;;2472,40
107796;Mendoza 3259 0;LANUS;2026-10-07;07-10-2026;06-10-2026;FAC-A-133685;Venta;LAGOPUELO S.A;60234;15,00;37086,05;44874,12;Feng Teng;;15,00 %;28;Nadia Diaz;;Aydn Lavdna Gel Ctra 15/700ml GP2;2472,40;3454;;3;AUTOSERVICIO;2187,00;SIMON OLIVERA;;$;2;GRUPO AYUDIN ARGENTINA S.A;;;EFV;;;;;;;LAVANDINA;;;;;25;JOHANA VIGIL;AXUM;;;False;133685;0;1;;;;;;1;;2472,40
107796;Mendoza 3259 0;LANUS;2026-10-07;07-10-2026;06-10-2026;FAC-A-133685;Venta;LAGOPUELO S.A;60237;15,00;37086,05;44874,12;Feng Teng;;15,00 %;28;Nadia Diaz;;Aydn Lavdna Gel Flr 15/700ml GP2;2472,40;3454;;3;AUTOSERVICIO;2187,00;SIMON OLIVERA;;$;2;GRUPO AYUDIN ARGENTINA S.A;;;EFV;;;;;;;LAVANDINA;;;;;25;JOHANA VIGIL;AXUM;;;False;133685;0;1;;;;;;1;;2472,40
4814;BROWN 334;QUILMES;2026-10-07;07-10-2026;06-10-2026;FAC-A-133694;Venta;LAGOPUELO S.A;36003;8,00;17390,00;21041,90;MARTRES GISELA NIEVES;;0,00 %;2;Fernanda Cejas;;AYDN LAVDNA OR 25g/l 8/2l;2173,75;3459;;3;AUTOSERVICIO;1739,00;LEONARDO SANTA CRUZ;;$;2;GRUPO AYUDIN ARGENTINA S.A;;;CON;;;;;;;LAVANDINA;;;;;25;JOHANA VIGIL;AXUM;;;False;133694;0;1;;;;;;1;;2173,75
4814;BROWN 334;QUILMES;2026-10-07;07-10-2026;06-10-2026;FAC-A-133694;Venta;LAGOPUELO S.A;32288;8,00;14716,00;17806,36;MARTRES GISELA NIEVES;;0,00 %;2;Fernanda Cejas;;Tren Oxi DoyPk 16/400ml;1839,50;3459;;3;AUTOSERVICIO;1415,00;LEONARDO SANTA CRUZ;;$;2;GRUPO AYUDIN ARGENTINA S.A;;;CON;;;;;;;LAVADO DE ROPA;;;;;25;JOHANA VIGIL;AXUM;;;False;133694;0;1;;;;;;1;;1839,50
629;CALLE 896 2295;Quilmes;2026-10-08;08-10-2026;06-10-2026;FAC-A-133699;Venta;LAGOPUELO S.A;17927;15,00;15918,75;19261,69;RAMOS LEANDRO DANIEL;;0,00 %;056;Ezequiel Ferreira;;AYDN LAVDNA OR 15/1L;1061,25;3478;;3;AUTOSERVICIO;849,00;WALTER JANIUK;;$;2;GRUPO AYUDIN ARGENTINA S.A;;;EFV;;;;;;;LAVANDINA;;;;;300;Bruno Centurion;AXUM;;;False;133699;0;1;;;;;;1;;1061,25
629;CALLE 896 2295;Quilmes;2026-10-08;08-10-2026;06-10-2026;FAC-A-133699;Venta;LAGOPUELO S.A;36003;8,00;17390,00;21041,90;RAMOS LEANDRO DANIEL;;0,00 %;056;Ezequiel Ferreira;;AYDN LAVDNA OR 25g/l 8/2l;2173,75;3478;;3;AUTOSERVICIO;1739,00;WALTER JANIUK;;$;2;GRUPO AYUDIN ARGENTINA S.A;;;EFV;;;;;;;LAVANDINA;;;;;300;Bruno Centurion;AXUM;;;False;133699;0;1;;;;;;1;;2173,75
809;AV DARDO ROCHA 660;Bernal;2026-10-07;07-10-2026;06-10-2026;FAC-A-133703;Venta;Empresa LAGOPUELO;34320;12,00;15161,36;18345,25;SHI YUECHI;;23,00 %;054;Leonel Caruso;;Poett Desinf. Frescura de Lavanda 900ml;1263,45;3459;;3;AUTOSERVICIO;1292,00;LEONARDO SANTA CRUZ;;$;2;GRUPO AYUDIN ARGENTINA S.A;;;CON;;;;;;;PISO;;;;;300;Bruno Centurion;AXUM;;;False;133703;0;1;;;;;;1;;1263,45
809;AV DARDO ROCHA 660;Bernal;2026-10-07;07-10-2026;06-10-2026;FAC-A-133703;Venta;Empresa LAGOPUELO;34324;12,00;15161,36;18345,25;SHI YUECHI;;23,00 %;054;Leonel Caruso;;Poett Desinf. Flores de Primavera 900ml;1263,45;3459;;3;AUTOSERVICIO;1292,00;LEONARDO SANTA CRUZ;;$;2;GRUPO AYUDIN ARGENTINA S.A;;;CON;;;;;;;PISO;;;;;300;Bruno Centurion;AXUM;;;False;133703;0;1;;;;;;1;;1263,45
809;AV DARDO ROCHA 660;Bernal;2026-10-07;07-10-2026;06-10-2026;FAC-A-133703;Venta;Empresa LAGOPUELO;34327;12,00;15161,36;18345,25;SHI YUECHI;;23,00 %;054;Leonel Caruso;;Poett Desinf. Solo para ti 900ml;1263,45;3459;;3;AUTOSERVICIO;1292,00;LEONARDO SANTA CRUZ;;$;2;GRUPO AYUDIN ARGENTINA S.A;;;CON;;;;;;;PISO;;;;;300;Bruno Centurion;AXUM;;;False;133703;0;1;;;;;;1;;1263,45
809;AV DARDO ROCHA 660;Bernal;2026-10-07;07-10-2026;06-10-2026;FAC-A-133703;Venta;Empresa LAGOPUELO;34334;12,00;15161,36;18345,25;SHI YUECHI;;23,00 %;054;Leonel Caruso;;Poett Dsnf SuadBebe 12/900ml;1263,45;3459;;3;AUTOSERVICIO;1292,00;LEONARDO SANTA CRUZ;;$;2;GRUPO AYUDIN ARGENTINA S.A;;;CON;;;;;;;PISO;;;;;300;Bruno Centurion;AXUM;;;False;133703;0;1;;;;;;1;;1263,45
809;AV DARDO ROCHA 660;Bernal;2026-10-07;07-10-2026;06-10-2026;FAC-A-133703;Venta;Empresa LAGOPUELO;34342;12,00;15161,36;18345,25;SHI YUECHI;;23,00 %;054;Leonel Caruso;;Poett Dsnf AlgrDia 12/900ml;1263,45;3459;;3;AUTOSERVICIO;1292,00;LEONARDO SANTA CRUZ;;$;2;GRUPO AYUDIN ARGENTINA S.A;;;CON;;;;;;;PISO;;;;;300;Bruno Centurion;AXUM;;;False;133703;0;1;;;;;;1;;1263,45
6391;CA—UELAS 2364;Varela;2026-10-08;08-10-2026;06-10-2026;FAC-A-133704;Venta;LAGOPUELO S.A;61816;24,00;68365,44;82722,18;MARTINEZ JORGE ALBERTO;;20,00 %;6;Nieves Alegre;;Sltn MataMosq Aer AccInst 6/360ml BA;2848,56;3472;;2;ALMACEN;2739,00;IVAN MONTOYA;;$;2;GRUPO AYUDIN ARGENTINA S.A;;;CON;;;;;;;SELTON;;;;;25;JOHANA VIGIL;AXUM;;;False;133704;0;1;;;;;;1;;2848,56
27466;Maipu - (AUTOSERVICIOS) 448;EZEIZA;2026-10-07;07-10-2026;06-10-2026;FAC-A-133706;Venta;LAGOPUELO S.A;34321;24,00;77313,60;93549,46;Lin Weiwei;;0,00 %;075;Julieta Yegros;;Poett Desinf. Frescura de Lavanda 1.8ml;3221,40;3458;;3;Autoservicio A;2478,00;WALTER JANIUK;;$;2;GRUPO AYUDIN ARGENTINA S.A;;;CON;;;;;;;PISO;;;;;300;Bruno Centurion;AXUM;;;False;133706;0;1;;;;;;1;;3221,40
27466;Maipu - (AUTOSERVICIOS) 448;EZEIZA;2026-10-07;07-10-2026;06-10-2026;FAC-A-133706;Venta;LAGOPUELO S.A;61046;60,00;89224,20;107961,28;Lin Weiwei;;18,00 %;075;Julieta Yegros;;Aydn RopQuitMnch BlncInt 15/1l;1487,07;3458;;3;Autoservicio A;1395,00;WALTER JANIUK;;$;2;GRUPO AYUDIN ARGENTINA S.A;;;CON;;;;;;;LAVADO DE ROPA;;;;;300;Bruno Centurion;AXUM;;;False;133706;0;1;;;;;;1;;1487,07
27466;Maipu - (AUTOSERVICIOS) 448;EZEIZA;2026-10-07;07-10-2026;06-10-2026;FAC-A-133706;Venta;LAGOPUELO S.A;61047;8,00;23682,26;28655,53;Lin Weiwei;;18,00 %;075;Julieta Yegros;;Aydn RopQuitMnch BlncInt 8/2l;2960,28;3458;;3;Autoservicio A;2777,00;WALTER JANIUK;;$;2;GRUPO AYUDIN ARGENTINA S.A;;;CON;;;;;;;LAVADO DE ROPA;;;;;300;Bruno Centurion;AXUM;;;False;133706;0;1;;;;;;1;;2960,28
27466;Maipu - (AUTOSERVICIOS) 448;EZEIZA;2026-10-07;07-10-2026;06-10-2026;FAC-A-133706;Venta;LAGOPUELO S.A;60237;15,00;37086,05;44874,12;Lin Weiwei;;15,00 %;075;Julieta Yegros;;Aydn Lavdna Gel Flr 15/700ml GP2;2472,40;3458;;3;Autoservicio A;2187,00;WALTER JANIUK;;$;2;GRUPO AYUDIN ARGENTINA S.A;;;CON;;;;;;;LAVANDINA;;;;;300;Bruno Centurion;AXUM;;;False;133706;0;1;;;;;;1;;2472,40
27466;Maipu - (AUTOSERVICIOS) 448;EZEIZA;2026-10-07;07-10-2026;06-10-2026;FAC-A-133706;Venta;LAGOPUELO S.A;60234;15,00;37086,05;44874,12;Lin Weiwei;;15,00 %;075;Julieta Yegros;;Aydn Lavdna Gel Ctra 15/700ml GP2;2472,40;3458;;3;Autoservicio A;2187,00;WALTER JANIUK;;$;2;GRUPO AYUDIN ARGENTINA S.A;;;CON;;;;;;;LAVANDINA;;;;;300;Bruno Centurion;AXUM;;;False;133706;0;1;;;;;;1;;2472,40
27466;Maipu - (AUTOSERVICIOS) 448;EZEIZA;2026-10-07;07-10-2026;06-10-2026;FAC-A-133706;Venta;LAGOPUELO S.A;60240;15,00;37086,05;44874,12;Lin Weiwei;;15,00 %;075;Julieta Yegros;;Aydn Lavdna Gel Lavda EXPRT 15/700ml GP2;2472,40;3458;;3;Autoservicio A;2187,00;WALTER JANIUK;;$;2;GRUPO AYUDIN ARGENTINA S.A;;;CON;;;;;;;LAVANDINA;;;;;300;Bruno Centurion;AXUM;;;False;133706;0;1;;;;;;1;;2472,40
27466;Maipu - (AUTOSERVICIOS) 448;EZEIZA;2026-10-07;07-10-2026;06-10-2026;FAC-A-133706;Venta;LAGOPUELO S.A;60239;15,00;37086,05;44874,12;Lin Weiwei;;15,00 %;075;Julieta Yegros;;Aydn Lavdna Gel MntFrs 15/700ml GP2;2472,40;3458;;3;Autoservicio A;2187,00;WALTER JANIUK;;$;2;GRUPO AYUDIN ARGENTINA S.A;;;CON;;;;;;;LAVANDINA;;;;;300;Bruno Centurion;AXUM;;;False;133706;0;1;;;;;;1;;2472,40
27466;Maipu - (AUTOSERVICIOS) 448;EZEIZA;2026-10-07;07-10-2026;06-10-2026;FAC-A-133706;Venta;LAGOPUELO S.A;60233;15,00;37086,05;44874,12;Lin Weiwei;;15,00 %;075;Julieta Yegros;;Aydn Lavdna Gel Or 15/700ml GP2;2472,40;3458;;3;Autoservicio A;2187,00;WALTER JANIUK;;$;2;GRUPO AYUDIN ARGENTINA S.A;;;CON;;;;;;;LAVANDINA;;;;;300;Bruno Centurion;AXUM;;;False;133706;0;1;;;;;;1;;2472,40
107563;Gobernador Yrigoyen 68 0;LANUS;2026-10-07;07-10-2026;06-10-2026;FAC-A-133717;Venta;LAGOPUELO S.A;17927;75,00;61287,19;74157,50;Bibiana Rabena;;23,00 %;30;Oriana Songini;;AYDN LAVDNA OR 15/1L;817,16;3454;;3;AUTOSERVICIO;849,00;SIMON OLIVERA;;$;2;GRUPO AYUDIN ARGENTINA S.A;;;EFV;;;;;;;LAVANDINA;;;;;25;JOHANA VIGIL;AXUM;;;False;133717;0;1;;;;;;1;;817,16
107563;Gobernador Yrigoyen 68 0;LANUS;2026-10-07;07-10-2026;06-10-2026;FAC-A-133717;Venta;LAGOPUELO S.A;61046;15,00;22306,05;26990,32;Bibiana Rabena;;18,00 %;30;Oriana Songini;;Aydn RopQuitMnch BlncInt 15/1l;1487,07;3454;;3;AUTOSERVICIO;1395,00;SIMON OLIVERA;;$;2;GRUPO AYUDIN ARGENTINA S.A;;;EFV;;;;;;;LAVADO DE ROPA;;;;;25;JOHANA VIGIL;AXUM;;;False;133717;0;1;;;;;;1;;1487,07
2144;Calle 55 N 5402;Berazategui;2026-10-07;07-10-2026;06-10-2026;FAC-A-133752;Venta;LAGOPUELO S.A;17927;15,00;12735,00;15409,35;LACAVA NANCY;;20,00 %;052;Nicole Sosa;;AYDN LAVDNA OR 15/1L;849,00;3457;;3;AUTOSERVICIO;849,00;JUAN ESCOTO;;$;2;GRUPO AYUDIN ARGENTINA S.A;;;CON;;;;;;;LAVANDINA;;;;;300;Bruno Centurion;AXUM;;;False;133752;0;1;;;;;;1;;849,00
27512;Corrientes - (AUTOSERVICIOS) 575;LOMAS DE ZAMORA;2026-10-07;07-10-2026;06-10-2026;FAC-A-133754;Venta;LAGOPUELO S.A;17927;75,00;61287,19;74157,50;Li han;;23,00 %;074;Romina Baez;;AYDN LAVDNA OR 15/1L;817,16;3456;;3;Autoservicio A;849,00;NAHUEL MONTOYA;;$;2;GRUPO AYUDIN ARGENTINA S.A;;;CON;;;;;;;LAVANDINA;;;;;300;Bruno Centurion;AXUM;;;False;133754;0;1;;;;;;1;;817,16
27512;Corrientes - (AUTOSERVICIOS) 575;LOMAS DE ZAMORA;2026-10-07;07-10-2026;06-10-2026;FAC-A-133754;Venta;LAGOPUELO S.A;33575;6,00;11387,46;13778,83;Li han;;0,00 %;074;Romina Baez;;Aydn Ropa ClrViv DoyPk 16/400ml;1897,91;3456;;3;Autoservicio A;1427,00;NAHUEL MONTOYA;;$;2;GRUPO AYUDIN ARGENTINA S.A;;;CON;;;;;;;LAVADO DE ROPA;;;;;300;Bruno Centurion;AXUM;;;False;133754;0;1;;;;;;1;;1897,91
1034;CALLE 820 2494;SAN FRANCISCO SOLANO (QUILMES);2026-10-08;08-10-2026;06-10-2026;FAC-A-133759;Venta;LAGOPUELO S.A;17927;15,00;15918,75;19261,69;CARMEN CECILIA CASTRO;;0,00 %;056;Ezequiel Ferreira;;AYDN LAVDNA OR 15/1L;1061,25;3478;;3;AUTOSERVICIO;849,00;WALTER JANIUK;;$;2;GRUPO AYUDIN ARGENTINA S.A;;;CON;;;;;;;LAVANDINA;;;;;300;Bruno Centurion;AXUM;;;False;133759;0;1;;;;;;1;;1061,25
1034;CALLE 820 2494;SAN FRANCISCO SOLANO (QUILMES);2026-10-08;08-10-2026;06-10-2026;FAC-A-133759;Venta;LAGOPUELO S.A;36003;8,00;17390,00;21041,90;CARMEN CECILIA CASTRO;;0,00 %;056;Ezequiel Ferreira;;AYDN LAVDNA OR 25g/l 8/2l;2173,75;3478;;3;AUTOSERVICIO;1739,00;WALTER JANIUK;;$;2;GRUPO AYUDIN ARGENTINA S.A;;;CON;;;;;;;LAVANDINA;;;;;300;Bruno Centurion;AXUM;;;False;133759;0;1;;;;;;1;;2173,75
27700;MOLINA ARROTEA - (ARTICULO DE LIMPIEZA) 1973;LOMAS DE ZAMORA;2026-10-07;07-10-2026;06-10-2026;FAC-A-133770;Venta;LAGOPUELO S.A;17927;15,00;15918,75;19261,69;Marta Gabriela pighetti;;0,00 %;074;Romina Baez;;AYDN LAVDNA OR 15/1L;1061,25;3456;;2;ALMACEN;849,00;NAHUEL MONTOYA;;$;2;GRUPO AYUDIN ARGENTINA S.A;;;CON;;;;;;;LAVANDINA;;;;;300;Bruno Centurion;AXUM;;;False;133770;0;1;;;;;;1;;1061,25
27700;MOLINA ARROTEA - (ARTICULO DE LIMPIEZA) 1973;LOMAS DE ZAMORA;2026-10-07;07-10-2026;06-10-2026;FAC-A-133770;Venta;LAGOPUELO S.A;36003;8,00;17390,00;21041,90;Marta Gabriela pighetti;;0,00 %;074;Romina Baez;;AYDN LAVDNA OR 25g/l 8/2l;2173,75;3456;;2;ALMACEN;1739,00;NAHUEL MONTOYA;;$;2;GRUPO AYUDIN ARGENTINA S.A;;;CON;;;;;;;LAVANDINA;;;;;300;Bruno Centurion;AXUM;;;False;133770;0;1;;;;;;1;;2173,75
27700;MOLINA ARROTEA - (ARTICULO DE LIMPIEZA) 1973;LOMAS DE ZAMORA;2026-10-07;07-10-2026;06-10-2026;FAC-A-133770;Venta;LAGOPUELO S.A;34320;6,00;9845,04;11912,50;Marta Gabriela pighetti;;0,00 %;074;Romina Baez;;Poett Desinf. Frescura de Lavanda 900ml;1640,84;3456;;2;ALMACEN;1292,00;NAHUEL MONTOYA;;$;2;GRUPO AYUDIN ARGENTINA S.A;;;CON;;;;;;;PISO;;;;;300;Bruno Centurion;AXUM;;;False;133770;0;1;;;;;;1;;1640,84
27700;MOLINA ARROTEA - (ARTICULO DE LIMPIEZA) 1973;LOMAS DE ZAMORA;2026-10-07;07-10-2026;06-10-2026;FAC-A-133770;Venta;LAGOPUELO S.A;34324;3,00;4922,52;5956,25;Marta Gabriela pighetti;;0,00 %;074;Romina Baez;;Poett Desinf. Flores de Primavera 900ml;1640,84;3456;;2;ALMACEN;1292,00;NAHUEL MONTOYA;;$;2;GRUPO AYUDIN ARGENTINA S.A;;;CON;;;;;;;PISO;;;;;300;Bruno Centurion;AXUM;;;False;133770;0;1;;;;;;1;;1640,84
27700;MOLINA ARROTEA - (ARTICULO DE LIMPIEZA) 1973;LOMAS DE ZAMORA;2026-10-07;07-10-2026;06-10-2026;FAC-A-133770;Venta;LAGOPUELO S.A;34334;3,00;4922,52;5956,25;Marta Gabriela pighetti;;0,00 %;074;Romina Baez;;Poett Dsnf SuadBebe 12/900ml;1640,84;3456;;2;ALMACEN;1292,00;NAHUEL MONTOYA;;$;2;GRUPO AYUDIN ARGENTINA S.A;;;CON;;;;;;;PISO;;;;;300;Bruno Centurion;AXUM;;;False;133770;0;1;;;;;;1;;1640,84
27700;MOLINA ARROTEA - (ARTICULO DE LIMPIEZA) 1973;LOMAS DE ZAMORA;2026-10-07;07-10-2026;06-10-2026;FAC-A-133770;Venta;LAGOPUELO S.A;34338;3,00;4922,52;5956,25;Marta Gabriela pighetti;;0,00 %;074;Romina Baez;;Poett Dsnf MscPrmvra 12/900ml;1640,84;3456;;2;ALMACEN;1292,00;NAHUEL MONTOYA;;$;2;GRUPO AYUDIN ARGENTINA S.A;;;CON;;;;;;;PISO;;;;;300;Bruno Centurion;AXUM;;;False;133770;0;1;;;;;;1;;1640,84
27700;MOLINA ARROTEA - (ARTICULO DE LIMPIEZA) 1973;LOMAS DE ZAMORA;2026-10-07;07-10-2026;06-10-2026;FAC-A-133770;Venta;LAGOPUELO S.A;60386;3,00;4922,52;5956,25;Marta Gabriela pighetti;;0,00 %;074;Romina Baez;;Poett EsptPly 12/900ml;1640,84;3456;;2;ALMACEN;1292,00;NAHUEL MONTOYA;;$;2;GRUPO AYUDIN ARGENTINA S.A;;;CON;;;;;;;PISO;;;;;300;Bruno Centurion;AXUM;;;False;133770;0;1;;;;;;1;;1640,84
27700;MOLINA ARROTEA - (ARTICULO DE LIMPIEZA) 1973;LOMAS DE ZAMORA;2026-10-07;07-10-2026;06-10-2026;FAC-A-133770;Venta;LAGOPUELO S.A;36001;3,00;4922,52;5956,25;Marta Gabriela pighetti;;0,00 %;074;Romina Baez;;POETT FRSC TROP 12/900;1640,84;3456;;2;ALMACEN;1292,00;NAHUEL MONTOYA;;$;2;GRUPO AYUDIN ARGENTINA S.A;;;CON;;;;;;;PISO;;;;;300;Bruno Centurion;AXUM;;;False;133770;0;1;;;;;;1;;1640,84
5813;DARDO ROCHA 2598;EL JAGUEL;2026-10-07;07-10-2026;06-10-2026;FAC-A-133771;Venta;LAGOPUELO S.A;34320;12,00;19690,08;23825,00;MATIAS MAXIMILIANO TOMAINO;;0,00 %;064;Karina Fernandez;;Poett Desinf. Frescura de Lavanda 900ml;1640,84;3458;;6;MAYORISTA;1292,00;WALTER JANIUK;;$;2;GRUPO AYUDIN ARGENTINA S.A;;;CON;;;;;;;PISO;;;;;300;Bruno Centurion;AXUM;;;False;133771;0;1;;;;;;1;;1640,84
5813;DARDO ROCHA 2598;EL JAGUEL;2026-10-07;07-10-2026;06-10-2026;FAC-A-133771;Venta;LAGOPUELO S.A;34324;12,00;19690,08;23825,00;MATIAS MAXIMILIANO TOMAINO;;0,00 %;064;Karina Fernandez;;Poett Desinf. Flores de Primavera 900ml;1640,84;3458;;6;MAYORISTA;1292,00;WALTER JANIUK;;$;2;GRUPO AYUDIN ARGENTINA S.A;;;CON;;;;;;;PISO;;;;;300;Bruno Centurion;AXUM;;;False;133771;0;1;;;;;;1;;1640,84
5813;DARDO ROCHA 2598;EL JAGUEL;2026-10-07;07-10-2026;06-10-2026;FAC-A-133771;Venta;LAGOPUELO S.A;60386;12,00;19690,08;23825,00;MATIAS MAXIMILIANO TOMAINO;;0,00 %;064;Karina Fernandez;;Poett EsptPly 12/900ml;1640,84;3458;;6;MAYORISTA;1292,00;WALTER JANIUK;;$;2;GRUPO AYUDIN ARGENTINA S.A;;;CON;;;;;;;PISO;;;;;300;Bruno Centurion;AXUM;;;False;133771;0;1;;;;;;1;;1640,84
5813;DARDO ROCHA 2598;EL JAGUEL;2026-10-07;07-10-2026;06-10-2026;FAC-A-133771;Venta;LAGOPUELO S.A;34334;12,00;19690,08;23825,00;MATIAS MAXIMILIANO TOMAINO;;0,00 %;064;Karina Fernandez;;Poett Dsnf SuadBebe 12/900ml;1640,84;3458;;6;MAYORISTA;1292,00;WALTER JANIUK;;$;2;GRUPO AYUDIN ARGENTINA S.A;;;CON;;;;;;;PISO;;;;;300;Bruno Centurion;AXUM;;;False;133771;0;1;;;;;;1;;1640,84
5813;DARDO ROCHA 2598;EL JAGUEL;2026-10-07;07-10-2026;06-10-2026;FAC-A-133771;Venta;LAGOPUELO S.A;34342;12,00;19690,08;23825,00;MATIAS MAXIMILIANO TOMAINO;;0,00 %;064;Karina Fernandez;;Poett Dsnf AlgrDia 12/900ml;1640,84;3458;;6;MAYORISTA;1292,00;WALTER JANIUK;;$;2;GRUPO AYUDIN ARGENTINA S.A;;;CON;;;;;;;PISO;;;;;300;Bruno Centurion;AXUM;;;False;133771;0;1;;;;;;1;;1640,84
5813;DARDO ROCHA 2598;EL JAGUEL;2026-10-07;07-10-2026;06-10-2026;FAC-A-133771;Venta;LAGOPUELO S.A;60886;6,00;14924,13;18058,20;MATIAS MAXIMILIANO TOMAINO;;15,00 %;064;Karina Fernandez;;Poett Aer FlrPrm ExtFrag 6/360ml;2487,36;3458;;6;MAYORISTA;2251,00;WALTER JANIUK;;$;2;GRUPO AYUDIN ARGENTINA S.A;;;CON;;;;;;;AERO POETT;;;;;300;Bruno Centurion;AXUM;;;False;133771;0;1;;;;;;1;;2487,36
5813;DARDO ROCHA 2598;EL JAGUEL;2026-10-07;07-10-2026;06-10-2026;FAC-A-133771;Venta;LAGOPUELO S.A;60888;6,00;14924,13;18058,20;MATIAS MAXIMILIANO TOMAINO;;15,00 %;064;Karina Fernandez;;Poett Aer SvdAlg ExtFrag 6/360ml;2487,36;3458;;6;MAYORISTA;2251,00;WALTER JANIUK;;$;2;GRUPO AYUDIN ARGENTINA S.A;;;CON;;;;;;;AERO POETT;;;;;300;Bruno Centurion;AXUM;;;False;133771;0;1;;;;;;1;;2487,36
3608;MORENO 313;Quilmes;2026-10-07;07-10-2026;06-10-2026;FAC-A-133773;Venta;LAGOPUELO S.A;61301;6,00;11512,80;13930,49;WANG JINGEIANG;;0,00 %;2;Fernanda Cejas;;Ayudin Expert Dsnf. Multisup Doypack 16/450m;1918,80;3459;;3;AUTOSERVICIO;1476,00;LEONARDO SANTA CRUZ;;$;2;GRUPO AYUDIN ARGENTINA S.A;;;CON;;;;;;;AERO AYUDIN;;;;;25;JOHANA VIGIL;AXUM;;;False;133773;0;1;;;;;;1;;1918,80
3608;MORENO 313;Quilmes;2026-10-07;07-10-2026;06-10-2026;FAC-A-133773;Venta;LAGOPUELO S.A;60402;3,00;11443,32;13846,42;WANG JINGEIANG;;0,00 %;2;Fernanda Cejas;;Ayudin Ropa Colores Vivos 15/700ml;3814,44;3459;;3;AUTOSERVICIO;2868,00;LEONARDO SANTA CRUZ;;$;2;GRUPO AYUDIN ARGENTINA S.A;;;CON;;;;;;;LAVADO DE ROPA;;;;;25;JOHANA VIGIL;AXUM;;;False;133773;0;1;;;;;;1;;3814,44
3608;MORENO 313;Quilmes;2026-10-07;07-10-2026;06-10-2026;FAC-A-133773;Venta;LAGOPUELO S.A;33576;6,00;11387,46;13778,83;WANG JINGEIANG;;0,00 %;2;Fernanda Cejas;;Aydn Ropa BlncSprms DoyPk 16/400ml;1897,91;3459;;3;AUTOSERVICIO;1427,00;LEONARDO SANTA CRUZ;;$;2;GRUPO AYUDIN ARGENTINA S.A;;;CON;;;;;;;LAVADO DE ROPA;;;;;25;JOHANA VIGIL;AXUM;;;False;133773;0;1;;;;;;1;;1897,91
102485;Marco Avellaneda 5524 0;LANUS;2026-10-07;07-10-2026;06-10-2026;FAC-A-133777;Venta;LAGOPUELO S.A;60233;3,00;8726,13;10558,62;Roberto Jimenez;;0,00 %;26;Sabrina Pereyra;;Aydn Lavdna Gel Or 15/700ml GP2;2908,71;3454;;georgalos-7;Almacen;2187,00;SIMON OLIVERA;;$;2;GRUPO AYUDIN ARGENTINA S.A;;;EFV;;;;;;;LAVANDINA;;;;;25;JOHANA VIGIL;AXUM;;;False;133777;0;1;;;;;;1;;2908,71
102485;Marco Avellaneda 5524 0;LANUS;2026-10-07;07-10-2026;06-10-2026;FAC-A-133777;Venta;LAGOPUELO S.A;61046;6,00;10881,00;13166,01;Roberto Jimenez;;0,00 %;26;Sabrina Pereyra;;Aydn RopQuitMnch BlncInt 15/1l;1813,50;3454;;georgalos-7;Almacen;1395,00;SIMON OLIVERA;;$;2;GRUPO AYUDIN ARGENTINA S.A;;;EFV;;;;;;;LAVADO DE ROPA;;;;;25;JOHANA VIGIL;AXUM;;;False;133777;0;1;;;;;;1;;1813,50
3685;PELLEGRINI 51;Quilmes;2026-10-07;07-10-2026;06-10-2026;FAC-A-133782;Venta;LAGOPUELO S.A;36003;16,00;34780,00;42083,80;YANAJE CAYO NAHUEL FACUNDO;;0,00 %;2;Fernanda Cejas;;AYDN LAVDNA OR 25g/l 8/2l;2173,75;3459;;3;AUTOSERVICIO;1739,00;LEONARDO SANTA CRUZ;;$;2;GRUPO AYUDIN ARGENTINA S.A;;;CON;;;;;;;LAVANDINA;;;;;25;JOHANA VIGIL;AXUM;;;False;133782;0;1;;;;;;1;;2173,75
27446;Pte Peron - (AUTOSERVICIOS) 17;EZEIZA;2026-10-07;07-10-2026;06-10-2026;FAC-A-133786;Venta;LAGOPUELO S.A;36003;120,00;195637,50;236721,38;Li Haijin;;25,00 %;075;Julieta Yegros;;AYDN LAVDNA OR 25g/l 8/2l;1630,31;3458;;3;Autoservicio A;1739,00;WALTER JANIUK;;$;2;GRUPO AYUDIN ARGENTINA S.A;;;CON;;;;;;;LAVANDINA;;;;;300;Bruno Centurion;AXUM;;;False;133786;0;1;;;;;;1;;1630,31
5274;AV. BOSQUES 2755;FLORENCIO VARELA;2026-10-08;08-10-2026;06-10-2026;FAC-A-133789;Venta;LAGOPUELO S.A;61046;15,00;22306,05;26990,32;LIN ZENGHUA;;18,00 %;051;Ezequiel Valente;;Aydn RopQuitMnch BlncInt 15/1l;1487,07;3474;;3;AUTOSERVICIO;1395,00;JUAN ESCOTO;;$;2;GRUPO AYUDIN ARGENTINA S.A;;;CON;;;;;;;LAVADO DE ROPA;;;;;300;Bruno Centurion;AXUM;;;False;133789;0;1;;;;;;1;;1487,07
5274;AV. BOSQUES 2755;FLORENCIO VARELA;2026-10-08;08-10-2026;06-10-2026;FAC-A-133789;Venta;LAGOPUELO S.A;61047;8,00;23682,26;28655,53;LIN ZENGHUA;;18,00 %;051;Ezequiel Valente;;Aydn RopQuitMnch BlncInt 8/2l;2960,28;3474;;3;AUTOSERVICIO;2777,00;JUAN ESCOTO;;$;2;GRUPO AYUDIN ARGENTINA S.A;;;CON;;;;;;;LAVADO DE ROPA;;;;;300;Bruno Centurion;AXUM;;;False;133789;0;1;;;;;;1;;2960,28
102301;Jujuy (tocar Timbre) 2061 0;LANUS;2026-10-07;07-10-2026;06-10-2026;FAC-A-133790;Venta;LAGOPUELO S.A;36003;8,00;13912,00;16833,52;Zheng Muzhu;;20,00 %;29;Camila Navarrete;;AYDN LAVDNA OR 25g/l 8/2l;1739,00;3454;;3;AUTOSERVICIO;1739,00;SIMON OLIVERA;;$;2;GRUPO AYUDIN ARGENTINA S.A;;;EFV;;;;;;;LAVANDINA;;;;;25;JOHANA VIGIL;AXUM;;;False;133790;0;1;;;;;;1;;1739,00
102301;Jujuy (tocar Timbre) 2061 0;LANUS;2026-10-07;07-10-2026;06-10-2026;FAC-A-133790;Venta;LAGOPUELO S.A;60222;15,00;17403,75;21058,54;Zheng Muzhu;;15,00 %;29;Camila Navarrete;;Aydn Lavda TriPod 15/1l GP2;1160,25;3454;;3;AUTOSERVICIO;1050,00;SIMON OLIVERA;;$;2;GRUPO AYUDIN ARGENTINA S.A;;;EFV;;;;;;;LAVANDINA;;;;;25;JOHANA VIGIL;AXUM;;;False;133790;0;1;;;;;;1;;1160,25
27528;Frias - (AUTOSERVICIOS) 922;LOMAS DE ZAMORA;2026-10-07;07-10-2026;06-10-2026;FAC-A-133803;Venta;LAGOPUELO S.A;61816;6,00;17091,36;20680,55;Chen Fengyu;;20,00 %;074;Romina Baez;;Sltn MataMosq Aer AccInst 6/360ml BA;2848,56;3456;;3;Autoservicio A;2739,00;NAHUEL MONTOYA;;$;2;GRUPO AYUDIN ARGENTINA S.A;;;CON;;;;;;;SELTON;;;;;300;Bruno Centurion;AXUM;;;False;133803;0;1;;;;;;1;;2848,56
27528;Frias - (AUTOSERVICIOS) 922;LOMAS DE ZAMORA;2026-10-07;07-10-2026;06-10-2026;FAC-A-133803;Venta;LAGOPUELO S.A;60408;3,00;11443,32;13846,42;Chen Fengyu;;0,00 %;074;Romina Baez;;Ayudin Ropa Blancos Supremos 15/700ml;3814,44;3456;;3;Autoservicio A;2868,00;NAHUEL MONTOYA;;$;2;GRUPO AYUDIN ARGENTINA S.A;;;CON;;;;;;;LAVADO DE ROPA;;;;;300;Bruno Centurion;AXUM;;;False;133803;0;1;;;;;;1;;3814,44
3699;AV 14 2907;BERAZATEGUI;2026-10-07;07-10-2026;06-10-2026;FAC-A-133814;Venta;LAGOPUELO S.A;34320;6,00;9845,04;11912,50;AUTOSERVICIO KD S. A.;;0,00 %;4;Selene Pawlikowski;;Poett Desinf. Frescura de Lavanda 900ml;1640,84;3457;;3;AUTOSERVICIO;1292,00;JUAN ESCOTO;;$;2;GRUPO AYUDIN ARGENTINA S.A;;;CON;;;;;;;PISO;;;;;25;JOHANA VIGIL;AXUM;;;False;133814;0;1;;;;;;1;;1640,84
3171;SAAVEDRA 270;QUILMES;2026-10-07;07-10-2026;06-10-2026;FAC-A-133816;Venta;LAGOPUELO S.A;33575;16,00;30366,56;36743,54;CHEN MEIJIAO;;0,00 %;2;Fernanda Cejas;;Aydn Ropa ClrViv DoyPk 16/400ml;1897,91;3459;;3;AUTOSERVICIO;1427,00;LEONARDO SANTA CRUZ;;$;2;GRUPO AYUDIN ARGENTINA S.A;;;CON;;;;;;;LAVADO DE ROPA;;;;;25;JOHANA VIGIL;AXUM;;;False;133816;0;1;;;;;;1;;1897,91
22602;AVELLANEDA - (AUTOSERVICIOS) 1155;BERNAL ESTE;2026-10-07;07-10-2026;06-10-2026;FAC-A-133821;Venta;LAGOPUELO S.A;60233;15,00;37086,05;44874,12;TANG JINPING;;15,00 %;054;Leonel Caruso;;Aydn Lavdna Gel Or 15/700ml GP2;2472,40;3459;;3;Autoservicio B;2187,00;LEONARDO SANTA CRUZ;;$;2;GRUPO AYUDIN ARGENTINA S.A;;;CON;;;;;;;LAVANDINA;;;;;300;Bruno Centurion;AXUM;;;False;133821;0;1;;;;;;1;;2472,40
1061;CALLE 53 5601;BERAZATEGUI;2026-10-07;07-10-2026;06-10-2026;FAC-A-133826;Venta;LAGOPUELO S.A;34324;12,00;15161,36;18345,25;ABAL DANIEL EDUARDO;;23,00 %;052;Nicole Sosa;;Poett Desinf. Flores de Primavera 900ml;1263,45;3457;;3;AUTOSERVICIO;1292,00;JUAN ESCOTO;;$;2;GRUPO AYUDIN ARGENTINA S.A;;;CON;;;;;;;PISO;;;;;300;Bruno Centurion;AXUM;;;False;133826;0;1;;;;;;1;;1263,45
1061;CALLE 53 5601;BERAZATEGUI;2026-10-07;07-10-2026;06-10-2026;FAC-A-133826;Venta;LAGOPUELO S.A;34320;12,00;15161,36;18345,25;ABAL DANIEL EDUARDO;;23,00 %;052;Nicole Sosa;;Poett Desinf. Frescura de Lavanda 900ml;1263,45;3457;;3;AUTOSERVICIO;1292,00;JUAN ESCOTO;;$;2;GRUPO AYUDIN ARGENTINA S.A;;;CON;;;;;;;PISO;;;;;300;Bruno Centurion;AXUM;;;False;133826;0;1;;;;;;1;;1263,45
1061;CALLE 53 5601;BERAZATEGUI;2026-10-07;07-10-2026;06-10-2026;FAC-A-133826;Venta;LAGOPUELO S.A;34327;12,00;15161,36;18345,25;ABAL DANIEL EDUARDO;;23,00 %;052;Nicole Sosa;;Poett Desinf. Solo para ti 900ml;1263,45;3457;;3;AUTOSERVICIO;1292,00;JUAN ESCOTO;;$;2;GRUPO AYUDIN ARGENTINA S.A;;;CON;;;;;;;PISO;;;;;300;Bruno Centurion;AXUM;;;False;133826;0;1;;;;;;1;;1263,45
1061;CALLE 53 5601;BERAZATEGUI;2026-10-07;07-10-2026;06-10-2026;FAC-A-133826;Venta;LAGOPUELO S.A;34342;12,00;15161,36;18345,25;ABAL DANIEL EDUARDO;;23,00 %;052;Nicole Sosa;;Poett Dsnf AlgrDia 12/900ml;1263,45;3457;;3;AUTOSERVICIO;1292,00;JUAN ESCOTO;;$;2;GRUPO AYUDIN ARGENTINA S.A;;;CON;;;;;;;PISO;;;;;300;Bruno Centurion;AXUM;;;False;133826;0;1;;;;;;1;;1263,45
1061;CALLE 53 5601;BERAZATEGUI;2026-10-07;07-10-2026;06-10-2026;FAC-A-133826;Venta;LAGOPUELO S.A;34338;12,00;15161,36;18345,25;ABAL DANIEL EDUARDO;;23,00 %;052;Nicole Sosa;;Poett Dsnf MscPrmvra 12/900ml;1263,45;3457;;3;AUTOSERVICIO;1292,00;JUAN ESCOTO;;$;2;GRUPO AYUDIN ARGENTINA S.A;;;CON;;;;;;;PISO;;;;;300;Bruno Centurion;AXUM;;;False;133826;0;1;;;;;;1;;1263,45
1061;CALLE 53 5601;BERAZATEGUI;2026-10-07;07-10-2026;06-10-2026;FAC-A-133826;Venta;LAGOPUELO S.A;34334;12,00;15161,36;18345,25;ABAL DANIEL EDUARDO;;23,00 %;052;Nicole Sosa;;Poett Dsnf SuadBebe 12/900ml;1263,45;3457;;3;AUTOSERVICIO;1292,00;JUAN ESCOTO;;$;2;GRUPO AYUDIN ARGENTINA S.A;;;CON;;;;;;;PISO;;;;;300;Bruno Centurion;AXUM;;;False;133826;0;1;;;;;;1;;1263,45
1061;CALLE 53 5601;BERAZATEGUI;2026-10-07;07-10-2026;06-10-2026;FAC-A-133826;Venta;LAGOPUELO S.A;60386;12,00;15161,36;18345,25;ABAL DANIEL EDUARDO;;23,00 %;052;Nicole Sosa;;Poett EsptPly 12/900ml;1263,45;3457;;3;AUTOSERVICIO;1292,00;JUAN ESCOTO;;$;2;GRUPO AYUDIN ARGENTINA S.A;;;CON;;;;;;;PISO;;;;;300;Bruno Centurion;AXUM;;;False;133826;0;1;;;;;;1;;1263,45
1061;CALLE 53 5601;BERAZATEGUI;2026-10-07;07-10-2026;06-10-2026;FAC-A-133826;Venta;LAGOPUELO S.A;36001;12,00;15161,36;18345,25;ABAL DANIEL EDUARDO;;23,00 %;052;Nicole Sosa;;POETT FRSC TROP 12/900;1263,45;3457;;3;AUTOSERVICIO;1292,00;JUAN ESCOTO;;$;2;GRUPO AYUDIN ARGENTINA S.A;;;CON;;;;;;;PISO;;;;;300;Bruno Centurion;AXUM;;;False;133826;0;1;;;;;;1;;1263,45
23662;EVITA - (PERFUMERIA) 633;EL JAGUEL;2026-10-07;07-10-2026;06-10-2026;FAC-B-133837;Venta;LAGOPUELO S.A;17927;45,00;36772,31;44494,50;ELIZABETH BUSTAMANTE;;23,00 %;064;Karina Fernandez;;AYDN LAVDNA OR 15/1L;817,16;3458;;georgalos-803;Perfumeria;849,00;WALTER JANIUK;;$;2;GRUPO AYUDIN ARGENTINA S.A;;;CON;;;;;;;LAVANDINA;;;;;300;Bruno Centurion;AXUM;;;False;133837;0;1;;;;;;1;;817,16
23662;EVITA - (PERFUMERIA) 633;EL JAGUEL;2026-10-07;07-10-2026;06-10-2026;FAC-B-133837;Venta;LAGOPUELO S.A;36003;16,00;26780,60;32404,53;ELIZABETH BUSTAMANTE;;23,00 %;064;Karina Fernandez;;AYDN LAVDNA OR 25g/l 8/2l;1673,79;3458;;georgalos-803;Perfumeria;1739,00;WALTER JANIUK;;$;2;GRUPO AYUDIN ARGENTINA S.A;;;CON;;;;;;;LAVANDINA;;;;;300;Bruno Centurion;AXUM;;;False;133837;0;1;;;;;;1;;1673,79
6382;SAN JOSE 2454;Varela;2026-10-08;08-10-2026;06-10-2026;FAC-A-133842;Venta;LAGOPUELO S.A;33575;16,00;30366,56;36743,54;Huang Yu;;0,00 %;051;Ezequiel Valente;;Aydn Ropa ClrViv DoyPk 16/400ml;1897,91;3474;;3;AUTOSERVICIO;1427,00;JUAN ESCOTO;;$;2;GRUPO AYUDIN ARGENTINA S.A;;;CON;;;;;;;LAVADO DE ROPA;;;;;300;Bruno Centurion;AXUM;;;False;133842;0;1;;;;;;1;;1897,91
2406;AV PRES DR NESTOR KIRCHNER 5444;Berazategui;2026-10-07;07-10-2026;06-10-2026;FAC-A-133852;Venta;ELEBES;61816;6,00;17091,36;20680,55;VINK VANESA MARIELA;;20,00 %;052;Nicole Sosa;;Sltn MataMosq Aer AccInst 6/360ml BA;2848,56;3457;;3;AUTOSERVICIO;2739,00;JUAN ESCOTO;;$;2;GRUPO AYUDIN ARGENTINA S.A;;;CON;;;;;;;SELTON;;;;;300;Bruno Centurion;AXUM;;;False;133852;0;1;;;;;;1;;2848,56
2406;AV PRES DR NESTOR KIRCHNER 5444;Berazategui;2026-10-07;07-10-2026;06-10-2026;FAC-A-133852;Venta;ELEBES;17927;15,00;12735,00;15409,35;VINK VANESA MARIELA;;20,00 %;052;Nicole Sosa;;AYDN LAVDNA OR 15/1L;849,00;3457;;3;AUTOSERVICIO;849,00;JUAN ESCOTO;;$;2;GRUPO AYUDIN ARGENTINA S.A;;;CON;;;;;;;LAVANDINA;;;;;300;Bruno Centurion;AXUM;;;False;133852;0;1;;;;;;1;;849,00
2406;AV PRES DR NESTOR KIRCHNER 5444;Berazategui;2026-10-07;07-10-2026;06-10-2026;FAC-A-133852;Venta;ELEBES;61046;15,00;22306,05;26990,32;VINK VANESA MARIELA;;18,00 %;052;Nicole Sosa;;Aydn RopQuitMnch BlncInt 15/1l;1487,07;3457;;3;AUTOSERVICIO;1395,00;JUAN ESCOTO;;$;2;GRUPO AYUDIN ARGENTINA S.A;;;CON;;;;;;;LAVADO DE ROPA;;;;;300;Bruno Centurion;AXUM;;;False;133852;0;1;;;;;;1;;1487,07
27743;SAAVEDRA ENTRE GORRITI Y LORIA - (PERFUMERIA) 130;LOMAS DE ZAMORA;2026-10-07;07-10-2026;06-10-2026;FAC-A-133856;Venta;LAGOPUELO S.A;34320;4,00;6563,36;7941,67;SERGIO;;0,00 %;074;Romina Baez;;Poett Desinf. Frescura de Lavanda 900ml;1640,84;3456;;georgalos-803;Perfumeria;1292,00;NAHUEL MONTOYA;;$;2;GRUPO AYUDIN ARGENTINA S.A;;;CON;;;;;;;PISO;;;;;300;Bruno Centurion;AXUM;;;False;133856;0;1;;;;;;1;;1640,84
27743;SAAVEDRA ENTRE GORRITI Y LORIA - (PERFUMERIA) 130;LOMAS DE ZAMORA;2026-10-07;07-10-2026;06-10-2026;FAC-A-133856;Venta;LAGOPUELO S.A;34342;4,00;6563,36;7941,67;SERGIO;;0,00 %;074;Romina Baez;;Poett Dsnf AlgrDia 12/900ml;1640,84;3456;;georgalos-803;Perfumeria;1292,00;NAHUEL MONTOYA;;$;2;GRUPO AYUDIN ARGENTINA S.A;;;CON;;;;;;;PISO;;;;;300;Bruno Centurion;AXUM;;;False;133856;0;1;;;;;;1;;1640,84
27743;SAAVEDRA ENTRE GORRITI Y LORIA - (PERFUMERIA) 130;LOMAS DE ZAMORA;2026-10-07;07-10-2026;06-10-2026;FAC-A-133856;Venta;LAGOPUELO S.A;34338;4,00;6563,36;7941,67;SERGIO;;0,00 %;074;Romina Baez;;Poett Dsnf MscPrmvra 12/900ml;1640,84;3456;;georgalos-803;Perfumeria;1292,00;NAHUEL MONTOYA;;$;2;GRUPO AYUDIN ARGENTINA S.A;;;CON;;;;;;;PISO;;;;;300;Bruno Centurion;AXUM;;;False;133856;0;1;;;;;;1;;1640,84
27743;SAAVEDRA ENTRE GORRITI Y LORIA - (PERFUMERIA) 130;LOMAS DE ZAMORA;2026-10-07;07-10-2026;06-10-2026;FAC-A-133856;Venta;LAGOPUELO S.A;36001;3,00;4922,52;5956,25;SERGIO;;0,00 %;074;Romina Baez;;POETT FRSC TROP 12/900;1640,84;3456;;georgalos-803;Perfumeria;1292,00;NAHUEL MONTOYA;;$;2;GRUPO AYUDIN ARGENTINA S.A;;;CON;;;;;;;PISO;;;;;300;Bruno Centurion;AXUM;;;False;133856;0;1;;;;;;1;;1640,84
27743;SAAVEDRA ENTRE GORRITI Y LORIA - (PERFUMERIA) 130;LOMAS DE ZAMORA;2026-10-07;07-10-2026;06-10-2026;FAC-A-133856;Venta;LAGOPUELO S.A;60386;3,00;4922,52;5956,25;SERGIO;;0,00 %;074;Romina Baez;;Poett EsptPly 12/900ml;1640,84;3456;;georgalos-803;Perfumeria;1292,00;NAHUEL MONTOYA;;$;2;GRUPO AYUDIN ARGENTINA S.A;;;CON;;;;;;;PISO;;;;;300;Bruno Centurion;AXUM;;;False;133856;0;1;;;;;;1;;1640,84
27743;SAAVEDRA ENTRE GORRITI Y LORIA - (PERFUMERIA) 130;LOMAS DE ZAMORA;2026-10-07;07-10-2026;06-10-2026;FAC-A-133856;Venta;LAGOPUELO S.A;34327;3,00;4922,52;5956,25;SERGIO;;0,00 %;074;Romina Baez;;Poett Desinf. Solo para ti 900ml;1640,84;3456;;georgalos-803;Perfumeria;1292,00;NAHUEL MONTOYA;;$;2;GRUPO AYUDIN ARGENTINA S.A;;;CON;;;;;;;PISO;;;;;300;Bruno Centurion;AXUM;;;False;133856;0;1;;;;;;1;;1640,84
27743;SAAVEDRA ENTRE GORRITI Y LORIA - (PERFUMERIA) 130;LOMAS DE ZAMORA;2026-10-07;07-10-2026;06-10-2026;FAC-A-133856;Venta;LAGOPUELO S.A;27816;5,00;11160,50;13504,21;SERGIO;;0,00 %;074;Romina Baez;;Poett Cnsta 12/27.5g;2232,10;3456;;georgalos-803;Perfumeria;1717,00;NAHUEL MONTOYA;;$;2;GRUPO AYUDIN ARGENTINA S.A;;;CON;;;;;;;BAÒO;;;;;300;Bruno Centurion;AXUM;;;False;133856;0;1;;;;;;1;;2232,10
27743;SAAVEDRA ENTRE GORRITI Y LORIA - (PERFUMERIA) 130;LOMAS DE ZAMORA;2026-10-07;07-10-2026;06-10-2026;FAC-A-133856;Venta;LAGOPUELO S.A;17927;15,00;15918,75;19261,69;SERGIO;;0,00 %;074;Romina Baez;;AYDN LAVDNA OR 15/1L;1061,25;3456;;georgalos-803;Perfumeria;849,00;NAHUEL MONTOYA;;$;2;GRUPO AYUDIN ARGENTINA S.A;;;CON;;;;;;;LAVANDINA;;;;;300;Bruno Centurion;AXUM;;;False;133856;0;1;;;;;;1;;1061,25
27743;SAAVEDRA ENTRE GORRITI Y LORIA - (PERFUMERIA) 130;LOMAS DE ZAMORA;2026-10-07;07-10-2026;06-10-2026;FAC-A-133856;Venta;LAGOPUELO S.A;36003;8,00;17390,00;21041,90;SERGIO;;0,00 %;074;Romina Baez;;AYDN LAVDNA OR 25g/l 8/2l;2173,75;3456;;georgalos-803;Perfumeria;1739,00;NAHUEL MONTOYA;;$;2;GRUPO AYUDIN ARGENTINA S.A;;;CON;;;;;;;LAVANDINA;;;;;300;Bruno Centurion;AXUM;;;False;133856;0;1;;;;;;1;;2173,75
27013;CALLE 895 - (PERFUMERIA) 1510;QUILMES OESTE;2026-10-08;08-10-2026;06-10-2026;FAC-B-133863;Venta;LAGOPUELO S.A;36004;3,00;12596,57;15241,85;GIMENEZ CELSA;;7,00 %;056;Ezequiel Ferreira;;AYDN LAVDNA OR 25 g/l 3/4l;4198,86;3478;;OTR;Articulo de limpieza;3473,00;WALTER JANIUK;;$;2;GRUPO AYUDIN ARGENTINA S.A;;;CON;;;;;;;LAVANDINA;;;;;300;Bruno Centurion;AXUM;;;False;133863;0;1;;;;;;1;;4198,86
27013;CALLE 895 - (PERFUMERIA) 1510;QUILMES OESTE;2026-10-08;08-10-2026;06-10-2026;FAC-B-133863;Venta;LAGOPUELO S.A;61046;15,00;22306,05;26990,32;GIMENEZ CELSA;;18,00 %;056;Ezequiel Ferreira;;Aydn RopQuitMnch BlncInt 15/1l;1487,07;3478;;OTR;Articulo de limpieza;1395,00;WALTER JANIUK;;$;2;GRUPO AYUDIN ARGENTINA S.A;;;CON;;;;;;;LAVADO DE ROPA;;;;;300;Bruno Centurion;AXUM;;;False;133863;0;1;;;;;;1;;1487,07
27013;CALLE 895 - (PERFUMERIA) 1510;QUILMES OESTE;2026-10-08;08-10-2026;06-10-2026;FAC-B-133863;Venta;LAGOPUELO S.A;60233;15,00;37086,05;44874,12;GIMENEZ CELSA;;15,00 %;056;Ezequiel Ferreira;;Aydn Lavdna Gel Or 15/700ml GP2;2472,40;3478;;OTR;Articulo de limpieza;2187,00;WALTER JANIUK;;$;2;GRUPO AYUDIN ARGENTINA S.A;;;CON;;;;;;;LAVANDINA;;;;;300;Bruno Centurion;AXUM;;;False;133863;0;1;;;;;;1;;2472,40
27013;CALLE 895 - (PERFUMERIA) 1510;QUILMES OESTE;2026-10-08;08-10-2026;06-10-2026;FAC-B-133863;Venta;LAGOPUELO S.A;34320;12,00;19690,08;23825,00;GIMENEZ CELSA;;0,00 %;056;Ezequiel Ferreira;;Poett Desinf. Frescura de Lavanda 900ml;1640,84;3478;;OTR;Articulo de limpieza;1292,00;WALTER JANIUK;;$;2;GRUPO AYUDIN ARGENTINA S.A;;;CON;;;;;;;PISO;;;;;300;Bruno Centurion;AXUM;;;False;133863;0;1;;;;;;1;;1640,84
27013;CALLE 895 - (PERFUMERIA) 1510;QUILMES OESTE;2026-10-08;08-10-2026;06-10-2026;FAC-B-133863;Venta;LAGOPUELO S.A;34334;12,00;19690,08;23825,00;GIMENEZ CELSA;;0,00 %;056;Ezequiel Ferreira;;Poett Dsnf SuadBebe 12/900ml;1640,84;3478;;OTR;Articulo de limpieza;1292,00;WALTER JANIUK;;$;2;GRUPO AYUDIN ARGENTINA S.A;;;CON;;;;;;;PISO;;;;;300;Bruno Centurion;AXUM;;;False;133863;0;1;;;;;;1;;1640,84
27013;CALLE 895 - (PERFUMERIA) 1510;QUILMES OESTE;2026-10-08;08-10-2026;06-10-2026;FAC-B-133863;Venta;LAGOPUELO S.A;34327;12,00;19690,08;23825,00;GIMENEZ CELSA;;0,00 %;056;Ezequiel Ferreira;;Poett Desinf. Solo para ti 900ml;1640,84;3478;;OTR;Articulo de limpieza;1292,00;WALTER JANIUK;;$;2;GRUPO AYUDIN ARGENTINA S.A;;;CON;;;;;;;PISO;;;;;300;Bruno Centurion;AXUM;;;False;133863;0;1;;;;;;1;;1640,84
27013;CALLE 895 - (PERFUMERIA) 1510;QUILMES OESTE;2026-10-08;08-10-2026;06-10-2026;FAC-B-133863;Venta;LAGOPUELO S.A;34324;12,00;19690,08;23825,00;GIMENEZ CELSA;;0,00 %;056;Ezequiel Ferreira;;Poett Desinf. Flores de Primavera 900ml;1640,84;3478;;OTR;Articulo de limpieza;1292,00;WALTER JANIUK;;$;2;GRUPO AYUDIN ARGENTINA S.A;;;CON;;;;;;;PISO;;;;;300;Bruno Centurion;AXUM;;;False;133863;0;1;;;;;;1;;1640,84
27378;Caraza - (AUTOSERVICIOS) 138;BANFIELD;2026-10-07;07-10-2026;06-10-2026;FAC-A-133868;Venta;LAGOPUELO S.A;34324;12,00;15161,36;18345,25;Timpano Andrea Alejandra;;23,00 %;073;Florencia Cubilla;;Poett Desinf. Flores de Primavera 900ml;1263,45;3456;;2;ALMACEN;1292,00;NAHUEL MONTOYA;;$;2;GRUPO AYUDIN ARGENTINA S.A;;;CON;;;;;;;PISO;;;;;300;Bruno Centurion;AXUM;;;False;133868;0;1;;;;;;1;;1263,45
27378;Caraza - (AUTOSERVICIOS) 138;BANFIELD;2026-10-07;07-10-2026;06-10-2026;FAC-A-133868;Venta;LAGOPUELO S.A;34320;12,00;15161,36;18345,25;Timpano Andrea Alejandra;;23,00 %;073;Florencia Cubilla;;Poett Desinf. Frescura de Lavanda 900ml;1263,45;3456;;2;ALMACEN;1292,00;NAHUEL MONTOYA;;$;2;GRUPO AYUDIN ARGENTINA S.A;;;CON;;;;;;;PISO;;;;;300;Bruno Centurion;AXUM;;;False;133868;0;1;;;;;;1;;1263,45
27378;Caraza - (AUTOSERVICIOS) 138;BANFIELD;2026-10-07;07-10-2026;06-10-2026;FAC-A-133868;Venta;LAGOPUELO S.A;34327;12,00;15161,36;18345,25;Timpano Andrea Alejandra;;23,00 %;073;Florencia Cubilla;;Poett Desinf. Solo para ti 900ml;1263,45;3456;;2;ALMACEN;1292,00;NAHUEL MONTOYA;;$;2;GRUPO AYUDIN ARGENTINA S.A;;;CON;;;;;;;PISO;;;;;300;Bruno Centurion;AXUM;;;False;133868;0;1;;;;;;1;;1263,45
27378;Caraza - (AUTOSERVICIOS) 138;BANFIELD;2026-10-07;07-10-2026;06-10-2026;FAC-A-133868;Venta;LAGOPUELO S.A;34342;12,00;15161,36;18345,25;Timpano Andrea Alejandra;;23,00 %;073;Florencia Cubilla;;Poett Dsnf AlgrDia 12/900ml;1263,45;3456;;2;ALMACEN;1292,00;NAHUEL MONTOYA;;$;2;GRUPO AYUDIN ARGENTINA S.A;;;CON;;;;;;;PISO;;;;;300;Bruno Centurion;AXUM;;;False;133868;0;1;;;;;;1;;1263,45
27378;Caraza - (AUTOSERVICIOS) 138;BANFIELD;2026-10-07;07-10-2026;06-10-2026;FAC-A-133868;Venta;LAGOPUELO S.A;34334;12,00;15161,36;18345,25;Timpano Andrea Alejandra;;23,00 %;073;Florencia Cubilla;;Poett Dsnf SuadBebe 12/900ml;1263,45;3456;;2;ALMACEN;1292,00;NAHUEL MONTOYA;;$;2;GRUPO AYUDIN ARGENTINA S.A;;;CON;;;;;;;PISO;;;;;300;Bruno Centurion;AXUM;;;False;133868;0;1;;;;;;1;;1263,45
27378;Caraza - (AUTOSERVICIOS) 138;BANFIELD;2026-10-07;07-10-2026;06-10-2026;FAC-A-133868;Venta;LAGOPUELO S.A;60386;12,00;15161,36;18345,25;Timpano Andrea Alejandra;;23,00 %;073;Florencia Cubilla;;Poett EsptPly 12/900ml;1263,45;3456;;2;ALMACEN;1292,00;NAHUEL MONTOYA;;$;2;GRUPO AYUDIN ARGENTINA S.A;;;CON;;;;;;;PISO;;;;;300;Bruno Centurion;AXUM;;;False;133868;0;1;;;;;;1;;1263,45
22601;AVELLANEDA P/D: - (AUTOSERVICIOS) 427;BERNAL ESTE;2026-10-07;07-10-2026;06-10-2026;FAC-A-133870;Venta;LAGOPUELO S.A;60240;15,00;37086,05;44874,12;wu hong da;;15,00 %;054;Leonel Caruso;;Aydn Lavdna Gel Lavda EXPRT 15/700ml GP2;2472,40;3459;;3;Autoservicio B;2187,00;LEONARDO SANTA CRUZ;;$;2;GRUPO AYUDIN ARGENTINA S.A;;;CON;;;;;;;LAVANDINA;;;;;300;Bruno Centurion;AXUM;;;False;133870;0;1;;;;;;1;;2472,40
22601;AVELLANEDA P/D: - (AUTOSERVICIOS) 427;BERNAL ESTE;2026-10-07;07-10-2026;06-10-2026;FAC-A-133870;Venta;LAGOPUELO S.A;60233;15,00;37086,05;44874,12;wu hong da;;15,00 %;054;Leonel Caruso;;Aydn Lavdna Gel Or 15/700ml GP2;2472,40;3459;;3;Autoservicio B;2187,00;LEONARDO SANTA CRUZ;;$;2;GRUPO AYUDIN ARGENTINA S.A;;;CON;;;;;;;LAVANDINA;;;;;300;Bruno Centurion;AXUM;;;False;133870;0;1;;;;;;1;;2472,40
27689;LAPRIDA - (TRADICIONAL) 861;LOMAS DE ZAMORA;2026-10-07;07-10-2026;06-10-2026;FAC-B-133876;Venta;LAGOPUELO S.A;34320;4,00;6563,36;7941,67;CARMEN VILLANUEVA;;0,00 %;074;Romina Baez;;Poett Desinf. Frescura de Lavanda 900ml;1640,84;3456;;2;ALMACEN;1292,00;NAHUEL MONTOYA;;$;2;GRUPO AYUDIN ARGENTINA S.A;;;CON;;;;;;;PISO;;;;;300;Bruno Centurion;AXUM;;;False;133876;0;1;;;;;;1;;1640,84
27689;LAPRIDA - (TRADICIONAL) 861;LOMAS DE ZAMORA;2026-10-07;07-10-2026;06-10-2026;FAC-B-133876;Venta;LAGOPUELO S.A;34324;4,00;6563,36;7941,67;CARMEN VILLANUEVA;;0,00 %;074;Romina Baez;;Poett Desinf. Flores de Primavera 900ml;1640,84;3456;;2;ALMACEN;1292,00;NAHUEL MONTOYA;;$;2;GRUPO AYUDIN ARGENTINA S.A;;;CON;;;;;;;PISO;;;;;300;Bruno Centurion;AXUM;;;False;133876;0;1;;;;;;1;;1640,84
27689;LAPRIDA - (TRADICIONAL) 861;LOMAS DE ZAMORA;2026-10-07;07-10-2026;06-10-2026;FAC-B-133876;Venta;LAGOPUELO S.A;34334;4,00;6563,36;7941,67;CARMEN VILLANUEVA;;0,00 %;074;Romina Baez;;Poett Dsnf SuadBebe 12/900ml;1640,84;3456;;2;ALMACEN;1292,00;NAHUEL MONTOYA;;$;2;GRUPO AYUDIN ARGENTINA S.A;;;CON;;;;;;;PISO;;;;;300;Bruno Centurion;AXUM;;;False;133876;0;1;;;;;;1;;1640,84
27689;LAPRIDA - (TRADICIONAL) 861;LOMAS DE ZAMORA;2026-10-07;07-10-2026;06-10-2026;FAC-B-133876;Venta;LAGOPUELO S.A;34338;4,00;6563,36;7941,67;CARMEN VILLANUEVA;;0,00 %;074;Romina Baez;;Poett Dsnf MscPrmvra 12/900ml;1640,84;3456;;2;ALMACEN;1292,00;NAHUEL MONTOYA;;$;2;GRUPO AYUDIN ARGENTINA S.A;;;CON;;;;;;;PISO;;;;;300;Bruno Centurion;AXUM;;;False;133876;0;1;;;;;;1;;1640,84
27689;LAPRIDA - (TRADICIONAL) 861;LOMAS DE ZAMORA;2026-10-07;07-10-2026;06-10-2026;FAC-B-133876;Venta;LAGOPUELO S.A;34342;4,00;6563,36;7941,67;CARMEN VILLANUEVA;;0,00 %;074;Romina Baez;;Poett Dsnf AlgrDia 12/900ml;1640,84;3456;;2;ALMACEN;1292,00;NAHUEL MONTOYA;;$;2;GRUPO AYUDIN ARGENTINA S.A;;;CON;;;;;;;PISO;;;;;300;Bruno Centurion;AXUM;;;False;133876;0;1;;;;;;1;;1640,84
27689;LAPRIDA - (TRADICIONAL) 861;LOMAS DE ZAMORA;2026-10-07;07-10-2026;06-10-2026;FAC-B-133876;Venta;LAGOPUELO S.A;36003;8,00;17390,00;21041,90;CARMEN VILLANUEVA;;0,00 %;074;Romina Baez;;AYDN LAVDNA OR 25g/l 8/2l;2173,75;3456;;2;ALMACEN;1739,00;NAHUEL MONTOYA;;$;2;GRUPO AYUDIN ARGENTINA S.A;;;CON;;;;;;;LAVANDINA;;;;;300;Bruno Centurion;AXUM;;;False;133876;0;1;;;;;;1;;2173,75
5427;GARONA - (TRADITIONAL TRADE) 1644;LOMAS DE ZAMORA;2026-10-07;07-10-2026;06-10-2026;FAC-A-133880;Venta;LAGOPUELO S.A;16186;6,00;38790,90;46936,99;QIAOYUN LIN;;0,00 %;074;Romina Baez;;Plomero Liq 12/1L;6465,15;3456;;3;Autoservicio A;4789,00;NAHUEL MONTOYA;;$;2;GRUPO AYUDIN ARGENTINA S.A;;;CON;;;;;;;BAÒO;;;;;300;Bruno Centurion;AXUM;;;False;133880;0;1;;;;;;1;;6465,15
4907;Calle 895 N 1452;QUILMES OESTE;2026-10-08;08-10-2026;06-10-2026;FAC-B-133885;Venta;LAGOPUELO S.A;33575;16,00;30366,56;36743,54;PATO JAVIER;;0,00 %;056;Ezequiel Ferreira;;Aydn Ropa ClrViv DoyPk 16/400ml;1897,91;3478;;3;AUTOSERVICIO;1427,00;WALTER JANIUK;;$;2;GRUPO AYUDIN ARGENTINA S.A;;;CON;;;;;;;LAVADO DE ROPA;;;;;300;Bruno Centurion;AXUM;;;False;133885;0;1;;;;;;1;;1897,91
4907;Calle 895 N 1452;QUILMES OESTE;2026-10-08;08-10-2026;06-10-2026;FAC-B-133885;Venta;LAGOPUELO S.A;61816;18,00;51274,08;62041,64;PATO JAVIER;;20,00 %;056;Ezequiel Ferreira;;Sltn MataMosq Aer AccInst 6/360ml BA;2848,56;3478;;3;AUTOSERVICIO;2739,00;WALTER JANIUK;;$;2;GRUPO AYUDIN ARGENTINA S.A;;;CON;;;;;;;SELTON;;;;;300;Bruno Centurion;AXUM;;;False;133885;0;1;;;;;;1;;2848,56
4907;Calle 895 N 1452;QUILMES OESTE;2026-10-08;08-10-2026;06-10-2026;FAC-B-133885;Venta;LAGOPUELO S.A;36003;40,00;66951,50;81011,32;PATO JAVIER;;23,00 %;056;Ezequiel Ferreira;;AYDN LAVDNA OR 25g/l 8/2l;1673,79;3478;;3;AUTOSERVICIO;1739,00;WALTER JANIUK;;$;2;GRUPO AYUDIN ARGENTINA S.A;;;CON;;;;;;;LAVANDINA;;;;;300;Bruno Centurion;AXUM;;;False;133885;0;1;;;;;;1;;1673,79
19127;SANTA ANA - (PERFUMERIA) 1897;TEMPERLEY;2026-10-08;08-10-2026;06-10-2026;FAC-B-133905;Venta;LAGOPUELO S.A;34324;3,00;4922,52;5956,25;GOMEZ NORA JACQUELINE;;0,00 %;063;Daniel Martin;;Poett Desinf. Flores de Primavera 900ml;1640,84;3479;;georgalos-803;Perfumeria;1292,00;MARIANO SOSA;;$;2;GRUPO AYUDIN ARGENTINA S.A;;;CON;;;;;;;PISO;;;;;300;Bruno Centurion;AXUM;;;False;133905;0;1;;;;;;1;;1640,84
19127;SANTA ANA - (PERFUMERIA) 1897;TEMPERLEY;2026-10-08;08-10-2026;06-10-2026;FAC-B-133905;Venta;LAGOPUELO S.A;34334;3,00;4922,52;5956,25;GOMEZ NORA JACQUELINE;;0,00 %;063;Daniel Martin;;Poett Dsnf SuadBebe 12/900ml;1640,84;3479;;georgalos-803;Perfumeria;1292,00;MARIANO SOSA;;$;2;GRUPO AYUDIN ARGENTINA S.A;;;CON;;;;;;;PISO;;;;;300;Bruno Centurion;AXUM;;;False;133905;0;1;;;;;;1;;1640,84
19127;SANTA ANA - (PERFUMERIA) 1897;TEMPERLEY;2026-10-08;08-10-2026;06-10-2026;FAC-B-133905;Venta;LAGOPUELO S.A;36001;3,00;4922,52;5956,25;GOMEZ NORA JACQUELINE;;0,00 %;063;Daniel Martin;;POETT FRSC TROP 12/900;1640,84;3479;;georgalos-803;Perfumeria;1292,00;MARIANO SOSA;;$;2;GRUPO AYUDIN ARGENTINA S.A;;;CON;;;;;;;PISO;;;;;300;Bruno Centurion;AXUM;;;False;133905;0;1;;;;;;1;;1640,84
19127;SANTA ANA - (PERFUMERIA) 1897;TEMPERLEY;2026-10-08;08-10-2026;06-10-2026;FAC-B-133905;Venta;LAGOPUELO S.A;60386;3,00;4922,52;5956,25;GOMEZ NORA JACQUELINE;;0,00 %;063;Daniel Martin;;Poett EsptPly 12/900ml;1640,84;3479;;georgalos-803;Perfumeria;1292,00;MARIANO SOSA;;$;2;GRUPO AYUDIN ARGENTINA S.A;;;CON;;;;;;;PISO;;;;;300;Bruno Centurion;AXUM;;;False;133905;0;1;;;;;;1;;1640,84
19127;SANTA ANA - (PERFUMERIA) 1897;TEMPERLEY;2026-10-08;08-10-2026;06-10-2026;FAC-B-133905;Venta;LAGOPUELO S.A;34327;3,00;4922,52;5956,25;GOMEZ NORA JACQUELINE;;0,00 %;063;Daniel Martin;;Poett Desinf. Solo para ti 900ml;1640,84;3479;;georgalos-803;Perfumeria;1292,00;MARIANO SOSA;;$;2;GRUPO AYUDIN ARGENTINA S.A;;;CON;;;;;;;PISO;;;;;300;Bruno Centurion;AXUM;;;False;133905;0;1;;;;;;1;;1640,84
19127;SANTA ANA - (PERFUMERIA) 1897;TEMPERLEY;2026-10-08;08-10-2026;06-10-2026;FAC-B-133905;Venta;LAGOPUELO S.A;34338;3,00;4922,52;5956,25;GOMEZ NORA JACQUELINE;;0,00 %;063;Daniel Martin;;Poett Dsnf MscPrmvra 12/900ml;1640,84;3479;;georgalos-803;Perfumeria;1292,00;MARIANO SOSA;;$;2;GRUPO AYUDIN ARGENTINA S.A;;;CON;;;;;;;PISO;;;;;300;Bruno Centurion;AXUM;;;False;133905;0;1;;;;;;1;;1640,84
19127;SANTA ANA - (PERFUMERIA) 1897;TEMPERLEY;2026-10-08;08-10-2026;06-10-2026;FAC-B-133905;Venta;LAGOPUELO S.A;34336;2,00;3281,68;3970,83;GOMEZ NORA JACQUELINE;;0,00 %;063;Daniel Martin;;Poett Dsnf SuadAlg 12/900ml;1640,84;3479;;georgalos-803;Perfumeria;1292,00;MARIANO SOSA;;$;2;GRUPO AYUDIN ARGENTINA S.A;;;CON;;;;;;;PISO;;;;;300;Bruno Centurion;AXUM;;;False;133905;0;1;;;;;;1;;1640,84
19127;SANTA ANA - (PERFUMERIA) 1897;TEMPERLEY;2026-10-08;08-10-2026;06-10-2026;FAC-B-133905;Venta;LAGOPUELO S.A;34342;4,00;6563,36;7941,67;GOMEZ NORA JACQUELINE;;0,00 %;063;Daniel Martin;;Poett Dsnf AlgrDia 12/900ml;1640,84;3479;;georgalos-803;Perfumeria;1292,00;MARIANO SOSA;;$;2;GRUPO AYUDIN ARGENTINA S.A;;;CON;;;;;;;PISO;;;;;300;Bruno Centurion;AXUM;;;False;133905;0;1;;;;;;1;;1640,84
23863;CALLE AL 293 ESQUINA 103 - (KIOSCOS/MAXI) 124;GUERNICA;2026-10-07;07-10-2026;06-10-2026;FAC-A-133912;Venta;ELEBES;34320;3,00;4922,52;5956,25;N˙Òez Nancy VerÛnica;;0,00 %;061;Nailah Guzman;;Poett Desinf. Frescura de Lavanda 900ml;1640,84;3462;;5;KIOSCO;1292,00;HERNAN RIVERO;;$;2;GRUPO AYUDIN ARGENTINA S.A;;;CON;;;;;;;PISO;;;;;300;Bruno Centurion;AXUM;;;False;133912;0;1;;;;;;1;;1640,84
23863;CALLE AL 293 ESQUINA 103 - (KIOSCOS/MAXI) 124;GUERNICA;2026-10-07;07-10-2026;06-10-2026;FAC-A-133912;Venta;ELEBES;34324;3,00;4922,52;5956,25;N˙Òez Nancy VerÛnica;;0,00 %;061;Nailah Guzman;;Poett Desinf. Flores de Primavera 900ml;1640,84;3462;;5;KIOSCO;1292,00;HERNAN RIVERO;;$;2;GRUPO AYUDIN ARGENTINA S.A;;;CON;;;;;;;PISO;;;;;300;Bruno Centurion;AXUM;;;False;133912;0;1;;;;;;1;;1640,84
23863;CALLE AL 293 ESQUINA 103 - (KIOSCOS/MAXI) 124;GUERNICA;2026-10-07;07-10-2026;06-10-2026;FAC-A-133912;Venta;ELEBES;34334;3,00;4922,52;5956,25;N˙Òez Nancy VerÛnica;;0,00 %;061;Nailah Guzman;;Poett Dsnf SuadBebe 12/900ml;1640,84;3462;;5;KIOSCO;1292,00;HERNAN RIVERO;;$;2;GRUPO AYUDIN ARGENTINA S.A;;;CON;;;;;;;PISO;;;;;300;Bruno Centurion;AXUM;;;False;133912;0;1;;;;;;1;;1640,84
23863;CALLE AL 293 ESQUINA 103 - (KIOSCOS/MAXI) 124;GUERNICA;2026-10-07;07-10-2026;06-10-2026;FAC-A-133912;Venta;ELEBES;34327;3,00;4922,52;5956,25;N˙Òez Nancy VerÛnica;;0,00 %;061;Nailah Guzman;;Poett Desinf. Solo para ti 900ml;1640,84;3462;;5;KIOSCO;1292,00;HERNAN RIVERO;;$;2;GRUPO AYUDIN ARGENTINA S.A;;;CON;;;;;;;PISO;;;;;300;Bruno Centurion;AXUM;;;False;133912;0;1;;;;;;1;;1640,84
23863;CALLE AL 293 ESQUINA 103 - (KIOSCOS/MAXI) 124;GUERNICA;2026-10-07;07-10-2026;06-10-2026;FAC-A-133912;Venta;ELEBES;34342;3,00;4922,52;5956,25;N˙Òez Nancy VerÛnica;;0,00 %;061;Nailah Guzman;;Poett Dsnf AlgrDia 12/900ml;1640,84;3462;;5;KIOSCO;1292,00;HERNAN RIVERO;;$;2;GRUPO AYUDIN ARGENTINA S.A;;;CON;;;;;;;PISO;;;;;300;Bruno Centurion;AXUM;;;False;133912;0;1;;;;;;1;;1640,84
323070;JUAN BROWN 1136;FLORENCIO VARELA;2026-10-07;07-10-2026;06-10-2026;FAC-A-133919;Venta;LAGOPUELO S.A;61046;15,00;22306,05;26990,32;YOUHE WENG;;18,00 %;7;Myrian Lertora;;Aydn RopQuitMnch BlncInt 15/1l;1487,07;3455;;3;AUTOSERVICIO;1395,00;IVAN MONTOYA;;$;2;GRUPO AYUDIN ARGENTINA S.A;;;CON;;;;;;;LAVADO DE ROPA;;;;;25;JOHANA VIGIL;AXUM;;;False;133919;0;1;;;;;;1;;1487,07
323070;JUAN BROWN 1136;FLORENCIO VARELA;2026-10-07;07-10-2026;06-10-2026;FAC-A-133919;Venta;LAGOPUELO S.A;61577;16,00;22565,92;27304,76;YOUHE WENG;;5,00 %;7;Myrian Lertora;;Aydn Coc† Pod Act Or† DoyPk 16/450ml;1410,37;3455;;3;AUTOSERVICIO;1142,00;IVAN MONTOYA;;$;2;GRUPO AYUDIN ARGENTINA S.A;;;CON;;;;;;;COCINA;;;;;25;JOHANA VIGIL;AXUM;;;False;133919;0;1;;;;;;1;;1410,37
3201;AV EVA PERON 1523;Quilmes;2026-10-08;08-10-2026;06-10-2026;FAC-A-133926;Venta;LAGOPUELO S.A;61816;12,00;34182,72;41361,09;WU MIAOJUAN;;20,00 %;056;Ezequiel Ferreira;;Sltn MataMosq Aer AccInst 6/360ml BA;2848,56;3478;;3;AUTOSERVICIO;2739,00;WALTER JANIUK;;$;2;GRUPO AYUDIN ARGENTINA S.A;;;CON;;;;;;;SELTON;;;;;300;Bruno Centurion;AXUM;;;False;133926;0;1;;;;;;1;;2848,56
4678;OTAMENDI 1160;Quilmes;2026-10-07;07-10-2026;06-10-2026;FAC-B-133945;Venta;LAGOPUELO S.A;34320;12,00;15752,06;19060,00;NIEVA CLAUDIA;;20,00 %;2;Fernanda Cejas;;Poett Desinf. Frescura de Lavanda 900ml;1312,67;3459;;2;ALMACEN;1292,00;LEONARDO SANTA CRUZ;;$;2;GRUPO AYUDIN ARGENTINA S.A;;;CON;;;;;;;PISO;;;;;25;JOHANA VIGIL;AXUM;;;False;133945;0;1;;;;;;1;;1312,67
4678;OTAMENDI 1160;Quilmes;2026-10-07;07-10-2026;06-10-2026;FAC-B-133945;Venta;LAGOPUELO S.A;34324;12,00;15752,06;19060,00;NIEVA CLAUDIA;;20,00 %;2;Fernanda Cejas;;Poett Desinf. Flores de Primavera 900ml;1312,67;3459;;2;ALMACEN;1292,00;LEONARDO SANTA CRUZ;;$;2;GRUPO AYUDIN ARGENTINA S.A;;;CON;;;;;;;PISO;;;;;25;JOHANA VIGIL;AXUM;;;False;133945;0;1;;;;;;1;;1312,67
27745;Tagle E/Olazabal y 1 de Mayo - (PERFUMERIA) 3938;LANUS;2026-10-07;07-10-2026;06-10-2026;FAC-A-133956;Venta;LAGOPUELO S.A;36012;48,00;68905,08;83375,15;Brito Patricia Claudia;;15,00 %;27;Samanta Dogliotti;;Selton espirales 48x 12u;1435,52;3454;;georgalos-803;Perfumeria;1251,00;SIMON OLIVERA;;$;2;GRUPO AYUDIN ARGENTINA S.A;;;CON;;;;;;;SELTON;;;;;25;JOHANA VIGIL;AXUM;;;False;133956;0;1;;;;;;1;;1435,52
28093;AV HIPOLITO YRIGOYEN 19231;LONGCHAMPS;2026-10-07;07-10-2026;06-10-2026;FAC-A-133965;Venta;LAGOPUELO S.A;17927;750,00;557156,25;674159,06;MI CABA—A;;30,00 %;062;Nahuel Martinez;;AYDN LAVDNA OR 15/1L;742,88;3462;;6;MAYORISTA;849,00;HERNAN RIVERO;;$;2;GRUPO AYUDIN ARGENTINA S.A;;;07D;;;;;;;LAVANDINA;;;;;300;Bruno Centurion;AXUM;;;False;133965;0;1;;;;;;1;;742,88
807;AV EVA PERON 4489;Florencio Varela;2026-10-07;07-10-2026;06-10-2026;FAC-B-133971;Venta;Empresa LAGOPUELO;34320;768,00;919958,81;1113150,17;DISTRIBUIDORA SANTA MARIA SA;;17,44 %;038;GISELA CACERES;;Poett Desinf. Frescura de Lavanda 900ml;1197,86;3455;;6;MAYORISTA;1292,00;IVAN MONTOYA;;$;2;GRUPO AYUDIN ARGENTINA S.A;;;15D;;;;;;;PISO;;;;;;;gcw;;;False;133971;0;2;;;;;;1;;1197,86
807;AV EVA PERON 4489;Florencio Varela;2026-10-07;07-10-2026;06-10-2026;FAC-B-133971;Venta;Empresa LAGOPUELO;34324;192,00;229989,70;278287,54;DISTRIBUIDORA SANTA MARIA SA;;17,44 %;038;GISELA CACERES;;Poett Desinf. Flores de Primavera 900ml;1197,86;3455;;6;MAYORISTA;1292,00;IVAN MONTOYA;;$;2;GRUPO AYUDIN ARGENTINA S.A;;;15D;;;;;;;PISO;;;;;;;gcw;;;False;133971;0;2;;;;;;1;;1197,86
807;AV EVA PERON 4489;Florencio Varela;2026-10-07;07-10-2026;06-10-2026;FAC-B-133971;Venta;Empresa LAGOPUELO;34342;192,00;229989,70;278287,54;DISTRIBUIDORA SANTA MARIA SA;;17,44 %;038;GISELA CACERES;;Poett Dsnf AlgrDia 12/900ml;1197,86;3455;;6;MAYORISTA;1292,00;IVAN MONTOYA;;$;2;GRUPO AYUDIN ARGENTINA S.A;;;15D;;;;;;;PISO;;;;;;;gcw;;;False;133971;0;2;;;;;;1;;1197,86
807;AV EVA PERON 4489;Florencio Varela;2026-10-07;07-10-2026;06-10-2026;FAC-B-133971;Venta;Empresa LAGOPUELO;34322;42,00;257601,96;311698,37;DISTRIBUIDORA SANTA MARIA SA;;0,00 %;038;GISELA CACERES;;Poett Deinf. Frescura de Lavanda 4L;6133,38;3455;;6;MAYORISTA;5459,00;IVAN MONTOYA;;$;2;GRUPO AYUDIN ARGENTINA S.A;;;15D;;;;;;;PISO;;;;;;;gcw;;;False;133971;0;2;;;;;;1;;6133,38
807;AV EVA PERON 4489;Florencio Varela;2026-10-07;07-10-2026;06-10-2026;FAC-B-133971;Venta;Empresa LAGOPUELO;17927;675,00;522706,53;632474,90;DISTRIBUIDORA SANTA MARIA SA;;18,80 %;038;GISELA CACERES;;AYDN LAVDNA OR 15/1L;774,38;3455;;6;MAYORISTA;849,00;IVAN MONTOYA;;$;2;GRUPO AYUDIN ARGENTINA S.A;;;15D;;;;;;;LAVANDINA;;;;;;;gcw;;;False;133971;0;2;;;;;;1;;774,38
807;AV EVA PERON 4489;Florencio Varela;2026-10-07;07-10-2026;06-10-2026;FAC-B-133971;Venta;Empresa LAGOPUELO;36003;400,00;634727,41;768020,16;DISTRIBUIDORA SANTA MARIA SA;;18,80 %;038;GISELA CACERES;;AYDN LAVDNA OR 25g/l 8/2l;1586,82;3455;;6;MAYORISTA;1739,00;IVAN MONTOYA;;$;2;GRUPO AYUDIN ARGENTINA S.A;;;15D;;;;;;;LAVANDINA;;;;;;;gcw;;;False;133971;0;2;;;;;;1;;1586,82
807;AV EVA PERON 4489;Florencio Varela;2026-10-07;07-10-2026;06-10-2026;FAC-B-133971;Venta;Empresa LAGOPUELO;61046;270,00;372571,06;450810,98;DISTRIBUIDORA SANTA MARIA SA;;12,00 %;038;GISELA CACERES;;Aydn RopQuitMnch BlncInt 15/1l;1379,89;3455;;6;MAYORISTA;1395,00;IVAN MONTOYA;;$;2;GRUPO AYUDIN ARGENTINA S.A;;;15D;;;;;;;LAVADO DE ROPA;;;;;;;gcw;;;False;133971;0;2;;;;;;1;;1379,89
807;AV EVA PERON 4489;Florencio Varela;2026-10-07;07-10-2026;06-10-2026;FAC-B-133971;Venta;Empresa LAGOPUELO;61047;40,00;109810,62;132870,86;DISTRIBUIDORA SANTA MARIA SA;;12,00 %;038;GISELA CACERES;;Aydn RopQuitMnch BlncInt 8/2l;2745,27;3455;;6;MAYORISTA;2777,00;IVAN MONTOYA;;$;2;GRUPO AYUDIN ARGENTINA S.A;;;15D;;;;;;;LAVADO DE ROPA;;;;;;;gcw;;;False;133971;0;2;;;;;;1;;2745,27
101115;Gral. Olazabal N 4282 1 0;LANUS;2026-10-07;07-10-2026;06-10-2026;FAC-A-133974;Venta;LAGOPUELO S.A;61576;10,00;17459,00;21125,39;He Yangxing;;0,00 %;27;Samanta Dogliotti;;Aydn Bn Limp† Act Or DoyPk 16/450ml;1745,90;3454;;3;AUTOSERVICIO;1343,00;SIMON OLIVERA;;$;2;GRUPO AYUDIN ARGENTINA S.A;;;EFV;;;;;;;BAÒO;;;;;25;JOHANA VIGIL;AXUM;;;False;133974;0;1;;;;;;1;;1745,90
101115;Gral. Olazabal N 4282 1 0;LANUS;2026-10-07;07-10-2026;06-10-2026;FAC-A-133974;Venta;LAGOPUELO S.A;61577;10,00;14846,00;17963,66;He Yangxing;;0,00 %;27;Samanta Dogliotti;;Aydn Coc† Pod Act Or† DoyPk 16/450ml;1484,60;3454;;3;AUTOSERVICIO;1142,00;SIMON OLIVERA;;$;2;GRUPO AYUDIN ARGENTINA S.A;;;EFV;;;;;;;COCINA;;;;;25;JOHANA VIGIL;AXUM;;;False;133974;0;1;;;;;;1;;1484,60
101115;Gral. Olazabal N 4282 1 0;LANUS;2026-10-07;07-10-2026;06-10-2026;FAC-A-133974;Venta;LAGOPUELO S.A;16186;3,00;19395,45;23468,49;He Yangxing;;0,00 %;27;Samanta Dogliotti;;Plomero Liq 12/1L;6465,15;3454;;3;AUTOSERVICIO;4789,00;SIMON OLIVERA;;$;2;GRUPO AYUDIN ARGENTINA S.A;;;EFV;;;;;;;BAÒO;;;;;25;JOHANA VIGIL;AXUM;;;False;133974;0;1;;;;;;1;;6465,15
101115;Gral. Olazabal N 4282 1 0;LANUS;2026-10-07;07-10-2026;06-10-2026;FAC-A-133974;Venta;LAGOPUELO S.A;34324;12,00;15161,36;18345,25;He Yangxing;;23,00 %;27;Samanta Dogliotti;;Poett Desinf. Flores de Primavera 900ml;1263,45;3454;;3;AUTOSERVICIO;1292,00;SIMON OLIVERA;;$;2;GRUPO AYUDIN ARGENTINA S.A;;;EFV;;;;;;;PISO;;;;;25;JOHANA VIGIL;AXUM;;;False;133974;0;1;;;;;;1;;1263,45
101115;Gral. Olazabal N 4282 1 0;LANUS;2026-10-07;07-10-2026;06-10-2026;FAC-A-133974;Venta;LAGOPUELO S.A;34320;12,00;15161,36;18345,25;He Yangxing;;23,00 %;27;Samanta Dogliotti;;Poett Desinf. Frescura de Lavanda 900ml;1263,45;3454;;3;AUTOSERVICIO;1292,00;SIMON OLIVERA;;$;2;GRUPO AYUDIN ARGENTINA S.A;;;EFV;;;;;;;PISO;;;;;25;JOHANA VIGIL;AXUM;;;False;133974;0;1;;;;;;1;;1263,45
101115;Gral. Olazabal N 4282 1 0;LANUS;2026-10-07;07-10-2026;06-10-2026;FAC-A-133974;Venta;LAGOPUELO S.A;34327;12,00;15161,36;18345,25;He Yangxing;;23,00 %;27;Samanta Dogliotti;;Poett Desinf. Solo para ti 900ml;1263,45;3454;;3;AUTOSERVICIO;1292,00;SIMON OLIVERA;;$;2;GRUPO AYUDIN ARGENTINA S.A;;;EFV;;;;;;;PISO;;;;;25;JOHANA VIGIL;AXUM;;;False;133974;0;1;;;;;;1;;1263,45
101115;Gral. Olazabal N 4282 1 0;LANUS;2026-10-07;07-10-2026;06-10-2026;FAC-A-133974;Venta;LAGOPUELO S.A;60386;12,00;15161,36;18345,25;He Yangxing;;23,00 %;27;Samanta Dogliotti;;Poett EsptPly 12/900ml;1263,45;3454;;3;AUTOSERVICIO;1292,00;SIMON OLIVERA;;$;2;GRUPO AYUDIN ARGENTINA S.A;;;EFV;;;;;;;PISO;;;;;25;JOHANA VIGIL;AXUM;;;False;133974;0;1;;;;;;1;;1263,45
101115;Gral. Olazabal N 4282 1 0;LANUS;2026-10-07;07-10-2026;06-10-2026;FAC-A-133974;Venta;LAGOPUELO S.A;34338;12,00;15161,36;18345,25;He Yangxing;;23,00 %;27;Samanta Dogliotti;;Poett Dsnf MscPrmvra 12/900ml;1263,45;3454;;3;AUTOSERVICIO;1292,00;SIMON OLIVERA;;$;2;GRUPO AYUDIN ARGENTINA S.A;;;EFV;;;;;;;PISO;;;;;25;JOHANA VIGIL;AXUM;;;False;133974;0;1;;;;;;1;;1263,45
3985;JOAQUIN V GONZALEZ 998;MONTE GRANDE;2026-10-05;05-10-2026;06-10-2026;NCR-B-133987;DevoluciÛn por Rechazo;LAGOPUELO S.A;60240;-2,00;-4944,81;-5983,22;Lee pei hua;ROTO;15,00 %;064;Karina Fernandez;;Aydn Lavdna Gel Lavda EXPRT 15/700ml GP2;2472,40;3429;;3;Autoservicio A;2187,00;SIMON OLIVERA;;$;2;GRUPO AYUDIN ARGENTINA S.A;;;CON;;;;;;;LAVANDINA;;;;;300;Bruno Centurion;gcw;131874;;True;133987;0;1;;;;;;1;;2472,40
23624;RAMON SANTAMARINA - (AUTOSERVICIOS) 1148;MONTE GRANDE;2026-10-05;05-10-2026;06-10-2026;NCR-A-133988;DevoluciÛn por Rechazo;LAGOPUELO S.A;36012;-1,00;-1688,85;-2043,51;SUPER ECO S.R.L.;NO QUIERE EL CLIENTE;0,00 %;064;Karina Fernandez;;Selton espirales 48x 12u;1688,85;3429;;3;Autoservicio A;1251,00;SIMON OLIVERA;;$;2;GRUPO AYUDIN ARGENTINA S.A;;;CON;;;;;;;SELTON;;;;;300;Bruno Centurion;gcw;132527;;True;133988;0;1;;;;;;1;;1688,85
23699;BRUZONE 845;ESTEBAN ECHEVERR√¬çA;2026-10-05;05-10-2026;06-10-2026;NCR-A-133991;DevoluciÛn por Rechazo;LAGOPUELO S.A;60234;-6,00;-14834,42;-17949,65;HUANG RUIHUANG;SIN DINERO;15,00 %;064;Karina Fernandez;;Aydn Lavdna Gel Ctra 15/700ml GP2;2472,40;3429;;3;Autoservicio A;2187,00;SIMON OLIVERA;;$;2;GRUPO AYUDIN ARGENTINA S.A;;;CON;;;;;;;LAVANDINA;;;;;300;Bruno Centurion;gcw;131944;;True;133991;0;1;;;;;;1;;2472,40
23627;LEANDRO N ALEM 1246;Esteban EcheverrÌa;2026-10-05;05-10-2026;06-10-2026;NCR-A-133995;DevoluciÛn por Rechazo;LAGOPUELO S.A;61046;-15,00;-22306,05;-26990,32;HUANG ZIJIAO;RECHAZA, MUY CARO;18,00 %;064;Karina Fernandez;;Aydn RopQuitMnch BlncInt 15/1l;1487,07;3429;;3;Autoservicio A;1395,00;SIMON OLIVERA;;$;2;GRUPO AYUDIN ARGENTINA S.A;;;CON;;;;;;;LAVADO DE ROPA;;;;;300;Bruno Centurion;gcw;132555;;True;133995;0;1;;;;;;1;;1487,07
29392;UCRANIA 524;LLAVALLOL;2026-10-05;05-10-2026;06-10-2026;NCR-A-133997;DevoluciÛn por Rechazo;LAGOPUELO S.A;17927;-75,00;-61287,19;-74157,50;yan han;RECHAZA, MUY CARO;23,00 %;063;Daniel Martin;;AYDN LAVDNA OR 15/1L;817,16;3429;;3;Autoservicio A;849,00;SIMON OLIVERA;;$;2;GRUPO AYUDIN ARGENTINA S.A;;;CON;;;;;;;LAVANDINA;;;;;300;Bruno Centurion;gcw;132282;;True;133997;0;1;;;;;;1;;817,16
5559;MERCEDES 1363;LLAVALLOL;2026-10-05;05-10-2026;06-10-2026;NCR-A-133998;DevoluciÛn por Rechazo;LAGOPUELO S.A;61814;-6,00;-26415,00;-31962,15;SAIMEI CHEN;NO HIZO PEDIDO;0,00 %;063;Daniel Martin;;Sltn MataMosq Aer s/OlrQmc 6/360ml BA;4402,50;3429;;3;Autoservicio A;3522,00;SIMON OLIVERA;;$;2;GRUPO AYUDIN ARGENTINA S.A;;;CON;;;;;;;SELTON;;;;;300;Bruno Centurion;gcw;132376;;True;133998;0;1;;;;;;1;;4402,50
3075;ESTANISLAO DEL CAMPO 4229;Quilmes;2026-10-02;02-10-2026;06-10-2026;NCR-A-134000;DevoluciÛn por Rechazo;LAGOPUELO S.A;60231;-15,00;-24339,00;-29450,19;LI YIHANG;RECHAZA, MUY CARO;0,00 %;053;Verona Abati;;Aydn A-Sp Trad 15/1l GP2;1622,60;3412;;3;AUTOSERVICIO;1220,00;IVAN MONTOYA;;$;2;GRUPO AYUDIN ARGENTINA S.A;;;CON;;;;;;;LAVANDINA;;;;;300;Bruno Centurion;gcw;132044;;True;134000;0;1;;;;;;1;;1622,60
27609;Lavalle - (AUTOSERVICIOS) 74;TRISTAN SUAREZ;2026-10-06;06-10-2026;07-10-2026;NCR-A-134005;DevoluciÛn por Rechazo;LAGOPUELO S.A;33576;-3,00;-5693,73;-6889,41;Huang Xiuzhen;NO QUIERE EL CLIENTE;0,00 %;075;Julieta Yegros;;Aydn Ropa BlncSprms DoyPk 16/400ml;1897,91;3446;;3;Autoservicio A;1427,00;IVAN MONTOYA;;$;2;GRUPO AYUDIN ARGENTINA S.A;;;CON;;;;;;;LAVADO DE ROPA;;;;;300;Bruno Centurion;gcw;131644;;True;134005;0;1;;;;;;1;;1897,91
27609;Lavalle - (AUTOSERVICIOS) 74;TRISTAN SUAREZ;2026-10-06;06-10-2026;07-10-2026;NCR-A-134005;DevoluciÛn por Rechazo;LAGOPUELO S.A;33575;-3,00;-5693,73;-6889,41;Huang Xiuzhen;NO QUIERE EL CLIENTE;0,00 %;075;Julieta Yegros;;Aydn Ropa ClrViv DoyPk 16/400ml;1897,91;3446;;3;Autoservicio A;1427,00;IVAN MONTOYA;;$;2;GRUPO AYUDIN ARGENTINA S.A;;;CON;;;;;;;LAVADO DE ROPA;;;;;300;Bruno Centurion;gcw;131644;;True;134005;0;1;;;;;;1;;1897,91
29529;LOS MOLINOS E/LOS ALAMOS Y HUGO AGUILAR - (TRADICIONAL) 829;LA UNION;2026-10-06;06-10-2026;07-10-2026;NCR-B-134008;DevoluciÛn por Rechazo;LAGOPUELO S.A;17927;-30,00;-25470,00;-30818,70;GABRIELA CECILIA ALFONSO;CERRADO DENTRO DE HORARIO;20,00 %;075;Julieta Yegros;;AYDN LAVDNA OR 15/1L;849,00;3446;;5;KIOSCO;849,00;IVAN MONTOYA;;$;2;GRUPO AYUDIN ARGENTINA S.A;;;CON;;;;;;;LAVANDINA;;;;;300;Bruno Centurion;gcw;131412;;True;134008;0;1;;;;;;1;;849,00
27446;Pte Peron - (AUTOSERVICIOS) 17;EZEIZA;2026-10-06;06-10-2026;07-10-2026;NCR-A-134009;DevoluciÛn por Rechazo;LAGOPUELO S.A;17927;-225,00;-179085,94;-216693,98;Li Haijin;NO HIZO PEDIDO;25,00 %;075;Julieta Yegros;;AYDN LAVDNA OR 15/1L;795,94;3446;;3;Autoservicio A;849,00;IVAN MONTOYA;;$;2;GRUPO AYUDIN ARGENTINA S.A;;;CON;;;;;;;LAVANDINA;;;;;300;Bruno Centurion;gcw;133105;;True;134009;0;1;;;;;;1;;795,94
27607;Roque S. Pe√±a - 338;TRISTAN SUAREZ;2026-10-06;06-10-2026;07-10-2026;NCR-A-134010;DevoluciÛn por Rechazo;LAGOPUELO S.A;60223;-16,00;-35246,02;-42647,68;He Daiying;NO HIZO PEDIDO;19,00 %;075;Julieta Yegros;;Aydn Lavda TriPod 8/2l GP2;2202,88;3446;;3;Autoservicio A;2092,00;IVAN MONTOYA;;$;2;GRUPO AYUDIN ARGENTINA S.A;;;CON;;;;;;;LAVANDINA;;;;;300;Bruno Centurion;gcw;131601;;True;134010;0;1;;;;;;1;;2202,88
27607;Roque S. Pe√±a - 338;TRISTAN SUAREZ;2026-10-06;06-10-2026;07-10-2026;NCR-A-134010;DevoluciÛn por Rechazo;LAGOPUELO S.A;60227;-24,00;-52869,02;-63971,52;He Daiying;NO HIZO PEDIDO;19,00 %;075;Julieta Yegros;;Aydn PurGlac TriPod 8/2l GP2;2202,88;3446;;3;Autoservicio A;2092,00;IVAN MONTOYA;;$;2;GRUPO AYUDIN ARGENTINA S.A;;;CON;;;;;;;LAVANDINA;;;;;300;Bruno Centurion;gcw;131601;;True;134010;0;1;;;;;;1;;2202,88
27607;Roque S. Pe√±a - 338;TRISTAN SUAREZ;2026-10-06;06-10-2026;07-10-2026;NCR-A-134010;DevoluciÛn por Rechazo;LAGOPUELO S.A;36004;-15,00;-59596,68;-72111,98;He Daiying;NO HIZO PEDIDO;12,00 %;075;Julieta Yegros;;AYDN LAVDNA OR 25 g/l 3/4l;3973,11;3446;;3;Autoservicio A;3473,00;IVAN MONTOYA;;$;2;GRUPO AYUDIN ARGENTINA S.A;;;CON;;;;;;;LAVANDINA;;;;;300;Bruno Centurion;gcw;131601;;True;134010;0;1;;;;;;1;;3973,11
27607;Roque S. Pe√±a - 338;TRISTAN SUAREZ;2026-10-06;06-10-2026;07-10-2026;NCR-A-134010;DevoluciÛn por Rechazo;LAGOPUELO S.A;61575;-7,00;-11610,24;-14048,38;He Daiying;NO HIZO PEDIDO;5,00 %;075;Julieta Yegros;;Aydn A.hongos Removedor Activo Doy Pack 16/450ml;1658,61;3446;;3;Autoservicio A;1343,00;IVAN MONTOYA;;$;2;GRUPO AYUDIN ARGENTINA S.A;;;CON;;;;;;;BAÒO;;;;;300;Bruno Centurion;gcw;131601;;True;134010;0;1;;;;;;1;;1658,61
27607;Roque S. Pe√±a - 338;TRISTAN SUAREZ;2026-10-06;06-10-2026;07-10-2026;NCR-A-134010;DevoluciÛn por Rechazo;LAGOPUELO S.A;61577;-8,00;-11282,96;-13652,38;He Daiying;NO HIZO PEDIDO;5,00 %;075;Julieta Yegros;;Aydn Coc† Pod Act Or† DoyPk 16/450ml;1410,37;3446;;3;Autoservicio A;1142,00;IVAN MONTOYA;;$;2;GRUPO AYUDIN ARGENTINA S.A;;;CON;;;;;;;COCINA;;;;;300;Bruno Centurion;gcw;131601;;True;134010;0;1;;;;;;1;;1410,37
27607;Roque S. Pe√±a - 338;TRISTAN SUAREZ;2026-10-06;06-10-2026;07-10-2026;NCR-A-134010;DevoluciÛn por Rechazo;LAGOPUELO S.A;61576;-8,00;-13268,84;-16055,30;He Daiying;NO HIZO PEDIDO;5,00 %;075;Julieta Yegros;;Aydn Bn Limp† Act Or DoyPk 16/450ml;1658,61;3446;;3;Autoservicio A;1343,00;IVAN MONTOYA;;$;2;GRUPO AYUDIN ARGENTINA S.A;;;CON;;;;;;;BAÒO;;;;;300;Bruno Centurion;gcw;131601;;True;134010;0;1;;;;;;1;;1658,61
27598;El Canario - (AUTOSERVICIOS) 245;TRISTAN SUAREZ;2026-10-06;06-10-2026;07-10-2026;NCR-A-134012;DevoluciÛn por Rechazo;LAGOPUELO S.A;33576;-1,00;-1897,91;-2296,47;Chen Xiaoqing;NO HIZO PEDIDO;0,00 %;075;Julieta Yegros;;Aydn Ropa BlncSprms DoyPk 16/400ml;1897,91;3446;;3;Autoservicio A;1427,00;IVAN MONTOYA;;$;2;GRUPO AYUDIN ARGENTINA S.A;;;CON;;;;;;;LAVADO DE ROPA;;;;;300;Bruno Centurion;gcw;132053;;True;134012;0;1;;;;;;1;;1897,91
27433;25 De Mayo 1314;CARLOS SPEGAZZINI;2026-10-06;06-10-2026;07-10-2026;NCR-A-134013;DevoluciÛn por Rechazo;LAGOPUELO S.A;60231;-30,00;-48678,00;-58900,38;Caiyun Zheng;NO QUIERE EL CLIENTE;0,00 %;075;Julieta Yegros;;Aydn A-Sp Trad 15/1l GP2;1622,60;3446;;3;Autoservicio A;1220,00;IVAN MONTOYA;;$;2;GRUPO AYUDIN ARGENTINA S.A;;;CON;;;;;;;LAVANDINA;;;;;300;Bruno Centurion;gcw;132495;;True;134013;0;1;;;;;;1;;1622,60
27433;25 De Mayo 1314;CARLOS SPEGAZZINI;2026-10-06;06-10-2026;07-10-2026;NCR-A-134013;DevoluciÛn por Rechazo;LAGOPUELO S.A;61047;-24,00;-86642,40;-104837,30;Caiyun Zheng;NO QUIERE EL CLIENTE;0,00 %;075;Julieta Yegros;;Aydn RopQuitMnch BlncInt 8/2l;3610,10;3446;;3;Autoservicio A;2777,00;IVAN MONTOYA;;$;2;GRUPO AYUDIN ARGENTINA S.A;;;CON;;;;;;;LAVADO DE ROPA;;;;;300;Bruno Centurion;gcw;132495;;True;134013;0;1;;;;;;1;;3610,10
23858;ALSINA - (TRADICIONAL) 380;BURZACO;2026-10-06;06-10-2026;07-10-2026;NCR-A-134014;DevoluciÛn por Rechazo;ELEBES;60234;-3,00;-7417,21;-8974,82;FACUNDO GUILLERMO GARBAGNATI;SIN DINERO;15,00 %;061;Nailah Guzman;;Aydn Lavdna Gel Ctra 15/700ml GP2;2472,40;3447;;georgalos-803;Perfumeria;2187,00;WALTER JANIUK;;$;2;GRUPO AYUDIN ARGENTINA S.A;;;CON;;;;;;;LAVANDINA;;;;;300;Bruno Centurion;gcw;133116;;True;134014;0;1;;;;;;1;;2472,40
23858;ALSINA - (TRADICIONAL) 380;BURZACO;2026-10-06;06-10-2026;07-10-2026;NCR-A-134014;DevoluciÛn por Rechazo;ELEBES;60237;-3,00;-7417,21;-8974,82;FACUNDO GUILLERMO GARBAGNATI;SIN DINERO;15,00 %;061;Nailah Guzman;;Aydn Lavdna Gel Flr 15/700ml GP2;2472,40;3447;;georgalos-803;Perfumeria;2187,00;WALTER JANIUK;;$;2;GRUPO AYUDIN ARGENTINA S.A;;;CON;;;;;;;LAVANDINA;;;;;300;Bruno Centurion;gcw;133116;;True;134014;0;1;;;;;;1;;2472,40
23858;ALSINA - (TRADICIONAL) 380;BURZACO;2026-10-06;06-10-2026;07-10-2026;NCR-A-134014;DevoluciÛn por Rechazo;ELEBES;60240;-3,00;-7417,21;-8974,82;FACUNDO GUILLERMO GARBAGNATI;SIN DINERO;15,00 %;061;Nailah Guzman;;Aydn Lavdna Gel Lavda EXPRT 15/700ml GP2;2472,40;3447;;georgalos-803;Perfumeria;2187,00;WALTER JANIUK;;$;2;GRUPO AYUDIN ARGENTINA S.A;;;CON;;;;;;;LAVANDINA;;;;;300;Bruno Centurion;gcw;133116;;True;134014;0;1;;;;;;1;;2472,40
23858;ALSINA - (TRADICIONAL) 380;BURZACO;2026-10-06;06-10-2026;07-10-2026;NCR-A-134014;DevoluciÛn por Rechazo;ELEBES;60239;-3,00;-7417,21;-8974,82;FACUNDO GUILLERMO GARBAGNATI;SIN DINERO;15,00 %;061;Nailah Guzman;;Aydn Lavdna Gel MntFrs 15/700ml GP2;2472,40;3447;;georgalos-803;Perfumeria;2187,00;WALTER JANIUK;;$;2;GRUPO AYUDIN ARGENTINA S.A;;;CON;;;;;;;LAVANDINA;;;;;300;Bruno Centurion;gcw;133116;;True;134014;0;1;;;;;;1;;2472,40
23858;ALSINA - (TRADICIONAL) 380;BURZACO;2026-10-06;06-10-2026;07-10-2026;NCR-A-134014;DevoluciÛn por Rechazo;ELEBES;60233;-3,00;-7417,21;-8974,82;FACUNDO GUILLERMO GARBAGNATI;SIN DINERO;15,00 %;061;Nailah Guzman;;Aydn Lavdna Gel Or 15/700ml GP2;2472,40;3447;;georgalos-803;Perfumeria;2187,00;WALTER JANIUK;;$;2;GRUPO AYUDIN ARGENTINA S.A;;;CON;;;;;;;LAVANDINA;;;;;300;Bruno Centurion;gcw;133116;;True;134014;0;1;;;;;;1;;2472,40
23858;ALSINA - (TRADICIONAL) 380;BURZACO;2026-10-06;06-10-2026;07-10-2026;NCR-A-134014;DevoluciÛn por Rechazo;ELEBES;18098;-6,00;-9120,60;-11035,93;FACUNDO GUILLERMO GARBAGNATI;SIN DINERO;0,00 %;061;Nailah Guzman;;Mort Esp DobCara 4/24c;1520,10;3447;;georgalos-803;Perfumeria;1126,00;WALTER JANIUK;;$;2;GRUPO AYUDIN ARGENTINA S.A;;;CON;;;;;;;MORTIMER;;;;;300;Bruno Centurion;gcw;133116;;True;134014;0;1;;;;;;1;;1520,10
27979;MU√‚ÄòOZ ASPIRI - (TRADICIONAL) 3628;SAN JOSE;2026-10-05;05-10-2026;07-10-2026;NCR-A-134022;DevoluciÛn por Rechazo;LAGOPUELO S.A;36003;-16,00;-27824,00;-33667,04;LAURA ELBA ELIZABETH LESTRADA;CERRADO DENTRO DE HORARIO;20,00 %;074;Romina Baez;;AYDN LAVDNA OR 25g/l 8/2l;1739,00;3427;;2;ALMACEN;1739,00;NAHUEL MONTOYA;;$;2;GRUPO AYUDIN ARGENTINA S.A;;;CON;;;;;;;LAVANDINA;;;;;300;Bruno Centurion;gcw;132754;;True;134022;0;1;;;;;;1;;1739,00
27409;Derqui - (AUTOSERVICIOS) 1325;LOMAS DE ZAMORA;2026-10-05;05-10-2026;07-10-2026;NCR-A-134025;DevoluciÛn por Rechazo;LAGOPUELO S.A;61730;-6,00;-26795,52;-32422,58;Yau Yuping;NO QUIERE EL CLIENTE;0,00 %;073;Florencia Cubilla;;Sltn MataMosq Aer AccEfct 6/360ml BA;4465,92;3427;;3;Autoservicio B;3489,00;NAHUEL MONTOYA;;$;2;GRUPO AYUDIN ARGENTINA S.A;;;CON;;;;;;;SELTON;;;;;300;Bruno Centurion;gcw;132529;;True;134025;0;1;;;;;;1;;4465,92
27409;Derqui - (AUTOSERVICIOS) 1325;LOMAS DE ZAMORA;2026-10-05;05-10-2026;07-10-2026;NCR-A-134025;DevoluciÛn por Rechazo;LAGOPUELO S.A;61814;-6,00;-22452,75;-27167,83;Yau Yuping;NO QUIERE EL CLIENTE;15,00 %;073;Florencia Cubilla;;Sltn MataMosq Aer s/OlrQmc 6/360ml BA;3742,13;3427;;3;Autoservicio B;3522,00;NAHUEL MONTOYA;;$;2;GRUPO AYUDIN ARGENTINA S.A;;;CON;;;;;;;SELTON;;;;;300;Bruno Centurion;gcw;132529;;True;134025;0;1;;;;;;1;;3742,13
108922;Calle 169 2136 0;BERNAL;2026-10-06;06-10-2026;07-10-2026;NCR-B-134031;DevoluciÛn por Rechazo;LAGOPUELO S.A;34342;-12,00;-19690,08;-23825,00;Cecilia Romero;RECHAZA, MUY CARO;0,00 %;2;Fernanda Cejas;;Poett Dsnf AlgrDia 12/900ml;1640,84;3445;;georgalos-7;Almacen;1292,00;LEONARDO SANTA CRUZ;;$;2;GRUPO AYUDIN ARGENTINA S.A;;;EFV;;;;;;;PISO;;;;;25;JOHANA VIGIL;gcw;133018;;True;134031;0;1;;;;;;1;;1640,84
108922;Calle 169 2136 0;BERNAL;2026-10-06;06-10-2026;07-10-2026;NCR-B-134031;DevoluciÛn por Rechazo;LAGOPUELO S.A;34320;-12,00;-19690,08;-23825,00;Cecilia Romero;RECHAZA, MUY CARO;0,00 %;2;Fernanda Cejas;;Poett Desinf. Frescura de Lavanda 900ml;1640,84;3445;;georgalos-7;Almacen;1292,00;LEONARDO SANTA CRUZ;;$;2;GRUPO AYUDIN ARGENTINA S.A;;;EFV;;;;;;;PISO;;;;;25;JOHANA VIGIL;gcw;133018;;True;134031;0;1;;;;;;1;;1640,84
3086;AVDA SANTA FE Y CALLE 889;SAN FRANCISCO SOLANO;2026-10-06;06-10-2026;07-10-2026;NCR-A-134032;DevoluciÛn por Rechazo;LAGOPUELO S.A;60233;-15,00;-37086,05;-44874,12;EVELIN GISEL GAUNA;NO QUIERE EL CLIENTE;15,00 %;056;Ezequiel Ferreira;;Aydn Lavdna Gel Or 15/700ml GP2;2472,40;3445;;3;AUTOSERVICIO;2187,00;LEONARDO SANTA CRUZ;;$;2;GRUPO AYUDIN ARGENTINA S.A;;;CON;;;;;;;LAVANDINA;;;;;300;Bruno Centurion;gcw;133025;;True;134032;0;1;;;;;;1;;2472,40
3086;AVDA SANTA FE Y CALLE 889;SAN FRANCISCO SOLANO;2026-10-06;06-10-2026;07-10-2026;NCR-A-134032;DevoluciÛn por Rechazo;LAGOPUELO S.A;36003;-8,00;-13912,00;-16833,52;EVELIN GISEL GAUNA;NO QUIERE EL CLIENTE;20,00 %;056;Ezequiel Ferreira;;AYDN LAVDNA OR 25g/l 8/2l;1739,00;3445;;3;AUTOSERVICIO;1739,00;LEONARDO SANTA CRUZ;;$;2;GRUPO AYUDIN ARGENTINA S.A;;;CON;;;;;;;LAVANDINA;;;;;300;Bruno Centurion;gcw;133025;;True;134032;0;1;;;;;;1;;1739,00
3086;AVDA SANTA FE Y CALLE 889;SAN FRANCISCO SOLANO;2026-10-06;06-10-2026;07-10-2026;NCR-A-134032;DevoluciÛn por Rechazo;LAGOPUELO S.A;34324;-12,00;-15752,06;-19060,00;EVELIN GISEL GAUNA;NO QUIERE EL CLIENTE;20,00 %;056;Ezequiel Ferreira;;Poett Desinf. Flores de Primavera 900ml;1312,67;3445;;3;AUTOSERVICIO;1292,00;LEONARDO SANTA CRUZ;;$;2;GRUPO AYUDIN ARGENTINA S.A;;;CON;;;;;;;PISO;;;;;300;Bruno Centurion;gcw;133025;;True;134032;0;1;;;;;;1;;1312,67
3086;AVDA SANTA FE Y CALLE 889;SAN FRANCISCO SOLANO;2026-10-06;06-10-2026;07-10-2026;NCR-A-134032;DevoluciÛn por Rechazo;LAGOPUELO S.A;34320;-12,00;-15752,06;-19060,00;EVELIN GISEL GAUNA;NO QUIERE EL CLIENTE;20,00 %;056;Ezequiel Ferreira;;Poett Desinf. Frescura de Lavanda 900ml;1312,67;3445;;3;AUTOSERVICIO;1292,00;LEONARDO SANTA CRUZ;;$;2;GRUPO AYUDIN ARGENTINA S.A;;;CON;;;;;;;PISO;;;;;300;Bruno Centurion;gcw;133025;;True;134032;0;1;;;;;;1;;1312,67
3086;AVDA SANTA FE Y CALLE 889;SAN FRANCISCO SOLANO;2026-10-06;06-10-2026;07-10-2026;NCR-A-134032;DevoluciÛn por Rechazo;LAGOPUELO S.A;60386;-12,00;-15752,06;-19060,00;EVELIN GISEL GAUNA;NO QUIERE EL CLIENTE;20,00 %;056;Ezequiel Ferreira;;Poett EsptPly 12/900ml;1312,67;3445;;3;AUTOSERVICIO;1292,00;LEONARDO SANTA CRUZ;;$;2;GRUPO AYUDIN ARGENTINA S.A;;;CON;;;;;;;PISO;;;;;300;Bruno Centurion;gcw;133025;;True;134032;0;1;;;;;;1;;1312,67
3086;AVDA SANTA FE Y CALLE 889;SAN FRANCISCO SOLANO;2026-10-06;06-10-2026;07-10-2026;NCR-A-134032;DevoluciÛn por Rechazo;LAGOPUELO S.A;61731;-6,00;-20145,41;-24375,94;EVELIN GISEL GAUNA;NO QUIERE EL CLIENTE;15,00 %;056;Ezequiel Ferreira;;Sltn MataCuca Aer AccProl 6/360ml BA;3357,57;3445;;3;AUTOSERVICIO;3086,00;LEONARDO SANTA CRUZ;;$;2;GRUPO AYUDIN ARGENTINA S.A;;;CON;;;;;;;SELTON;;;;;300;Bruno Centurion;gcw;133025;;True;134032;0;1;;;;;;1;;3357,57
3086;AVDA SANTA FE Y CALLE 889;SAN FRANCISCO SOLANO;2026-10-06;06-10-2026;07-10-2026;NCR-A-134032;DevoluciÛn por Rechazo;LAGOPUELO S.A;32288;-8,00;-14716,00;-17806,36;EVELIN GISEL GAUNA;NO QUIERE EL CLIENTE;0,00 %;056;Ezequiel Ferreira;;Tren Oxi DoyPk 16/400ml;1839,50;3445;;3;AUTOSERVICIO;1415,00;LEONARDO SANTA CRUZ;;$;2;GRUPO AYUDIN ARGENTINA S.A;;;CON;;;;;;;LAVADO DE ROPA;;;;;300;Bruno Centurion;gcw;133025;;True;134032;0;1;;;;;;1;;1839,50
106163;Cavour 3242 0;LANUS;2026-10-08;08-10-2026;07-10-2026;FAC-A-134049;Venta;LAGOPUELO S.A;32288;16,00;29432,00;35612,72;Lin Enping;;0,00 %;24;Cecilia Gauchez;;Tren Oxi DoyPk 16/400ml;1839,50;3471;;3;AUTOSERVICIO;1415,00;CLAUDIO GARCIA;;$;2;GRUPO AYUDIN ARGENTINA S.A;;;EFV;;;;;;;LAVADO DE ROPA;;;;;25;JOHANA VIGIL;AXUM;;;False;134049;0;1;;;;;;1;;1839,50
106163;Cavour 3242 0;LANUS;2026-10-08;08-10-2026;07-10-2026;FAC-A-134049;Venta;LAGOPUELO S.A;21313;12,00;26254,80;31768,31;Lin Enping;;0,00 %;24;Cecilia Gauchez;;Tren Bol 72/120ml;2187,90;3471;;3;AUTOSERVICIO;1683,00;CLAUDIO GARCIA;;$;2;GRUPO AYUDIN ARGENTINA S.A;;;EFV;;;;;;;LAVADO DE ROPA;;;;;25;JOHANA VIGIL;AXUM;;;False;134049;0;1;;;;;;1;;2187,90
106163;Cavour 3242 0;LANUS;2026-10-08;08-10-2026;07-10-2026;FAC-A-134049;Venta;LAGOPUELO S.A;61576;16,00;26537,68;32110,59;Lin Enping;;5,00 %;24;Cecilia Gauchez;;Aydn Bn Limp† Act Or DoyPk 16/450ml;1658,61;3471;;3;AUTOSERVICIO;1343,00;CLAUDIO GARCIA;;$;2;GRUPO AYUDIN ARGENTINA S.A;;;EFV;;;;;;;BAÒO;;;;;25;JOHANA VIGIL;AXUM;;;False;134049;0;1;;;;;;1;;1658,61
106163;Cavour 3242 0;LANUS;2026-10-08;08-10-2026;07-10-2026;FAC-A-134049;Venta;LAGOPUELO S.A;61577;16,00;22565,92;27304,76;Lin Enping;;5,00 %;24;Cecilia Gauchez;;Aydn Coc† Pod Act Or† DoyPk 16/450ml;1410,37;3471;;3;AUTOSERVICIO;1142,00;CLAUDIO GARCIA;;$;2;GRUPO AYUDIN ARGENTINA S.A;;;EFV;;;;;;;COCINA;;;;;25;JOHANA VIGIL;AXUM;;;False;134049;0;1;;;;;;1;;1410,37
23500;REPUBLICA ARGENTINA - (AUTOSERVICIOS) 1123;RAFAEL CALZADA;2026-10-08;08-10-2026;07-10-2026;FAC-A-134054;Venta;LAGOPUELO S.A;60233;15,00;37086,05;44874,12;LIN CHUNYING;;15,00 %;063;Daniel Martin;;Aydn Lavdna Gel Or 15/700ml GP2;2472,40;3475;;3;Autoservicio A;2187,00;HERNAN RIVERO;;$;2;GRUPO AYUDIN ARGENTINA S.A;;;CON;;;;;;;LAVANDINA;;;;;300;Bruno Centurion;AXUM;;;False;134054;0;1;;;;;;1;;2472,40
23500;REPUBLICA ARGENTINA - (AUTOSERVICIOS) 1123;RAFAEL CALZADA;2026-10-08;08-10-2026;07-10-2026;FAC-A-134054;Venta;LAGOPUELO S.A;60240;15,00;37086,05;44874,12;LIN CHUNYING;;15,00 %;063;Daniel Martin;;Aydn Lavdna Gel Lavda EXPRT 15/700ml GP2;2472,40;3475;;3;Autoservicio A;2187,00;HERNAN RIVERO;;$;2;GRUPO AYUDIN ARGENTINA S.A;;;CON;;;;;;;LAVANDINA;;;;;300;Bruno Centurion;AXUM;;;False;134054;0;1;;;;;;1;;2472,40
670;JUNCAL 2738;Lan˙s Oeste;2026-10-08;08-10-2026;07-10-2026;FAC-B-134075;Venta;LAGOPUELO S.A;33929;2,00;7568,10;9157,40;Cristian Ariel locuratolo;;0,00 %;28;Nadia Diaz;;Poett Frgnz SuadAlg DoyPk 12/250ml;3784,05;3471;;2;ALMACEN;2803,00;CLAUDIO GARCIA;;$;2;GRUPO AYUDIN ARGENTINA S.A;;;EFV;;;;;;;AERO POETT;;;;;25;JOHANA VIGIL;AXUM;;;False;134075;0;1;;;;;;1;;3784,05
670;JUNCAL 2738;Lan˙s Oeste;2026-10-08;08-10-2026;07-10-2026;FAC-B-134075;Venta;LAGOPUELO S.A;50087;1,00;4098,60;4959,31;Cristian Ariel locuratolo;;0,00 %;28;Nadia Diaz;;Poett Frgnz Huellitas 12/250ml AR;4098,60;3471;;2;ALMACEN;3036,00;CLAUDIO GARCIA;;$;2;GRUPO AYUDIN ARGENTINA S.A;;;EFV;;;;;;;AERO POETT;;;;;25;JOHANA VIGIL;AXUM;;;False;134075;0;1;;;;;;1;;4098,60
6415;Calle 556 N 1100;Varela;2026-10-08;08-10-2026;07-10-2026;FAC-A-134080;Venta;LAGOPUELO S.A;24648;12,00;16598,40;20084,06;Wang Youfu;;0,00 %;7;Myrian Lertora;;Poett PastDesod Lavda 12/25g GP2;1383,20;3472;;3;AUTOSERVICIO;1064,00;IVAN MONTOYA;;$;2;GRUPO AYUDIN ARGENTINA S.A;;;CON;;;;;;;BAÒO;;;;;25;JOHANA VIGIL;AXUM;;;False;134080;0;1;;;;;;1;;1383,20
23312;Jorge Santiago Bynnon - (AUTOSERVICIOS) 3726;RAFAEL CALZADA;2026-10-08;08-10-2026;07-10-2026;FAC-A-134081;Venta;LAGOPUELO S.A;61046;15,00;22306,05;26990,32;TRAVESANI MABEL IPOLITA;;18,00 %;062;Nahuel Martinez;;Aydn RopQuitMnch BlncInt 15/1l;1487,07;3479;;3;Autoservicio A;1395,00;MARIANO SOSA;;$;2;GRUPO AYUDIN ARGENTINA S.A;;;CON;;;;;;;LAVADO DE ROPA;;;;;300;Bruno Centurion;AXUM;;;False;134081;0;1;;;;;;1;;1487,07
23312;Jorge Santiago Bynnon - (AUTOSERVICIOS) 3726;RAFAEL CALZADA;2026-10-08;08-10-2026;07-10-2026;FAC-A-134081;Venta;LAGOPUELO S.A;60222;15,00;17403,75;21058,54;TRAVESANI MABEL IPOLITA;;15,00 %;062;Nahuel Martinez;;Aydn Lavda TriPod 15/1l GP2;1160,25;3479;;3;Autoservicio A;1050,00;MARIANO SOSA;;$;2;GRUPO AYUDIN ARGENTINA S.A;;;CON;;;;;;;LAVANDINA;;;;;300;Bruno Centurion;AXUM;;;False;134081;0;1;;;;;;1;;1160,25
23312;Jorge Santiago Bynnon - (AUTOSERVICIOS) 3726;RAFAEL CALZADA;2026-10-08;08-10-2026;07-10-2026;FAC-A-134081;Venta;LAGOPUELO S.A;60226;15,00;17403,75;21058,54;TRAVESANI MABEL IPOLITA;;15,00 %;062;Nahuel Martinez;;Aydn PurGlac TriPod 15/1l GP2;1160,25;3479;;3;Autoservicio A;1050,00;MARIANO SOSA;;$;2;GRUPO AYUDIN ARGENTINA S.A;;;CON;;;;;;;LAVANDINA;;;;;300;Bruno Centurion;AXUM;;;False;134081;0;1;;;;;;1;;1160,25
23312;Jorge Santiago Bynnon - (AUTOSERVICIOS) 3726;RAFAEL CALZADA;2026-10-08;08-10-2026;07-10-2026;FAC-A-134081;Venta;LAGOPUELO S.A;61621;3,00;8615,10;10424,27;TRAVESANI MABEL IPOLITA;;0,00 %;062;Nahuel Martinez;;Aydn Coc† Pod Act Or† Gat 12/500ml;2871,70;3479;;3;Autoservicio A;2209,00;MARIANO SOSA;;$;2;GRUPO AYUDIN ARGENTINA S.A;;;CON;;;;;;;COCINA;;;;;300;Bruno Centurion;AXUM;;;False;134081;0;1;;;;;;1;;2871,70
23312;Jorge Santiago Bynnon - (AUTOSERVICIOS) 3726;RAFAEL CALZADA;2026-10-08;08-10-2026;07-10-2026;FAC-A-134081;Venta;LAGOPUELO S.A;61577;16,00;22565,92;27304,76;TRAVESANI MABEL IPOLITA;;5,00 %;062;Nahuel Martinez;;Aydn Coc† Pod Act Or† DoyPk 16/450ml;1410,37;3479;;3;Autoservicio A;1142,00;MARIANO SOSA;;$;2;GRUPO AYUDIN ARGENTINA S.A;;;CON;;;;;;;COCINA;;;;;300;Bruno Centurion;AXUM;;;False;134081;0;1;;;;;;1;;1410,37
5333;EVA PERON 4112;FLORENCIO VARELA;2026-10-08;08-10-2026;07-10-2026;FAC-A-134086;Venta;LAGOPUELO S.A;61047;16,00;47364,51;57311,06;ALBERTO CRAVINO;;18,00 %;6;Nieves Alegre;;Aydn RopQuitMnch BlncInt 8/2l;2960,28;3472;;3;AUTOSERVICIO;2777,00;IVAN MONTOYA;;$;2;GRUPO AYUDIN ARGENTINA S.A;;;CON;;;;;;;LAVADO DE ROPA;;;;;25;JOHANA VIGIL;AXUM;;;False;134086;0;1;;;;;;1;;2960,28
5333;EVA PERON 4112;FLORENCIO VARELA;2026-10-08;08-10-2026;07-10-2026;FAC-A-134086;Venta;LAGOPUELO S.A;60234;30,00;74172,11;89748,25;ALBERTO CRAVINO;;15,00 %;6;Nieves Alegre;;Aydn Lavdna Gel Ctra 15/700ml GP2;2472,40;3472;;3;AUTOSERVICIO;2187,00;IVAN MONTOYA;;$;2;GRUPO AYUDIN ARGENTINA S.A;;;CON;;;;;;;LAVANDINA;;;;;25;JOHANA VIGIL;AXUM;;;False;134086;0;1;;;;;;1;;2472,40
5333;EVA PERON 4112;FLORENCIO VARELA;2026-10-08;08-10-2026;07-10-2026;FAC-A-134086;Venta;LAGOPUELO S.A;60239;30,00;74172,11;89748,25;ALBERTO CRAVINO;;15,00 %;6;Nieves Alegre;;Aydn Lavdna Gel MntFrs 15/700ml GP2;2472,40;3472;;3;AUTOSERVICIO;2187,00;IVAN MONTOYA;;$;2;GRUPO AYUDIN ARGENTINA S.A;;;CON;;;;;;;LAVANDINA;;;;;25;JOHANA VIGIL;AXUM;;;False;134086;0;1;;;;;;1;;2472,40
5333;EVA PERON 4112;FLORENCIO VARELA;2026-10-08;08-10-2026;07-10-2026;FAC-A-134086;Venta;LAGOPUELO S.A;60233;30,00;74172,11;89748,25;ALBERTO CRAVINO;;15,00 %;6;Nieves Alegre;;Aydn Lavdna Gel Or 15/700ml GP2;2472,40;3472;;3;AUTOSERVICIO;2187,00;IVAN MONTOYA;;$;2;GRUPO AYUDIN ARGENTINA S.A;;;CON;;;;;;;LAVANDINA;;;;;25;JOHANA VIGIL;AXUM;;;False;134086;0;1;;;;;;1;;2472,40
5333;EVA PERON 4112;FLORENCIO VARELA;2026-10-08;08-10-2026;07-10-2026;FAC-A-134086;Venta;LAGOPUELO S.A;60240;30,00;74172,11;89748,25;ALBERTO CRAVINO;;15,00 %;6;Nieves Alegre;;Aydn Lavdna Gel Lavda EXPRT 15/700ml GP2;2472,40;3472;;3;AUTOSERVICIO;2187,00;IVAN MONTOYA;;$;2;GRUPO AYUDIN ARGENTINA S.A;;;CON;;;;;;;LAVANDINA;;;;;25;JOHANA VIGIL;AXUM;;;False;134086;0;1;;;;;;1;;2472,40
5333;EVA PERON 4112;FLORENCIO VARELA;2026-10-08;08-10-2026;07-10-2026;FAC-A-134086;Venta;LAGOPUELO S.A;60237;30,00;74172,11;89748,25;ALBERTO CRAVINO;;15,00 %;6;Nieves Alegre;;Aydn Lavdna Gel Flr 15/700ml GP2;2472,40;3472;;3;AUTOSERVICIO;2187,00;IVAN MONTOYA;;$;2;GRUPO AYUDIN ARGENTINA S.A;;;CON;;;;;;;LAVANDINA;;;;;25;JOHANA VIGIL;AXUM;;;False;134086;0;1;;;;;;1;;2472,40
5333;EVA PERON 4112;FLORENCIO VARELA;2026-10-08;08-10-2026;07-10-2026;FAC-A-134086;Venta;LAGOPUELO S.A;50090;36,00;89544,78;108349,18;ALBERTO CRAVINO;;15,00 %;6;Nieves Alegre;;Poett Aer Huellitas 6/360ml;2487,36;3472;;3;AUTOSERVICIO;2251,00;IVAN MONTOYA;;$;2;GRUPO AYUDIN ARGENTINA S.A;;;CON;;;;;;;AERO POETT;;;;;25;JOHANA VIGIL;AXUM;;;False;134086;0;1;;;;;;1;;2487,36
5333;EVA PERON 4112;FLORENCIO VARELA;2026-10-08;08-10-2026;07-10-2026;FAC-A-134086;Venta;LAGOPUELO S.A;50087;12,00;44264,88;53560,50;ALBERTO CRAVINO;;10,00 %;6;Nieves Alegre;;Poett Frgnz Huellitas 12/250ml AR;3688,74;3472;;3;AUTOSERVICIO;3036,00;IVAN MONTOYA;;$;2;GRUPO AYUDIN ARGENTINA S.A;;;CON;;;;;;;AERO POETT;;;;;25;JOHANA VIGIL;AXUM;;;False;134086;0;1;;;;;;1;;3688,74
5333;EVA PERON 4112;FLORENCIO VARELA;2026-10-08;08-10-2026;07-10-2026;FAC-A-134086;Venta;LAGOPUELO S.A;50088;12,00;44264,88;53560,50;ALBERTO CRAVINO;;10,00 %;6;Nieves Alegre;;Poett Frgnz Huellitas DoyPk12/250ml;3688,74;3472;;3;AUTOSERVICIO;3036,00;IVAN MONTOYA;;$;2;GRUPO AYUDIN ARGENTINA S.A;;;CON;;;;;;;AERO POETT;;;;;25;JOHANA VIGIL;AXUM;;;False;134086;0;1;;;;;;1;;3688,74
398;IRINEO PORTELA 1441;Florencio Varela;2026-10-08;08-10-2026;07-10-2026;FAC-A-134091;Venta;LAGOPUELO S.A;61577;16,00;22565,92;27304,76;WANG LINGLING;;5,00 %;7;Myrian Lertora;;Aydn Coc† Pod Act Or† DoyPk 16/450ml;1410,37;3472;;3;AUTOSERVICIO;1142,00;IVAN MONTOYA;;$;2;GRUPO AYUDIN ARGENTINA S.A;;;EFV;;;;;;;COCINA;;;;;25;JOHANA VIGIL;AXUM;;;False;134091;0;1;;;;;;1;;1410,37
398;IRINEO PORTELA 1441;Florencio Varela;2026-10-08;08-10-2026;07-10-2026;FAC-A-134091;Venta;LAGOPUELO S.A;61816;12,00;34182,72;41361,09;WANG LINGLING;;20,00 %;7;Myrian Lertora;;Sltn MataMosq Aer AccInst 6/360ml BA;2848,56;3472;;3;AUTOSERVICIO;2739,00;IVAN MONTOYA;;$;2;GRUPO AYUDIN ARGENTINA S.A;;;EFV;;;;;;;SELTON;;;;;25;JOHANA VIGIL;AXUM;;;False;134091;0;1;;;;;;1;;2848,56
398;IRINEO PORTELA 1441;Florencio Varela;2026-10-08;08-10-2026;07-10-2026;FAC-A-134091;Venta;LAGOPUELO S.A;19860;12,00;41805,72;50584,92;WANG LINGLING;;15,00 %;7;Myrian Lertora;;Poett Frgnz FrsRoc 12/250ml AR;3483,81;3472;;3;AUTOSERVICIO;3036,00;IVAN MONTOYA;;$;2;GRUPO AYUDIN ARGENTINA S.A;;;EFV;;;;;;;AERO POETT;;;;;25;JOHANA VIGIL;AXUM;;;False;134091;0;1;;;;;;1;;3483,81
3011;BRANDSEN 82;Quilmes;2026-10-08;08-10-2026;07-10-2026;FAC-A-134093;Venta;LAGOPUELO S.A;27536;12,00;79576,56;96287,64;CHEN MING;;0,00 %;2;Fernanda Cejas;;Aydn RopaBlnc UltrQuitMnch 12/450g;6631,38;3476;;3;AUTOSERVICIO;4986,00;LEONARDO SANTA CRUZ;;$;2;GRUPO AYUDIN ARGENTINA S.A;;;CON;;;;;;;LAVADO DE ROPA;;;;;25;JOHANA VIGIL;AXUM;;;False;134093;0;1;;;;;;1;;6631,38
3011;BRANDSEN 82;Quilmes;2026-10-08;08-10-2026;07-10-2026;FAC-A-134093;Venta;LAGOPUELO S.A;27529;12,00;79576,56;96287,64;CHEN MING;;0,00 %;2;Fernanda Cejas;;Aydn RopClr UltrQuitMnch 12/450g;6631,38;3476;;3;AUTOSERVICIO;4986,00;LEONARDO SANTA CRUZ;;$;2;GRUPO AYUDIN ARGENTINA S.A;;;CON;;;;;;;LAVADO DE ROPA;;;;;25;JOHANA VIGIL;AXUM;;;False;134093;0;1;;;;;;1;;6631,38
5709;SANTA ANGELA 802;LA UNION;;08-10-2026;07-10-2026;VEN-134094;Venta;LAGOPUELO S.A;61046;15,00;22306,05;26990,32;yu min;;18,00 %;075;Julieta Yegros;;Aydn RopQuitMnch BlncInt 15/1l;1487,07;;;3;Autoservicio A;1395,00;;;$;2;GRUPO AYUDIN ARGENTINA S.A;;;CON;;;;;;;LAVADO DE ROPA;;;;;300;Bruno Centurion;AXUM;;;False;134094;1;1;;;;;;1;;1487,07
5709;SANTA ANGELA 802;LA UNION;;08-10-2026;07-10-2026;VEN-134094;Venta;LAGOPUELO S.A;61047;8,00;23682,26;28655,53;yu min;;18,00 %;075;Julieta Yegros;;Aydn RopQuitMnch BlncInt 8/2l;2960,28;;;3;Autoservicio A;2777,00;;;$;2;GRUPO AYUDIN ARGENTINA S.A;;;CON;;;;;;;LAVADO DE ROPA;;;;;300;Bruno Centurion;AXUM;;;False;134094;1;1;;;;;;1;;2960,28
5709;SANTA ANGELA 802;LA UNION;;08-10-2026;07-10-2026;VEN-134094;Venta;LAGOPUELO S.A;33575;32,00;56481,80;68342,98;yu min;;7,00 %;075;Julieta Yegros;;Aydn Ropa ClrViv DoyPk 16/400ml;1765,06;;;3;Autoservicio A;1427,00;;;$;2;GRUPO AYUDIN ARGENTINA S.A;;;CON;;;;;;;LAVADO DE ROPA;;;;;300;Bruno Centurion;AXUM;;;False;134094;1;1;;;;;;1;;1765,06
5709;SANTA ANGELA 802;LA UNION;;08-10-2026;07-10-2026;VEN-134094;Venta;LAGOPUELO S.A;60408;8,00;28379,43;34339,11;yu min;;7,00 %;075;Julieta Yegros;;Ayudin Ropa Blancos Supremos 15/700ml;3547,43;;;3;Autoservicio A;2868,00;;;$;2;GRUPO AYUDIN ARGENTINA S.A;;;CON;;;;;;;LAVADO DE ROPA;;;;;300;Bruno Centurion;AXUM;;;False;134094;1;1;;;;;;1;;3547,43
5709;SANTA ANGELA 802;LA UNION;;08-10-2026;07-10-2026;VEN-134094;Venta;LAGOPUELO S.A;11112;1,00;0,11;0,13;yu min;;0,00 %;075;Julieta Yegros;;EXHIBID. METALICO MULTIMARCA;0,11;;;3;Autoservicio A;0,10;;;$;2;GRUPO AYUDIN ARGENTINA S.A;;;CON;;;;;;;EXHIBIDORES;;;;;300;Bruno Centurion;AXUM;;;False;134094;1;1;;;;;;1;;0,11
3191;ANDRES BARANDA 311;Quilmes;2026-10-08;08-10-2026;07-10-2026;FAC-A-134095;Venta;LAGOPUELO S.A;34320;6,00;9845,04;11912,50;BORAC NIDI S.R.L.;;0,00 %;054;Leonel Caruso;;Poett Desinf. Frescura de Lavanda 900ml;1640,84;3476;;3;AUTOSERVICIO;1292,00;LEONARDO SANTA CRUZ;;$;2;GRUPO AYUDIN ARGENTINA S.A;;;CON;;;;;;;PISO;;;;;300;Bruno Centurion;AXUM;;;False;134095;0;1;;;;;;1;;1640,84
3191;ANDRES BARANDA 311;Quilmes;2026-10-08;08-10-2026;07-10-2026;FAC-A-134095;Venta;LAGOPUELO S.A;34324;6,00;9845,04;11912,50;BORAC NIDI S.R.L.;;0,00 %;054;Leonel Caruso;;Poett Desinf. Flores de Primavera 900ml;1640,84;3476;;3;AUTOSERVICIO;1292,00;LEONARDO SANTA CRUZ;;$;2;GRUPO AYUDIN ARGENTINA S.A;;;CON;;;;;;;PISO;;;;;300;Bruno Centurion;AXUM;;;False;134095;0;1;;;;;;1;;1640,84
5632;TUCUMAN E/Marco avellaneda y Jorge - (Autoservicio) 1277;RAFAEL CALZADA;2026-10-08;08-10-2026;07-10-2026;FAC-A-134103;Venta;LAGOPUELO S.A;34320;12,00;19690,08;23825,00;LIN SHAOWEI;;0,00 %;062;Nahuel Martinez;;Poett Desinf. Frescura de Lavanda 900ml;1640,84;3475;;3;Autoservicio B;1292,00;HERNAN RIVERO;;$;2;GRUPO AYUDIN ARGENTINA S.A;;;CON;;;;;;;PISO;;;;;300;Bruno Centurion;AXUM;;;False;134103;0;1;;;;;;1;;1640,84
5632;TUCUMAN E/Marco avellaneda y Jorge - (Autoservicio) 1277;RAFAEL CALZADA;2026-10-08;08-10-2026;07-10-2026;FAC-A-134103;Venta;LAGOPUELO S.A;34324;12,00;19690,08;23825,00;LIN SHAOWEI;;0,00 %;062;Nahuel Martinez;;Poett Desinf. Flores de Primavera 900ml;1640,84;3475;;3;Autoservicio B;1292,00;HERNAN RIVERO;;$;2;GRUPO AYUDIN ARGENTINA S.A;;;CON;;;;;;;PISO;;;;;300;Bruno Centurion;AXUM;;;False;134103;0;1;;;;;;1;;1640,84
5632;TUCUMAN E/Marco avellaneda y Jorge - (Autoservicio) 1277;RAFAEL CALZADA;2026-10-08;08-10-2026;07-10-2026;FAC-A-134103;Venta;LAGOPUELO S.A;34334;12,00;19690,08;23825,00;LIN SHAOWEI;;0,00 %;062;Nahuel Martinez;;Poett Dsnf SuadBebe 12/900ml;1640,84;3475;;3;Autoservicio B;1292,00;HERNAN RIVERO;;$;2;GRUPO AYUDIN ARGENTINA S.A;;;CON;;;;;;;PISO;;;;;300;Bruno Centurion;AXUM;;;False;134103;0;1;;;;;;1;;1640,84
5632;TUCUMAN E/Marco avellaneda y Jorge - (Autoservicio) 1277;RAFAEL CALZADA;2026-10-08;08-10-2026;07-10-2026;FAC-A-134103;Venta;LAGOPUELO S.A;34342;24,00;39380,16;47649,99;LIN SHAOWEI;;0,00 %;062;Nahuel Martinez;;Poett Dsnf AlgrDia 12/900ml;1640,84;3475;;3;Autoservicio B;1292,00;HERNAN RIVERO;;$;2;GRUPO AYUDIN ARGENTINA S.A;;;CON;;;;;;;PISO;;;;;300;Bruno Centurion;AXUM;;;False;134103;0;1;;;;;;1;;1640,84
5632;TUCUMAN E/Marco avellaneda y Jorge - (Autoservicio) 1277;RAFAEL CALZADA;2026-10-08;08-10-2026;07-10-2026;FAC-A-134103;Venta;LAGOPUELO S.A;36001;12,00;19690,08;23825,00;LIN SHAOWEI;;0,00 %;062;Nahuel Martinez;;POETT FRSC TROP 12/900;1640,84;3475;;3;Autoservicio B;1292,00;HERNAN RIVERO;;$;2;GRUPO AYUDIN ARGENTINA S.A;;;CON;;;;;;;PISO;;;;;300;Bruno Centurion;AXUM;;;False;134103;0;1;;;;;;1;;1640,84
5632;TUCUMAN E/Marco avellaneda y Jorge - (Autoservicio) 1277;RAFAEL CALZADA;2026-10-08;08-10-2026;07-10-2026;FAC-A-134103;Venta;LAGOPUELO S.A;34338;24,00;39380,16;47649,99;LIN SHAOWEI;;0,00 %;062;Nahuel Martinez;;Poett Dsnf MscPrmvra 12/900ml;1640,84;3475;;3;Autoservicio B;1292,00;HERNAN RIVERO;;$;2;GRUPO AYUDIN ARGENTINA S.A;;;CON;;;;;;;PISO;;;;;300;Bruno Centurion;AXUM;;;False;134103;0;1;;;;;;1;;1640,84
5632;TUCUMAN E/Marco avellaneda y Jorge - (Autoservicio) 1277;RAFAEL CALZADA;2026-10-08;08-10-2026;07-10-2026;FAC-A-134103;Venta;LAGOPUELO S.A;61620;6,00;20085,00;24302,85;LIN SHAOWEI;;0,00 %;062;Nahuel Martinez;;Aydn Bn Limp† Act Or Gat 12/500 ml;3347,50;3475;;3;Autoservicio B;2575,00;HERNAN RIVERO;;$;2;GRUPO AYUDIN ARGENTINA S.A;;;CON;;;;;;;BAÒO;;;;;300;Bruno Centurion;AXUM;;;False;134103;0;1;;;;;;1;;3347,50
793;NUESTRAS MALVINAS 1754;Monte Grande;;08-10-2026;07-10-2026;VEN-134110;Venta;LAGOPUELO S.A;61816;12,00;34182,72;41361,09;SILVIA CABANA;;20,00 %;064;Karina Fernandez;;Sltn MataMosq Aer AccInst 6/360ml BA;2848,56;;;3;AUTOSERVICIO;2739,00;;;$;2;GRUPO AYUDIN ARGENTINA S.A;;;CON;;;;;;;SELTON;;;;;300;Bruno Centurion;AXUM;;;False;134110;1;1;;;;;;1;;2848,56
793;NUESTRAS MALVINAS 1754;Monte Grande;;08-10-2026;07-10-2026;VEN-134110;Venta;LAGOPUELO S.A;36009;12,00;55473,60;67123,06;SILVIA CABANA;;0,00 %;064;Karina Fernandez;;SELTON REPEL COTIDIAN 165ML;4622,80;;;3;AUTOSERVICIO;3556,00;;;$;2;GRUPO AYUDIN ARGENTINA S.A;;;CON;;;;;;;SELTON;;;;;300;Bruno Centurion;AXUM;;;False;134110;1;1;;;;;;1;;4622,80
27475;La Merced - (AUTOSERVICIOS) 114;EZEIZA;;08-10-2026;07-10-2026;VEN-134113;Venta;LAGOPUELO S.A;36003;16,00;27824,00;33667,04;CHEN LINHUI;;20,00 %;075;Julieta Yegros;;AYDN LAVDNA OR 25g/l 8/2l;1739,00;;;3;Autoservicio A;1739,00;;;$;2;GRUPO AYUDIN ARGENTINA S.A;;;CON;;;;;;;LAVANDINA;;;;;300;Bruno Centurion;AXUM;;;False;134113;1;1;;;;;;1;;1739,00
27475;La Merced - (AUTOSERVICIOS) 114;EZEIZA;;08-10-2026;07-10-2026;VEN-134113;Venta;LAGOPUELO S.A;60222;30,00;34807,50;42117,08;CHEN LINHUI;;15,00 %;075;Julieta Yegros;;Aydn Lavda TriPod 15/1l GP2;1160,25;;;3;Autoservicio A;1050,00;;;$;2;GRUPO AYUDIN ARGENTINA S.A;;;CON;;;;;;;LAVANDINA;;;;;300;Bruno Centurion;AXUM;;;False;134113;1;1;;;;;;1;;1160,25
27475;La Merced - (AUTOSERVICIOS) 114;EZEIZA;;08-10-2026;07-10-2026;VEN-134113;Venta;LAGOPUELO S.A;61046;15,00;22306,05;26990,32;CHEN LINHUI;;18,00 %;075;Julieta Yegros;;Aydn RopQuitMnch BlncInt 15/1l;1487,07;;;3;Autoservicio A;1395,00;;;$;2;GRUPO AYUDIN ARGENTINA S.A;;;CON;;;;;;;LAVADO DE ROPA;;;;;300;Bruno Centurion;AXUM;;;False;134113;1;1;;;;;;1;;1487,07
27475;La Merced - (AUTOSERVICIOS) 114;EZEIZA;;08-10-2026;07-10-2026;VEN-134113;Venta;LAGOPUELO S.A;34324;12,00;15161,36;18345,25;CHEN LINHUI;;23,00 %;075;Julieta Yegros;;Poett Desinf. Flores de Primavera 900ml;1263,45;;;3;Autoservicio A;1292,00;;;$;2;GRUPO AYUDIN ARGENTINA S.A;;;CON;;;;;;;PISO;;;;;300;Bruno Centurion;AXUM;;;False;134113;1;1;;;;;;1;;1263,45
27475;La Merced - (AUTOSERVICIOS) 114;EZEIZA;;08-10-2026;07-10-2026;VEN-134113;Venta;LAGOPUELO S.A;34320;24,00;30322,72;36690,50;CHEN LINHUI;;23,00 %;075;Julieta Yegros;;Poett Desinf. Frescura de Lavanda 900ml;1263,45;;;3;Autoservicio A;1292,00;;;$;2;GRUPO AYUDIN ARGENTINA S.A;;;CON;;;;;;;PISO;;;;;300;Bruno Centurion;AXUM;;;False;134113;1;1;;;;;;1;;1263,45
27475;La Merced - (AUTOSERVICIOS) 114;EZEIZA;;08-10-2026;07-10-2026;VEN-134113;Venta;LAGOPUELO S.A;36001;12,00;15161,36;18345,25;CHEN LINHUI;;23,00 %;075;Julieta Yegros;;POETT FRSC TROP 12/900;1263,45;;;3;Autoservicio A;1292,00;;;$;2;GRUPO AYUDIN ARGENTINA S.A;;;CON;;;;;;;PISO;;;;;300;Bruno Centurion;AXUM;;;False;134113;1;1;;;;;;1;;1263,45
27475;La Merced - (AUTOSERVICIOS) 114;EZEIZA;;08-10-2026;07-10-2026;VEN-134113;Venta;LAGOPUELO S.A;34334;12,00;15161,36;18345,25;CHEN LINHUI;;23,00 %;075;Julieta Yegros;;Poett Dsnf SuadBebe 12/900ml;1263,45;;;3;Autoservicio A;1292,00;;;$;2;GRUPO AYUDIN ARGENTINA S.A;;;CON;;;;;;;PISO;;;;;300;Bruno Centurion;AXUM;;;False;134113;1;1;;;;;;1;;1263,45
27954;NESTOR DE LA PE√‚ÄòA ENTRE OLLEROS Y EL ROSEDAL - (TRADICIONAL) 226;LLAVALLOL;;08-10-2026;07-10-2026;VEN-134117;Venta;LAGOPUELO S.A;22963;1,00;4096,30;4956,52;GUSTAVO ARIEL CARNERO;;0,00 %;074;Romina Baez;;Tren Oxi Trig EftEspma 12/500ml;4096,30;;;2;ALMACEN;3151,00;;;$;2;GRUPO AYUDIN ARGENTINA S.A;;;CON;;;;;;;AERO POETT;;;;;300;Bruno Centurion;AXUM;;;False;134117;1;1;;;;;;1;;4096,30
27954;NESTOR DE LA PE√‚ÄòA ENTRE OLLEROS Y EL ROSEDAL - (TRADICIONAL) 226;LLAVALLOL;;08-10-2026;07-10-2026;VEN-134117;Venta;LAGOPUELO S.A;36001;6,00;7876,03;9530,00;GUSTAVO ARIEL CARNERO;;20,00 %;074;Romina Baez;;POETT FRSC TROP 12/900;1312,67;;;2;ALMACEN;1292,00;;;$;2;GRUPO AYUDIN ARGENTINA S.A;;;CON;;;;;;;PISO;;;;;300;Bruno Centurion;AXUM;;;False;134117;1;1;;;;;;1;;1312,67
27954;NESTOR DE LA PE√‚ÄòA ENTRE OLLEROS Y EL ROSEDAL - (TRADICIONAL) 226;LLAVALLOL;;08-10-2026;07-10-2026;VEN-134117;Venta;LAGOPUELO S.A;34324;6,00;7876,03;9530,00;GUSTAVO ARIEL CARNERO;;20,00 %;074;Romina Baez;;Poett Desinf. Flores de Primavera 900ml;1312,67;;;2;ALMACEN;1292,00;;;$;2;GRUPO AYUDIN ARGENTINA S.A;;;CON;;;;;;;PISO;;;;;300;Bruno Centurion;AXUM;;;False;134117;1;1;;;;;;1;;1312,67
27954;NESTOR DE LA PE√‚ÄòA ENTRE OLLEROS Y EL ROSEDAL - (TRADICIONAL) 226;LLAVALLOL;;08-10-2026;07-10-2026;VEN-134117;Venta;LAGOPUELO S.A;34342;6,00;7876,03;9530,00;GUSTAVO ARIEL CARNERO;;20,00 %;074;Romina Baez;;Poett Dsnf AlgrDia 12/900ml;1312,67;;;2;ALMACEN;1292,00;;;$;2;GRUPO AYUDIN ARGENTINA S.A;;;CON;;;;;;;PISO;;;;;300;Bruno Centurion;AXUM;;;False;134117;1;1;;;;;;1;;1312,67
27954;NESTOR DE LA PE√‚ÄòA ENTRE OLLEROS Y EL ROSEDAL - (TRADICIONAL) 226;LLAVALLOL;;08-10-2026;07-10-2026;VEN-134117;Venta;LAGOPUELO S.A;34320;6,00;7876,03;9530,00;GUSTAVO ARIEL CARNERO;;20,00 %;074;Romina Baez;;Poett Desinf. Frescura de Lavanda 900ml;1312,67;;;2;ALMACEN;1292,00;;;$;2;GRUPO AYUDIN ARGENTINA S.A;;;CON;;;;;;;PISO;;;;;300;Bruno Centurion;AXUM;;;False;134117;1;1;;;;;;1;;1312,67
27954;NESTOR DE LA PE√‚ÄòA ENTRE OLLEROS Y EL ROSEDAL - (TRADICIONAL) 226;LLAVALLOL;;08-10-2026;07-10-2026;VEN-134117;Venta;LAGOPUELO S.A;19860;1,00;4098,60;4959,31;GUSTAVO ARIEL CARNERO;;0,00 %;074;Romina Baez;;Poett Frgnz FrsRoc 12/250ml AR;4098,60;;;2;ALMACEN;3036,00;;;$;2;GRUPO AYUDIN ARGENTINA S.A;;;CON;;;;;;;AERO POETT;;;;;300;Bruno Centurion;AXUM;;;False;134117;1;1;;;;;;1;;4098,60
27954;NESTOR DE LA PE√‚ÄòA ENTRE OLLEROS Y EL ROSEDAL - (TRADICIONAL) 226;LLAVALLOL;;08-10-2026;07-10-2026;VEN-134117;Venta;LAGOPUELO S.A;50087;1,00;4098,60;4959,31;GUSTAVO ARIEL CARNERO;;0,00 %;074;Romina Baez;;Poett Frgnz Huellitas 12/250ml AR;4098,60;;;2;ALMACEN;3036,00;;;$;2;GRUPO AYUDIN ARGENTINA S.A;;;CON;;;;;;;AERO POETT;;;;;300;Bruno Centurion;AXUM;;;False;134117;1;1;;;;;;1;;4098,60
27954;NESTOR DE LA PE√‚ÄòA ENTRE OLLEROS Y EL ROSEDAL - (TRADICIONAL) 226;LLAVALLOL;;08-10-2026;07-10-2026;VEN-134117;Venta;LAGOPUELO S.A;19861;1,00;4098,60;4959,31;GUSTAVO ARIEL CARNERO;;0,00 %;074;Romina Baez;;Poett Frgnz Suad Alg 12/250ml AR;4098,60;;;2;ALMACEN;3036,00;;;$;2;GRUPO AYUDIN ARGENTINA S.A;;;CON;;;;;;;AERO POETT;;;;;300;Bruno Centurion;AXUM;;;False;134117;1;1;;;;;;1;;4098,60
22843;EVA PERON - (TRADITIONAL TRADE) 4060;FLORENCIO VARELA;2026-10-08;08-10-2026;07-10-2026;FAC-A-134124;Venta;LAGOPUELO S.A;50087;6,00;20902,86;25292,46;WU JINLAN;;15,00 %;6;Nieves Alegre;;Poett Frgnz Huellitas 12/250ml AR;3483,81;3472;;3;Autoservicio A;3036,00;IVAN MONTOYA;;$;2;GRUPO AYUDIN ARGENTINA S.A;;;CON;;;;;;;AERO POETT;;;;;25;JOHANA VIGIL;AXUM;;;False;134124;0;1;;;;;;1;;3483,81
4669;CALLE 808 2227;Quilmes;2026-10-08;08-10-2026;07-10-2026;FAC-A-134129;Venta;LAGOPUELO S.A;17927;30,00;31837,50;38523,38;LOISOTTO ANTONIA;;0,00 %;053;Verona Abati;;AYDN LAVDNA OR 15/1L;1061,25;3476;;2;ALMACEN;849,00;LEONARDO SANTA CRUZ;;$;2;GRUPO AYUDIN ARGENTINA S.A;;;CON;;;;;;;LAVANDINA;;;;;300;Bruno Centurion;AXUM;;;False;134129;0;1;;;;;;1;;1061,25
5880;GURRUCHAGA 925;ZEBALLOS;2026-10-08;08-10-2026;07-10-2026;FAC-B-134139;Venta;LAGOPUELO S.A;34324;48,00;59070,24;71474,99;GABRIELA QUIROGA;;25,00 %;6;Nieves Alegre;;Poett Desinf. Flores de Primavera 900ml;1230,63;3472;;6;MAYORISTA;1292,00;IVAN MONTOYA;;$;2;GRUPO AYUDIN ARGENTINA S.A;;;CON;;;;;;;PISO;;;;;25;JOHANA VIGIL;AXUM;;;False;134139;0;1;;;;;;1;;1230,63
5880;GURRUCHAGA 925;ZEBALLOS;2026-10-08;08-10-2026;07-10-2026;FAC-B-134139;Venta;LAGOPUELO S.A;34320;48,00;59070,24;71474,99;GABRIELA QUIROGA;;25,00 %;6;Nieves Alegre;;Poett Desinf. Frescura de Lavanda 900ml;1230,63;3472;;6;MAYORISTA;1292,00;IVAN MONTOYA;;$;2;GRUPO AYUDIN ARGENTINA S.A;;;CON;;;;;;;PISO;;;;;25;JOHANA VIGIL;AXUM;;;False;134139;0;1;;;;;;1;;1230,63
5880;GURRUCHAGA 925;ZEBALLOS;2026-10-08;08-10-2026;07-10-2026;FAC-B-134139;Venta;LAGOPUELO S.A;34334;24,00;29535,12;35737,50;GABRIELA QUIROGA;;25,00 %;6;Nieves Alegre;;Poett Dsnf SuadBebe 12/900ml;1230,63;3472;;6;MAYORISTA;1292,00;IVAN MONTOYA;;$;2;GRUPO AYUDIN ARGENTINA S.A;;;CON;;;;;;;PISO;;;;;25;JOHANA VIGIL;AXUM;;;False;134139;0;1;;;;;;1;;1230,63
5880;GURRUCHAGA 925;ZEBALLOS;2026-10-08;08-10-2026;07-10-2026;FAC-B-134139;Venta;LAGOPUELO S.A;34338;12,00;14767,56;17868,75;GABRIELA QUIROGA;;25,00 %;6;Nieves Alegre;;Poett Dsnf MscPrmvra 12/900ml;1230,63;3472;;6;MAYORISTA;1292,00;IVAN MONTOYA;;$;2;GRUPO AYUDIN ARGENTINA S.A;;;CON;;;;;;;PISO;;;;;25;JOHANA VIGIL;AXUM;;;False;134139;0;1;;;;;;1;;1230,63
5880;GURRUCHAGA 925;ZEBALLOS;2026-10-08;08-10-2026;07-10-2026;FAC-B-134139;Venta;LAGOPUELO S.A;36001;48,00;59070,24;71474,99;GABRIELA QUIROGA;;25,00 %;6;Nieves Alegre;;POETT FRSC TROP 12/900;1230,63;3472;;6;MAYORISTA;1292,00;IVAN MONTOYA;;$;2;GRUPO AYUDIN ARGENTINA S.A;;;CON;;;;;;;PISO;;;;;25;JOHANA VIGIL;AXUM;;;False;134139;0;1;;;;;;1;;1230,63
23676;FIZT GERALD EN FRENTE A LA PLAZA - (TRADICIONAL) 50;ESTEBAN ECHEVERR√¬çA;;08-10-2026;07-10-2026;VEN-134141;Venta;LAGOPUELO S.A;36003;8,00;17390,00;21041,90;LOBO GUILLERMO;;0,00 %;064;Karina Fernandez;;AYDN LAVDNA OR 25g/l 8/2l;2173,75;;;2;ALMACEN;1739,00;;;$;2;GRUPO AYUDIN ARGENTINA S.A;;;CON;;;;;;;LAVANDINA;;;;;300;Bruno Centurion;AXUM;;;False;134141;1;1;;;;;;1;;2173,75
23676;FIZT GERALD EN FRENTE A LA PLAZA - (TRADICIONAL) 50;ESTEBAN ECHEVERR√¬çA;;08-10-2026;07-10-2026;VEN-134141;Venta;LAGOPUELO S.A;17927;15,00;15918,75;19261,69;LOBO GUILLERMO;;0,00 %;064;Karina Fernandez;;AYDN LAVDNA OR 15/1L;1061,25;;;2;ALMACEN;849,00;;;$;2;GRUPO AYUDIN ARGENTINA S.A;;;CON;;;;;;;LAVANDINA;;;;;300;Bruno Centurion;AXUM;;;False;134141;1;1;;;;;;1;;1061,25
1103;RUTA 36 4805;BOSQUES;2026-10-08;08-10-2026;07-10-2026;FAC-A-134142;Venta;LAGOPUELO S.A;61577;16,00;22565,92;27304,76;RAQUEL MONTES DE OCA CEPEDA;;5,00 %;051;Ezequiel Valente;;Aydn Coc† Pod Act Or† DoyPk 16/450ml;1410,37;3474;;3;AUTOSERVICIO;1142,00;JUAN ESCOTO;;$;2;GRUPO AYUDIN ARGENTINA S.A;;;CON;;;;;;;COCINA;;;;;300;Bruno Centurion;AXUM;;;False;134142;0;1;;;;;;1;;1410,37
1103;RUTA 36 4805;BOSQUES;2026-10-08;08-10-2026;07-10-2026;FAC-A-134142;Venta;LAGOPUELO S.A;61621;6,00;17230,20;20848,54;RAQUEL MONTES DE OCA CEPEDA;;0,00 %;051;Ezequiel Valente;;Aydn Coc† Pod Act Or† Gat 12/500ml;2871,70;3474;;3;AUTOSERVICIO;2209,00;JUAN ESCOTO;;$;2;GRUPO AYUDIN ARGENTINA S.A;;;CON;;;;;;;COCINA;;;;;300;Bruno Centurion;AXUM;;;False;134142;0;1;;;;;;1;;2871,70
106152;Matanza 3262 0;MONTE CHINGOLO;2026-10-08;08-10-2026;07-10-2026;FAC-A-134147;Venta;LAGOPUELO S.A;61730;6,00;26795,52;32422,58;Persano Daniel Alberto;;0,00 %;30;Oriana Songini;;Sltn MataMosq Aer AccEfct 6/360ml BA;4465,92;3473;;3;AUTOSERVICIO;3489,00;SIMON OLIVERA;;$;2;GRUPO AYUDIN ARGENTINA S.A;;;EFV;;;;;;;SELTON;;;;;25;JOHANA VIGIL;AXUM;;;False;134147;0;1;;;;;;1;;4465,92
106152;Matanza 3262 0;MONTE CHINGOLO;2026-10-08;08-10-2026;07-10-2026;FAC-A-134147;Venta;LAGOPUELO S.A;61046;15,00;22306,05;26990,32;Persano Daniel Alberto;;18,00 %;30;Oriana Songini;;Aydn RopQuitMnch BlncInt 15/1l;1487,07;3473;;3;AUTOSERVICIO;1395,00;SIMON OLIVERA;;$;2;GRUPO AYUDIN ARGENTINA S.A;;;EFV;;;;;;;LAVADO DE ROPA;;;;;25;JOHANA VIGIL;AXUM;;;False;134147;0;1;;;;;;1;;1487,07
106152;Matanza 3262 0;MONTE CHINGOLO;2026-10-08;08-10-2026;07-10-2026;FAC-A-134147;Venta;LAGOPUELO S.A;34336;12,00;15752,06;19060,00;Persano Daniel Alberto;;20,00 %;30;Oriana Songini;;Poett Dsnf SuadAlg 12/900ml;1312,67;3473;;3;AUTOSERVICIO;1292,00;SIMON OLIVERA;;$;2;GRUPO AYUDIN ARGENTINA S.A;;;EFV;;;;;;;PISO;;;;;25;JOHANA VIGIL;AXUM;;;False;134147;0;1;;;;;;1;;1312,67
106152;Matanza 3262 0;MONTE CHINGOLO;2026-10-08;08-10-2026;07-10-2026;FAC-A-134147;Venta;LAGOPUELO S.A;34338;12,00;15752,06;19060,00;Persano Daniel Alberto;;20,00 %;30;Oriana Songini;;Poett Dsnf MscPrmvra 12/900ml;1312,67;3473;;3;AUTOSERVICIO;1292,00;SIMON OLIVERA;;$;2;GRUPO AYUDIN ARGENTINA S.A;;;EFV;;;;;;;PISO;;;;;25;JOHANA VIGIL;AXUM;;;False;134147;0;1;;;;;;1;;1312,67
106152;Matanza 3262 0;MONTE CHINGOLO;2026-10-08;08-10-2026;07-10-2026;FAC-A-134147;Venta;LAGOPUELO S.A;34334;12,00;15752,06;19060,00;Persano Daniel Alberto;;20,00 %;30;Oriana Songini;;Poett Dsnf SuadBebe 12/900ml;1312,67;3473;;3;AUTOSERVICIO;1292,00;SIMON OLIVERA;;$;2;GRUPO AYUDIN ARGENTINA S.A;;;EFV;;;;;;;PISO;;;;;25;JOHANA VIGIL;AXUM;;;False;134147;0;1;;;;;;1;;1312,67
105324;RamÛn Cabrero 3315;REMEDIOS DE ESCALADA;2026-10-08;08-10-2026;07-10-2026;FAC-A-134150;Venta;LAGOPUELO S.A;61046;6,00;10881,00;13166,01;Bulla Walter Fabian;;0,00 %;29;Camila Navarrete;;Aydn RopQuitMnch BlncInt 15/1l;1813,50;3473;;5;KIOSCO;1395,00;SIMON OLIVERA;;$;2;GRUPO AYUDIN ARGENTINA S.A;;;EFV;;;;;;;LAVADO DE ROPA;;;;;25;JOHANA VIGIL;AXUM;;;False;134150;0;1;;;;;;1;;1813,50
105324;RamÛn Cabrero 3315;REMEDIOS DE ESCALADA;2026-10-08;08-10-2026;07-10-2026;FAC-A-134150;Venta;LAGOPUELO S.A;17927;15,00;12735,00;15409,35;Bulla Walter Fabian;;20,00 %;29;Camila Navarrete;;AYDN LAVDNA OR 15/1L;849,00;3473;;5;KIOSCO;849,00;SIMON OLIVERA;;$;2;GRUPO AYUDIN ARGENTINA S.A;;;EFV;;;;;;;LAVANDINA;;;;;25;JOHANA VIGIL;AXUM;;;False;134150;0;1;;;;;;1;;849,00
23333;AV SAN MARTIN - (AUTOSERVICIOS) 4083;RAFAEL CALZADA;2026-10-08;08-10-2026;07-10-2026;FAC-A-134155;Venta;LAGOPUELO S.A;61620;3,00;10042,50;12151,43;SUPERMERCADO ALIANZA;;0,00 %;062;Nahuel Martinez;;Aydn Bn Limp† Act Or Gat 12/500 ml;3347,50;3479;;3;Autoservicio B;2575,00;MARIANO SOSA;;$;2;GRUPO AYUDIN ARGENTINA S.A;;;CON;;;;;;;BAÒO;;;;;300;Bruno Centurion;AXUM;;;False;134155;0;1;;;;;;1;;3347,50
23333;AV SAN MARTIN - (AUTOSERVICIOS) 4083;RAFAEL CALZADA;2026-10-08;08-10-2026;07-10-2026;FAC-A-134155;Venta;LAGOPUELO S.A;36003;40,00;86950,00;105209,50;SUPERMERCADO ALIANZA;;0,00 %;062;Nahuel Martinez;;AYDN LAVDNA OR 25g/l 8/2l;2173,75;3479;;3;Autoservicio B;1739,00;MARIANO SOSA;;$;2;GRUPO AYUDIN ARGENTINA S.A;;;CON;;;;;;;LAVANDINA;;;;;300;Bruno Centurion;AXUM;;;False;134155;0;1;;;;;;1;;2173,75
23996;TUCUMAN ENT PIEDRA BUENA - (AUTOSERVICIOS) 946;JOSE MARMOL;2026-10-08;08-10-2026;07-10-2026;FAC-A-134156;Venta;LAGOPUELO S.A;34320;12,00;19690,08;23825,00;RENGUI YAN;;0,00 %;062;Nahuel Martinez;;Poett Desinf. Frescura de Lavanda 900ml;1640,84;3479;;3;Autoservicio B;1292,00;MARIANO SOSA;;$;2;GRUPO AYUDIN ARGENTINA S.A;;;CON;;;;;;;PISO;;;;;300;Bruno Centurion;AXUM;;;False;134156;0;1;;;;;;1;;1640,84
23996;TUCUMAN ENT PIEDRA BUENA - (AUTOSERVICIOS) 946;JOSE MARMOL;2026-10-08;08-10-2026;07-10-2026;FAC-A-134156;Venta;LAGOPUELO S.A;34324;12,00;19690,08;23825,00;RENGUI YAN;;0,00 %;062;Nahuel Martinez;;Poett Desinf. Flores de Primavera 900ml;1640,84;3479;;3;Autoservicio B;1292,00;MARIANO SOSA;;$;2;GRUPO AYUDIN ARGENTINA S.A;;;CON;;;;;;;PISO;;;;;300;Bruno Centurion;AXUM;;;False;134156;0;1;;;;;;1;;1640,84
23996;TUCUMAN ENT PIEDRA BUENA - (AUTOSERVICIOS) 946;JOSE MARMOL;2026-10-08;08-10-2026;07-10-2026;FAC-A-134156;Venta;LAGOPUELO S.A;34342;12,00;19690,08;23825,00;RENGUI YAN;;0,00 %;062;Nahuel Martinez;;Poett Dsnf AlgrDia 12/900ml;1640,84;3479;;3;Autoservicio B;1292,00;MARIANO SOSA;;$;2;GRUPO AYUDIN ARGENTINA S.A;;;CON;;;;;;;PISO;;;;;300;Bruno Centurion;AXUM;;;False;134156;0;1;;;;;;1;;1640,84
23996;TUCUMAN ENT PIEDRA BUENA - (AUTOSERVICIOS) 946;JOSE MARMOL;2026-10-08;08-10-2026;07-10-2026;FAC-A-134156;Venta;LAGOPUELO S.A;17927;15,00;15918,75;19261,69;RENGUI YAN;;0,00 %;062;Nahuel Martinez;;AYDN LAVDNA OR 15/1L;1061,25;3479;;3;Autoservicio B;849,00;MARIANO SOSA;;$;2;GRUPO AYUDIN ARGENTINA S.A;;;CON;;;;;;;LAVANDINA;;;;;300;Bruno Centurion;AXUM;;;False;134156;0;1;;;;;;1;;1061,25
5423;AV SAN MARTIN 3946;RAFAEL CALZADA;2026-10-08;08-10-2026;07-10-2026;FAC-A-134161;Venta;LAGOPUELO S.A;17927;75,00;79593,75;96308,44;GALLO DEL SUR S. R. L.;;0,00 %;062;Nahuel Martinez;;AYDN LAVDNA OR 15/1L;1061,25;3479;;6;MAYORISTA;849,00;MARIANO SOSA;;$;2;GRUPO AYUDIN ARGENTINA S.A;;;CON;;;;;;;LAVANDINA;;;;;300;Bruno Centurion;AXUM;;;False;134161;0;1;;;;;;1;;1061,25
5423;AV SAN MARTIN 3946;RAFAEL CALZADA;2026-10-08;08-10-2026;07-10-2026;FAC-A-134161;Venta;LAGOPUELO S.A;34320;12,00;19690,08;23825,00;GALLO DEL SUR S. R. L.;;0,00 %;062;Nahuel Martinez;;Poett Desinf. Frescura de Lavanda 900ml;1640,84;3479;;6;MAYORISTA;1292,00;MARIANO SOSA;;$;2;GRUPO AYUDIN ARGENTINA S.A;;;CON;;;;;;;PISO;;;;;300;Bruno Centurion;AXUM;;;False;134161;0;1;;;;;;1;;1640,84
5423;AV SAN MARTIN 3946;RAFAEL CALZADA;2026-10-08;08-10-2026;07-10-2026;FAC-A-134161;Venta;LAGOPUELO S.A;34324;12,00;19690,08;23825,00;GALLO DEL SUR S. R. L.;;0,00 %;062;Nahuel Martinez;;Poett Desinf. Flores de Primavera 900ml;1640,84;3479;;6;MAYORISTA;1292,00;MARIANO SOSA;;$;2;GRUPO AYUDIN ARGENTINA S.A;;;CON;;;;;;;PISO;;;;;300;Bruno Centurion;AXUM;;;False;134161;0;1;;;;;;1;;1640,84
5423;AV SAN MARTIN 3946;RAFAEL CALZADA;2026-10-08;08-10-2026;07-10-2026;FAC-A-134161;Venta;LAGOPUELO S.A;34334;12,00;19690,08;23825,00;GALLO DEL SUR S. R. L.;;0,00 %;062;Nahuel Martinez;;Poett Dsnf SuadBebe 12/900ml;1640,84;3479;;6;MAYORISTA;1292,00;MARIANO SOSA;;$;2;GRUPO AYUDIN ARGENTINA S.A;;;CON;;;;;;;PISO;;;;;300;Bruno Centurion;AXUM;;;False;134161;0;1;;;;;;1;;1640,84
5423;AV SAN MARTIN 3946;RAFAEL CALZADA;2026-10-08;08-10-2026;07-10-2026;FAC-A-134161;Venta;LAGOPUELO S.A;34342;12,00;19690,08;23825,00;GALLO DEL SUR S. R. L.;;0,00 %;062;Nahuel Martinez;;Poett Dsnf AlgrDia 12/900ml;1640,84;3479;;6;MAYORISTA;1292,00;MARIANO SOSA;;$;2;GRUPO AYUDIN ARGENTINA S.A;;;CON;;;;;;;PISO;;;;;300;Bruno Centurion;AXUM;;;False;134161;0;1;;;;;;1;;1640,84
5423;AV SAN MARTIN 3946;RAFAEL CALZADA;2026-10-08;08-10-2026;07-10-2026;FAC-A-134161;Venta;LAGOPUELO S.A;34338;12,00;19690,08;23825,00;GALLO DEL SUR S. R. L.;;0,00 %;062;Nahuel Martinez;;Poett Dsnf MscPrmvra 12/900ml;1640,84;3479;;6;MAYORISTA;1292,00;MARIANO SOSA;;$;2;GRUPO AYUDIN ARGENTINA S.A;;;CON;;;;;;;PISO;;;;;300;Bruno Centurion;AXUM;;;False;134161;0;1;;;;;;1;;1640,84
29500;AGOTE - (TRADICIONAL) 585;LA UNION;;08-10-2026;07-10-2026;VEN-134169;Venta;LAGOPUELO S.A;17927;15,00;12735,00;15409,35;PATRICIA BARRAG¡N;;20,00 %;075;Julieta Yegros;;AYDN LAVDNA OR 15/1L;849,00;;;OTR;SIN SUB;849,00;;;$;2;GRUPO AYUDIN ARGENTINA S.A;;;CON;;;;;;;LAVANDINA;;;;;300;Bruno Centurion;AXUM;;;False;134169;1;1;;;;;;1;;849,00
29500;AGOTE - (TRADICIONAL) 585;LA UNION;;08-10-2026;07-10-2026;VEN-134169;Venta;LAGOPUELO S.A;36003;8,00;13912,00;16833,52;PATRICIA BARRAG¡N;;20,00 %;075;Julieta Yegros;;AYDN LAVDNA OR 25g/l 8/2l;1739,00;;;OTR;SIN SUB;1739,00;;;$;2;GRUPO AYUDIN ARGENTINA S.A;;;CON;;;;;;;LAVANDINA;;;;;300;Bruno Centurion;AXUM;;;False;134169;1;1;;;;;;1;;1739,00
29500;AGOTE - (TRADICIONAL) 585;LA UNION;;08-10-2026;07-10-2026;VEN-134169;Venta;LAGOPUELO S.A;24648;6,00;8299,20;10042,03;PATRICIA BARRAG¡N;;0,00 %;075;Julieta Yegros;;Poett PastDesod Lavda 12/25g GP2;1383,20;;;OTR;SIN SUB;1064,00;;;$;2;GRUPO AYUDIN ARGENTINA S.A;;;CON;;;;;;;BAÒO;;;;;300;Bruno Centurion;AXUM;;;False;134169;1;1;;;;;;1;;1383,20
29500;AGOTE - (TRADICIONAL) 585;LA UNION;;08-10-2026;07-10-2026;VEN-134169;Venta;LAGOPUELO S.A;61816;6,00;17091,36;20680,55;PATRICIA BARRAG¡N;;20,00 %;075;Julieta Yegros;;Sltn MataMosq Aer AccInst 6/360ml BA;2848,56;;;OTR;SIN SUB;2739,00;;;$;2;GRUPO AYUDIN ARGENTINA S.A;;;CON;;;;;;;SELTON;;;;;300;Bruno Centurion;AXUM;;;False;134169;1;1;;;;;;1;;2848,56
102686;Sitio De Montevideo 60 0;LANUS;2026-10-08;08-10-2026;07-10-2026;FAC-A-134173;Venta;LAGOPUELO S.A;17992;6,00;28145,46;34056,01;Weng Huizhu;;0,00 %;27;Samanta Dogliotti;;ArcIris Liq 12/1l;4690,91;3471;;3;AUTOSERVICIO;3527,00;CLAUDIO GARCIA;;$;2;GRUPO AYUDIN ARGENTINA S.A;;;EFV;;;;;;;OTROS LIMPIADORES;;;;;25;JOHANA VIGIL;AXUM;;;False;134173;0;1;;;;;;1;;4690,91
6073;JUAN B. JUSTO 875;Varela;2026-10-08;08-10-2026;07-10-2026;FAC-A-134187;Venta;ELEBES;17927;15,00;12735,00;15409,35;GARCIA LUCAS MATIAS;;20,00 %;051;Ezequiel Valente;;AYDN LAVDNA OR 15/1L;849,00;3474;;2;ALMACEN;849,00;JUAN ESCOTO;;$;2;GRUPO AYUDIN ARGENTINA S.A;;;CON;;;;;;;LAVANDINA;;;;;300;Bruno Centurion;AXUM;;;False;134187;0;1;;;;;;1;;849,00
35905;AV FERROCARRIL PROVINCIAL 4469;San Francisco Solano;2026-10-08;08-10-2026;07-10-2026;FAC-A-134194;Venta;LAGOPUELO S.A;33575;16,00;27329,90;33069,18;XUE GANGA;;10,00 %;056;Ezequiel Ferreira;;Aydn Ropa ClrViv DoyPk 16/400ml;1708,12;3477;;3;AUTOSERVICIO;1427,00;NAHUEL MONTOYA;;$;2;GRUPO AYUDIN ARGENTINA S.A;;;EFV;;;;;;;LAVADO DE ROPA;;;;;300;Bruno Centurion;AXUM;;;False;134194;0;1;;;;;;1;;1708,12
35905;AV FERROCARRIL PROVINCIAL 4469;San Francisco Solano;2026-10-08;08-10-2026;07-10-2026;FAC-A-134194;Venta;LAGOPUELO S.A;60239;15,00;37086,05;44874,12;XUE GANGA;;15,00 %;056;Ezequiel Ferreira;;Aydn Lavdna Gel MntFrs 15/700ml GP2;2472,40;3477;;3;AUTOSERVICIO;2187,00;NAHUEL MONTOYA;;$;2;GRUPO AYUDIN ARGENTINA S.A;;;EFV;;;;;;;LAVANDINA;;;;;300;Bruno Centurion;AXUM;;;False;134194;0;1;;;;;;1;;2472,40
35905;AV FERROCARRIL PROVINCIAL 4469;San Francisco Solano;2026-10-08;08-10-2026;07-10-2026;FAC-A-134194;Venta;LAGOPUELO S.A;60234;15,00;37086,05;44874,12;XUE GANGA;;15,00 %;056;Ezequiel Ferreira;;Aydn Lavdna Gel Ctra 15/700ml GP2;2472,40;3477;;3;AUTOSERVICIO;2187,00;NAHUEL MONTOYA;;$;2;GRUPO AYUDIN ARGENTINA S.A;;;EFV;;;;;;;LAVANDINA;;;;;300;Bruno Centurion;AXUM;;;False;134194;0;1;;;;;;1;;2472,40
28040;LINIERS - (TRADICIONAL) 2206;LLAVALLOL;;08-10-2026;07-10-2026;VEN-134202;Venta;ELEBES;36003;8,00;13912,00;16833,52;YESICA DAIANA MACHADO;;20,00 %;074;Romina Baez;;AYDN LAVDNA OR 25g/l 8/2l;1739,00;;;2;ALMACEN;1739,00;;;$;2;GRUPO AYUDIN ARGENTINA S.A;;;CON;;;;;;;LAVANDINA;;;;;300;Bruno Centurion;AXUM;;;False;134202;1;1;;;;;;1;;1739,00
28040;LINIERS - (TRADICIONAL) 2206;LLAVALLOL;;08-10-2026;07-10-2026;VEN-134202;Venta;ELEBES;34320;4,00;5250,69;6353,33;YESICA DAIANA MACHADO;;20,00 %;074;Romina Baez;;Poett Desinf. Frescura de Lavanda 900ml;1312,67;;;2;ALMACEN;1292,00;;;$;2;GRUPO AYUDIN ARGENTINA S.A;;;CON;;;;;;;PISO;;;;;300;Bruno Centurion;AXUM;;;False;134202;1;1;;;;;;1;;1312,67
28040;LINIERS - (TRADICIONAL) 2206;LLAVALLOL;;08-10-2026;07-10-2026;VEN-134202;Venta;ELEBES;34324;4,00;5250,69;6353,33;YESICA DAIANA MACHADO;;20,00 %;074;Romina Baez;;Poett Desinf. Flores de Primavera 900ml;1312,67;;;2;ALMACEN;1292,00;;;$;2;GRUPO AYUDIN ARGENTINA S.A;;;CON;;;;;;;PISO;;;;;300;Bruno Centurion;AXUM;;;False;134202;1;1;;;;;;1;;1312,67
28040;LINIERS - (TRADICIONAL) 2206;LLAVALLOL;;08-10-2026;07-10-2026;VEN-134202;Venta;ELEBES;34327;4,00;5250,69;6353,33;YESICA DAIANA MACHADO;;20,00 %;074;Romina Baez;;Poett Desinf. Solo para ti 900ml;1312,67;;;2;ALMACEN;1292,00;;;$;2;GRUPO AYUDIN ARGENTINA S.A;;;CON;;;;;;;PISO;;;;;300;Bruno Centurion;AXUM;;;False;134202;1;1;;;;;;1;;1312,67
28040;LINIERS - (TRADICIONAL) 2206;LLAVALLOL;;08-10-2026;07-10-2026;VEN-134202;Venta;ELEBES;34334;4,00;5250,69;6353,33;YESICA DAIANA MACHADO;;20,00 %;074;Romina Baez;;Poett Dsnf SuadBebe 12/900ml;1312,67;;;2;ALMACEN;1292,00;;;$;2;GRUPO AYUDIN ARGENTINA S.A;;;CON;;;;;;;PISO;;;;;300;Bruno Centurion;AXUM;;;False;134202;1;1;;;;;;1;;1312,67
28040;LINIERS - (TRADICIONAL) 2206;LLAVALLOL;;08-10-2026;07-10-2026;VEN-134202;Venta;ELEBES;34338;4,00;5250,69;6353,33;YESICA DAIANA MACHADO;;20,00 %;074;Romina Baez;;Poett Dsnf MscPrmvra 12/900ml;1312,67;;;2;ALMACEN;1292,00;;;$;2;GRUPO AYUDIN ARGENTINA S.A;;;CON;;;;;;;PISO;;;;;300;Bruno Centurion;AXUM;;;False;134202;1;1;;;;;;1;;1312,67
28040;LINIERS - (TRADICIONAL) 2206;LLAVALLOL;;08-10-2026;07-10-2026;VEN-134202;Venta;ELEBES;34342;4,00;5250,69;6353,33;YESICA DAIANA MACHADO;;20,00 %;074;Romina Baez;;Poett Dsnf AlgrDia 12/900ml;1312,67;;;2;ALMACEN;1292,00;;;$;2;GRUPO AYUDIN ARGENTINA S.A;;;CON;;;;;;;PISO;;;;;300;Bruno Centurion;AXUM;;;False;134202;1;1;;;;;;1;;1312,67
258;ISLAS MALVINAS 3981;Quilmes;2026-10-08;08-10-2026;07-10-2026;FAC-A-134203;Venta;Empresa LAGOPUELO;60885;6,00;14924,13;18058,20;SECCHI ADRIANA EDITH;;15,00 %;053;Verona Abati;;Poett Aer FlrLavda ExtFrag 6/360ml;2487,36;3476;;2;ALMACEN;2251,00;LEONARDO SANTA CRUZ;;$;2;GRUPO AYUDIN ARGENTINA S.A;;;EFV;;;;;;;AERO POETT;;;;;300;Bruno Centurion;AXUM;;;False;134203;0;1;;;;;;1;;2487,36
29088;BYNNON - (AUTOSERVICIOS) 4426;TEMPERLEY;2026-10-08;08-10-2026;07-10-2026;FAC-B-134213;Venta;Empresa LAGOPUELO;36003;8,00;17390,00;21041,90;ANA GONCALVEZ;;0,00 %;062;Nahuel Martinez;;AYDN LAVDNA OR 25g/l 8/2l;2173,75;3479;;3;Autoservicio A;1739,00;MARIANO SOSA;;$;2;GRUPO AYUDIN ARGENTINA S.A;;;CON;;;;;;;LAVANDINA;;;;;300;Bruno Centurion;AXUM;;;False;134213;0;1;;;;;;1;;2173,75
23685;AV LUIS VERNET - (AUTOSERVICIOS) 2474;ESTEBAN ECHEVERR√¬çA;;08-10-2026;07-10-2026;VEN-134219;Venta;LAGOPUELO S.A;36004;3,00;12596,57;15241,85;WANG YING;;7,00 %;064;Karina Fernandez;;AYDN LAVDNA OR 25 g/l 3/4l;4198,86;;;3;Autoservicio A;3473,00;;;$;2;GRUPO AYUDIN ARGENTINA S.A;;;CON;;;;;;;LAVANDINA;;;;;300;Bruno Centurion;AXUM;;;False;134219;1;1;;;;;;1;;4198,86
23685;AV LUIS VERNET - (AUTOSERVICIOS) 2474;ESTEBAN ECHEVERR√¬çA;;08-10-2026;07-10-2026;VEN-134219;Venta;LAGOPUELO S.A;60228;3,00;16419,00;19866,99;WANG YING;;0,00 %;064;Karina Fernandez;;Aydn PurGlac TriPod 3/4l GP2;5473,00;;;3;Autoservicio A;4210,00;;;$;2;GRUPO AYUDIN ARGENTINA S.A;;;CON;;;;;;;LAVANDINA;;;;;300;Bruno Centurion;AXUM;;;False;134219;1;1;;;;;;1;;5473,00
5649;GABOTO 4436;Almirante Brown;2026-10-08;08-10-2026;07-10-2026;FAC-A-134234;Venta;LAGOPUELO S.A;60240;15,00;37086,05;44874,12;shi zhangmei;;15,00 %;063;Daniel Martin;;Aydn Lavdna Gel Lavda EXPRT 15/700ml GP2;2472,40;3475;;3;Autoservicio B;2187,00;HERNAN RIVERO;;$;2;GRUPO AYUDIN ARGENTINA S.A;;;CON;;;;;;;LAVANDINA;;;;;300;Bruno Centurion;AXUM;;;False;134234;0;1;;;;;;1;;2472,40
29500;AGOTE - (TRADICIONAL) 585;LA UNION;;08-10-2026;07-10-2026;VEN-134242;Venta;LAGOPUELO S.A;11112;1,00;0,11;0,13;PATRICIA BARRAG¡N;;0,00 %;075;Julieta Yegros;;EXHIBID. METALICO MULTIMARCA;0,11;;;OTR;SIN SUB;0,10;;;$;2;GRUPO AYUDIN ARGENTINA S.A;;;CON;;;;;;;EXHIBIDORES;;;;;300;Bruno Centurion;AXUM;;;False;134242;1;1;;;;;;1;;0,11
27529;Provincias Unidas E/Falucho/Int Tavano - (AUTOSERVICIOS) 10;LOMAS DE ZAMORA;;08-10-2026;07-10-2026;VEN-134243;Venta;LAGOPUELO S.A;17927;15,00;12735,00;15409,35;Mao Karina;;20,00 %;073;Florencia Cubilla;;AYDN LAVDNA OR 15/1L;849,00;;;2;ALMACEN;849,00;;;$;2;GRUPO AYUDIN ARGENTINA S.A;;;CON;;;;;;;LAVANDINA;;;;;300;Bruno Centurion;AXUM;;;False;134243;1;1;;;;;;1;;849,00
27529;Provincias Unidas E/Falucho/Int Tavano - (AUTOSERVICIOS) 10;LOMAS DE ZAMORA;;08-10-2026;07-10-2026;VEN-134243;Venta;LAGOPUELO S.A;36003;8,00;13912,00;16833,52;Mao Karina;;20,00 %;073;Florencia Cubilla;;AYDN LAVDNA OR 25g/l 8/2l;1739,00;;;2;ALMACEN;1739,00;;;$;2;GRUPO AYUDIN ARGENTINA S.A;;;CON;;;;;;;LAVANDINA;;;;;300;Bruno Centurion;AXUM;;;False;134243;1;1;;;;;;1;;1739,00
23686;HERMINIO CONSTANZO - (AUTOSERVICIOS) 2949;ESTEBAN ECHEVERR√¬çA;;08-10-2026;07-10-2026;VEN-134248;Venta;LAGOPUELO S.A;34324;36,00;44302,68;53606,24;Su Zitang;;25,00 %;064;Karina Fernandez;;Poett Desinf. Flores de Primavera 900ml;1230,63;;;3;Autoservicio A;1292,00;;;$;2;GRUPO AYUDIN ARGENTINA S.A;;;CON;;;;;;;PISO;;;;;300;Bruno Centurion;AXUM;;;False;134248;1;1;;;;;;1;;1230,63
23686;HERMINIO CONSTANZO - (AUTOSERVICIOS) 2949;ESTEBAN ECHEVERR√¬çA;;08-10-2026;07-10-2026;VEN-134248;Venta;LAGOPUELO S.A;34320;36,00;44302,68;53606,24;Su Zitang;;25,00 %;064;Karina Fernandez;;Poett Desinf. Frescura de Lavanda 900ml;1230,63;;;3;Autoservicio A;1292,00;;;$;2;GRUPO AYUDIN ARGENTINA S.A;;;CON;;;;;;;PISO;;;;;300;Bruno Centurion;AXUM;;;False;134248;1;1;;;;;;1;;1230,63
23686;HERMINIO CONSTANZO - (AUTOSERVICIOS) 2949;ESTEBAN ECHEVERR√¬çA;;08-10-2026;07-10-2026;VEN-134248;Venta;LAGOPUELO S.A;34338;24,00;29535,12;35737,50;Su Zitang;;25,00 %;064;Karina Fernandez;;Poett Dsnf MscPrmvra 12/900ml;1230,63;;;3;Autoservicio A;1292,00;;;$;2;GRUPO AYUDIN ARGENTINA S.A;;;CON;;;;;;;PISO;;;;;300;Bruno Centurion;AXUM;;;False;134248;1;1;;;;;;1;;1230,63
23686;HERMINIO CONSTANZO - (AUTOSERVICIOS) 2949;ESTEBAN ECHEVERR√¬çA;;08-10-2026;07-10-2026;VEN-134248;Venta;LAGOPUELO S.A;34334;24,00;29535,12;35737,50;Su Zitang;;25,00 %;064;Karina Fernandez;;Poett Dsnf SuadBebe 12/900ml;1230,63;;;3;Autoservicio A;1292,00;;;$;2;GRUPO AYUDIN ARGENTINA S.A;;;CON;;;;;;;PISO;;;;;300;Bruno Centurion;AXUM;;;False;134248;1;1;;;;;;1;;1230,63
23686;HERMINIO CONSTANZO - (AUTOSERVICIOS) 2949;ESTEBAN ECHEVERR√¬çA;;08-10-2026;07-10-2026;VEN-134248;Venta;LAGOPUELO S.A;34334;24,00;29535,12;35737,50;Su Zitang;;25,00 %;064;Karina Fernandez;;Poett Dsnf SuadBebe 12/900ml;1230,63;;;3;Autoservicio A;1292,00;;;$;2;GRUPO AYUDIN ARGENTINA S.A;;;CON;;;;;;;PISO;;;;;300;Bruno Centurion;AXUM;;;False;134248;1;1;;;;;;1;;1230,63
23686;HERMINIO CONSTANZO - (AUTOSERVICIOS) 2949;ESTEBAN ECHEVERR√¬çA;;08-10-2026;07-10-2026;VEN-134248;Venta;LAGOPUELO S.A;36001;24,00;29535,12;35737,50;Su Zitang;;25,00 %;064;Karina Fernandez;;POETT FRSC TROP 12/900;1230,63;;;3;Autoservicio A;1292,00;;;$;2;GRUPO AYUDIN ARGENTINA S.A;;;CON;;;;;;;PISO;;;;;300;Bruno Centurion;AXUM;;;False;134248;1;1;;;;;;1;;1230,63
23686;HERMINIO CONSTANZO - (AUTOSERVICIOS) 2949;ESTEBAN ECHEVERR√¬çA;;08-10-2026;07-10-2026;VEN-134248;Venta;LAGOPUELO S.A;34342;12,00;14767,56;17868,75;Su Zitang;;25,00 %;064;Karina Fernandez;;Poett Dsnf AlgrDia 12/900ml;1230,63;;;3;Autoservicio A;1292,00;;;$;2;GRUPO AYUDIN ARGENTINA S.A;;;CON;;;;;;;PISO;;;;;300;Bruno Centurion;AXUM;;;False;134248;1;1;;;;;;1;;1230,63
1157;BELGRANO 3785;Varela;2026-10-08;08-10-2026;07-10-2026;FAC-A-134250;Venta;LAGOPUELO S.A;36003;8,00;17390,00;21041,90;LOPEZ RAMON;;0,00 %;6;Nieves Alegre;;AYDN LAVDNA OR 25g/l 8/2l;2173,75;3472;;2;ALMACEN;1739,00;IVAN MONTOYA;;$;2;GRUPO AYUDIN ARGENTINA S.A;;;CON;;;;;;;LAVANDINA;;;;;25;JOHANA VIGIL;AXUM;;;False;134250;0;1;;;;;;1;;2173,75
3693;GARIBALDI 420;QUILMES;2026-10-08;08-10-2026;07-10-2026;FAC-A-134254;Venta;LAGOPUELO S.A;33575;6,00;11387,46;13778,83;ZHAN SAIYING;;0,00 %;2;Fernanda Cejas;;Aydn Ropa ClrViv DoyPk 16/400ml;1897,91;3476;;3;AUTOSERVICIO;1427,00;LEONARDO SANTA CRUZ;;$;2;GRUPO AYUDIN ARGENTINA S.A;;;CON;;;;;;;LAVADO DE ROPA;;;;;25;JOHANA VIGIL;AXUM;;;False;134254;0;1;;;;;;1;;1897,91
3693;GARIBALDI 420;QUILMES;2026-10-08;08-10-2026;07-10-2026;FAC-A-134254;Venta;LAGOPUELO S.A;33576;4,00;7591,64;9185,88;ZHAN SAIYING;;0,00 %;2;Fernanda Cejas;;Aydn Ropa BlncSprms DoyPk 16/400ml;1897,91;3476;;3;AUTOSERVICIO;1427,00;LEONARDO SANTA CRUZ;;$;2;GRUPO AYUDIN ARGENTINA S.A;;;CON;;;;;;;LAVADO DE ROPA;;;;;25;JOHANA VIGIL;AXUM;;;False;134254;0;1;;;;;;1;;1897,91
27764;CATAMARCA ESQ JORGE - (AUTOSERVICIOS) 0;RAFAEL CALZADA;2026-10-08;08-10-2026;07-10-2026;FAC-A-134258;Venta;LAGOPUELO S.A;36003;40,00;86950,00;105209,50;KONG XING CHEN;;0,00 %;062;Nahuel Martinez;;AYDN LAVDNA OR 25g/l 8/2l;2173,75;3479;;3;Autoservicio B;1739,00;MARIANO SOSA;;$;2;GRUPO AYUDIN ARGENTINA S.A;;;CON;;;;;;;LAVANDINA;;;;;300;Bruno Centurion;AXUM;;;False;134258;0;1;;;;;;1;;2173,75
27924;Falucho Esq Andrade - (Autoservicio) 699;LOMAS DE ZAMORA;;08-10-2026;07-10-2026;VEN-134267;Venta;LAGOPUELO S.A;36003;24,00;40170,90;48606,79;Mao Silvia Patricia;;23,00 %;073;Florencia Cubilla;;AYDN LAVDNA OR 25g/l 8/2l;1673,79;;;2;ALMACEN;1739,00;;;$;2;GRUPO AYUDIN ARGENTINA S.A;;;CON;;;;;;;LAVANDINA;;;;;300;Bruno Centurion;AXUM;;;False;134267;1;1;;;;;;1;;1673,79
27924;Falucho Esq Andrade - (Autoservicio) 699;LOMAS DE ZAMORA;;08-10-2026;07-10-2026;VEN-134267;Venta;LAGOPUELO S.A;17927;30,00;24514,88;29663,00;Mao Silvia Patricia;;23,00 %;073;Florencia Cubilla;;AYDN LAVDNA OR 15/1L;817,16;;;2;ALMACEN;849,00;;;$;2;GRUPO AYUDIN ARGENTINA S.A;;;CON;;;;;;;LAVANDINA;;;;;300;Bruno Centurion;AXUM;;;False;134267;1;1;;;;;;1;;817,16
27863;LOS RAULIES ENTRE BOLIVAR Y ARTIGAS - (TRADICIONAL) 773;LA UNION;;08-10-2026;07-10-2026;VEN-134268;Venta;LAGOPUELO S.A;50090;6,00;14924,13;18058,20;MIGUEL ROMERO;;15,00 %;075;Julieta Yegros;;Poett Aer Huellitas 6/360ml;2487,36;;;2;ALMACEN;2251,00;;;$;2;GRUPO AYUDIN ARGENTINA S.A;;;CON;;;;;;;AERO POETT;;;;;300;Bruno Centurion;AXUM;;;False;134268;1;1;;;;;;1;;2487,36
27863;LOS RAULIES ENTRE BOLIVAR Y ARTIGAS - (TRADICIONAL) 773;LA UNION;;08-10-2026;07-10-2026;VEN-134268;Venta;LAGOPUELO S.A;61035;6,00;14924,13;18058,20;MIGUEL ROMERO;;15,00 %;075;Julieta Yegros;;Poett Aer AlgrDia ExtFrag 6/360ml;2487,36;;;2;ALMACEN;2251,00;;;$;2;GRUPO AYUDIN ARGENTINA S.A;;;CON;;;;;;;AERO POETT;;;;;300;Bruno Centurion;AXUM;;;False;134268;1;1;;;;;;1;;2487,36
27863;LOS RAULIES ENTRE BOLIVAR Y ARTIGAS - (TRADICIONAL) 773;LA UNION;;08-10-2026;07-10-2026;VEN-134268;Venta;LAGOPUELO S.A;60886;6,00;14924,13;18058,20;MIGUEL ROMERO;;15,00 %;075;Julieta Yegros;;Poett Aer FlrPrm ExtFrag 6/360ml;2487,36;;;2;ALMACEN;2251,00;;;$;2;GRUPO AYUDIN ARGENTINA S.A;;;CON;;;;;;;AERO POETT;;;;;300;Bruno Centurion;AXUM;;;False;134268;1;1;;;;;;1;;2487,36
27863;LOS RAULIES ENTRE BOLIVAR Y ARTIGAS - (TRADICIONAL) 773;LA UNION;;08-10-2026;07-10-2026;VEN-134268;Venta;LAGOPUELO S.A;60887;6,00;14924,13;18058,20;MIGUEL ROMERO;;15,00 %;075;Julieta Yegros;;Poett Aer SvdBb ExtFrag 6/360ml;2487,36;;;2;ALMACEN;2251,00;;;$;2;GRUPO AYUDIN ARGENTINA S.A;;;CON;;;;;;;AERO POETT;;;;;300;Bruno Centurion;AXUM;;;False;134268;1;1;;;;;;1;;2487,36
27863;LOS RAULIES ENTRE BOLIVAR Y ARTIGAS - (TRADICIONAL) 773;LA UNION;;08-10-2026;07-10-2026;VEN-134268;Venta;LAGOPUELO S.A;60222;15,00;17403,75;21058,54;MIGUEL ROMERO;;15,00 %;075;Julieta Yegros;;Aydn Lavda TriPod 15/1l GP2;1160,25;;;2;ALMACEN;1050,00;;;$;2;GRUPO AYUDIN ARGENTINA S.A;;;CON;;;;;;;LAVANDINA;;;;;300;Bruno Centurion;AXUM;;;False;134268;1;1;;;;;;1;;1160,25
27863;LOS RAULIES ENTRE BOLIVAR Y ARTIGAS - (TRADICIONAL) 773;LA UNION;;08-10-2026;07-10-2026;VEN-134268;Venta;LAGOPUELO S.A;60226;15,00;17403,75;21058,54;MIGUEL ROMERO;;15,00 %;075;Julieta Yegros;;Aydn PurGlac TriPod 15/1l GP2;1160,25;;;2;ALMACEN;1050,00;;;$;2;GRUPO AYUDIN ARGENTINA S.A;;;CON;;;;;;;LAVANDINA;;;;;300;Bruno Centurion;AXUM;;;False;134268;1;1;;;;;;1;;1160,25
27863;LOS RAULIES ENTRE BOLIVAR Y ARTIGAS - (TRADICIONAL) 773;LA UNION;;08-10-2026;07-10-2026;VEN-134268;Venta;LAGOPUELO S.A;36012;6,00;10133,10;12261,05;MIGUEL ROMERO;;0,00 %;075;Julieta Yegros;;Selton espirales 48x 12u;1688,85;;;2;ALMACEN;1251,00;;;$;2;GRUPO AYUDIN ARGENTINA S.A;;;CON;;;;;;;SELTON;;;;;300;Bruno Centurion;AXUM;;;False;134268;1;1;;;;;;1;;1688,85
27863;LOS RAULIES ENTRE BOLIVAR Y ARTIGAS - (TRADICIONAL) 773;LA UNION;;08-10-2026;07-10-2026;VEN-134268;Venta;LAGOPUELO S.A;19874;6,00;24591,60;29755,84;MIGUEL ROMERO;;0,00 %;075;Julieta Yegros;;Poett Frgnz SvdBeb 12/250ml AR;4098,60;;;2;ALMACEN;3036,00;;;$;2;GRUPO AYUDIN ARGENTINA S.A;;;CON;;;;;;;AERO POETT;;;;;300;Bruno Centurion;AXUM;;;False;134268;1;1;;;;;;1;;4098,60
27863;LOS RAULIES ENTRE BOLIVAR Y ARTIGAS - (TRADICIONAL) 773;LA UNION;;08-10-2026;07-10-2026;VEN-134268;Venta;LAGOPUELO S.A;11112;1,00;0,11;0,13;MIGUEL ROMERO;;0,00 %;075;Julieta Yegros;;EXHIBID. METALICO MULTIMARCA;0,11;;;2;ALMACEN;0,10;;;$;2;GRUPO AYUDIN ARGENTINA S.A;;;CON;;;;;;;EXHIBIDORES;;;;;300;Bruno Centurion;AXUM;;;False;134268;1;1;;;;;;1;;0,11
6432;MANUEL DE FALLA 1570;FLORENCIO VARELA;2026-10-08;08-10-2026;07-10-2026;FAC-A-134272;Venta;LAGOPUELO S.A;61576;16,00;26537,68;32110,59;YAN SHIWEN;;5,00 %;051;Ezequiel Valente;;Aydn Bn Limp† Act Or DoyPk 16/450ml;1658,61;3474;;3;AUTOSERVICIO;1343,00;JUAN ESCOTO;;$;2;GRUPO AYUDIN ARGENTINA S.A;;;CON;;;;;;;BAÒO;;;;;300;Bruno Centurion;AXUM;;;False;134272;0;1;;;;;;1;;1658,61
22960;CHARCAS NORTE - (AUTOSERVICIOS) 3291;ALTE BROWN;2026-10-08;08-10-2026;07-10-2026;FAC-A-134273;Venta;LAGOPUELO S.A;61046;15,00;22306,05;26990,32;YAN FENGZHU;;18,00 %;056;Ezequiel Ferreira;;Aydn RopQuitMnch BlncInt 15/1l;1487,07;3477;;3;Autoservicio A;1395,00;NAHUEL MONTOYA;;$;2;GRUPO AYUDIN ARGENTINA S.A;;;CON;;;;;;;LAVADO DE ROPA;;;;;300;Bruno Centurion;AXUM;;;False;134273;0;1;;;;;;1;;1487,07
22960;CHARCAS NORTE - (AUTOSERVICIOS) 3291;ALTE BROWN;2026-10-08;08-10-2026;07-10-2026;FAC-A-134273;Venta;LAGOPUELO S.A;34320;12,00;19690,08;23825,00;YAN FENGZHU;;0,00 %;056;Ezequiel Ferreira;;Poett Desinf. Frescura de Lavanda 900ml;1640,84;3477;;3;Autoservicio A;1292,00;NAHUEL MONTOYA;;$;2;GRUPO AYUDIN ARGENTINA S.A;;;CON;;;;;;;PISO;;;;;300;Bruno Centurion;AXUM;;;False;134273;0;1;;;;;;1;;1640,84
22960;CHARCAS NORTE - (AUTOSERVICIOS) 3291;ALTE BROWN;2026-10-08;08-10-2026;07-10-2026;FAC-A-134273;Venta;LAGOPUELO S.A;34324;12,00;19690,08;23825,00;YAN FENGZHU;;0,00 %;056;Ezequiel Ferreira;;Poett Desinf. Flores de Primavera 900ml;1640,84;3477;;3;Autoservicio A;1292,00;NAHUEL MONTOYA;;$;2;GRUPO AYUDIN ARGENTINA S.A;;;CON;;;;;;;PISO;;;;;300;Bruno Centurion;AXUM;;;False;134273;0;1;;;;;;1;;1640,84
22960;CHARCAS NORTE - (AUTOSERVICIOS) 3291;ALTE BROWN;2026-10-08;08-10-2026;07-10-2026;FAC-A-134273;Venta;LAGOPUELO S.A;34327;5,00;8204,20;9927,08;YAN FENGZHU;;0,00 %;056;Ezequiel Ferreira;;Poett Desinf. Solo para ti 900ml;1640,84;3477;;3;Autoservicio A;1292,00;NAHUEL MONTOYA;;$;2;GRUPO AYUDIN ARGENTINA S.A;;;CON;;;;;;;PISO;;;;;300;Bruno Centurion;AXUM;;;False;134273;0;1;;;;;;1;;1640,84
22960;CHARCAS NORTE - (AUTOSERVICIOS) 3291;ALTE BROWN;2026-10-08;08-10-2026;07-10-2026;FAC-A-134273;Venta;LAGOPUELO S.A;34334;12,00;19690,08;23825,00;YAN FENGZHU;;0,00 %;056;Ezequiel Ferreira;;Poett Dsnf SuadBebe 12/900ml;1640,84;3477;;3;Autoservicio A;1292,00;NAHUEL MONTOYA;;$;2;GRUPO AYUDIN ARGENTINA S.A;;;CON;;;;;;;PISO;;;;;300;Bruno Centurion;AXUM;;;False;134273;0;1;;;;;;1;;1640,84
22960;CHARCAS NORTE - (AUTOSERVICIOS) 3291;ALTE BROWN;2026-10-08;08-10-2026;07-10-2026;FAC-A-134273;Venta;LAGOPUELO S.A;34338;12,00;19690,08;23825,00;YAN FENGZHU;;0,00 %;056;Ezequiel Ferreira;;Poett Dsnf MscPrmvra 12/900ml;1640,84;3477;;3;Autoservicio A;1292,00;NAHUEL MONTOYA;;$;2;GRUPO AYUDIN ARGENTINA S.A;;;CON;;;;;;;PISO;;;;;300;Bruno Centurion;AXUM;;;False;134273;0;1;;;;;;1;;1640,84
22960;CHARCAS NORTE - (AUTOSERVICIOS) 3291;ALTE BROWN;2026-10-08;08-10-2026;07-10-2026;FAC-A-134273;Venta;LAGOPUELO S.A;36001;12,00;19690,08;23825,00;YAN FENGZHU;;0,00 %;056;Ezequiel Ferreira;;POETT FRSC TROP 12/900;1640,84;3477;;3;Autoservicio A;1292,00;NAHUEL MONTOYA;;$;2;GRUPO AYUDIN ARGENTINA S.A;;;CON;;;;;;;PISO;;;;;300;Bruno Centurion;AXUM;;;False;134273;0;1;;;;;;1;;1640,84
23690;BENAVIDEZ - (AUTOSERVICIOS) 3669;ESTEBAN ECHEVERR√¬çA;;08-10-2026;07-10-2026;VEN-134278;Venta;Empresa LAGOPUELO;17927;75,00;61287,19;74157,50;YAN YAZHONG;;23,00 %;064;Karina Fernandez;;AYDN LAVDNA OR 15/1L;817,16;;;3;Autoservicio A;849,00;;;$;2;GRUPO AYUDIN ARGENTINA S.A;;;CON;;;;;;;LAVANDINA;;;;;300;Bruno Centurion;AXUM;;;False;134278;1;1;;;;;;1;;817,16
23690;BENAVIDEZ - (AUTOSERVICIOS) 3669;ESTEBAN ECHEVERR√¬çA;;08-10-2026;07-10-2026;VEN-134278;Venta;Empresa LAGOPUELO;36003;16,00;26780,60;32404,53;YAN YAZHONG;;23,00 %;064;Karina Fernandez;;AYDN LAVDNA OR 25g/l 8/2l;1673,79;;;3;Autoservicio A;1739,00;;;$;2;GRUPO AYUDIN ARGENTINA S.A;;;CON;;;;;;;LAVANDINA;;;;;300;Bruno Centurion;AXUM;;;False;134278;1;1;;;;;;1;;1673,79
25014;AV FLORENCIO VARELA Y RAMON CARILLO - (TRADICIONAL) 0;EZPELETA ESTE;;08-10-2026;07-10-2026;VEN-134283;Venta;ELEBES;61576;16,00;26537,68;32110,59;ALMACEN ALEX;;5,00 %;5;Eliana Huber;;Aydn Bn Limp† Act Or DoyPk 16/450ml;1658,61;;;2;ALMACEN;1343,00;;;$;2;GRUPO AYUDIN ARGENTINA S.A;;;CON;;;;;;;BAÒO;;;;;25;JOHANA VIGIL;AXUM;;;False;134283;1;1;;;;;;1;;1658,61
25014;AV FLORENCIO VARELA Y RAMON CARILLO - (TRADICIONAL) 0;EZPELETA ESTE;;08-10-2026;07-10-2026;VEN-134283;Venta;ELEBES;61577;16,00;22565,92;27304,76;ALMACEN ALEX;;5,00 %;5;Eliana Huber;;Aydn Coc† Pod Act Or† DoyPk 16/450ml;1410,37;;;2;ALMACEN;1142,00;;;$;2;GRUPO AYUDIN ARGENTINA S.A;;;CON;;;;;;;COCINA;;;;;25;JOHANA VIGIL;AXUM;;;False;134283;1;1;;;;;;1;;1410,37
4362;JUAN MANUEL DE ROSAS 1658;Quilmes;2026-10-08;08-10-2026;07-10-2026;FAC-A-134289;Venta;LAGOPUELO S.A;34320;24,00;30322,72;36690,50;ALONSO ANTONIO DANIEL;;23,00 %;053;Verona Abati;;Poett Desinf. Frescura de Lavanda 900ml;1263,45;3476;;2;ALMACEN;1292,00;LEONARDO SANTA CRUZ;;$;2;GRUPO AYUDIN ARGENTINA S.A;;;CON;;;;;;;PISO;;;;;300;Bruno Centurion;AXUM;;;False;134289;0;1;;;;;;1;;1263,45
4362;JUAN MANUEL DE ROSAS 1658;Quilmes;2026-10-08;08-10-2026;07-10-2026;FAC-A-134289;Venta;LAGOPUELO S.A;34324;12,00;15161,36;18345,25;ALONSO ANTONIO DANIEL;;23,00 %;053;Verona Abati;;Poett Desinf. Flores de Primavera 900ml;1263,45;3476;;2;ALMACEN;1292,00;LEONARDO SANTA CRUZ;;$;2;GRUPO AYUDIN ARGENTINA S.A;;;CON;;;;;;;PISO;;;;;300;Bruno Centurion;AXUM;;;False;134289;0;1;;;;;;1;;1263,45
4362;JUAN MANUEL DE ROSAS 1658;Quilmes;2026-10-08;08-10-2026;07-10-2026;FAC-A-134289;Venta;LAGOPUELO S.A;34334;12,00;15161,36;18345,25;ALONSO ANTONIO DANIEL;;23,00 %;053;Verona Abati;;Poett Dsnf SuadBebe 12/900ml;1263,45;3476;;2;ALMACEN;1292,00;LEONARDO SANTA CRUZ;;$;2;GRUPO AYUDIN ARGENTINA S.A;;;CON;;;;;;;PISO;;;;;300;Bruno Centurion;AXUM;;;False;134289;0;1;;;;;;1;;1263,45
4362;JUAN MANUEL DE ROSAS 1658;Quilmes;2026-10-08;08-10-2026;07-10-2026;FAC-A-134289;Venta;LAGOPUELO S.A;34338;12,00;15161,36;18345,25;ALONSO ANTONIO DANIEL;;23,00 %;053;Verona Abati;;Poett Dsnf MscPrmvra 12/900ml;1263,45;3476;;2;ALMACEN;1292,00;LEONARDO SANTA CRUZ;;$;2;GRUPO AYUDIN ARGENTINA S.A;;;CON;;;;;;;PISO;;;;;300;Bruno Centurion;AXUM;;;False;134289;0;1;;;;;;1;;1263,45
4362;JUAN MANUEL DE ROSAS 1658;Quilmes;2026-10-08;08-10-2026;07-10-2026;FAC-A-134289;Venta;LAGOPUELO S.A;36001;12,00;15161,36;18345,25;ALONSO ANTONIO DANIEL;;23,00 %;053;Verona Abati;;POETT FRSC TROP 12/900;1263,45;3476;;2;ALMACEN;1292,00;LEONARDO SANTA CRUZ;;$;2;GRUPO AYUDIN ARGENTINA S.A;;;CON;;;;;;;PISO;;;;;300;Bruno Centurion;AXUM;;;False;134289;0;1;;;;;;1;;1263,45
29369;EL GORRI√‚ÄúN - (AUTOSERVICIOS) 2875;RAFAEL CALZADA;2026-10-08;08-10-2026;07-10-2026;FAC-A-134290;Venta;LAGOPUELO S.A;17927;15,00;15918,75;19261,69;ANGELA GOMEZ;;0,00 %;062;Nahuel Martinez;;AYDN LAVDNA OR 15/1L;1061,25;3479;;2;ALMACEN;849,00;MARIANO SOSA;;$;2;GRUPO AYUDIN ARGENTINA S.A;;;CON;;;;;;;LAVANDINA;;;;;300;Bruno Centurion;AXUM;;;False;134290;0;1;;;;;;1;;1061,25
5366;MANUEL QUINTANA 373;Florencio Varela;2026-10-08;08-10-2026;07-10-2026;FAC-A-134294;Venta;LAGOPUELO S.A;61577;6,00;8907,60;10778,20;CHEN NAIAN;;0,00 %;6;Nieves Alegre;;Aydn Coc† Pod Act Or† DoyPk 16/450ml;1484,60;3472;;3;AUTOSERVICIO;1142,00;IVAN MONTOYA;;$;2;GRUPO AYUDIN ARGENTINA S.A;;;CON;;;;;;;COCINA;;;;;25;JOHANA VIGIL;AXUM;;;False;134294;0;1;;;;;;1;;1484,60
29383;ALSINA E/ TRIPODI 3387;CLAYPOLE;2026-10-08;08-10-2026;07-10-2026;FAC-A-134302;Venta;LAGOPUELO S.A;34320;6,00;9845,04;11912,50;ANDRES PEREYRA;;0,00 %;061;Nailah Guzman;;Poett Desinf. Frescura de Lavanda 900ml;1640,84;3477;;5;KIOSCO;1292,00;NAHUEL MONTOYA;;$;2;GRUPO AYUDIN ARGENTINA S.A;;;CON;;;;;;;PISO;;;;;300;Bruno Centurion;AXUM;;;False;134302;0;1;;;;;;1;;1640,84
27526;Fleming - (AUTOSERVICIOS) 276;LOMAS DE ZAMORA;;08-10-2026;07-10-2026;VEN-134303;Venta;LAGOPUELO S.A;25361;6,00;36472,80;44132,09;ZHUANG QINLONG;;0,00 %;073;Florencia Cubilla;;Poett Int Lavda 12/9g GP6;6078,80;;;3;Autoservicio A;4676,00;;;$;2;GRUPO AYUDIN ARGENTINA S.A;;;CON;;;;;;;BAÒO;;;;;300;Bruno Centurion;AXUM;;;False;134303;1;1;;;;;;1;;6078,80
103282;9 De Julio 1812 0;LANUS;2026-10-08;08-10-2026;07-10-2026;FAC-A-134307;Venta;LAGOPUELO S.A;24648;6,00;8299,20;10042,03;Chen Liming;;0,00 %;27;Samanta Dogliotti;;Poett PastDesod Lavda 12/25g GP2;1383,20;3471;;3;AUTOSERVICIO;1064,00;CLAUDIO GARCIA;;$;2;GRUPO AYUDIN ARGENTINA S.A;;;EFV;;;;;;;BAÒO;;;;;25;JOHANA VIGIL;AXUM;;;False;134307;0;1;;;;;;1;;1383,20
6034;Calle 131 N 5261;Berazategui;2026-10-08;08-10-2026;07-10-2026;FAC-A-134313;Venta;LAGOPUELO S.A;36003;16,00;27824,00;33667,04;Staniscia Claudio Roque;;20,00 %;052;Nicole Sosa;;AYDN LAVDNA OR 25g/l 8/2l;1739,00;3474;;3;AUTOSERVICIO;1739,00;JUAN ESCOTO;;$;2;GRUPO AYUDIN ARGENTINA S.A;;;CON;;;;;;;LAVANDINA;;;;;300;Bruno Centurion;AXUM;;;False;134313;0;1;;;;;;1;;1739,00
6034;Calle 131 N 5261;Berazategui;2026-10-08;08-10-2026;07-10-2026;FAC-A-134313;Venta;LAGOPUELO S.A;60222;15,00;17403,75;21058,54;Staniscia Claudio Roque;;15,00 %;052;Nicole Sosa;;Aydn Lavda TriPod 15/1l GP2;1160,25;3474;;3;AUTOSERVICIO;1050,00;JUAN ESCOTO;;$;2;GRUPO AYUDIN ARGENTINA S.A;;;CON;;;;;;;LAVANDINA;;;;;300;Bruno Centurion;AXUM;;;False;134313;0;1;;;;;;1;;1160,25
6034;Calle 131 N 5261;Berazategui;2026-10-08;08-10-2026;07-10-2026;FAC-A-134313;Venta;LAGOPUELO S.A;60223;8,00;18493,28;22376,87;Staniscia Claudio Roque;;15,00 %;052;Nicole Sosa;;Aydn Lavda TriPod 8/2l GP2;2311,66;3474;;3;AUTOSERVICIO;2092,00;JUAN ESCOTO;;$;2;GRUPO AYUDIN ARGENTINA S.A;;;CON;;;;;;;LAVANDINA;;;;;300;Bruno Centurion;AXUM;;;False;134313;0;1;;;;;;1;;2311,66
6034;Calle 131 N 5261;Berazategui;2026-10-08;08-10-2026;07-10-2026;FAC-A-134313;Venta;LAGOPUELO S.A;32288;16,00;29432,00;35612,72;Staniscia Claudio Roque;;0,00 %;052;Nicole Sosa;;Tren Oxi DoyPk 16/400ml;1839,50;3474;;3;AUTOSERVICIO;1415,00;JUAN ESCOTO;;$;2;GRUPO AYUDIN ARGENTINA S.A;;;CON;;;;;;;LAVADO DE ROPA;;;;;300;Bruno Centurion;AXUM;;;False;134313;0;1;;;;;;1;;1839,50
23691;9 DE JULIO - (TRADICIONAL) 3571;ESTEBAN ECHEVERR√¬çA;;08-10-2026;07-10-2026;VEN-134325;Venta;LAGOPUELO S.A;60885;6,00;14924,13;18058,20;LOPEZ ROJAS SALUSTIANO;;15,00 %;064;Karina Fernandez;;Poett Aer FlrLavda ExtFrag 6/360ml;2487,36;;;3;Autoservicio B;2251,00;;;$;2;GRUPO AYUDIN ARGENTINA S.A;;;CON;;;;;;;AERO POETT;;;;;300;Bruno Centurion;AXUM;;;False;134325;1;1;;;;;;1;;2487,36
23691;9 DE JULIO - (TRADICIONAL) 3571;ESTEBAN ECHEVERR√¬çA;;08-10-2026;07-10-2026;VEN-134325;Venta;LAGOPUELO S.A;60886;6,00;14924,13;18058,20;LOPEZ ROJAS SALUSTIANO;;15,00 %;064;Karina Fernandez;;Poett Aer FlrPrm ExtFrag 6/360ml;2487,36;;;3;Autoservicio B;2251,00;;;$;2;GRUPO AYUDIN ARGENTINA S.A;;;CON;;;;;;;AERO POETT;;;;;300;Bruno Centurion;AXUM;;;False;134325;1;1;;;;;;1;;2487,36
23691;9 DE JULIO - (TRADICIONAL) 3571;ESTEBAN ECHEVERR√¬çA;;08-10-2026;07-10-2026;VEN-134325;Venta;LAGOPUELO S.A;60888;6,00;14924,13;18058,20;LOPEZ ROJAS SALUSTIANO;;15,00 %;064;Karina Fernandez;;Poett Aer SvdAlg ExtFrag 6/360ml;2487,36;;;3;Autoservicio B;2251,00;;;$;2;GRUPO AYUDIN ARGENTINA S.A;;;CON;;;;;;;AERO POETT;;;;;300;Bruno Centurion;AXUM;;;False;134325;1;1;;;;;;1;;2487,36
23691;9 DE JULIO - (TRADICIONAL) 3571;ESTEBAN ECHEVERR√¬çA;;08-10-2026;07-10-2026;VEN-134325;Venta;LAGOPUELO S.A;61046;15,00;22306,05;26990,32;LOPEZ ROJAS SALUSTIANO;;18,00 %;064;Karina Fernandez;;Aydn RopQuitMnch BlncInt 15/1l;1487,07;;;3;Autoservicio B;1395,00;;;$;2;GRUPO AYUDIN ARGENTINA S.A;;;CON;;;;;;;LAVADO DE ROPA;;;;;300;Bruno Centurion;AXUM;;;False;134325;1;1;;;;;;1;;1487,07
2387;Calle 133 ESQ. 4;Berazategui;;08-10-2026;07-10-2026;VEN-134327;Venta;ELEBES;33575;3,00;5693,73;6889,41;GAMBOA BETIANA;;0,00 %;4;Selene Pawlikowski;;Aydn Ropa ClrViv DoyPk 16/400ml;1897,91;;;2;ALMACEN;1427,00;;;$;2;GRUPO AYUDIN ARGENTINA S.A;;;CON;;;;;;;LAVADO DE ROPA;;;;;25;JOHANA VIGIL;AXUM;;;False;134327;1;1;;;;;;1;;1897,91
6315;AV. HUDSON 2157;Varela;2026-10-08;08-10-2026;07-10-2026;FAC-A-134332;Venta;LAGOPUELO S.A;27536;3,00;19894,14;24071,91;HE MINJUN;;0,00 %;051;Ezequiel Valente;;Aydn RopaBlnc UltrQuitMnch 12/450g;6631,38;3474;;3;AUTOSERVICIO;4986,00;JUAN ESCOTO;;$;2;GRUPO AYUDIN ARGENTINA S.A;;;CON;;;;;;;LAVADO DE ROPA;;;;;300;Bruno Centurion;AXUM;;;False;134332;0;1;;;;;;1;;6631,38
27477;Las Lilas - (AUTOSERVICIOS) 496;EZEIZA;;08-10-2026;07-10-2026;VEN-134336;Venta;LAGOPUELO S.A;61621;6,00;16368,69;19806,11;Liu Yangwang;;5,00 %;075;Julieta Yegros;;Aydn Coc† Pod Act Or† Gat 12/500ml;2728,12;;;3;Autoservicio A;2209,00;;;$;2;GRUPO AYUDIN ARGENTINA S.A;;;CON;;;;;;;COCINA;;;;;300;Bruno Centurion;AXUM;;;False;134336;1;1;;;;;;1;;2728,12
27477;Las Lilas - (AUTOSERVICIOS) 496;EZEIZA;;08-10-2026;07-10-2026;VEN-134336;Venta;LAGOPUELO S.A;50087;6,00;20902,86;25292,46;Liu Yangwang;;15,00 %;075;Julieta Yegros;;Poett Frgnz Huellitas 12/250ml AR;3483,81;;;3;Autoservicio A;3036,00;;;$;2;GRUPO AYUDIN ARGENTINA S.A;;;CON;;;;;;;AERO POETT;;;;;300;Bruno Centurion;AXUM;;;False;134336;1;1;;;;;;1;;3483,81
27477;Las Lilas - (AUTOSERVICIOS) 496;EZEIZA;;08-10-2026;07-10-2026;VEN-134336;Venta;LAGOPUELO S.A;19874;6,00;20902,86;25292,46;Liu Yangwang;;15,00 %;075;Julieta Yegros;;Poett Frgnz SvdBeb 12/250ml AR;3483,81;;;3;Autoservicio A;3036,00;;;$;2;GRUPO AYUDIN ARGENTINA S.A;;;CON;;;;;;;AERO POETT;;;;;300;Bruno Centurion;AXUM;;;False;134336;1;1;;;;;;1;;3483,81
27477;Las Lilas - (AUTOSERVICIOS) 496;EZEIZA;;08-10-2026;07-10-2026;VEN-134336;Venta;LAGOPUELO S.A;19861;4,00;13935,24;16861,64;Liu Yangwang;;15,00 %;075;Julieta Yegros;;Poett Frgnz Suad Alg 12/250ml AR;3483,81;;;3;Autoservicio A;3036,00;;;$;2;GRUPO AYUDIN ARGENTINA S.A;;;CON;;;;;;;AERO POETT;;;;;300;Bruno Centurion;AXUM;;;False;134336;1;1;;;;;;1;;3483,81
5742;Profesor Mari√±o E/San Mateo y San Isidro - (Kiosko) 1396;TEMPERLEY;;08-10-2026;07-10-2026;VEN-134339;Venta;ELEBES;33578;1,00;3134,81;3793,12;LIDIA ESTHER STURTZ;;0,00 %;074;Romina Baez;;Aydn Ropa BlncSprms DoyPk 12/650ml;3134,81;;;5;KIOSCO;2357,00;;;$;2;GRUPO AYUDIN ARGENTINA S.A;;;CON;;;;;;;LAVADO DE ROPA;;;;;300;Bruno Centurion;AXUM;;;False;134339;1;1;;;;;;1;;3134,81
22958;El Picaflor - (AUTOSERVICIOS) 3150;ALTE BROWN;2026-10-08;08-10-2026;07-10-2026;FAC-A-134346;Venta;LAGOPUELO S.A;33575;16,00;30366,56;36743,54;WENG YAN HONG;;0,00 %;056;Ezequiel Ferreira;;Aydn Ropa ClrViv DoyPk 16/400ml;1897,91;3477;;3;Autoservicio A;1427,00;NAHUEL MONTOYA;;$;2;GRUPO AYUDIN ARGENTINA S.A;;;CON;;;;;;;LAVADO DE ROPA;;;;;300;Bruno Centurion;AXUM;;;False;134346;0;1;;;;;;1;;1897,91
22958;El Picaflor - (AUTOSERVICIOS) 3150;ALTE BROWN;2026-10-08;08-10-2026;07-10-2026;FAC-A-134346;Venta;LAGOPUELO S.A;60408;6,00;22886,64;27692,83;WENG YAN HONG;;0,00 %;056;Ezequiel Ferreira;;Ayudin Ropa Blancos Supremos 15/700ml;3814,44;3477;;3;Autoservicio A;2868,00;NAHUEL MONTOYA;;$;2;GRUPO AYUDIN ARGENTINA S.A;;;CON;;;;;;;LAVADO DE ROPA;;;;;300;Bruno Centurion;AXUM;;;False;134346;0;1;;;;;;1;;3814,44
22958;El Picaflor - (AUTOSERVICIOS) 3150;ALTE BROWN;2026-10-08;08-10-2026;07-10-2026;FAC-A-134346;Venta;LAGOPUELO S.A;60402;5,00;19072,20;23077,36;WENG YAN HONG;;0,00 %;056;Ezequiel Ferreira;;Ayudin Ropa Colores Vivos 15/700ml;3814,44;3477;;3;Autoservicio A;2868,00;NAHUEL MONTOYA;;$;2;GRUPO AYUDIN ARGENTINA S.A;;;CON;;;;;;;LAVADO DE ROPA;;;;;300;Bruno Centurion;AXUM;;;False;134346;0;1;;;;;;1;;3814,44
3658;OLAVARRIA 283;Quilmes;2026-10-08;08-10-2026;07-10-2026;FAC-A-134349;Venta;LAGOPUELO S.A;17927;45,00;36772,31;44494,50;CHEN CHANG;;23,00 %;2;Fernanda Cejas;;AYDN LAVDNA OR 15/1L;817,16;3476;;3;AUTOSERVICIO;849,00;LEONARDO SANTA CRUZ;;$;2;GRUPO AYUDIN ARGENTINA S.A;;;CON;;;;;;;LAVANDINA;;;;;25;JOHANA VIGIL;AXUM;;;False;134349;0;1;;;;;;1;;817,16
3658;OLAVARRIA 283;Quilmes;2026-10-08;08-10-2026;07-10-2026;FAC-A-134349;Venta;LAGOPUELO S.A;36003;16,00;26780,60;32404,53;CHEN CHANG;;23,00 %;2;Fernanda Cejas;;AYDN LAVDNA OR 25g/l 8/2l;1673,79;3476;;3;AUTOSERVICIO;1739,00;LEONARDO SANTA CRUZ;;$;2;GRUPO AYUDIN ARGENTINA S.A;;;CON;;;;;;;LAVANDINA;;;;;25;JOHANA VIGIL;AXUM;;;False;134349;0;1;;;;;;1;;1673,79
29384;SALTA E/PIEDRA BUENA Y ROSALES - (AUTOSERVICIOS) 2092;SAN JOSE;2026-10-08;08-10-2026;07-10-2026;FAC-A-134353;Venta;LAGOPUELO S.A;60227;8,00;18493,28;22376,87;DACHU ZHENG;;15,00 %;062;Nahuel Martinez;;Aydn PurGlac TriPod 8/2l GP2;2311,66;3479;;3;Autoservicio A;2092,00;MARIANO SOSA;;$;2;GRUPO AYUDIN ARGENTINA S.A;;;CON;;;;;;;LAVANDINA;;;;;300;Bruno Centurion;AXUM;;;False;134353;0;1;;;;;;1;;2311,66
29384;SALTA E/PIEDRA BUENA Y ROSALES - (AUTOSERVICIOS) 2092;SAN JOSE;2026-10-08;08-10-2026;07-10-2026;FAC-A-134353;Venta;LAGOPUELO S.A;60233;5,00;14543,55;17597,70;DACHU ZHENG;;0,00 %;062;Nahuel Martinez;;Aydn Lavdna Gel Or 15/700ml GP2;2908,71;3479;;3;Autoservicio A;2187,00;MARIANO SOSA;;$;2;GRUPO AYUDIN ARGENTINA S.A;;;CON;;;;;;;LAVANDINA;;;;;300;Bruno Centurion;AXUM;;;False;134353;0;1;;;;;;1;;2908,71
29384;SALTA E/PIEDRA BUENA Y ROSALES - (AUTOSERVICIOS) 2092;SAN JOSE;2026-10-08;08-10-2026;07-10-2026;FAC-A-134353;Venta;LAGOPUELO S.A;60237;5,00;14543,55;17597,70;DACHU ZHENG;;0,00 %;062;Nahuel Martinez;;Aydn Lavdna Gel Flr 15/700ml GP2;2908,71;3479;;3;Autoservicio A;2187,00;MARIANO SOSA;;$;2;GRUPO AYUDIN ARGENTINA S.A;;;CON;;;;;;;LAVANDINA;;;;;300;Bruno Centurion;AXUM;;;False;134353;0;1;;;;;;1;;2908,71
29384;SALTA E/PIEDRA BUENA Y ROSALES - (AUTOSERVICIOS) 2092;SAN JOSE;2026-10-08;08-10-2026;07-10-2026;FAC-A-134353;Venta;LAGOPUELO S.A;60240;5,00;14543,55;17597,70;DACHU ZHENG;;0,00 %;062;Nahuel Martinez;;Aydn Lavdna Gel Lavda EXPRT 15/700ml GP2;2908,71;3479;;3;Autoservicio A;2187,00;MARIANO SOSA;;$;2;GRUPO AYUDIN ARGENTINA S.A;;;CON;;;;;;;LAVANDINA;;;;;300;Bruno Centurion;AXUM;;;False;134353;0;1;;;;;;1;;2908,71
22924;DONATO ALVAREZ 4319;SAN FRANCISCO SOLANO;2026-10-08;08-10-2026;07-10-2026;FAC-B-134360;Venta;LAGOPUELO S.A;17927;75,00;61287,19;74157,50;MAXIMILIANO OJEDA;;23,00 %;056;Ezequiel Ferreira;;AYDN LAVDNA OR 15/1L;817,16;3477;;georgalos-803;Perfumeria;849,00;NAHUEL MONTOYA;;$;2;GRUPO AYUDIN ARGENTINA S.A;;;CON;;;;;;;LAVANDINA;;;;;300;Bruno Centurion;AXUM;;;False;134360;0;1;;;;;;1;;817,16
3033;CARLOS PELLEGRINI 2654;QUILMES;2026-10-08;08-10-2026;07-10-2026;FAC-A-134366;Venta;LAGOPUELO S.A;60222;15,00;17403,75;21058,54;HUANG XIWEI;;15,00 %;054;Leonel Caruso;;Aydn Lavda TriPod 15/1l GP2;1160,25;3476;;3;AUTOSERVICIO;1050,00;LEONARDO SANTA CRUZ;;$;2;GRUPO AYUDIN ARGENTINA S.A;;;CON;;;;;;;LAVANDINA;;;;;300;Bruno Centurion;AXUM;;;False;134366;0;1;;;;;;1;;1160,25
3033;CARLOS PELLEGRINI 2654;QUILMES;2026-10-08;08-10-2026;07-10-2026;FAC-A-134366;Venta;LAGOPUELO S.A;17927;75,00;61287,19;74157,50;HUANG XIWEI;;23,00 %;054;Leonel Caruso;;AYDN LAVDNA OR 15/1L;817,16;3476;;3;AUTOSERVICIO;849,00;LEONARDO SANTA CRUZ;;$;2;GRUPO AYUDIN ARGENTINA S.A;;;CON;;;;;;;LAVANDINA;;;;;300;Bruno Centurion;AXUM;;;False;134366;0;1;;;;;;1;;817,16
27479;Los Raulies - (AUTOSERVICIOS) 235;EZEIZA;;08-10-2026;07-10-2026;VEN-134377;Venta;LAGOPUELO S.A;17927;75,00;61287,19;74157,50;Yan Ling Kai;;23,00 %;075;Julieta Yegros;;AYDN LAVDNA OR 15/1L;817,16;;;3;Autoservicio A;849,00;;;$;2;GRUPO AYUDIN ARGENTINA S.A;;;CON;;;;;;;LAVANDINA;;;;;300;Bruno Centurion;AXUM;;;False;134377;1;1;;;;;;1;;817,16
27479;Los Raulies - (AUTOSERVICIOS) 235;EZEIZA;;08-10-2026;07-10-2026;VEN-134377;Venta;LAGOPUELO S.A;50087;10,00;34838,10;42154,10;Yan Ling Kai;;15,00 %;075;Julieta Yegros;;Poett Frgnz Huellitas 12/250ml AR;3483,81;;;3;Autoservicio A;3036,00;;;$;2;GRUPO AYUDIN ARGENTINA S.A;;;CON;;;;;;;AERO POETT;;;;;300;Bruno Centurion;AXUM;;;False;134377;1;1;;;;;;1;;3483,81
27479;Los Raulies - (AUTOSERVICIOS) 235;EZEIZA;;08-10-2026;07-10-2026;VEN-134377;Venta;LAGOPUELO S.A;19859;12,00;41805,72;50584,92;Yan Ling Kai;;15,00 %;075;Julieta Yegros;;Poett Frgnz SedPrm 12/250ml AR;3483,81;;;3;Autoservicio A;3036,00;;;$;2;GRUPO AYUDIN ARGENTINA S.A;;;CON;;;;;;;AERO POETT;;;;;300;Bruno Centurion;AXUM;;;False;134377;1;1;;;;;;1;;3483,81
27479;Los Raulies - (AUTOSERVICIOS) 235;EZEIZA;;08-10-2026;07-10-2026;VEN-134377;Venta;LAGOPUELO S.A;19874;12,00;41805,72;50584,92;Yan Ling Kai;;15,00 %;075;Julieta Yegros;;Poett Frgnz SvdBeb 12/250ml AR;3483,81;;;3;Autoservicio A;3036,00;;;$;2;GRUPO AYUDIN ARGENTINA S.A;;;CON;;;;;;;AERO POETT;;;;;300;Bruno Centurion;AXUM;;;False;134377;1;1;;;;;;1;;3483,81
27479;Los Raulies - (AUTOSERVICIOS) 235;EZEIZA;;08-10-2026;07-10-2026;VEN-134377;Venta;LAGOPUELO S.A;61816;18,00;39481,04;47772,06;Yan Ling Kai;;38,40 %;075;Julieta Yegros;;Sltn MataMosq Aer AccInst 6/360ml BA;2193,39;;;3;Autoservicio A;2739,00;;;$;2;GRUPO AYUDIN ARGENTINA S.A;;;CON;;;;;;;SELTON;;;;;300;Bruno Centurion;AXUM;;;False;134377;1;1;;;;;;1;;2193,39
27479;Los Raulies - (AUTOSERVICIOS) 235;EZEIZA;;08-10-2026;07-10-2026;VEN-134377;Venta;LAGOPUELO S.A;61814;18,00;53886,60;65202,79;Yan Ling Kai;;32,00 %;075;Julieta Yegros;;Sltn MataMosq Aer s/OlrQmc 6/360ml BA;2993,70;;;3;Autoservicio A;3522,00;;;$;2;GRUPO AYUDIN ARGENTINA S.A;;;CON;;;;;;;SELTON;;;;;300;Bruno Centurion;AXUM;;;False;134377;1;1;;;;;;1;;2993,70
27479;Los Raulies - (AUTOSERVICIOS) 235;EZEIZA;;08-10-2026;07-10-2026;VEN-134377;Venta;LAGOPUELO S.A;61731;6,00;16116,33;19500,75;Yan Ling Kai;;32,00 %;075;Julieta Yegros;;Sltn MataCuca Aer AccProl 6/360ml BA;2686,05;;;3;Autoservicio A;3086,00;;;$;2;GRUPO AYUDIN ARGENTINA S.A;;;CON;;;;;;;SELTON;;;;;300;Bruno Centurion;AXUM;;;False;134377;1;1;;;;;;1;;2686,05
27479;Los Raulies - (AUTOSERVICIOS) 235;EZEIZA;;08-10-2026;07-10-2026;VEN-134377;Venta;LAGOPUELO S.A;61730;18,00;74759,50;90459,00;Yan Ling Kai;;7,00 %;075;Julieta Yegros;;Sltn MataMosq Aer AccEfct 6/360ml BA;4153,31;;;3;Autoservicio A;3489,00;;;$;2;GRUPO AYUDIN ARGENTINA S.A;;;CON;;;;;;;SELTON;;;;;300;Bruno Centurion;AXUM;;;False;134377;1;1;;;;;;1;;4153,31
27479;Los Raulies - (AUTOSERVICIOS) 235;EZEIZA;;08-10-2026;07-10-2026;VEN-134377;Venta;LAGOPUELO S.A;11112;1,00;0,11;0,13;Yan Ling Kai;;0,00 %;075;Julieta Yegros;;EXHIBID. METALICO MULTIMARCA;0,11;;;3;Autoservicio A;0,10;;;$;2;GRUPO AYUDIN ARGENTINA S.A;;;CON;;;;;;;EXHIBIDORES;;;;;300;Bruno Centurion;AXUM;;;False;134377;1;1;;;;;;1;;0,11
16;FELIPE AMOEDO (esquina 392) 4302;Quilmes;2026-10-08;08-10-2026;07-10-2026;FAC-A-134383;Venta;LAGOPUELO S.A;34342;6,00;7580,68;9172,62;CastaÒo Antonela;;23,00 %;053;Verona Abati;;Poett Dsnf AlgrDia 12/900ml;1263,45;3476;;2;ALMACEN;1292,00;LEONARDO SANTA CRUZ;;$;2;GRUPO AYUDIN ARGENTINA S.A;;;EFV;;;;;;;PISO;;;;;300;Bruno Centurion;AXUM;;;False;134383;0;1;;;;;;1;;1263,45
16;FELIPE AMOEDO (esquina 392) 4302;Quilmes;2026-10-08;08-10-2026;07-10-2026;FAC-A-134383;Venta;LAGOPUELO S.A;34324;12,00;15161,36;18345,25;CastaÒo Antonela;;23,00 %;053;Verona Abati;;Poett Desinf. Flores de Primavera 900ml;1263,45;3476;;2;ALMACEN;1292,00;LEONARDO SANTA CRUZ;;$;2;GRUPO AYUDIN ARGENTINA S.A;;;EFV;;;;;;;PISO;;;;;300;Bruno Centurion;AXUM;;;False;134383;0;1;;;;;;1;;1263,45
16;FELIPE AMOEDO (esquina 392) 4302;Quilmes;2026-10-08;08-10-2026;07-10-2026;FAC-A-134383;Venta;LAGOPUELO S.A;34320;12,00;15161,36;18345,25;CastaÒo Antonela;;23,00 %;053;Verona Abati;;Poett Desinf. Frescura de Lavanda 900ml;1263,45;3476;;2;ALMACEN;1292,00;LEONARDO SANTA CRUZ;;$;2;GRUPO AYUDIN ARGENTINA S.A;;;EFV;;;;;;;PISO;;;;;300;Bruno Centurion;AXUM;;;False;134383;0;1;;;;;;1;;1263,45
16;FELIPE AMOEDO (esquina 392) 4302;Quilmes;2026-10-08;08-10-2026;07-10-2026;FAC-A-134383;Venta;LAGOPUELO S.A;34334;12,00;15161,36;18345,25;CastaÒo Antonela;;23,00 %;053;Verona Abati;;Poett Dsnf SuadBebe 12/900ml;1263,45;3476;;2;ALMACEN;1292,00;LEONARDO SANTA CRUZ;;$;2;GRUPO AYUDIN ARGENTINA S.A;;;EFV;;;;;;;PISO;;;;;300;Bruno Centurion;AXUM;;;False;134383;0;1;;;;;;1;;1263,45
16;FELIPE AMOEDO (esquina 392) 4302;Quilmes;2026-10-08;08-10-2026;07-10-2026;FAC-A-134383;Venta;LAGOPUELO S.A;34338;6,00;7580,68;9172,62;CastaÒo Antonela;;23,00 %;053;Verona Abati;;Poett Dsnf MscPrmvra 12/900ml;1263,45;3476;;2;ALMACEN;1292,00;LEONARDO SANTA CRUZ;;$;2;GRUPO AYUDIN ARGENTINA S.A;;;EFV;;;;;;;PISO;;;;;300;Bruno Centurion;AXUM;;;False;134383;0;1;;;;;;1;;1263,45
16;FELIPE AMOEDO (esquina 392) 4302;Quilmes;2026-10-08;08-10-2026;07-10-2026;FAC-A-134383;Venta;LAGOPUELO S.A;36001;12,00;15161,36;18345,25;CastaÒo Antonela;;23,00 %;053;Verona Abati;;POETT FRSC TROP 12/900;1263,45;3476;;2;ALMACEN;1292,00;LEONARDO SANTA CRUZ;;$;2;GRUPO AYUDIN ARGENTINA S.A;;;EFV;;;;;;;PISO;;;;;300;Bruno Centurion;AXUM;;;False;134383;0;1;;;;;;1;;1263,45
108554;Albarracin 2217 0;MONTE CHINGOLO;2026-10-08;08-10-2026;07-10-2026;FAC-B-134395;Venta;LAGOPUELO S.A;17927;5,00;5306,25;6420,56;Kiosco Amores;;0,00 %;29;Camila Navarrete;;AYDN LAVDNA OR 15/1L;1061,25;3473;;5;KIOSCO;849,00;SIMON OLIVERA;;$;2;GRUPO AYUDIN ARGENTINA S.A;;;EFV;;;;;;;LAVANDINA;;;;;25;JOHANA VIGIL;AXUM;;;False;134395;0;1;;;;;;1;;1061,25
5815;Tunuy√° e/Arana Goiri y Euskadi - (Ingeniero Budge) - (TRADITIONAL TRADE) 259;LOMAS DE ZAMORA;;08-10-2026;07-10-2026;VEN-134403;Venta;LAGOPUELO S.A;17927;15,00;15918,75;19261,69;Gonzalo Frener;;0,00 %;073;Florencia Cubilla;;AYDN LAVDNA OR 15/1L;1061,25;;;2;ALMACEN;849,00;;;$;2;GRUPO AYUDIN ARGENTINA S.A;;;CON;;;;;;;LAVANDINA;;;;;300;Bruno Centurion;AXUM;;;False;134403;1;1;;;;;;1;;1061,25
5815;Tunuy√° e/Arana Goiri y Euskadi - (Ingeniero Budge) - (TRADITIONAL TRADE) 259;LOMAS DE ZAMORA;;08-10-2026;07-10-2026;VEN-134403;Venta;LAGOPUELO S.A;34324;6,00;7876,03;9530,00;Gonzalo Frener;;20,00 %;073;Florencia Cubilla;;Poett Desinf. Flores de Primavera 900ml;1312,67;;;2;ALMACEN;1292,00;;;$;2;GRUPO AYUDIN ARGENTINA S.A;;;CON;;;;;;;PISO;;;;;300;Bruno Centurion;AXUM;;;False;134403;1;1;;;;;;1;;1312,67
5815;Tunuy√° e/Arana Goiri y Euskadi - (Ingeniero Budge) - (TRADITIONAL TRADE) 259;LOMAS DE ZAMORA;;08-10-2026;07-10-2026;VEN-134403;Venta;LAGOPUELO S.A;34320;6,00;7876,03;9530,00;Gonzalo Frener;;20,00 %;073;Florencia Cubilla;;Poett Desinf. Frescura de Lavanda 900ml;1312,67;;;2;ALMACEN;1292,00;;;$;2;GRUPO AYUDIN ARGENTINA S.A;;;CON;;;;;;;PISO;;;;;300;Bruno Centurion;AXUM;;;False;134403;1;1;;;;;;1;;1312,67
5815;Tunuy√° e/Arana Goiri y Euskadi - (Ingeniero Budge) - (TRADITIONAL TRADE) 259;LOMAS DE ZAMORA;;08-10-2026;07-10-2026;VEN-134403;Venta;LAGOPUELO S.A;34334;6,00;7876,03;9530,00;Gonzalo Frener;;20,00 %;073;Florencia Cubilla;;Poett Dsnf SuadBebe 12/900ml;1312,67;;;2;ALMACEN;1292,00;;;$;2;GRUPO AYUDIN ARGENTINA S.A;;;CON;;;;;;;PISO;;;;;300;Bruno Centurion;AXUM;;;False;134403;1;1;;;;;;1;;1312,67
5815;Tunuy√° e/Arana Goiri y Euskadi - (Ingeniero Budge) - (TRADITIONAL TRADE) 259;LOMAS DE ZAMORA;;08-10-2026;07-10-2026;VEN-134403;Venta;LAGOPUELO S.A;36001;6,00;7876,03;9530,00;Gonzalo Frener;;20,00 %;073;Florencia Cubilla;;POETT FRSC TROP 12/900;1312,67;;;2;ALMACEN;1292,00;;;$;2;GRUPO AYUDIN ARGENTINA S.A;;;CON;;;;;;;PISO;;;;;300;Bruno Centurion;AXUM;;;False;134403;1;1;;;;;;1;;1312,67
5586;REPUBLICA DE LA INDIA - (PERFUMERIA) 540;CLAYPOLE;2026-10-08;08-10-2026;07-10-2026;FAC-A-134408;Venta;LAGOPUELO S.A;60233;6,00;17452,26;21117,23;KARINA MABEL MARINI;;0,00 %;056;Ezequiel Ferreira;;Aydn Lavdna Gel Or 15/700ml GP2;2908,71;3477;;OTR;SIN SUB;2187,00;NAHUEL MONTOYA;;$;2;GRUPO AYUDIN ARGENTINA S.A;;;CON;;;;;;;LAVANDINA;;;;;300;Bruno Centurion;AXUM;;;False;134408;0;1;;;;;;1;;2908,71
25029;AV NOVAK ENT CABELLO - (TRADICIONAL) 1496;FLORENCIO VARELA;2026-10-08;08-10-2026;07-10-2026;FAC-A-134411;Venta;LAGOPUELO S.A;24648;6,00;8299,20;10042,03;CABALLERO AZUCENA ARREGUI;;0,00 %;7;Myrian Lertora;;Poett PastDesod Lavda 12/25g GP2;1383,20;3472;;2;ALMACEN;1064,00;IVAN MONTOYA;;$;2;GRUPO AYUDIN ARGENTINA S.A;;;CON;;;;;;;BAÒO;;;;;25;JOHANA VIGIL;AXUM;;;False;134411;0;1;;;;;;1;;1383,20
1505;CALLE 131 5025;Berazategui;2026-10-08;08-10-2026;07-10-2026;FAC-A-134432;Venta;LAGOPUELO S.A;34324;12,00;15161,36;18345,25;SERIAL VERONICA SANDRA;;23,00 %;052;Nicole Sosa;;Poett Desinf. Flores de Primavera 900ml;1263,45;3474;;3;AUTOSERVICIO;1292,00;JUAN ESCOTO;;$;2;GRUPO AYUDIN ARGENTINA S.A;;;CON;;;;;;;PISO;;;;;300;Bruno Centurion;AXUM;;;False;134432;0;1;;;;;;1;;1263,45
1505;CALLE 131 5025;Berazategui;2026-10-08;08-10-2026;07-10-2026;FAC-A-134432;Venta;LAGOPUELO S.A;34320;12,00;15161,36;18345,25;SERIAL VERONICA SANDRA;;23,00 %;052;Nicole Sosa;;Poett Desinf. Frescura de Lavanda 900ml;1263,45;3474;;3;AUTOSERVICIO;1292,00;JUAN ESCOTO;;$;2;GRUPO AYUDIN ARGENTINA S.A;;;CON;;;;;;;PISO;;;;;300;Bruno Centurion;AXUM;;;False;134432;0;1;;;;;;1;;1263,45
1505;CALLE 131 5025;Berazategui;2026-10-08;08-10-2026;07-10-2026;FAC-A-134432;Venta;LAGOPUELO S.A;34342;12,00;15161,36;18345,25;SERIAL VERONICA SANDRA;;23,00 %;052;Nicole Sosa;;Poett Dsnf AlgrDia 12/900ml;1263,45;3474;;3;AUTOSERVICIO;1292,00;JUAN ESCOTO;;$;2;GRUPO AYUDIN ARGENTINA S.A;;;CON;;;;;;;PISO;;;;;300;Bruno Centurion;AXUM;;;False;134432;0;1;;;;;;1;;1263,45
1505;CALLE 131 5025;Berazategui;2026-10-08;08-10-2026;07-10-2026;FAC-A-134432;Venta;LAGOPUELO S.A;34338;12,00;15161,36;18345,25;SERIAL VERONICA SANDRA;;23,00 %;052;Nicole Sosa;;Poett Dsnf MscPrmvra 12/900ml;1263,45;3474;;3;AUTOSERVICIO;1292,00;JUAN ESCOTO;;$;2;GRUPO AYUDIN ARGENTINA S.A;;;CON;;;;;;;PISO;;;;;300;Bruno Centurion;AXUM;;;False;134432;0;1;;;;;;1;;1263,45
1505;CALLE 131 5025;Berazategui;2026-10-08;08-10-2026;07-10-2026;FAC-A-134432;Venta;LAGOPUELO S.A;36001;12,00;15161,36;18345,25;SERIAL VERONICA SANDRA;;23,00 %;052;Nicole Sosa;;POETT FRSC TROP 12/900;1263,45;3474;;3;AUTOSERVICIO;1292,00;JUAN ESCOTO;;$;2;GRUPO AYUDIN ARGENTINA S.A;;;CON;;;;;;;PISO;;;;;300;Bruno Centurion;AXUM;;;False;134432;0;1;;;;;;1;;1263,45
3199;AV JUAN DOMINGO PERON 4906;SAN FRANCISCO SOLANO (QUILMES);2026-10-08;08-10-2026;07-10-2026;FAC-A-134435;Venta;LAGOPUELO S.A;60233;15,00;37086,05;44874,12;HUANG QICHANG;;15,00 %;056;Ezequiel Ferreira;;Aydn Lavdna Gel Or 15/700ml GP2;2472,40;3477;;3;AUTOSERVICIO;2187,00;NAHUEL MONTOYA;;$;2;GRUPO AYUDIN ARGENTINA S.A;;;CON;;;;;;;LAVANDINA;;;;;300;Bruno Centurion;AXUM;;;False;134435;0;1;;;;;;1;;2472,40
3199;AV JUAN DOMINGO PERON 4906;SAN FRANCISCO SOLANO (QUILMES);2026-10-08;08-10-2026;07-10-2026;FAC-A-134435;Venta;LAGOPUELO S.A;34320;12,00;19690,08;23825,00;HUANG QICHANG;;0,00 %;056;Ezequiel Ferreira;;Poett Desinf. Frescura de Lavanda 900ml;1640,84;3477;;3;AUTOSERVICIO;1292,00;NAHUEL MONTOYA;;$;2;GRUPO AYUDIN ARGENTINA S.A;;;CON;;;;;;;PISO;;;;;300;Bruno Centurion;AXUM;;;False;134435;0;1;;;;;;1;;1640,84
3199;AV JUAN DOMINGO PERON 4906;SAN FRANCISCO SOLANO (QUILMES);2026-10-08;08-10-2026;07-10-2026;FAC-A-134435;Venta;LAGOPUELO S.A;34324;12,00;19690,08;23825,00;HUANG QICHANG;;0,00 %;056;Ezequiel Ferreira;;Poett Desinf. Flores de Primavera 900ml;1640,84;3477;;3;AUTOSERVICIO;1292,00;NAHUEL MONTOYA;;$;2;GRUPO AYUDIN ARGENTINA S.A;;;CON;;;;;;;PISO;;;;;300;Bruno Centurion;AXUM;;;False;134435;0;1;;;;;;1;;1640,84
3199;AV JUAN DOMINGO PERON 4906;SAN FRANCISCO SOLANO (QUILMES);2026-10-08;08-10-2026;07-10-2026;FAC-A-134435;Venta;LAGOPUELO S.A;61816;6,00;17091,36;20680,55;HUANG QICHANG;;20,00 %;056;Ezequiel Ferreira;;Sltn MataMosq Aer AccInst 6/360ml BA;2848,56;3477;;3;AUTOSERVICIO;2739,00;NAHUEL MONTOYA;;$;2;GRUPO AYUDIN ARGENTINA S.A;;;CON;;;;;;;SELTON;;;;;300;Bruno Centurion;AXUM;;;False;134435;0;1;;;;;;1;;2848,56
27479;Los Raulies - (AUTOSERVICIOS) 235;EZEIZA;;08-10-2026;07-10-2026;VEN-134436;Venta;LAGOPUELO S.A;50001;24,00;46850,40;56688,98;Yan Ling Kai;;0,00 %;075;Julieta Yegros;;Trenet Power Pr QuitManchas 24/120gr;1952,10;;;3;Autoservicio A;1446,00;;;$;2;GRUPO AYUDIN ARGENTINA S.A;;;CON;;;;;;;LAVADO DE ROPA;;;;;300;Bruno Centurion;AXUM;;;False;134436;1;1;;;;;;1;;1952,10
27479;Los Raulies - (AUTOSERVICIOS) 235;EZEIZA;;08-10-2026;07-10-2026;VEN-134436;Venta;LAGOPUELO S.A;24648;12,00;16598,40;20084,06;Yan Ling Kai;;0,00 %;075;Julieta Yegros;;Poett PastDesod Lavda 12/25g GP2;1383,20;;;3;Autoservicio A;1064,00;;;$;2;GRUPO AYUDIN ARGENTINA S.A;;;CON;;;;;;;BAÒO;;;;;300;Bruno Centurion;AXUM;;;False;134436;1;1;;;;;;1;;1383,20
3850;JULIAN AG√≈ìERO - (AUTOSERVICIOS) 2485;RAFAEL CALZADA;2026-10-08;08-10-2026;07-10-2026;FAC-A-134441;Venta;LAGOPUELO S.A;61373;3,00;5627,70;6809,52;Chen xuefeng;;0,00 %;061;Nailah Guzman;;Aydn LimpDsnf Lavda 12/900ml;1875,90;3477;;3;Autoservicio A;1443,00;NAHUEL MONTOYA;;$;2;GRUPO AYUDIN ARGENTINA S.A;;;CON;;;;;;;PISO;;;;;300;Bruno Centurion;AXUM;;;False;134441;0;1;;;;;;1;;1875,90
3226;ARANA GOIRI e/Hidalgo y Tunuy√°n - (AUTOSERVICIOS) 360;LOMAS DE ZAMORA;;08-10-2026;07-10-2026;VEN-134444;Venta;LAGOPUELO S.A;60223;8,00;18493,28;22376,87;DINGCHANG YAN;;15,00 %;073;Florencia Cubilla;;Aydn Lavda TriPod 8/2l GP2;2311,66;;;3;Autoservicio B;2092,00;;;$;2;GRUPO AYUDIN ARGENTINA S.A;;;CON;;;;;;;LAVANDINA;;;;;300;Bruno Centurion;AXUM;;;False;134444;1;1;;;;;;1;;2311,66
3226;ARANA GOIRI e/Hidalgo y Tunuy√°n - (AUTOSERVICIOS) 360;LOMAS DE ZAMORA;;08-10-2026;07-10-2026;VEN-134444;Venta;LAGOPUELO S.A;60227;8,00;18493,28;22376,87;DINGCHANG YAN;;15,00 %;073;Florencia Cubilla;;Aydn PurGlac TriPod 8/2l GP2;2311,66;;;3;Autoservicio B;2092,00;;;$;2;GRUPO AYUDIN ARGENTINA S.A;;;CON;;;;;;;LAVANDINA;;;;;300;Bruno Centurion;AXUM;;;False;134444;1;1;;;;;;1;;2311,66
107320;Segurola 1429 0;LANUS;2026-10-08;08-10-2026;07-10-2026;FAC-A-134448;Venta;LAGOPUELO S.A;16186;2,00;12930,30;15645,66;Li Mingguang;;0,00 %;26;Sabrina Pereyra;;Plomero Liq 12/1L;6465,15;3471;;3;AUTOSERVICIO;4789,00;CLAUDIO GARCIA;;$;2;GRUPO AYUDIN ARGENTINA S.A;;;EFV;;;;;;;BAÒO;;;;;25;JOHANA VIGIL;AXUM;;;False;134448;0;1;;;;;;1;;6465,15
107320;Segurola 1429 0;LANUS;2026-10-08;08-10-2026;07-10-2026;FAC-A-134448;Venta;LAGOPUELO S.A;61577;16,00;22565,92;27304,76;Li Mingguang;;5,00 %;26;Sabrina Pereyra;;Aydn Coc† Pod Act Or† DoyPk 16/450ml;1410,37;3471;;3;AUTOSERVICIO;1142,00;CLAUDIO GARCIA;;$;2;GRUPO AYUDIN ARGENTINA S.A;;;EFV;;;;;;;COCINA;;;;;25;JOHANA VIGIL;AXUM;;;False;134448;0;1;;;;;;1;;1410,37
5302;AV. LUJAN 1038;FLORENCIO VARELA;2026-10-08;08-10-2026;07-10-2026;FAC-A-134449;Venta;LAGOPUELO S.A;61577;6,00;8907,60;10778,20;ZHANG HUAFANG;;0,00 %;051;Ezequiel Valente;;Aydn Coc† Pod Act Or† DoyPk 16/450ml;1484,60;3474;;3;AUTOSERVICIO;1142,00;JUAN ESCOTO;;$;2;GRUPO AYUDIN ARGENTINA S.A;;;CON;;;;;;;COCINA;;;;;300;Bruno Centurion;AXUM;;;False;134449;0;1;;;;;;1;;1484,60
27341;ALBARI√‚ÄòOS - (TRADICIONAL) 2726;LANUS;2026-10-08;08-10-2026;07-10-2026;FAC-A-134454;Venta;LAGOPUELO S.A;34320;6,00;9845,04;11912,50;NESTOR BOVETTI;;0,00 %;29;Camila Navarrete;;Poett Desinf. Frescura de Lavanda 900ml;1640,84;3473;;2;ALMACEN;1292,00;SIMON OLIVERA;;$;2;GRUPO AYUDIN ARGENTINA S.A;;;CON;;;;;;;PISO;;;;;25;JOHANA VIGIL;AXUM;;;False;134454;0;1;;;;;;1;;1640,84
27341;ALBARI√‚ÄòOS - (TRADICIONAL) 2726;LANUS;2026-10-08;08-10-2026;07-10-2026;FAC-A-134454;Venta;LAGOPUELO S.A;60234;3,00;8726,13;10558,62;NESTOR BOVETTI;;0,00 %;29;Camila Navarrete;;Aydn Lavdna Gel Ctra 15/700ml GP2;2908,71;3473;;2;ALMACEN;2187,00;SIMON OLIVERA;;$;2;GRUPO AYUDIN ARGENTINA S.A;;;CON;;;;;;;LAVANDINA;;;;;25;JOHANA VIGIL;AXUM;;;False;134454;0;1;;;;;;1;;2908,71
6297;12 DE OCTUBRE 1445;Varela;2026-10-08;08-10-2026;07-10-2026;FAC-A-134464;Venta;LAGOPUELO S.A;61621;2,00;5743,40;6949,51;CAI YUTING;;0,00 %;6;Nieves Alegre;;Aydn Coc† Pod Act Or† Gat 12/500ml;2871,70;3472;;3;AUTOSERVICIO;2209,00;IVAN MONTOYA;;$;2;GRUPO AYUDIN ARGENTINA S.A;;;CON;;;;;;;COCINA;;;;;25;JOHANA VIGIL;AXUM;;;False;134464;0;1;;;;;;1;;2871,70
6297;12 DE OCTUBRE 1445;Varela;2026-10-08;08-10-2026;07-10-2026;FAC-A-134464;Venta;LAGOPUELO S.A;61302;2,00;8522,80;10312,59;CAI YUTING;;0,00 %;6;Nieves Alegre;;Aydn Exp Dsnf.  Multisup Trigger 12/500ml;4261,40;3472;;3;AUTOSERVICIO;3278,00;IVAN MONTOYA;;$;2;GRUPO AYUDIN ARGENTINA S.A;;;CON;;;;;;;AERO AYUDIN;;;;;25;JOHANA VIGIL;AXUM;;;False;134464;0;1;;;;;;1;;4261,40
6297;12 DE OCTUBRE 1445;Varela;2026-10-08;08-10-2026;07-10-2026;FAC-A-134464;Venta;LAGOPUELO S.A;21313;6,00;13127,40;15884,15;CAI YUTING;;0,00 %;6;Nieves Alegre;;Tren Bol 72/120ml;2187,90;3472;;3;AUTOSERVICIO;1683,00;IVAN MONTOYA;;$;2;GRUPO AYUDIN ARGENTINA S.A;;;CON;;;;;;;LAVADO DE ROPA;;;;;25;JOHANA VIGIL;AXUM;;;False;134464;0;1;;;;;;1;;2187,90
6297;12 DE OCTUBRE 1445;Varela;2026-10-08;08-10-2026;07-10-2026;FAC-A-134464;Venta;LAGOPUELO S.A;19874;6,00;24591,60;29755,84;CAI YUTING;;0,00 %;6;Nieves Alegre;;Poett Frgnz SvdBeb 12/250ml AR;4098,60;3472;;3;AUTOSERVICIO;3036,00;IVAN MONTOYA;;$;2;GRUPO AYUDIN ARGENTINA S.A;;;CON;;;;;;;AERO POETT;;;;;25;JOHANA VIGIL;AXUM;;;False;134464;0;1;;;;;;1;;4098,60
6297;12 DE OCTUBRE 1445;Varela;2026-10-08;08-10-2026;07-10-2026;FAC-A-134464;Venta;LAGOPUELO S.A;50088;6,00;24591,60;29755,84;CAI YUTING;;0,00 %;6;Nieves Alegre;;Poett Frgnz Huellitas DoyPk12/250ml;4098,60;3472;;3;AUTOSERVICIO;3036,00;IVAN MONTOYA;;$;2;GRUPO AYUDIN ARGENTINA S.A;;;CON;;;;;;;AERO POETT;;;;;25;JOHANA VIGIL;AXUM;;;False;134464;0;1;;;;;;1;;4098,60
27933;ARRIBE√‚ÄòOS E/ CONSTITUYENTES Y LA HUELLA - (KIOSCOS/MAXI) 885;LLAVALLOL;;08-10-2026;07-10-2026;VEN-134482;Venta;ELEBES;34320;3,00;4922,52;5956,25;MARCELA CLAUDIA ST‹RTZ;;0,00 %;074;Romina Baez;;Poett Desinf. Frescura de Lavanda 900ml;1640,84;;;5;KIOSCO;1292,00;;;$;2;GRUPO AYUDIN ARGENTINA S.A;;;CON;;;;;;;PISO;;;;;300;Bruno Centurion;AXUM;;;False;134482;1;1;;;;;;1;;1640,84
27933;ARRIBE√‚ÄòOS E/ CONSTITUYENTES Y LA HUELLA - (KIOSCOS/MAXI) 885;LLAVALLOL;;08-10-2026;07-10-2026;VEN-134482;Venta;ELEBES;34324;3,00;4922,52;5956,25;MARCELA CLAUDIA ST‹RTZ;;0,00 %;074;Romina Baez;;Poett Desinf. Flores de Primavera 900ml;1640,84;;;5;KIOSCO;1292,00;;;$;2;GRUPO AYUDIN ARGENTINA S.A;;;CON;;;;;;;PISO;;;;;300;Bruno Centurion;AXUM;;;False;134482;1;1;;;;;;1;;1640,84
27933;ARRIBE√‚ÄòOS E/ CONSTITUYENTES Y LA HUELLA - (KIOSCOS/MAXI) 885;LLAVALLOL;;08-10-2026;07-10-2026;VEN-134482;Venta;ELEBES;34334;1,00;1640,84;1985,42;MARCELA CLAUDIA ST‹RTZ;;0,00 %;074;Romina Baez;;Poett Dsnf SuadBebe 12/900ml;1640,84;;;5;KIOSCO;1292,00;;;$;2;GRUPO AYUDIN ARGENTINA S.A;;;CON;;;;;;;PISO;;;;;300;Bruno Centurion;AXUM;;;False;134482;1;1;;;;;;1;;1640,84
27933;ARRIBE√‚ÄòOS E/ CONSTITUYENTES Y LA HUELLA - (KIOSCOS/MAXI) 885;LLAVALLOL;;08-10-2026;07-10-2026;VEN-134482;Venta;ELEBES;17927;15,00;12735,00;15409,35;MARCELA CLAUDIA ST‹RTZ;;20,00 %;074;Romina Baez;;AYDN LAVDNA OR 15/1L;849,00;;;5;KIOSCO;849,00;;;$;2;GRUPO AYUDIN ARGENTINA S.A;;;CON;;;;;;;LAVANDINA;;;;;300;Bruno Centurion;AXUM;;;False;134482;1;1;;;;;;1;;849,00
27933;ARRIBE√‚ÄòOS E/ CONSTITUYENTES Y LA HUELLA - (KIOSCOS/MAXI) 885;LLAVALLOL;;08-10-2026;07-10-2026;VEN-134482;Venta;ELEBES;34338;3,00;4922,52;5956,25;MARCELA CLAUDIA ST‹RTZ;;0,00 %;074;Romina Baez;;Poett Dsnf MscPrmvra 12/900ml;1640,84;;;5;KIOSCO;1292,00;;;$;2;GRUPO AYUDIN ARGENTINA S.A;;;CON;;;;;;;PISO;;;;;300;Bruno Centurion;AXUM;;;False;134482;1;1;;;;;;1;;1640,84
23142;Falucho - (AUTOSERVICIOS) 3035;RAFAEL CALZADA;2026-10-08;08-10-2026;07-10-2026;FAC-A-134489;Venta;LAGOPUELO S.A;17927;30,00;31837,50;38523,38;WENG XIUYU;;0,00 %;061;Nailah Guzman;;AYDN LAVDNA OR 15/1L;1061,25;3477;;3;Autoservicio A;849,00;NAHUEL MONTOYA;;$;2;GRUPO AYUDIN ARGENTINA S.A;;;CON;;;;;;;LAVANDINA;;;;;300;Bruno Centurion;AXUM;;;False;134489;0;1;;;;;;1;;1061,25
23142;Falucho - (AUTOSERVICIOS) 3035;RAFAEL CALZADA;2026-10-08;08-10-2026;07-10-2026;FAC-A-134489;Venta;LAGOPUELO S.A;36003;8,00;17390,00;21041,90;WENG XIUYU;;0,00 %;061;Nailah Guzman;;AYDN LAVDNA OR 25g/l 8/2l;2173,75;3477;;3;Autoservicio A;1739,00;NAHUEL MONTOYA;;$;2;GRUPO AYUDIN ARGENTINA S.A;;;CON;;;;;;;LAVANDINA;;;;;300;Bruno Centurion;AXUM;;;False;134489;0;1;;;;;;1;;2173,75
23142;Falucho - (AUTOSERVICIOS) 3035;RAFAEL CALZADA;2026-10-08;08-10-2026;07-10-2026;FAC-A-134489;Venta;LAGOPUELO S.A;61575;6,00;10475,40;12675,23;WENG XIUYU;;0,00 %;061;Nailah Guzman;;Aydn A.hongos Removedor Activo Doy Pack 16/450ml;1745,90;3477;;3;Autoservicio A;1343,00;NAHUEL MONTOYA;;$;2;GRUPO AYUDIN ARGENTINA S.A;;;CON;;;;;;;BAÒO;;;;;300;Bruno Centurion;AXUM;;;False;134489;0;1;;;;;;1;;1745,90
720;CALLE 7 2762;Berazategui;;08-10-2026;07-10-2026;VEN-134504;Venta;LAGOPUELO S.A;34324;12,00;19690,08;23825,00;JUNIOR JAVIER;;0,00 %;5;Eliana Huber;;Poett Desinf. Flores de Primavera 900ml;1640,84;;;3;AUTOSERVICIO;1292,00;;;$;2;GRUPO AYUDIN ARGENTINA S.A;;;CON;;;;;;;PISO;;;;;25;JOHANA VIGIL;AXUM;;;False;134504;1;1;;;;;;1;;1640,84
720;CALLE 7 2762;Berazategui;;08-10-2026;07-10-2026;VEN-134504;Venta;LAGOPUELO S.A;34320;12,00;19690,08;23825,00;JUNIOR JAVIER;;0,00 %;5;Eliana Huber;;Poett Desinf. Frescura de Lavanda 900ml;1640,84;;;3;AUTOSERVICIO;1292,00;;;$;2;GRUPO AYUDIN ARGENTINA S.A;;;CON;;;;;;;PISO;;;;;25;JOHANA VIGIL;AXUM;;;False;134504;1;1;;;;;;1;;1640,84
720;CALLE 7 2762;Berazategui;;08-10-2026;07-10-2026;VEN-134504;Venta;LAGOPUELO S.A;60386;12,00;19690,08;23825,00;JUNIOR JAVIER;;0,00 %;5;Eliana Huber;;Poett EsptPly 12/900ml;1640,84;;;3;AUTOSERVICIO;1292,00;;;$;2;GRUPO AYUDIN ARGENTINA S.A;;;CON;;;;;;;PISO;;;;;25;JOHANA VIGIL;AXUM;;;False;134504;1;1;;;;;;1;;1640,84
3981;AV 12 DE OCTUBRE 2777;QUILMES OESTE;2026-10-08;08-10-2026;07-10-2026;FAC-A-134517;Venta;LAGOPUELO S.A;17927;15,00;12735,00;15409,35;ARIEL HUMBERTO CRUZ;;20,00 %;053;Verona Abati;;AYDN LAVDNA OR 15/1L;849,00;3476;;3;AUTOSERVICIO;849,00;LEONARDO SANTA CRUZ;;$;2;GRUPO AYUDIN ARGENTINA S.A;;;CON;;;;;;;LAVANDINA;;;;;300;Bruno Centurion;AXUM;;;False;134517;0;1;;;;;;1;;849,00
3981;AV 12 DE OCTUBRE 2777;QUILMES OESTE;2026-10-08;08-10-2026;07-10-2026;FAC-A-134517;Venta;LAGOPUELO S.A;60222;15,00;14793,19;17899,76;ARIEL HUMBERTO CRUZ;;27,75 %;053;Verona Abati;;Aydn Lavda TriPod 15/1l GP2;986,21;3476;;3;AUTOSERVICIO;1050,00;LEONARDO SANTA CRUZ;;$;2;GRUPO AYUDIN ARGENTINA S.A;;;CON;;;;;;;LAVANDINA;;;;;300;Bruno Centurion;AXUM;;;False;134517;0;1;;;;;;1;;986,21
3981;AV 12 DE OCTUBRE 2777;QUILMES OESTE;2026-10-08;08-10-2026;07-10-2026;FAC-A-134517;Venta;LAGOPUELO S.A;60226;15,00;14793,19;17899,76;ARIEL HUMBERTO CRUZ;;27,75 %;053;Verona Abati;;Aydn PurGlac TriPod 15/1l GP2;986,21;3476;;3;AUTOSERVICIO;1050,00;LEONARDO SANTA CRUZ;;$;2;GRUPO AYUDIN ARGENTINA S.A;;;CON;;;;;;;LAVANDINA;;;;;300;Bruno Centurion;AXUM;;;False;134517;0;1;;;;;;1;;986,21
3981;AV 12 DE OCTUBRE 2777;QUILMES OESTE;2026-10-08;08-10-2026;07-10-2026;FAC-A-134517;Venta;LAGOPUELO S.A;36003;8,00;13912,00;16833,52;ARIEL HUMBERTO CRUZ;;20,00 %;053;Verona Abati;;AYDN LAVDNA OR 25g/l 8/2l;1739,00;3476;;3;AUTOSERVICIO;1739,00;LEONARDO SANTA CRUZ;;$;2;GRUPO AYUDIN ARGENTINA S.A;;;CON;;;;;;;LAVANDINA;;;;;300;Bruno Centurion;AXUM;;;False;134517;0;1;;;;;;1;;1739,00
3981;AV 12 DE OCTUBRE 2777;QUILMES OESTE;2026-10-08;08-10-2026;07-10-2026;FAC-A-134517;Venta;LAGOPUELO S.A;36004;3,00;12596,57;15241,85;ARIEL HUMBERTO CRUZ;;7,00 %;053;Verona Abati;;AYDN LAVDNA OR 25 g/l 3/4l;4198,86;3476;;3;AUTOSERVICIO;3473,00;LEONARDO SANTA CRUZ;;$;2;GRUPO AYUDIN ARGENTINA S.A;;;CON;;;;;;;LAVANDINA;;;;;300;Bruno Centurion;AXUM;;;False;134517;0;1;;;;;;1;;4198,86
3981;AV 12 DE OCTUBRE 2777;QUILMES OESTE;2026-10-08;08-10-2026;07-10-2026;FAC-A-134517;Venta;LAGOPUELO S.A;60227;8,00;15719,29;19020,34;ARIEL HUMBERTO CRUZ;;27,75 %;053;Verona Abati;;Aydn PurGlac TriPod 8/2l GP2;1964,91;3476;;3;AUTOSERVICIO;2092,00;LEONARDO SANTA CRUZ;;$;2;GRUPO AYUDIN ARGENTINA S.A;;;CON;;;;;;;LAVANDINA;;;;;300;Bruno Centurion;AXUM;;;False;134517;0;1;;;;;;1;;1964,91
22945;MARGARITA - (TRADICIONAL) 315;ALTE BROWN;2026-10-08;08-10-2026;07-10-2026;FAC-B-134520;Venta;LAGOPUELO S.A;61046;15,00;22306,05;26990,32;ARANDA GERARDO;;18,00 %;056;Ezequiel Ferreira;;Aydn RopQuitMnch BlncInt 15/1l;1487,07;3477;;2;ALMACEN;1395,00;NAHUEL MONTOYA;;$;2;GRUPO AYUDIN ARGENTINA S.A;;;CON;;;;;;;LAVADO DE ROPA;;;;;300;Bruno Centurion;AXUM;;;False;134520;0;1;;;;;;1;;1487,07
22945;MARGARITA - (TRADICIONAL) 315;ALTE BROWN;2026-10-08;08-10-2026;07-10-2026;FAC-B-134520;Venta;LAGOPUELO S.A;60231;15,00;24339,00;29450,19;ARANDA GERARDO;;0,00 %;056;Ezequiel Ferreira;;Aydn A-Sp Trad 15/1l GP2;1622,60;3477;;2;ALMACEN;1220,00;NAHUEL MONTOYA;;$;2;GRUPO AYUDIN ARGENTINA S.A;;;CON;;;;;;;LAVANDINA;;;;;300;Bruno Centurion;AXUM;;;False;134520;0;1;;;;;;1;;1622,60
2507;Calle 52 N 2828;Berazategui;2026-10-08;08-10-2026;07-10-2026;FAC-B-134525;Venta;ELEBES;34324;12,00;15752,06;19060,00;GONZALEZ MAYRA ALEJANDRA;;20,00 %;052;Nicole Sosa;;Poett Desinf. Flores de Primavera 900ml;1312,67;3474;;2;ALMACEN;1292,00;JUAN ESCOTO;;$;2;GRUPO AYUDIN ARGENTINA S.A;;;CON;;;;;;;PISO;;;;;300;Bruno Centurion;AXUM;;;False;134525;0;1;;;;;;1;;1312,67
2507;Calle 52 N 2828;Berazategui;2026-10-08;08-10-2026;07-10-2026;FAC-B-134525;Venta;ELEBES;34338;12,00;15752,06;19060,00;GONZALEZ MAYRA ALEJANDRA;;20,00 %;052;Nicole Sosa;;Poett Dsnf MscPrmvra 12/900ml;1312,67;3474;;2;ALMACEN;1292,00;JUAN ESCOTO;;$;2;GRUPO AYUDIN ARGENTINA S.A;;;CON;;;;;;;PISO;;;;;300;Bruno Centurion;AXUM;;;False;134525;0;1;;;;;;1;;1312,67
27723;PROF MARINO - (TRADICIONAL) 1399;TEMPERLEY;;08-10-2026;07-10-2026;VEN-134535;Venta;LAGOPUELO S.A;34324;12,00;15752,06;19060,00;JUAN PABLO TORNARI;;20,00 %;074;Romina Baez;;Poett Desinf. Flores de Primavera 900ml;1312,67;;;5;KIOSCO;1292,00;;;$;2;GRUPO AYUDIN ARGENTINA S.A;;;CON;;;;;;;PISO;;;;;300;Bruno Centurion;AXUM;;;False;134535;1;1;;;;;;1;;1312,67
29529;LOS MOLINOS E/LOS ALAMOS Y HUGO AGUILAR - (TRADICIONAL) 829;LA UNION;;08-10-2026;07-10-2026;VEN-134539;Venta;LAGOPUELO S.A;17927;30,00;25470,00;30818,70;GABRIELA CECILIA ALFONSO;;20,00 %;075;Julieta Yegros;;AYDN LAVDNA OR 15/1L;849,00;;;5;KIOSCO;849,00;;;$;2;GRUPO AYUDIN ARGENTINA S.A;;;CON;;;;;;;LAVANDINA;;;;;300;Bruno Centurion;AXUM;;;False;134539;1;1;;;;;;1;;849,00
22952;ANEMONA 6362;Almirante Brown;2026-10-08;08-10-2026;07-10-2026;FAC-A-134541;Venta;LAGOPUELO S.A;61046;15,00;22306,05;26990,32;CHEN XIALIANG;;18,00 %;056;Ezequiel Ferreira;;Aydn RopQuitMnch BlncInt 15/1l;1487,07;3477;;3;Autoservicio B;1395,00;NAHUEL MONTOYA;;$;2;GRUPO AYUDIN ARGENTINA S.A;;;CON;;;;;;;LAVADO DE ROPA;;;;;300;Bruno Centurion;AXUM;;;False;134541;0;1;;;;;;1;;1487,07
3086;AVDA SANTA FE Y CALLE 889;SAN FRANCISCO SOLANO;2026-10-08;08-10-2026;07-10-2026;FAC-A-134546;Venta;LAGOPUELO S.A;60233;15,00;37086,05;44874,12;EVELIN GISEL GAUNA;;15,00 %;056;Ezequiel Ferreira;;Aydn Lavdna Gel Or 15/700ml GP2;2472,40;3478;;3;AUTOSERVICIO;2187,00;WALTER JANIUK;;$;2;GRUPO AYUDIN ARGENTINA S.A;;;CON;;;;;;;LAVANDINA;;;;;300;Bruno Centurion;AXUM;;;False;134546;0;1;;;;;;1;;2472,40
3086;AVDA SANTA FE Y CALLE 889;SAN FRANCISCO SOLANO;2026-10-08;08-10-2026;07-10-2026;FAC-A-134546;Venta;LAGOPUELO S.A;36003;8,00;17390,00;21041,90;EVELIN GISEL GAUNA;;0,00 %;056;Ezequiel Ferreira;;AYDN LAVDNA OR 25g/l 8/2l;2173,75;3478;;3;AUTOSERVICIO;1739,00;WALTER JANIUK;;$;2;GRUPO AYUDIN ARGENTINA S.A;;;CON;;;;;;;LAVANDINA;;;;;300;Bruno Centurion;AXUM;;;False;134546;0;1;;;;;;1;;2173,75
3086;AVDA SANTA FE Y CALLE 889;SAN FRANCISCO SOLANO;2026-10-08;08-10-2026;07-10-2026;FAC-A-134546;Venta;LAGOPUELO S.A;34324;12,00;19690,08;23825,00;EVELIN GISEL GAUNA;;0,00 %;056;Ezequiel Ferreira;;Poett Desinf. Flores de Primavera 900ml;1640,84;3478;;3;AUTOSERVICIO;1292,00;WALTER JANIUK;;$;2;GRUPO AYUDIN ARGENTINA S.A;;;CON;;;;;;;PISO;;;;;300;Bruno Centurion;AXUM;;;False;134546;0;1;;;;;;1;;1640,84
3086;AVDA SANTA FE Y CALLE 889;SAN FRANCISCO SOLANO;2026-10-08;08-10-2026;07-10-2026;FAC-A-134546;Venta;LAGOPUELO S.A;34320;12,00;19690,08;23825,00;EVELIN GISEL GAUNA;;0,00 %;056;Ezequiel Ferreira;;Poett Desinf. Frescura de Lavanda 900ml;1640,84;3478;;3;AUTOSERVICIO;1292,00;WALTER JANIUK;;$;2;GRUPO AYUDIN ARGENTINA S.A;;;CON;;;;;;;PISO;;;;;300;Bruno Centurion;AXUM;;;False;134546;0;1;;;;;;1;;1640,84
3086;AVDA SANTA FE Y CALLE 889;SAN FRANCISCO SOLANO;2026-10-08;08-10-2026;07-10-2026;FAC-A-134546;Venta;LAGOPUELO S.A;60386;12,00;19690,08;23825,00;EVELIN GISEL GAUNA;;0,00 %;056;Ezequiel Ferreira;;Poett EsptPly 12/900ml;1640,84;3478;;3;AUTOSERVICIO;1292,00;WALTER JANIUK;;$;2;GRUPO AYUDIN ARGENTINA S.A;;;CON;;;;;;;PISO;;;;;300;Bruno Centurion;AXUM;;;False;134546;0;1;;;;;;1;;1640,84
3086;AVDA SANTA FE Y CALLE 889;SAN FRANCISCO SOLANO;2026-10-08;08-10-2026;07-10-2026;FAC-A-134546;Venta;LAGOPUELO S.A;32288;8,00;14716,00;17806,36;EVELIN GISEL GAUNA;;0,00 %;056;Ezequiel Ferreira;;Tren Oxi DoyPk 16/400ml;1839,50;3478;;3;AUTOSERVICIO;1415,00;WALTER JANIUK;;$;2;GRUPO AYUDIN ARGENTINA S.A;;;CON;;;;;;;LAVADO DE ROPA;;;;;300;Bruno Centurion;AXUM;;;False;134546;0;1;;;;;;1;;1839,50
486;SARMIENTO 1615;Lan˙s;2026-10-08;08-10-2026;07-10-2026;FAC-A-134551;Venta;LAGOPUELO S.A;17927;15,00;12735,00;15409,35;Alberto David Soto;;20,00 %;26;Sabrina Pereyra;;AYDN LAVDNA OR 15/1L;849,00;3471;;4;FIAMBRERIA;849,00;CLAUDIO GARCIA;;$;2;GRUPO AYUDIN ARGENTINA S.A;;;EFV;;;;;;;LAVANDINA;;;;;25;JOHANA VIGIL;AXUM;;;False;134551;0;1;;;;;;1;;849,00
486;SARMIENTO 1615;Lan˙s;2026-10-08;08-10-2026;07-10-2026;FAC-A-134551;Venta;LAGOPUELO S.A;60233;2,00;5817,42;7039,08;Alberto David Soto;;0,00 %;26;Sabrina Pereyra;;Aydn Lavdna Gel Or 15/700ml GP2;2908,71;3471;;4;FIAMBRERIA;2187,00;CLAUDIO GARCIA;;$;2;GRUPO AYUDIN ARGENTINA S.A;;;EFV;;;;;;;LAVANDINA;;;;;25;JOHANA VIGIL;AXUM;;;False;134551;0;1;;;;;;1;;2908,71
27633;EL PICAFLOR 3072;Almirante Brown;2026-10-08;08-10-2026;07-10-2026;FAC-A-134558;Venta;LAGOPUELO S.A;17927;225,00;238781,25;288925,31;DIEGO FERNANDO ESPINDOLA;;0,00 %;062;Nahuel Martinez;;AYDN LAVDNA OR 15/1L;1061,25;3478;;6;MAYORISTA;849,00;WALTER JANIUK;;$;2;GRUPO AYUDIN ARGENTINA S.A;;;CON;;;;;;;LAVANDINA;;;;;300;Bruno Centurion;AXUM;;;False;134558;0;1;;;;;;1;;1061,25
27633;EL PICAFLOR 3072;Almirante Brown;2026-10-08;08-10-2026;07-10-2026;FAC-A-134558;Venta;LAGOPUELO S.A;60885;12,00;29848,26;36116,39;DIEGO FERNANDO ESPINDOLA;;15,00 %;062;Nahuel Martinez;;Poett Aer FlrLavda ExtFrag 6/360ml;2487,36;3478;;6;MAYORISTA;2251,00;WALTER JANIUK;;$;2;GRUPO AYUDIN ARGENTINA S.A;;;CON;;;;;;;AERO POETT;;;;;300;Bruno Centurion;AXUM;;;False;134558;0;1;;;;;;1;;2487,36
27633;EL PICAFLOR 3072;Almirante Brown;2026-10-08;08-10-2026;07-10-2026;FAC-A-134558;Venta;LAGOPUELO S.A;60886;12,00;29848,26;36116,39;DIEGO FERNANDO ESPINDOLA;;15,00 %;062;Nahuel Martinez;;Poett Aer FlrPrm ExtFrag 6/360ml;2487,36;3478;;6;MAYORISTA;2251,00;WALTER JANIUK;;$;2;GRUPO AYUDIN ARGENTINA S.A;;;CON;;;;;;;AERO POETT;;;;;300;Bruno Centurion;AXUM;;;False;134558;0;1;;;;;;1;;2487,36
27633;EL PICAFLOR 3072;Almirante Brown;2026-10-08;08-10-2026;07-10-2026;FAC-A-134558;Venta;LAGOPUELO S.A;60888;12,00;29848,26;36116,39;DIEGO FERNANDO ESPINDOLA;;15,00 %;062;Nahuel Martinez;;Poett Aer SvdAlg ExtFrag 6/360ml;2487,36;3478;;6;MAYORISTA;2251,00;WALTER JANIUK;;$;2;GRUPO AYUDIN ARGENTINA S.A;;;CON;;;;;;;AERO POETT;;;;;300;Bruno Centurion;AXUM;;;False;134558;0;1;;;;;;1;;2487,36
27633;EL PICAFLOR 3072;Almirante Brown;2026-10-08;08-10-2026;07-10-2026;FAC-A-134558;Venta;LAGOPUELO S.A;60887;12,00;29848,26;36116,39;DIEGO FERNANDO ESPINDOLA;;15,00 %;062;Nahuel Martinez;;Poett Aer SvdBb ExtFrag 6/360ml;2487,36;3478;;6;MAYORISTA;2251,00;WALTER JANIUK;;$;2;GRUPO AYUDIN ARGENTINA S.A;;;CON;;;;;;;AERO POETT;;;;;300;Bruno Centurion;AXUM;;;False;134558;0;1;;;;;;1;;2487,36
27633;EL PICAFLOR 3072;Almirante Brown;2026-10-08;08-10-2026;07-10-2026;FAC-A-134558;Venta;LAGOPUELO S.A;34320;24,00;39380,16;47649,99;DIEGO FERNANDO ESPINDOLA;;0,00 %;062;Nahuel Martinez;;Poett Desinf. Frescura de Lavanda 900ml;1640,84;3478;;6;MAYORISTA;1292,00;WALTER JANIUK;;$;2;GRUPO AYUDIN ARGENTINA S.A;;;CON;;;;;;;PISO;;;;;300;Bruno Centurion;AXUM;;;False;134558;0;1;;;;;;1;;1640,84
27633;EL PICAFLOR 3072;Almirante Brown;2026-10-08;08-10-2026;07-10-2026;FAC-A-134558;Venta;LAGOPUELO S.A;34324;24,00;39380,16;47649,99;DIEGO FERNANDO ESPINDOLA;;0,00 %;062;Nahuel Martinez;;Poett Desinf. Flores de Primavera 900ml;1640,84;3478;;6;MAYORISTA;1292,00;WALTER JANIUK;;$;2;GRUPO AYUDIN ARGENTINA S.A;;;CON;;;;;;;PISO;;;;;300;Bruno Centurion;AXUM;;;False;134558;0;1;;;;;;1;;1640,84
27633;EL PICAFLOR 3072;Almirante Brown;2026-10-08;08-10-2026;07-10-2026;FAC-A-134558;Venta;LAGOPUELO S.A;34334;24,00;39380,16;47649,99;DIEGO FERNANDO ESPINDOLA;;0,00 %;062;Nahuel Martinez;;Poett Dsnf SuadBebe 12/900ml;1640,84;3478;;6;MAYORISTA;1292,00;WALTER JANIUK;;$;2;GRUPO AYUDIN ARGENTINA S.A;;;CON;;;;;;;PISO;;;;;300;Bruno Centurion;AXUM;;;False;134558;0;1;;;;;;1;;1640,84
27633;EL PICAFLOR 3072;Almirante Brown;2026-10-08;08-10-2026;07-10-2026;FAC-A-134558;Venta;LAGOPUELO S.A;34342;24,00;39380,16;47649,99;DIEGO FERNANDO ESPINDOLA;;0,00 %;062;Nahuel Martinez;;Poett Dsnf AlgrDia 12/900ml;1640,84;3478;;6;MAYORISTA;1292,00;WALTER JANIUK;;$;2;GRUPO AYUDIN ARGENTINA S.A;;;CON;;;;;;;PISO;;;;;300;Bruno Centurion;AXUM;;;False;134558;0;1;;;;;;1;;1640,84
27633;EL PICAFLOR 3072;Almirante Brown;2026-10-08;08-10-2026;07-10-2026;FAC-A-134558;Venta;LAGOPUELO S.A;36001;24,00;39380,16;47649,99;DIEGO FERNANDO ESPINDOLA;;0,00 %;062;Nahuel Martinez;;POETT FRSC TROP 12/900;1640,84;3478;;6;MAYORISTA;1292,00;WALTER JANIUK;;$;2;GRUPO AYUDIN ARGENTINA S.A;;;CON;;;;;;;PISO;;;;;300;Bruno Centurion;AXUM;;;False;134558;0;1;;;;;;1;;1640,84
103048;B. De Astrada 2980 1 0;Remedios De Escalada;2026-10-08;08-10-2026;07-10-2026;FAC-A-134561;Venta;LAGOPUELO S.A;61577;16,00;21437,62;25939,53;Supermercados A. Del Norte;;9,75 %;29;Camila Navarrete;;Aydn Coc† Pod Act Or† DoyPk 16/450ml;1339,85;3473;;georgalos-7;Almacen;1142,00;SIMON OLIVERA;;$;2;GRUPO AYUDIN ARGENTINA S.A;;;EFV;;;;;;;COCINA;;;;;25;JOHANA VIGIL;AXUM;;;False;134561;0;1;;;;;;1;;1339,85
103048;B. De Astrada 2980 1 0;Remedios De Escalada;2026-10-08;08-10-2026;07-10-2026;FAC-A-134561;Venta;LAGOPUELO S.A;61576;32,00;50421,59;61010,13;Supermercados A. Del Norte;;9,75 %;29;Camila Navarrete;;Aydn Bn Limp† Act Or DoyPk 16/450ml;1575,67;3473;;georgalos-7;Almacen;1343,00;SIMON OLIVERA;;$;2;GRUPO AYUDIN ARGENTINA S.A;;;EFV;;;;;;;BAÒO;;;;;25;JOHANA VIGIL;AXUM;;;False;134561;0;1;;;;;;1;;1575,67
103048;B. De Astrada 2980 1 0;Remedios De Escalada;2026-10-08;08-10-2026;07-10-2026;FAC-A-134561;Venta;LAGOPUELO S.A;61577;8,00;11282,96;13652,38;Supermercados A. Del Norte;;5,00 %;29;Camila Navarrete;;Aydn Coc† Pod Act Or† DoyPk 16/450ml;1410,37;3473;;georgalos-7;Almacen;1142,00;SIMON OLIVERA;;$;2;GRUPO AYUDIN ARGENTINA S.A;;;EFV;;;;;;;COCINA;;;;;25;JOHANA VIGIL;AXUM;;;False;134561;0;1;;;;;;1;;1410,37
24068;SAN JOSE 302;TURDERA;;08-10-2026;07-10-2026;VEN-134565;Venta;LAGOPUELO S.A;33577;3,00;9404,43;11379,36;CAMPASTRI ERIC;;0,00 %;074;Romina Baez;;Aydn Ropa ClrViv DoyPk 12/650ml;3134,81;;;2;ALMACEN;2357,00;;;$;2;GRUPO AYUDIN ARGENTINA S.A;;;CON;;;;;;;LAVADO DE ROPA;;;;;300;Bruno Centurion;AXUM;;;False;134565;1;1;;;;;;1;;3134,81
24068;SAN JOSE 302;TURDERA;;08-10-2026;07-10-2026;VEN-134565;Venta;LAGOPUELO S.A;60233;4,00;9889,61;11966,43;CAMPASTRI ERIC;;15,00 %;074;Romina Baez;;Aydn Lavdna Gel Or 15/700ml GP2;2472,40;;;2;ALMACEN;2187,00;;;$;2;GRUPO AYUDIN ARGENTINA S.A;;;CON;;;;;;;LAVANDINA;;;;;300;Bruno Centurion;AXUM;;;False;134565;1;1;;;;;;1;;2472,40
105494;Eva Peron 2063 0;LANUS;2026-10-08;08-10-2026;07-10-2026;FAC-A-134570;Venta;LAGOPUELO S.A;17981;3,00;15444,00;18687,24;Jianping li;;0,00 %;28;Nadia Diaz;;Aydn Dstcan 12/1l;5148,00;3471;;3;AUTOSERVICIO;3960,00;CLAUDIO GARCIA;;$;2;GRUPO AYUDIN ARGENTINA S.A;;;EFV;;;;;;;BAÒO;;;;;25;JOHANA VIGIL;AXUM;;;False;134570;0;1;;;;;;1;;5148,00
23325;Avenida San Mart√≠ - (AUTOSERVICIOS) 5859;RAFAEL CALZADA;2026-10-08;08-10-2026;07-10-2026;FAC-A-134571;Venta;LAGOPUELO S.A;36027;12,00;5674,05;6865,60;CHEN RUIYING;;25,00 %;062;Nahuel Martinez;;Mort ESPON LISITA 8/12CT;472,84;3479;;3;Autoservicio B;467,00;MARIANO SOSA;;$;2;GRUPO AYUDIN ARGENTINA S.A;;;CON;;;;;;;MORTIMER;;;;;300;Bruno Centurion;AXUM;;;False;134571;0;1;;;;;;1;;472,84
23996;TUCUMAN ENT PIEDRA BUENA - (AUTOSERVICIOS) 946;JOSE MARMOL;2026-10-08;08-10-2026;07-10-2026;FAC-A-134572;Venta;LAGOPUELO S.A;18147;24,00;16232,40;19641,20;RENGUI YAN;;25,00 %;062;Nahuel Martinez;;Mort Esp Cuad 8/12ct;676,35;3479;;3;Autoservicio B;668,00;MARIANO SOSA;;$;2;GRUPO AYUDIN ARGENTINA S.A;;;CON;;;;;;;MORTIMER;;;;;300;Bruno Centurion;AXUM;;;False;134572;0;1;;;;;;1;;676,35
23996;TUCUMAN ENT PIEDRA BUENA - (AUTOSERVICIOS) 946;JOSE MARMOL;2026-10-08;08-10-2026;07-10-2026;FAC-A-134572;Venta;LAGOPUELO S.A;36027;24,00;11348,10;13731,20;RENGUI YAN;;25,00 %;062;Nahuel Martinez;;Mort ESPON LISITA 8/12CT;472,84;3479;;3;Autoservicio B;467,00;MARIANO SOSA;;$;2;GRUPO AYUDIN ARGENTINA S.A;;;CON;;;;;;;MORTIMER;;;;;300;Bruno Centurion;AXUM;;;False;134572;0;1;;;;;;1;;472,84
107320;Segurola 1429 0;LANUS;2026-10-08;08-10-2026;07-10-2026;FAC-A-134573;Venta;LAGOPUELO S.A;61575;16,00;26537,68;32110,59;Li Mingguang;;5,00 %;26;Sabrina Pereyra;;Aydn A.hongos Removedor Activo Doy Pack 16/450ml;1658,61;3471;;3;AUTOSERVICIO;1343,00;CLAUDIO GARCIA;;$;2;GRUPO AYUDIN ARGENTINA S.A;;;EFV;;;;;;;BAÒO;;;;;25;JOHANA VIGIL;AXUM;;;False;134573;0;1;;;;;;1;;1658,61
107320;Segurola 1429 0;LANUS;2026-10-08;08-10-2026;07-10-2026;FAC-A-134573;Venta;LAGOPUELO S.A;17981;3,00;15444,00;18687,24;Li Mingguang;;0,00 %;26;Sabrina Pereyra;;Aydn Dstcan 12/1l;5148,00;3471;;3;AUTOSERVICIO;3960,00;CLAUDIO GARCIA;;$;2;GRUPO AYUDIN ARGENTINA S.A;;;EFV;;;;;;;BAÒO;;;;;25;JOHANA VIGIL;AXUM;;;False;134573;0;1;;;;;;1;;5148,00
23137;A ALSINA 4276;CLAYPOLE;2026-10-08;08-10-2026;07-10-2026;FAC-A-134576;Venta;LAGOPUELO S.A;34324;36,00;44302,68;53606,24;YANG BIN;;25,00 %;061;Nailah Guzman;;Poett Desinf. Flores de Primavera 900ml;1230,63;3477;;3;Autoservicio B;1292,00;NAHUEL MONTOYA;;$;2;GRUPO AYUDIN ARGENTINA S.A;;;CON;;;;;;;PISO;;;;;300;Bruno Centurion;AXUM;;;False;134576;0;1;;;;;;1;;1230,63
23137;A ALSINA 4276;CLAYPOLE;2026-10-08;08-10-2026;07-10-2026;FAC-A-134576;Venta;LAGOPUELO S.A;34320;30,00;36918,90;44671,87;YANG BIN;;25,00 %;061;Nailah Guzman;;Poett Desinf. Frescura de Lavanda 900ml;1230,63;3477;;3;Autoservicio B;1292,00;NAHUEL MONTOYA;;$;2;GRUPO AYUDIN ARGENTINA S.A;;;CON;;;;;;;PISO;;;;;300;Bruno Centurion;AXUM;;;False;134576;0;1;;;;;;1;;1230,63
23137;A ALSINA 4276;CLAYPOLE;2026-10-08;08-10-2026;07-10-2026;FAC-A-134576;Venta;LAGOPUELO S.A;34342;6,00;7383,78;8934,37;YANG BIN;;25,00 %;061;Nailah Guzman;;Poett Dsnf AlgrDia 12/900ml;1230,63;3477;;3;Autoservicio B;1292,00;NAHUEL MONTOYA;;$;2;GRUPO AYUDIN ARGENTINA S.A;;;CON;;;;;;;PISO;;;;;300;Bruno Centurion;AXUM;;;False;134576;0;1;;;;;;1;;1230,63
23137;A ALSINA 4276;CLAYPOLE;2026-10-08;08-10-2026;07-10-2026;FAC-A-134576;Venta;LAGOPUELO S.A;34338;36,00;44302,68;53606,24;YANG BIN;;25,00 %;061;Nailah Guzman;;Poett Dsnf MscPrmvra 12/900ml;1230,63;3477;;3;Autoservicio B;1292,00;NAHUEL MONTOYA;;$;2;GRUPO AYUDIN ARGENTINA S.A;;;CON;;;;;;;PISO;;;;;300;Bruno Centurion;AXUM;;;False;134576;0;1;;;;;;1;;1230,63
23137;A ALSINA 4276;CLAYPOLE;2026-10-08;08-10-2026;07-10-2026;FAC-A-134576;Venta;LAGOPUELO S.A;34334;36,00;44302,68;53606,24;YANG BIN;;25,00 %;061;Nailah Guzman;;Poett Dsnf SuadBebe 12/900ml;1230,63;3477;;3;Autoservicio B;1292,00;NAHUEL MONTOYA;;$;2;GRUPO AYUDIN ARGENTINA S.A;;;CON;;;;;;;PISO;;;;;300;Bruno Centurion;AXUM;;;False;134576;0;1;;;;;;1;;1230,63
23137;A ALSINA 4276;CLAYPOLE;2026-10-08;08-10-2026;07-10-2026;FAC-A-134576;Venta;LAGOPUELO S.A;36001;36,00;44302,68;53606,24;YANG BIN;;25,00 %;061;Nailah Guzman;;POETT FRSC TROP 12/900;1230,63;3477;;3;Autoservicio B;1292,00;NAHUEL MONTOYA;;$;2;GRUPO AYUDIN ARGENTINA S.A;;;CON;;;;;;;PISO;;;;;300;Bruno Centurion;AXUM;;;False;134576;0;1;;;;;;1;;1230,63
5582;TUCUMAN ESQ BOUCHARD - (TRADICIONAL) 195;RAFAEL CALZADA;2026-10-08;08-10-2026;07-10-2026;FAC-B-134577;Venta;Empresa LAGOPUELO;18147;12,00;8116,20;9820,60;HMAN BELIZAN;;25,00 %;062;Nahuel Martinez;;Mort Esp Cuad 8/12ct;676,35;3479;;2;ALMACEN;668,00;MARIANO SOSA;;$;2;GRUPO AYUDIN ARGENTINA S.A;;;CON;;;;;;;MORTIMER;;;;;300;Bruno Centurion;AXUM;;;False;134577;0;1;;;;;;1;;676,35
23137;A ALSINA 4276;CLAYPOLE;2026-10-08;08-10-2026;07-10-2026;FAC-A-134578;Venta;LAGOPUELO S.A;11123;1,00;0,10;0,12;YANG BIN;;0,00 %;061;Nailah Guzman;;EXHIBIDOR LIMP Y DESINFECCION;0,10;3477;;3;Autoservicio B;0,10;NAHUEL MONTOYA;;$;2;GRUPO AYUDIN ARGENTINA S.A;;;CON;;;;;;;EXHIBIDORES;;;;;300;Bruno Centurion;AXUM;;;False;134578;0;1;;;;;;1;;0,10
107452;Del Valle Iberlucea 3033 0;LANUS;2026-10-08;08-10-2026;07-10-2026;FAC-A-134582;Venta;LAGOPUELO S.A;36003;3,00;6521,25;7890,71;Bon Doniquian Tomas;;0,00 %;24;Cecilia Gauchez;;AYDN LAVDNA OR 25g/l 8/2l;2173,75;3471;;2;ALMACEN;1739,00;CLAUDIO GARCIA;;$;2;GRUPO AYUDIN ARGENTINA S.A;;;EFV;;;;;;;LAVANDINA;;;;;25;JOHANA VIGIL;AXUM;;;False;134582;0;1;;;;;;1;;2173,75
107452;Del Valle Iberlucea 3033 0;LANUS;2026-10-08;08-10-2026;07-10-2026;FAC-A-134582;Venta;LAGOPUELO S.A;34320;3,00;4922,52;5956,25;Bon Doniquian Tomas;;0,00 %;24;Cecilia Gauchez;;Poett Desinf. Frescura de Lavanda 900ml;1640,84;3471;;2;ALMACEN;1292,00;CLAUDIO GARCIA;;$;2;GRUPO AYUDIN ARGENTINA S.A;;;EFV;;;;;;;PISO;;;;;25;JOHANA VIGIL;AXUM;;;False;134582;0;1;;;;;;1;;1640,84
27531;Tunuy√° - (AUTOSERVICIOS) 150;LOMAS DE ZAMORA;;08-10-2026;07-10-2026;VEN-134591;Venta;ELEBES;34324;12,00;15161,36;18345,25;Chen Enyun;;23,00 %;073;Florencia Cubilla;;Poett Desinf. Flores de Primavera 900ml;1263,45;;;3;Autoservicio B;1292,00;;;$;2;GRUPO AYUDIN ARGENTINA S.A;;;CON;;;;;;;PISO;;;;;300;Bruno Centurion;AXUM;;;False;134591;1;1;;;;;;1;;1263,45
27531;Tunuy√° - (AUTOSERVICIOS) 150;LOMAS DE ZAMORA;;08-10-2026;07-10-2026;VEN-134591;Venta;ELEBES;34320;12,00;15161,36;18345,25;Chen Enyun;;23,00 %;073;Florencia Cubilla;;Poett Desinf. Frescura de Lavanda 900ml;1263,45;;;3;Autoservicio B;1292,00;;;$;2;GRUPO AYUDIN ARGENTINA S.A;;;CON;;;;;;;PISO;;;;;300;Bruno Centurion;AXUM;;;False;134591;1;1;;;;;;1;;1263,45
27531;Tunuy√° - (AUTOSERVICIOS) 150;LOMAS DE ZAMORA;;08-10-2026;07-10-2026;VEN-134591;Venta;ELEBES;34334;24,00;30322,72;36690,50;Chen Enyun;;23,00 %;073;Florencia Cubilla;;Poett Dsnf SuadBebe 12/900ml;1263,45;;;3;Autoservicio B;1292,00;;;$;2;GRUPO AYUDIN ARGENTINA S.A;;;CON;;;;;;;PISO;;;;;300;Bruno Centurion;AXUM;;;False;134591;1;1;;;;;;1;;1263,45
27531;Tunuy√° - (AUTOSERVICIOS) 150;LOMAS DE ZAMORA;;08-10-2026;07-10-2026;VEN-134591;Venta;ELEBES;34336;24,00;30322,72;36690,50;Chen Enyun;;23,00 %;073;Florencia Cubilla;;Poett Dsnf SuadAlg 12/900ml;1263,45;;;3;Autoservicio B;1292,00;;;$;2;GRUPO AYUDIN ARGENTINA S.A;;;CON;;;;;;;PISO;;;;;300;Bruno Centurion;AXUM;;;False;134591;1;1;;;;;;1;;1263,45
6286;SALLARES 1546;Varela;2026-10-08;08-10-2026;07-10-2026;FAC-A-134604;Venta;LAGOPUELO S.A;17927;45,00;47756,25;57785,06;GUO XIU PING;;0,00 %;6;Nieves Alegre;;AYDN LAVDNA OR 15/1L;1061,25;3472;;3;AUTOSERVICIO;849,00;IVAN MONTOYA;;$;2;GRUPO AYUDIN ARGENTINA S.A;;;CON;;;;;;;LAVANDINA;;;;;25;JOHANA VIGIL;AXUM;;;False;134604;0;1;;;;;;1;;1061,25
6286;SALLARES 1546;Varela;2026-10-08;08-10-2026;07-10-2026;FAC-A-134604;Venta;LAGOPUELO S.A;34324;12,00;19690,08;23825,00;GUO XIU PING;;0,00 %;6;Nieves Alegre;;Poett Desinf. Flores de Primavera 900ml;1640,84;3472;;3;AUTOSERVICIO;1292,00;IVAN MONTOYA;;$;2;GRUPO AYUDIN ARGENTINA S.A;;;CON;;;;;;;PISO;;;;;25;JOHANA VIGIL;AXUM;;;False;134604;0;1;;;;;;1;;1640,84
6315;AV. HUDSON 2157;Varela;2026-10-08;08-10-2026;07-10-2026;FAC-A-134608;Venta;LAGOPUELO S.A;34324;36,00;44302,68;53606,24;HE MINJUN;;25,00 %;051;Ezequiel Valente;;Poett Desinf. Flores de Primavera 900ml;1230,63;3474;;3;AUTOSERVICIO;1292,00;JUAN ESCOTO;;$;2;GRUPO AYUDIN ARGENTINA S.A;;;CON;;;;;;;PISO;;;;;300;Bruno Centurion;AXUM;;;False;134608;0;1;;;;;;1;;1230,63
6315;AV. HUDSON 2157;Varela;2026-10-08;08-10-2026;07-10-2026;FAC-A-134608;Venta;LAGOPUELO S.A;34334;24,00;29535,12;35737,50;HE MINJUN;;25,00 %;051;Ezequiel Valente;;Poett Dsnf SuadBebe 12/900ml;1230,63;3474;;3;AUTOSERVICIO;1292,00;JUAN ESCOTO;;$;2;GRUPO AYUDIN ARGENTINA S.A;;;CON;;;;;;;PISO;;;;;300;Bruno Centurion;AXUM;;;False;134608;0;1;;;;;;1;;1230,63
6315;AV. HUDSON 2157;Varela;2026-10-08;08-10-2026;07-10-2026;FAC-A-134608;Venta;LAGOPUELO S.A;36001;24,00;29535,12;35737,50;HE MINJUN;;25,00 %;051;Ezequiel Valente;;POETT FRSC TROP 12/900;1230,63;3474;;3;AUTOSERVICIO;1292,00;JUAN ESCOTO;;$;2;GRUPO AYUDIN ARGENTINA S.A;;;CON;;;;;;;PISO;;;;;300;Bruno Centurion;AXUM;;;False;134608;0;1;;;;;;1;;1230,63
6315;AV. HUDSON 2157;Varela;2026-10-08;08-10-2026;07-10-2026;FAC-A-134608;Venta;LAGOPUELO S.A;34336;36,00;44302,68;53606,24;HE MINJUN;;25,00 %;051;Ezequiel Valente;;Poett Dsnf SuadAlg 12/900ml;1230,63;3474;;3;AUTOSERVICIO;1292,00;JUAN ESCOTO;;$;2;GRUPO AYUDIN ARGENTINA S.A;;;CON;;;;;;;PISO;;;;;300;Bruno Centurion;AXUM;;;False;134608;0;1;;;;;;1;;1230,63
27013;CALLE 895 - (PERFUMERIA) 1510;QUILMES OESTE;2026-10-08;08-10-2026;07-10-2026;FAC-B-134612;Venta;LAGOPUELO S.A;36004;12,00;50386,28;60967,40;GIMENEZ CELSA;;7,00 %;056;Ezequiel Ferreira;;AYDN LAVDNA OR 25 g/l 3/4l;4198,86;3478;;OTR;Articulo de limpieza;3473,00;WALTER JANIUK;;$;2;GRUPO AYUDIN ARGENTINA S.A;;;CON;;;;;;;LAVANDINA;;;;;300;Bruno Centurion;AXUM;;;False;134612;0;1;;;;;;1;;4198,86
25095;AV 24 - (PERFUMERIA) 3670;SAN FRANCISCO SOLANO;2026-10-08;08-10-2026;07-10-2026;FAC-A-134615;Venta;LAGOPUELO S.A;36027;48,00;22696,20;27462,40;PERFUMERIA ANA Y JUAN;;25,00 %;056;Ezequiel Ferreira;;Mort ESPON LISITA 8/12CT;472,84;3477;;OTR;Articulo de limpieza;467,00;NAHUEL MONTOYA;;$;2;GRUPO AYUDIN ARGENTINA S.A;;;CON;;;;;;;MORTIMER;;;;;300;Bruno Centurion;AXUM;;;False;134615;0;1;;;;;;1;;472,84
22924;DONATO ALVAREZ 4319;SAN FRANCISCO SOLANO;2026-10-08;08-10-2026;07-10-2026;FAC-B-134618;Venta;LAGOPUELO S.A;18147;48,00;32464,80;39282,41;MAXIMILIANO OJEDA;;25,00 %;056;Ezequiel Ferreira;;Mort Esp Cuad 8/12ct;676,35;3477;;georgalos-803;Perfumeria;668,00;NAHUEL MONTOYA;;$;2;GRUPO AYUDIN ARGENTINA S.A;;;CON;;;;;;;MORTIMER;;;;;300;Bruno Centurion;AXUM;;;False;134618;0;1;;;;;;1;;676,35
35905;AV FERROCARRIL PROVINCIAL 4469;San Francisco Solano;2026-10-08;08-10-2026;07-10-2026;FAC-A-134619;Venta;LAGOPUELO S.A;61575;32,00;53075,36;64221,19;XUE GANGA;;5,00 %;056;Ezequiel Ferreira;;Aydn A.hongos Removedor Activo Doy Pack 16/450ml;1658,61;3477;;3;AUTOSERVICIO;1343,00;NAHUEL MONTOYA;;$;2;GRUPO AYUDIN ARGENTINA S.A;;;EFV;;;;;;;BAÒO;;;;;300;Bruno Centurion;AXUM;;;False;134619;0;1;;;;;;1;;1658,61
23984;EL ALJIBE - (TRADITIONAL TRADE) 560;FLORENCIO VARELA;2026-10-08;08-10-2026;07-10-2026;FAC-A-134620;Venta;LAGOPUELO S.A;34320;6,00;9845,04;11912,50;NORMA BEATRIZ BENITEZ;;0,00 %;7;Myrian Lertora;;Poett Desinf. Frescura de Lavanda 900ml;1640,84;3472;;georgalos-803;Perfumeria;1292,00;IVAN MONTOYA;;$;2;GRUPO AYUDIN ARGENTINA S.A;;;CON;;;;;;;PISO;;;;;25;JOHANA VIGIL;AXUM;;;False;134620;0;1;;;;;;1;;1640,84
23984;EL ALJIBE - (TRADITIONAL TRADE) 560;FLORENCIO VARELA;2026-10-08;08-10-2026;07-10-2026;FAC-A-134620;Venta;LAGOPUELO S.A;34336;6,00;9845,04;11912,50;NORMA BEATRIZ BENITEZ;;0,00 %;7;Myrian Lertora;;Poett Dsnf SuadAlg 12/900ml;1640,84;3472;;georgalos-803;Perfumeria;1292,00;IVAN MONTOYA;;$;2;GRUPO AYUDIN ARGENTINA S.A;;;CON;;;;;;;PISO;;;;;25;JOHANA VIGIL;AXUM;;;False;134620;0;1;;;;;;1;;1640,84
23984;EL ALJIBE - (TRADITIONAL TRADE) 560;FLORENCIO VARELA;2026-10-08;08-10-2026;07-10-2026;FAC-A-134620;Venta;LAGOPUELO S.A;34338;6,00;9845,04;11912,50;NORMA BEATRIZ BENITEZ;;0,00 %;7;Myrian Lertora;;Poett Dsnf MscPrmvra 12/900ml;1640,84;3472;;georgalos-803;Perfumeria;1292,00;IVAN MONTOYA;;$;2;GRUPO AYUDIN ARGENTINA S.A;;;CON;;;;;;;PISO;;;;;25;JOHANA VIGIL;AXUM;;;False;134620;0;1;;;;;;1;;1640,84
23984;EL ALJIBE - (TRADITIONAL TRADE) 560;FLORENCIO VARELA;2026-10-08;08-10-2026;07-10-2026;FAC-A-134620;Venta;LAGOPUELO S.A;34334;6,00;9845,04;11912,50;NORMA BEATRIZ BENITEZ;;0,00 %;7;Myrian Lertora;;Poett Dsnf SuadBebe 12/900ml;1640,84;3472;;georgalos-803;Perfumeria;1292,00;IVAN MONTOYA;;$;2;GRUPO AYUDIN ARGENTINA S.A;;;CON;;;;;;;PISO;;;;;25;JOHANA VIGIL;AXUM;;;False;134620;0;1;;;;;;1;;1640,84
23984;EL ALJIBE - (TRADITIONAL TRADE) 560;FLORENCIO VARELA;2026-10-08;08-10-2026;07-10-2026;FAC-A-134620;Venta;LAGOPUELO S.A;22057;12,00;18928,56;22903,56;NORMA BEATRIZ BENITEZ;;0,00 %;7;Myrian Lertora;;Pluz Pino 12/900ml;1577,38;3472;;georgalos-803;Perfumeria;1186,00;IVAN MONTOYA;;$;2;GRUPO AYUDIN ARGENTINA S.A;;;CON;;;;;;;PISO;;;;;25;JOHANA VIGIL;AXUM;;;False;134620;0;1;;;;;;1;;1577,38
105435;Coronel Lynch 3479 0;LANUS;2026-10-08;08-10-2026;07-10-2026;FAC-A-134621;Venta;LAGOPUELO S.A;34324;48,00;59070,24;71474,99;Zhuang Lijiang;;25,00 %;30;Oriana Songini;;Poett Desinf. Flores de Primavera 900ml;1230,63;3473;;3;AUTOSERVICIO;1292,00;SIMON OLIVERA;;$;2;GRUPO AYUDIN ARGENTINA S.A;;;EFV;;;;;;;PISO;;;;;25;JOHANA VIGIL;AXUM;;;False;134621;0;1;;;;;;1;;1230,63
105435;Coronel Lynch 3479 0;LANUS;2026-10-08;08-10-2026;07-10-2026;FAC-A-134621;Venta;LAGOPUELO S.A;34320;36,00;44302,68;53606,24;Zhuang Lijiang;;25,00 %;30;Oriana Songini;;Poett Desinf. Frescura de Lavanda 900ml;1230,63;3473;;3;AUTOSERVICIO;1292,00;SIMON OLIVERA;;$;2;GRUPO AYUDIN ARGENTINA S.A;;;EFV;;;;;;;PISO;;;;;25;JOHANA VIGIL;AXUM;;;False;134621;0;1;;;;;;1;;1230,63
105435;Coronel Lynch 3479 0;LANUS;2026-10-08;08-10-2026;07-10-2026;FAC-A-134621;Venta;LAGOPUELO S.A;34334;24,00;29535,12;35737,50;Zhuang Lijiang;;25,00 %;30;Oriana Songini;;Poett Dsnf SuadBebe 12/900ml;1230,63;3473;;3;AUTOSERVICIO;1292,00;SIMON OLIVERA;;$;2;GRUPO AYUDIN ARGENTINA S.A;;;EFV;;;;;;;PISO;;;;;25;JOHANA VIGIL;AXUM;;;False;134621;0;1;;;;;;1;;1230,63
105435;Coronel Lynch 3479 0;LANUS;2026-10-08;08-10-2026;07-10-2026;FAC-A-134621;Venta;LAGOPUELO S.A;34338;24,00;29535,12;35737,50;Zhuang Lijiang;;25,00 %;30;Oriana Songini;;Poett Dsnf MscPrmvra 12/900ml;1230,63;3473;;3;AUTOSERVICIO;1292,00;SIMON OLIVERA;;$;2;GRUPO AYUDIN ARGENTINA S.A;;;EFV;;;;;;;PISO;;;;;25;JOHANA VIGIL;AXUM;;;False;134621;0;1;;;;;;1;;1230,63
105435;Coronel Lynch 3479 0;LANUS;2026-10-08;08-10-2026;07-10-2026;FAC-A-134621;Venta;LAGOPUELO S.A;34336;24,00;29535,12;35737,50;Zhuang Lijiang;;25,00 %;30;Oriana Songini;;Poett Dsnf SuadAlg 12/900ml;1230,63;3473;;3;AUTOSERVICIO;1292,00;SIMON OLIVERA;;$;2;GRUPO AYUDIN ARGENTINA S.A;;;EFV;;;;;;;PISO;;;;;25;JOHANA VIGIL;AXUM;;;False;134621;0;1;;;;;;1;;1230,63
105435;Coronel Lynch 3479 0;LANUS;2026-10-08;08-10-2026;07-10-2026;FAC-A-134621;Venta;LAGOPUELO S.A;36001;24,00;29535,12;35737,50;Zhuang Lijiang;;25,00 %;30;Oriana Songini;;POETT FRSC TROP 12/900;1230,63;3473;;3;AUTOSERVICIO;1292,00;SIMON OLIVERA;;$;2;GRUPO AYUDIN ARGENTINA S.A;;;EFV;;;;;;;PISO;;;;;25;JOHANA VIGIL;AXUM;;;False;134621;0;1;;;;;;1;;1230,63
28071;CORRIENTES - (TRADICIONAL) 694;LA UNION;;08-10-2026;07-10-2026;VEN-134626;Venta;LAGOPUELO S.A;60240;3,00;7417,21;8974,82;RODRIGO ARGUELLO;;15,00 %;075;Julieta Yegros;;Aydn Lavdna Gel Lavda EXPRT 15/700ml GP2;2472,40;;;2;ALMACEN;2187,00;;;$;2;GRUPO AYUDIN ARGENTINA S.A;;;CON;;;;;;;LAVANDINA;;;;;300;Bruno Centurion;AXUM;;;False;134626;1;1;;;;;;1;;2472,40
28071;CORRIENTES - (TRADICIONAL) 694;LA UNION;;08-10-2026;07-10-2026;VEN-134626;Venta;LAGOPUELO S.A;60239;3,00;7417,21;8974,82;RODRIGO ARGUELLO;;15,00 %;075;Julieta Yegros;;Aydn Lavdna Gel MntFrs 15/700ml GP2;2472,40;;;2;ALMACEN;2187,00;;;$;2;GRUPO AYUDIN ARGENTINA S.A;;;CON;;;;;;;LAVANDINA;;;;;300;Bruno Centurion;AXUM;;;False;134626;1;1;;;;;;1;;2472,40
3448;LA MERCED E/BOLIVAR Y ARTIGAS - (TRADICIONAL) 796;LA UNION;;08-10-2026;07-10-2026;VEN-134635;Venta;LAGOPUELO S.A;36003;8,00;13912,00;16833,52;OVELAR ESTER;;20,00 %;075;Julieta Yegros;;AYDN LAVDNA OR 25g/l 8/2l;1739,00;;;5;KIOSCO;1739,00;;;$;2;GRUPO AYUDIN ARGENTINA S.A;;;CON;;;;;;;LAVANDINA;;;;;300;Bruno Centurion;AXUM;;;False;134635;1;1;;;;;;1;;1739,00
6484;ACONCAGUA 1990;FLORENCIO VARELA;2026-10-06;06-10-2026;07-10-2026;NCR-B-134653;DevoluciÛn por Rechazo;Empresa LAGOPUELO;34320;-2,00;-3281,68;-3970,83;BENITEZ ZUNILDA;SIN DINERO;0,00 %;6;Nieves Alegre;;Poett Desinf. Frescura de Lavanda 900ml;1640,84;3463;;2;ALMACEN;1292,00;SIMON OLIVERA;;$;2;GRUPO AYUDIN ARGENTINA S.A;;;CON;;;;;;;PISO;;;;;25;JOHANA VIGIL;gcw;132587;;True;134653;0;1;;;;;;1;;1640,84
6484;ACONCAGUA 1990;FLORENCIO VARELA;2026-10-06;06-10-2026;07-10-2026;NCR-B-134653;DevoluciÛn por Rechazo;Empresa LAGOPUELO;34327;-2,00;-3281,68;-3970,83;BENITEZ ZUNILDA;SIN DINERO;0,00 %;6;Nieves Alegre;;Poett Desinf. Solo para ti 900ml;1640,84;3463;;2;ALMACEN;1292,00;SIMON OLIVERA;;$;2;GRUPO AYUDIN ARGENTINA S.A;;;CON;;;;;;;PISO;;;;;25;JOHANA VIGIL;gcw;132587;;True;134653;0;1;;;;;;1;;1640,84
6484;ACONCAGUA 1990;FLORENCIO VARELA;2026-10-06;06-10-2026;07-10-2026;NCR-B-134653;DevoluciÛn por Rechazo;Empresa LAGOPUELO;34342;-2,00;-3281,68;-3970,83;BENITEZ ZUNILDA;SIN DINERO;0,00 %;6;Nieves Alegre;;Poett Dsnf AlgrDia 12/900ml;1640,84;3463;;2;ALMACEN;1292,00;SIMON OLIVERA;;$;2;GRUPO AYUDIN ARGENTINA S.A;;;CON;;;;;;;PISO;;;;;25;JOHANA VIGIL;gcw;132587;;True;134653;0;1;;;;;;1;;1640,84
6484;ACONCAGUA 1990;FLORENCIO VARELA;2026-10-06;06-10-2026;07-10-2026;NCR-B-134653;DevoluciÛn por Rechazo;Empresa LAGOPUELO;17927;-15,00;-12735,00;-15409,35;BENITEZ ZUNILDA;SIN DINERO;20,00 %;6;Nieves Alegre;;AYDN LAVDNA OR 15/1L;849,00;3463;;2;ALMACEN;849,00;SIMON OLIVERA;;$;2;GRUPO AYUDIN ARGENTINA S.A;;;CON;;;;;;;LAVANDINA;;;;;25;JOHANA VIGIL;gcw;132587;;True;134653;0;1;;;;;;1;;849,00
6484;ACONCAGUA 1990;FLORENCIO VARELA;2026-10-06;06-10-2026;07-10-2026;NCR-B-134653;DevoluciÛn por Rechazo;Empresa LAGOPUELO;60888;-2,00;-4974,71;-6019,40;BENITEZ ZUNILDA;SIN DINERO;15,00 %;6;Nieves Alegre;;Poett Aer SvdAlg ExtFrag 6/360ml;2487,36;3463;;2;ALMACEN;2251,00;SIMON OLIVERA;;$;2;GRUPO AYUDIN ARGENTINA S.A;;;CON;;;;;;;AERO POETT;;;;;25;JOHANA VIGIL;gcw;132587;;True;134653;0;1;;;;;;1;;2487,36
5426;DERQUI 1455;FLORENCIO VARELA;2026-10-06;06-10-2026;07-10-2026;NCR-A-134657;DevoluciÛn por Rechazo;LAGOPUELO S.A;60228;-6,00;-32838,00;-39733,98;HAI YAN;RECHAZA, MUY CARO;0,00 %;7;Myrian Lertora;;Aydn PurGlac TriPod 3/4l GP2;5473,00;3463;;3;AUTOSERVICIO;4210,00;SIMON OLIVERA;;$;2;GRUPO AYUDIN ARGENTINA S.A;;;CON;;;;;;;LAVANDINA;;;;;25;JOHANA VIGIL;gcw;132915;;True;134657;0;1;;;;;;1;;5473,00
5328;AV. HUDSON 553;FLORENCIO VARELA;2026-10-06;06-10-2026;07-10-2026;NCR-A-134658;DevoluciÛn por Rechazo;LAGOPUELO S.A;34321;-1,00;-3221,40;-3897,89;MAMAMI VALERIA NATALIA;ROTO;0,00 %;6;Nieves Alegre;;Poett Desinf. Frescura de Lavanda 1.8ml;3221,40;3463;;2;ALMACEN;2478,00;SIMON OLIVERA;;$;2;GRUPO AYUDIN ARGENTINA S.A;;;CON;;;;;;;PISO;;;;;25;JOHANA VIGIL;gcw;133278;;True;134658;0;1;;;;;;1;;3221,40
4320;Calle 882 N 4753;Quilmes;2026-10-06;06-10-2026;07-10-2026;NCR-A-134661;DevoluciÛn por Rechazo;LAGOPUELO S.A;34320;-1,00;-1312,67;-1588,33;CHEN MIN;ROTO;20,00 %;056;Ezequiel Ferreira;;Poett Desinf. Frescura de Lavanda 900ml;1312,67;3463;;3;AUTOSERVICIO;1292,00;SIMON OLIVERA;;$;2;GRUPO AYUDIN ARGENTINA S.A;;;CON;;;;;;;PISO;;;;;300;Bruno Centurion;gcw;132735;;True;134661;0;1;;;;;;1;;1312,67
809;AV DARDO ROCHA 660;Bernal;2026-10-07;07-10-2026;08-10-2026;NCR-A-134688;DevoluciÛn por Rechazo;Empresa LAGOPUELO;34320;-12,00;-15161,36;-18345,25;SHI YUECHI;NO QUIERE EL CLIENTE;23,00 %;054;Leonel Caruso;;Poett Desinf. Frescura de Lavanda 900ml;1263,45;3459;;3;AUTOSERVICIO;1292,00;LEONARDO SANTA CRUZ;;$;2;GRUPO AYUDIN ARGENTINA S.A;;;CON;;;;;;;PISO;;;;;300;Bruno Centurion;gcw;133703;;True;134688;0;1;;;;;;1;;1263,45
809;AV DARDO ROCHA 660;Bernal;2026-10-07;07-10-2026;08-10-2026;NCR-A-134688;DevoluciÛn por Rechazo;Empresa LAGOPUELO;34324;-12,00;-15161,36;-18345,25;SHI YUECHI;NO QUIERE EL CLIENTE;23,00 %;054;Leonel Caruso;;Poett Desinf. Flores de Primavera 900ml;1263,45;3459;;3;AUTOSERVICIO;1292,00;LEONARDO SANTA CRUZ;;$;2;GRUPO AYUDIN ARGENTINA S.A;;;CON;;;;;;;PISO;;;;;300;Bruno Centurion;gcw;133703;;True;134688;0;1;;;;;;1;;1263,45
809;AV DARDO ROCHA 660;Bernal;2026-10-07;07-10-2026;08-10-2026;NCR-A-134688;DevoluciÛn por Rechazo;Empresa LAGOPUELO;34327;-12,00;-15161,36;-18345,25;SHI YUECHI;NO QUIERE EL CLIENTE;23,00 %;054;Leonel Caruso;;Poett Desinf. Solo para ti 900ml;1263,45;3459;;3;AUTOSERVICIO;1292,00;LEONARDO SANTA CRUZ;;$;2;GRUPO AYUDIN ARGENTINA S.A;;;CON;;;;;;;PISO;;;;;300;Bruno Centurion;gcw;133703;;True;134688;0;1;;;;;;1;;1263,45
809;AV DARDO ROCHA 660;Bernal;2026-10-07;07-10-2026;08-10-2026;NCR-A-134688;DevoluciÛn por Rechazo;Empresa LAGOPUELO;34334;-12,00;-15161,36;-18345,25;SHI YUECHI;NO QUIERE EL CLIENTE;23,00 %;054;Leonel Caruso;;Poett Dsnf SuadBebe 12/900ml;1263,45;3459;;3;AUTOSERVICIO;1292,00;LEONARDO SANTA CRUZ;;$;2;GRUPO AYUDIN ARGENTINA S.A;;;CON;;;;;;;PISO;;;;;300;Bruno Centurion;gcw;133703;;True;134688;0;1;;;;;;1;;1263,45
809;AV DARDO ROCHA 660;Bernal;2026-10-07;07-10-2026;08-10-2026;NCR-A-134688;DevoluciÛn por Rechazo;Empresa LAGOPUELO;34342;-12,00;-15161,36;-18345,25;SHI YUECHI;NO QUIERE EL CLIENTE;23,00 %;054;Leonel Caruso;;Poett Dsnf AlgrDia 12/900ml;1263,45;3459;;3;AUTOSERVICIO;1292,00;LEONARDO SANTA CRUZ;;$;2;GRUPO AYUDIN ARGENTINA S.A;;;CON;;;;;;;PISO;;;;;300;Bruno Centurion;gcw;133703;;True;134688;0;1;;;;;;1;;1263,45
27464;Diego Laure - (AUTOSERVICIOS) 278;EZEIZA;2026-10-07;07-10-2026;08-10-2026;NCR-A-134770;DevoluciÛn por Rechazo;LAGOPUELO S.A;19874;-3,00;-12295,80;-14877,92;Zhang Baojin;NO HIZO PEDIDO;0,00 %;075;Julieta Yegros;;Poett Frgnz SvdBeb 12/250ml AR;4098,60;3458;;3;Autoservicio A;3036,00;WALTER JANIUK;;$;2;GRUPO AYUDIN ARGENTINA S.A;;;CON;;;;;;;AERO POETT;;;;;300;Bruno Centurion;gcw;133546;;True;134770;0;1;;;;;;1;;4098,60
27464;Diego Laure - (AUTOSERVICIOS) 278;EZEIZA;2026-10-07;07-10-2026;08-10-2026;NCR-A-134770;DevoluciÛn por Rechazo;LAGOPUELO S.A;50087;-3,00;-12295,80;-14877,92;Zhang Baojin;NO HIZO PEDIDO;0,00 %;075;Julieta Yegros;;Poett Frgnz Huellitas 12/250ml AR;4098,60;3458;;3;Autoservicio A;3036,00;WALTER JANIUK;;$;2;GRUPO AYUDIN ARGENTINA S.A;;;CON;;;;;;;AERO POETT;;;;;300;Bruno Centurion;gcw;133546;;True;134770;0;1;;;;;;1;;4098,60
107602;Manuel Maza 2755 0;LANUS;2026-10-07;07-10-2026;08-10-2026;NCR-A-134795;DevoluciÛn por Rechazo;ELEBES;61046;-15,00;-22306,05;-26990,32;Weng de;RECHAZA, MUY CARO;18,00 %;26;Sabrina Pereyra;;Aydn RopQuitMnch BlncInt 15/1l;1487,07;3454;;3;AUTOSERVICIO;1395,00;SIMON OLIVERA;;$;2;GRUPO AYUDIN ARGENTINA S.A;;;EFV;;;;;;;LAVADO DE ROPA;;;;;25;JOHANA VIGIL;gcw;133434;;True;134795;0;1;;;;;;1;;1487,07
101115;Gral. Olazabal N 4282 1 0;LANUS;2026-10-07;07-10-2026;08-10-2026;NCR-A-134800;DevoluciÛn por Rechazo;LAGOPUELO S.A;61576;-2,00;-3491,80;-4225,08;He Yangxing;ROTO;0,00 %;27;Samanta Dogliotti;;Aydn Bn Limp† Act Or DoyPk 16/450ml;1745,90;3454;;3;AUTOSERVICIO;1343,00;SIMON OLIVERA;;$;2;GRUPO AYUDIN ARGENTINA S.A;;;EFV;;;;;;;BAÒO;;;;;25;JOHANA VIGIL;gcw;133974;;True;134800;0;1;;;;;;1;;1745,90
102485;Marco Avellaneda 5524 0;LANUS;2026-10-07;07-10-2026;08-10-2026;NCR-A-134801;DevoluciÛn por Rechazo;LAGOPUELO S.A;60233;-1,00;-2908,71;-3519,54;Roberto Jimenez;ROTO;0,00 %;26;Sabrina Pereyra;;Aydn Lavdna Gel Or 15/700ml GP2;2908,71;3454;;georgalos-7;Almacen;2187,00;SIMON OLIVERA;;$;2;GRUPO AYUDIN ARGENTINA S.A;;;EFV;;;;;;;LAVANDINA;;;;;25;JOHANA VIGIL;gcw;133777;;True;134801;0;1;;;;;;1;;2908,71
23476;J SEGUI 1826;Lomas de Zamora;;08-10-2026;08-10-2026;VEN-135010;Venta;LAGOPUELO S.A;36003;80,00;130425,00;157814,25;ZHAN TIANLIANG;;25,00 %;063;Daniel Martin;;AYDN LAVDNA OR 25g/l 8/2l;1630,31;;;georgalos-1;Autoservicios;1739,00;;;$;2;GRUPO AYUDIN ARGENTINA S.A;;;CON;;;;;;;LAVANDINA;;;;;300;Bruno Centurion;AXUM;;;False;135010;1;1;;;;;;1;;1630,31
816;;Florencio Varela;;08-10-2026;08-10-2026;VEN-135224;Venta;LAGOPUELO S.A;18081;12,00;14013,00;16955,73;Erminia Rocha Cuiza;;0,00 %;7;Myrian Lertora;;Mort Espnjlla Dor 20/12/13g;1167,75;;;2;ALMACEN;865,00;;;$;2;GRUPO AYUDIN ARGENTINA S.A;;;CON;;;;;;;;;;;;25;JOHANA VIGIL;AXUM;;;False;135224;1;1;;;;;;1;;1167,75
816;;Florencio Varela;;08-10-2026;08-10-2026;VEN-135224;Venta;LAGOPUELO S.A;34320;6,00;9845,04;11912,50;Erminia Rocha Cuiza;;0,00 %;7;Myrian Lertora;;Poett Desinf. Frescura de Lavanda 900ml;1640,84;;;2;ALMACEN;1292,00;;;$;2;GRUPO AYUDIN ARGENTINA S.A;;;CON;;;;;;;PISO;;;;;25;JOHANA VIGIL;AXUM;;;False;135224;1;1;;;;;;1;;1640,84
816;;Florencio Varela;;08-10-2026;08-10-2026;VEN-135224;Venta;LAGOPUELO S.A;34336;6,00;9845,04;11912,50;Erminia Rocha Cuiza;;0,00 %;7;Myrian Lertora;;Poett Dsnf SuadAlg 12/900ml;1640,84;;;2;ALMACEN;1292,00;;;$;2;GRUPO AYUDIN ARGENTINA S.A;;;CON;;;;;;;PISO;;;;;25;JOHANA VIGIL;AXUM;;;False;135224;1;1;;;;;;1;;1640,84
