Cliente;Direccion;Localidad;FechaComprobante;FechaEntrega;FechaCarga;NroComprobante;TipoDeVenta;Empresa;Codigo;CantBase;ImporteNetoItem;ImporteItem;RazonSocial;MotivoDevolucion;Descuento;CodVendedor;Vendedor;RutaPreventa;Articulo;NetoItem;Reparto;ComentarioInterno;Ramo;Subramo;PrecioCosto;Chofer;valorDescuento;Mon_Simbolo;Mon_Decimales;Proveedor;PesoKg;ImpuestoInterno;CondicionPago;FechaLiquidacion;ComboCodigo;Marca;Linea;Sabor;Calibre;Familia;Rubro;Tags;Promociones;SegmentoRentabilidad;CodSupervisor;NomSupervisor;Origen;ComprobanteReferencia;Etiqueta;VentaDirecta;NumeroVenta;Pendiente;ListaPrecio;Taxonomia;OrdenPreparacion;FechaPreparacion;Bodeguistas;EtiquetaItem;UnidadFactor;PesoKgReal;NetoItemReal
5674;"AV. MEEKS E/Cnel Pringles Y J.M.Fern√°ndez - (Autoservicio) 639";TEMPERLEY;2026-09-30;01-10-2026;30-09-2026;FAC-A0001-00342770;Venta;LAGOPUELO S.A;61731;6,00;20145,41;24375,94;FANNY YAN;;15,00 %;073;Florencia Cubilla;0733;Sltn MataCuca Aer AccProl 6/360ml BA;3357,57;3393;"";AUTOSERVICIO;Autoservicio B;18516,00;MARIANO SOSA;592,51;$;2;GRUPO AYUDIN ARGENTINA S.A;0,00000000;0,00;Contado;02-10-2026 09:52;;SELTON;CLOROX;;CLOROX;SELTON;LAGO PUELO;LIMPIEZA;;;300;Bruno Centurion;AXUM;;CLOROX;False;130924;0;Lista General;Autoservicio B - A;42450;30-09-2026;759-GABRIEL PEREZ;CLOROX;1;0,00000000;3357,57
5674;"AV. MEEKS E/Cnel Pringles Y J.M.Fern√°ndez - (Autoservicio) 639";TEMPERLEY;2026-09-30;01-10-2026;30-09-2026;FAC-A0001-00342770;Venta;LAGOPUELO S.A;61577;16,00;22565,92;27304,76;FANNY YAN;;5,00 %;073;Florencia Cubilla;0733;Aydn Coc† Pod Act Or† DoyPk 16/450ml;1410,37;3393;"";AUTOSERVICIO;Autoservicio B;18272,00;MARIANO SOSA;74,23;$;2;GRUPO AYUDIN ARGENTINA S.A;0,00000000;0,00;Contado;02-10-2026 09:52;;AYUDIN;CLOROX;;CLOROX;COCINA;LAGO PUELO;LIMPIEZA;;;300;Bruno Centurion;AXUM;;CLOROX;False;130924;0;Lista General;Autoservicio B - A;42450;30-09-2026;759-GABRIEL PEREZ;CLOROX;1;0,00000000;1410,37
5674;"AV. MEEKS E/Cnel Pringles Y J.M.Fern√°ndez - (Autoservicio) 639";TEMPERLEY;2026-09-30;01-10-2026;30-09-2026;FAC-A0001-00342770;Venta;LAGOPUELO S.A;60234;15,00;37086,05;44874,12;FANNY YAN;;15,00 %;073;Florencia Cubilla;0733;Aydn Lavdna Gel Ctra 15/700ml GP2;2472,40;3393;"";AUTOSERVICIO;Autoservicio B;32805,00;MARIANO SOSA;436,31;$;2;GRUPO AYUDIN ARGENTINA S.A;0,00000000;0,00;Contado;02-10-2026 09:52;;AYUDIN;CLOROX;;CLOROX;LAVANDINA;LAGO PUELO;LIMPIEZA;;;300;Bruno Centurion;AXUM;;CLOROX;False;130924;0;Lista General;Autoservicio B - A;42450;30-09-2026;759-GABRIEL PEREZ;CLOROX;1;0,00000000;2472,40
5674;"AV. MEEKS E/Cnel Pringles Y J.M.Fern√°ndez - (Autoservicio) 639";TEMPERLEY;2026-09-30;01-10-2026;30-09-2026;FAC-A0001-00342770;Venta;LAGOPUELO S.A;60239;15,00;37086,05;44874,12;FANNY YAN;;15,00 %;073;Florencia Cubilla;0733;Aydn Lavdna Gel MntFrs 15/700ml GP2;2472,40;3393;"";AUTOSERVICIO;Autoservicio B;32805,00;MARIANO SOSA;436,31;$;2;GRUPO AYUDIN ARGENTINA S.A;0,00000000;0,00;Contado;02-10-2026 09:52;;AYUDIN;CLOROX;;CLOROX;LAVANDINA;LAGO PUELO;LIMPIEZA;;;300;Bruno Centurion;AXUM;;CLOROX;False;130924;0;Lista General;Autoservicio B - A;42450;30-09-2026;759-GABRIEL PEREZ;CLOROX;1;0,00000000;2472,40
5674;"AV. MEEKS E/Cnel Pringles Y J.M.Fern√°ndez - (Autoservicio) 639";TEMPERLEY;2026-09-30;01-10-2026;30-09-2026;FAC-A0001-00342770;Venta;LAGOPUELO S.A;60240;15,00;37086,05;44874,12;FANNY YAN;;15,00 %;073;Florencia Cubilla;0733;Aydn Lavdna Gel Lavda EXPRT 15/700ml GP2;2472,40;3393;"";AUTOSERVICIO;Autoservicio B;32805,00;MARIANO SOSA;436,31;$;2;GRUPO AYUDIN ARGENTINA S.A;0,00000000;0,00;Contado;02-10-2026 09:52;;AYUDIN;CLOROX;;CLOROX;LAVANDINA;LAGO PUELO;LIMPIEZA;;;300;Bruno Centurion;AXUM;;CLOROX;False;130924;0;Lista General;Autoservicio B - A;42450;30-09-2026;759-GABRIEL PEREZ;CLOROX;1;0,00000000;2472,40
5674;"AV. MEEKS E/Cnel Pringles Y J.M.Fern√°ndez - (Autoservicio) 639";TEMPERLEY;2026-09-30;01-10-2026;30-09-2026;FAC-A0001-00342770;Venta;LAGOPUELO S.A;32288;16,00;29432,00;35612,72;FANNY YAN;;0,00 %;073;Florencia Cubilla;0733;Tren Oxi DoyPk 16/400ml                 ;1839,50;3393;"";AUTOSERVICIO;Autoservicio B;22640,00;MARIANO SOSA;0,00;$;2;GRUPO AYUDIN ARGENTINA S.A;0,00000000;0,00;Contado;02-10-2026 09:52;;TRENET;CLOROX;;CLOROX;LAVADO DE ROPA;LAGO PUELO;LIMPIEZA;;;300;Bruno Centurion;AXUM;;CLOROX;False;130924;0;Lista General;Autoservicio B - A;42450;30-09-2026;759-GABRIEL PEREZ;CLOROX;1;0,00000000;1839,50
5674;"AV. MEEKS E/Cnel Pringles Y J.M.Fern√°ndez - (Autoservicio) 639";TEMPERLEY;2026-09-30;01-10-2026;30-09-2026;FAC-A0001-00342770;Venta;LAGOPUELO S.A;22963;6,00;24577,80;29739,14;FANNY YAN;;0,00 %;073;Florencia Cubilla;0733;Tren Oxi Trig EftEspma 12/500ml         ;4096,30;3393;"";AUTOSERVICIO;Autoservicio B;18906,00;MARIANO SOSA;0,00;$;2;GRUPO AYUDIN ARGENTINA S.A;0,00000000;0,00;Contado;02-10-2026 09:52;;TRENET;CLOROX;;CLOROX;AERO POETT;LAGO PUELO;LIMPIEZA;;;300;Bruno Centurion;AXUM;;CLOROX;False;130924;0;Lista General;Autoservicio B - A;42450;30-09-2026;759-GABRIEL PEREZ;CLOROX;1;0,00000000;4096,30
5674;"AV. MEEKS E/Cnel Pringles Y J.M.Fern√°ndez - (Autoservicio) 639";TEMPERLEY;2026-09-30;01-10-2026;30-09-2026;FAC-A0001-00342770;Venta;LAGOPUELO S.A;22057;12,00;18928,56;22903,56;FANNY YAN;;0,00 %;073;Florencia Cubilla;0733;Pluz Pino 12/900ml;1577,38;3393;"";AUTOSERVICIO;Autoservicio B;14232,00;MARIANO SOSA;0,00;$;2;GRUPO AYUDIN ARGENTINA S.A;0,00000000;0,00;Contado;02-10-2026 09:52;;PINO LUZ;CLOROX;;CLOROX;PISO;LAGO PUELO;LIMPIEZA;;;300;Bruno Centurion;AXUM;;CLOROX;False;130924;0;Lista General;Autoservicio B - A;42450;30-09-2026;759-GABRIEL PEREZ;CLOROX;1;0,00000000;1577,38
27513;"M Arrotea - (TRADICIONAL) 2102";LOMAS DE ZAMORA;2026-09-30;01-10-2026;30-09-2026;FAC-A0001-00342771;Venta;LAGOPUELO S.A;34324;12,00;15752,06;19060,00;Segovia Marcela Itati;;20,00 %;073;Florencia Cubilla;0733;Poett Desinf. Flores de Primavera 900ml;1312,67;3393;"";ALMACEN;ALMACEN;15504,00;MARIANO SOSA;328,17;$;2;GRUPO AYUDIN ARGENTINA S.A;0,00000000;0,00;Contado;02-10-2026 09:52;;POETT;CLOROX;;CLOROX;PISO;LAGO PUELO;LIMPIEZA;;;300;Bruno Centurion;AXUM;;CLOROX;False;130958;0;Lista General;ALMACEN - A;42451;30-09-2026;759-GABRIEL PEREZ;CLOROX;1;0,00000000;1312,67
27513;"M Arrotea - (TRADICIONAL) 2102";LOMAS DE ZAMORA;2026-09-30;01-10-2026;30-09-2026;FAC-A0001-00342771;Venta;LAGOPUELO S.A;34320;12,00;15752,06;19060,00;Segovia Marcela Itati;;20,00 %;073;Florencia Cubilla;0733;Poett Desinf. Frescura de Lavanda 900ml;1312,67;3393;"";ALMACEN;ALMACEN;15504,00;MARIANO SOSA;328,17;$;2;GRUPO AYUDIN ARGENTINA S.A;0,00000000;0,00;Contado;02-10-2026 09:52;;POETT;CLOROX;;CLOROX;PISO;LAGO PUELO;LIMPIEZA;;;300;Bruno Centurion;AXUM;;CLOROX;False;130958;0;Lista General;ALMACEN - A;42451;30-09-2026;759-GABRIEL PEREZ;CLOROX;1;0,00000000;1312,67
27513;"M Arrotea - (TRADICIONAL) 2102";LOMAS DE ZAMORA;2026-09-30;01-10-2026;30-09-2026;FAC-A0001-00342771;Venta;LAGOPUELO S.A;34342;12,00;15752,06;19060,00;Segovia Marcela Itati;;20,00 %;073;Florencia Cubilla;0733;Poett Dsnf AlgrDia 12/900ml;1312,67;3393;"";ALMACEN;ALMACEN;15504,00;MARIANO SOSA;328,17;$;2;GRUPO AYUDIN ARGENTINA S.A;0,00000000;0,00;Contado;02-10-2026 09:52;;POETT;CLOROX;;CLOROX;PISO;LAGO PUELO;LIMPIEZA;;;300;Bruno Centurion;AXUM;;CLOROX;False;130958;0;Lista General;ALMACEN - A;42451;30-09-2026;759-GABRIEL PEREZ;CLOROX;1;0,00000000;1312,67
27513;"M Arrotea - (TRADICIONAL) 2102";LOMAS DE ZAMORA;2026-09-30;01-10-2026;30-09-2026;FAC-A0001-00342771;Venta;LAGOPUELO S.A;33575;16,00;28848,23;34906,36;Segovia Marcela Itati;;5,00 %;073;Florencia Cubilla;0733;Aydn Ropa ClrViv DoyPk 16/400ml;1803,01;3393;"";ALMACEN;ALMACEN;22832,00;MARIANO SOSA;94,90;$;2;GRUPO AYUDIN ARGENTINA S.A;0,00000000;0,00;Contado;02-10-2026 09:52;;AYUDIN;CLOROX;;CLOROX;LAVADO DE ROPA;LAGO PUELO;LIMPIEZA;;;300;Bruno Centurion;AXUM;;CLOROX;False;130958;0;Lista General;ALMACEN - A;42451;30-09-2026;759-GABRIEL PEREZ;CLOROX;1;0,00000000;1803,01
27513;"M Arrotea - (TRADICIONAL) 2102";LOMAS DE ZAMORA;2026-09-30;01-10-2026;30-09-2026;FAC-A0001-00342771;Venta;LAGOPUELO S.A;33577;12,00;35736,83;43241,57;Segovia Marcela Itati;;5,00 %;073;Florencia Cubilla;0733;Aydn Ropa ClrViv DoyPk 12/650ml;2978,07;3393;"";ALMACEN;ALMACEN;28284,00;MARIANO SOSA;156,74;$;2;GRUPO AYUDIN ARGENTINA S.A;0,00000000;0,00;Contado;02-10-2026 09:52;;AYUDIN;CLOROX;;CLOROX;LAVADO DE ROPA;LAGO PUELO;LIMPIEZA;;;300;Bruno Centurion;AXUM;;CLOROX;False;130958;0;Lista General;ALMACEN - A;42451;30-09-2026;759-GABRIEL PEREZ;CLOROX;1;0,00000000;2978,07
27513;"M Arrotea - (TRADICIONAL) 2102";LOMAS DE ZAMORA;2026-09-30;01-10-2026;30-09-2026;FAC-A0001-00342771;Venta;LAGOPUELO S.A;22057;12,00;18928,56;22903,56;Segovia Marcela Itati;;0,00 %;073;Florencia Cubilla;0733;Pluz Pino 12/900ml;1577,38;3393;"";ALMACEN;ALMACEN;14232,00;MARIANO SOSA;0,00;$;2;GRUPO AYUDIN ARGENTINA S.A;0,00000000;0,00;Contado;02-10-2026 09:52;;PINO LUZ;CLOROX;;CLOROX;PISO;LAGO PUELO;LIMPIEZA;;;300;Bruno Centurion;AXUM;;CLOROX;False;130958;0;Lista General;ALMACEN - A;42451;30-09-2026;759-GABRIEL PEREZ;CLOROX;1;0,00000000;1577,38
27513;"M Arrotea - (TRADICIONAL) 2102";LOMAS DE ZAMORA;2026-09-30;01-10-2026;30-09-2026;FAC-A0001-00342771;Venta;LAGOPUELO S.A;32288;6,00;11037,00;13354,77;Segovia Marcela Itati;;0,00 %;073;Florencia Cubilla;0733;Tren Oxi DoyPk 16/400ml                 ;1839,50;3393;"";ALMACEN;ALMACEN;8490,00;MARIANO SOSA;0,00;$;2;GRUPO AYUDIN ARGENTINA S.A;0,00000000;0,00;Contado;02-10-2026 09:52;;TRENET;CLOROX;;CLOROX;LAVADO DE ROPA;LAGO PUELO;LIMPIEZA;;;300;Bruno Centurion;AXUM;;CLOROX;False;130958;0;Lista General;ALMACEN - A;42451;30-09-2026;759-GABRIEL PEREZ;CLOROX;1;0,00000000;1839,50
27513;"M Arrotea - (TRADICIONAL) 2102";LOMAS DE ZAMORA;2026-09-30;01-10-2026;30-09-2026;FAC-A0001-00342771;Venta;LAGOPUELO S.A;61046;15,00;22306,05;26990,32;Segovia Marcela Itati;;18,00 %;073;Florencia Cubilla;0733;Aydn RopQuitMnch BlncInt 15/1l;1487,07;3393;"";ALMACEN;ALMACEN;20925,00;MARIANO SOSA;326,43;$;2;GRUPO AYUDIN ARGENTINA S.A;0,00000000;0,00;Contado;02-10-2026 09:52;;AYUDIN;CLOROX;;CLOROX;LAVADO DE ROPA;LAGO PUELO;LIMPIEZA;;;300;Bruno Centurion;AXUM;;CLOROX;False;130958;0;Lista General;ALMACEN - A;42451;30-09-2026;759-GABRIEL PEREZ;CLOROX;1;0,00000000;1487,07
27513;"M Arrotea - (TRADICIONAL) 2102";LOMAS DE ZAMORA;2026-09-30;01-10-2026;30-09-2026;FAC-A0001-00342771;Venta;LAGOPUELO S.A;60234;15,00;37086,05;44874,12;Segovia Marcela Itati;;15,00 %;073;Florencia Cubilla;0733;Aydn Lavdna Gel Ctra 15/700ml GP2;2472,40;3393;"";ALMACEN;ALMACEN;32805,00;MARIANO SOSA;436,31;$;2;GRUPO AYUDIN ARGENTINA S.A;0,00000000;0,00;Contado;02-10-2026 09:52;;AYUDIN;CLOROX;;CLOROX;LAVANDINA;LAGO PUELO;LIMPIEZA;;;300;Bruno Centurion;AXUM;;CLOROX;False;130958;0;Lista General;ALMACEN - A;42451;30-09-2026;759-GABRIEL PEREZ;CLOROX;1;0,00000000;2472,40
27525;"Santa Filomena - (AUTOSERVICIOS) 249";LOMAS DE ZAMORA;2026-09-30;01-10-2026;30-09-2026;FAC-A0001-00342772;Venta;LAGOPUELO S.A;60233;2,00;4944,81;5983,22;Mariano Tassara;;15,00 %;073;Florencia Cubilla;0733;Aydn Lavdna Gel Or 15/700ml GP2;2472,40;3393;"";ALMACEN;ALMACEN;4374,00;MARIANO SOSA;436,31;$;2;GRUPO AYUDIN ARGENTINA S.A;0,00000000;0,00;Contado;02-10-2026 09:52;;AYUDIN;CLOROX;;CLOROX;LAVANDINA;LAGO PUELO;LIMPIEZA;;;300;Bruno Centurion;AXUM;;CLOROX;False;131214;0;Lista General;ALMACEN - A;42454;30-09-2026;759-GABRIEL PEREZ;CLOROX;1;0,00000000;2472,40
27525;"Santa Filomena - (AUTOSERVICIOS) 249";LOMAS DE ZAMORA;2026-09-30;01-10-2026;30-09-2026;FAC-A0001-00342772;Venta;LAGOPUELO S.A;18026;2,00;5142,80;6222,79;Mariano Tassara;;0,00 %;073;Florencia Cubilla;0733;Aydn Dsnf PstWC 36/16g                  ;2571,40;3393;"";ALMACEN;ALMACEN;3956,00;MARIANO SOSA;0,00;$;2;GRUPO AYUDIN ARGENTINA S.A;0,00000000;0,00;Contado;02-10-2026 09:52;;AYUDIN;CLOROX;;CLOROX;COCINA;LAGO PUELO;LIMPIEZA;;;300;Bruno Centurion;AXUM;;CLOROX;False;131214;0;Lista General;ALMACEN - A;42454;30-09-2026;759-GABRIEL PEREZ;CLOROX;1;0,00000000;2571,40
27525;"Santa Filomena - (AUTOSERVICIOS) 249";LOMAS DE ZAMORA;2026-09-30;01-10-2026;30-09-2026;FAC-A0001-00342772;Venta;LAGOPUELO S.A;17927;15,00;12735,00;15409,35;Mariano Tassara;;20,00 %;073;Florencia Cubilla;0733;AYDN LAVDNA OR 15/1L;849,00;3393;"";ALMACEN;ALMACEN;12735,00;MARIANO SOSA;212,25;$;2;GRUPO AYUDIN ARGENTINA S.A;0,00000000;0,00;Contado;02-10-2026 09:52;;AYUDIN;CLOROX;;CLOROX;LAVANDINA;LAGO PUELO;LIMPIEZA;;;300;Bruno Centurion;AXUM;;CLOROX;False;131214;0;Lista General;ALMACEN - A;42454;30-09-2026;759-GABRIEL PEREZ;CLOROX;1;0,00000000;849,00
27640;"CATALINA RODRIGUEZ - (ARTICULO DE LIMPIEZA) 695";LOMAS DE ZAMORA;2026-09-30;01-10-2026;30-09-2026;FAC-A0001-00342777;Venta;LAGOPUELO S.A;33576;16,00;30366,56;36743,54;MARCELO MAURICIO ALVAREZ REYES;;0,00 %;073;Florencia Cubilla;0733;Aydn Ropa BlncSprms DoyPk 16/400ml;1897,91;3393;"";Otros;Articulo de limpieza;22832,00;MARIANO SOSA;0,00;$;2;GRUPO AYUDIN ARGENTINA S.A;0,00000000;0,00;Contado;02-10-2026 09:52;;AYUDIN;CLOROX;;CLOROX;LAVADO DE ROPA;LAGO PUELO;LIMPIEZA;;;300;Bruno Centurion;AXUM;;CLOROX;False;131336;0;Lista General;Articulo de limpieza - A;42460;30-09-2026;759-GABRIEL PEREZ;CLOROX;1;0,00000000;1897,91
27640;"CATALINA RODRIGUEZ - (ARTICULO DE LIMPIEZA) 695";LOMAS DE ZAMORA;2026-09-30;01-10-2026;30-09-2026;FAC-A0001-00342777;Venta;LAGOPUELO S.A;36003;16,00;27824,00;33667,04;MARCELO MAURICIO ALVAREZ REYES;;20,00 %;073;Florencia Cubilla;0733;AYDN LAVDNA OR 25g/l 8/2l;1739,00;3393;"";Otros;Articulo de limpieza;27824,00;MARIANO SOSA;434,75;$;2;GRUPO AYUDIN ARGENTINA S.A;0,00000000;0,00;Contado;02-10-2026 09:52;;AYUDIN;CLOROX;;CLOROX;LAVANDINA;LAGO PUELO;LIMPIEZA;;;300;Bruno Centurion;AXUM;;CLOROX;False;131336;0;Lista General;Articulo de limpieza - A;42460;30-09-2026;759-GABRIEL PEREZ;CLOROX;1;0,00000000;1739,00
28041;"Lavalle - (TRADICIONAL) 699";TEMPERLEY;2026-09-30;01-10-2026;30-09-2026;FAC-B0001-00018613;Venta;LAGOPUELO S.A;34336;6,00;8860,54;10721,25;ARES MARIA DEL CARMEN;;10,00 %;073;Florencia Cubilla;0733;Poett Dsnf SuadAlg 12/900ml;1476,76;3393;"";ALMACEN;ALMACEN;7752,00;MARIANO SOSA;164,08;$;2;GRUPO AYUDIN ARGENTINA S.A;0,00000000;0,00;Contado;02-10-2026 09:52;;POETT;CLOROX;;CLOROX;PISO;LAGO PUELO;LIMPIEZA;;;300;Bruno Centurion;AXUM;;CLOROX;False;131005;0;Lista General;ALMACEN - A;42453;30-09-2026;759-GABRIEL PEREZ;CLOROX;1;0,00000000;1476,76
28041;"Lavalle - (TRADICIONAL) 699";TEMPERLEY;2026-09-30;01-10-2026;30-09-2026;FAC-B0001-00018613;Venta;LAGOPUELO S.A;36003;4,00;7825,50;9468,86;ARES MARIA DEL CARMEN;;10,00 %;073;Florencia Cubilla;0733;AYDN LAVDNA OR 25g/l 8/2l;1956,38;3393;"";ALMACEN;ALMACEN;6956,00;MARIANO SOSA;217,38;$;2;GRUPO AYUDIN ARGENTINA S.A;0,00000000;0,00;Contado;02-10-2026 09:52;;AYUDIN;CLOROX;;CLOROX;LAVANDINA;LAGO PUELO;LIMPIEZA;;;300;Bruno Centurion;AXUM;;CLOROX;False;131005;0;Lista General;ALMACEN - A;42453;30-09-2026;759-GABRIEL PEREZ;CLOROX;1;0,00000000;1956,38
28041;"Lavalle - (TRADICIONAL) 699";TEMPERLEY;2026-09-30;01-10-2026;30-09-2026;FAC-B0001-00018613;Venta;LAGOPUELO S.A;61047;1,00;3610,10;4368,22;ARES MARIA DEL CARMEN;;0,00 %;073;Florencia Cubilla;0733;Aydn RopQuitMnch BlncInt 8/2l;3610,10;3393;"";ALMACEN;ALMACEN;2777,00;MARIANO SOSA;0,00;$;2;GRUPO AYUDIN ARGENTINA S.A;0,00000000;0,00;Contado;02-10-2026 09:52;;AYUDIN;CLOROX;;CLOROX;LAVADO DE ROPA;LAGO PUELO;LIMPIEZA;;;300;Bruno Centurion;AXUM;;CLOROX;False;131005;0;Lista General;ALMACEN - A;42453;30-09-2026;759-GABRIEL PEREZ;CLOROX;1;0,00000000;3610,10
28041;"Lavalle - (TRADICIONAL) 699";TEMPERLEY;2026-09-30;01-10-2026;30-09-2026;FAC-B0001-00018613;Venta;LAGOPUELO S.A;32288;2,00;3679,00;4451,59;ARES MARIA DEL CARMEN;;0,00 %;073;Florencia Cubilla;0733;Tren Oxi DoyPk 16/400ml                 ;1839,50;3393;"";ALMACEN;ALMACEN;2830,00;MARIANO SOSA;0,00;$;2;GRUPO AYUDIN ARGENTINA S.A;0,00000000;0,00;Contado;02-10-2026 09:52;;TRENET;CLOROX;;CLOROX;LAVADO DE ROPA;LAGO PUELO;LIMPIEZA;;;300;Bruno Centurion;AXUM;;CLOROX;False;131005;0;Lista General;ALMACEN - A;42453;30-09-2026;759-GABRIEL PEREZ;CLOROX;1;0,00000000;1839,50
2978;"AV. MILAZZO 809 ESQUINA CNO GRAL BELGRANO 0";Berazategui;2026-10-01;01-10-2026;29-09-2026;FAC-A0001-00342785;Venta;LAGOPUELO S.A;36003;16,00;27824,00;33667,04;MONTERO JORGE MARCELO;;20,00 %;051;Ezequiel Valente;0512;AYDN LAVDNA OR 25g/l 8/2l;1739,00;3397;"";AUTOSERVICIO;AUTOSERVICIO;27824,00;JUAN ESCOTO;434,75;$;2;GRUPO AYUDIN ARGENTINA S.A;0,00000000;0,00;Contado;02-10-2026 10:03;;AYUDIN;CLOROX;;CLOROX;LAVANDINA;LAGO PUELO;LIMPIEZA;;;300;Bruno Centurion;AXUM;;CLOROX;False;130524;0;Lista General;AUTOSERVICIO - A;42319;30-09-2026;509-LUCAS GODOY;CLOROX;1;0,00000000;1739,00
2978;"AV. MILAZZO 809 ESQUINA CNO GRAL BELGRANO 0";Berazategui;2026-10-01;01-10-2026;29-09-2026;FAC-A0001-00342785;Venta;LAGOPUELO S.A;17927;15,00;12735,00;15409,35;MONTERO JORGE MARCELO;;20,00 %;051;Ezequiel Valente;0512;AYDN LAVDNA OR 15/1L;849,00;3397;"";AUTOSERVICIO;AUTOSERVICIO;12735,00;JUAN ESCOTO;212,25;$;2;GRUPO AYUDIN ARGENTINA S.A;0,00000000;0,00;Contado;02-10-2026 10:03;;AYUDIN;CLOROX;;CLOROX;LAVANDINA;LAGO PUELO;LIMPIEZA;;;300;Bruno Centurion;AXUM;;CLOROX;False;130524;0;Lista General;AUTOSERVICIO - A;42319;30-09-2026;509-LUCAS GODOY;CLOROX;1;0,00000000;849,00
5309;"PABLO PODESTA 1629";FLORENCIO VARELA;2026-10-01;01-10-2026;30-09-2026;FAC-A0001-00342789;Venta;LAGOPUELO S.A;60222;45,00;52211,25;63175,61;YANG JIANXING††††††††††††††;;15,00 %;051;Ezequiel Valente;0513;Aydn Lavda TriPod 15/1l GP2;1160,25;3397;"";AUTOSERVICIO;AUTOSERVICIO;47250,00;JUAN ESCOTO;204,75;$;2;GRUPO AYUDIN ARGENTINA S.A;0,00000000;0,00;Contado;02-10-2026 10:03;;AYUDIN;CLOROX;;CLOROX;LAVANDINA;LAGO PUELO;LIMPIEZA;;;300;Bruno Centurion;AXUM;;CLOROX;False;131060;0;Lista General;AUTOSERVICIO - A;42323;30-09-2026;509-LUCAS GODOY;CLOROX;1;0,00000000;1160,25
5309;"PABLO PODESTA 1629";FLORENCIO VARELA;2026-10-01;01-10-2026;30-09-2026;FAC-A0001-00342789;Venta;LAGOPUELO S.A;60226;30,00;34807,50;42117,08;YANG JIANXING††††††††††††††;;15,00 %;051;Ezequiel Valente;0513;Aydn PurGlac TriPod 15/1l GP2;1160,25;3397;"";AUTOSERVICIO;AUTOSERVICIO;31500,00;JUAN ESCOTO;204,75;$;2;GRUPO AYUDIN ARGENTINA S.A;0,00000000;0,00;Contado;02-10-2026 10:03;;AYUDIN;CLOROX;;CLOROX;LAVANDINA;LAGO PUELO;LIMPIEZA;;;300;Bruno Centurion;AXUM;;CLOROX;False;131060;0;Lista General;AUTOSERVICIO - A;42323;30-09-2026;509-LUCAS GODOY;CLOROX;1;0,00000000;1160,25
5309;"PABLO PODESTA 1629";FLORENCIO VARELA;2026-10-01;01-10-2026;30-09-2026;FAC-A0001-00342789;Venta;LAGOPUELO S.A;60231;15,00;21905,10;26505,17;YANG JIANXING††††††††††††††;;10,00 %;051;Ezequiel Valente;0513;Aydn A-Sp Trad 15/1l GP2;1460,34;3397;"";AUTOSERVICIO;AUTOSERVICIO;18300,00;JUAN ESCOTO;162,26;$;2;GRUPO AYUDIN ARGENTINA S.A;0,00000000;0,00;Contado;02-10-2026 10:03;;AYUDIN;CLOROX;;CLOROX;LAVANDINA;LAGO PUELO;LIMPIEZA;;;300;Bruno Centurion;AXUM;;CLOROX;False;131060;0;Lista General;AUTOSERVICIO - A;42323;30-09-2026;509-LUCAS GODOY;CLOROX;1;0,00000000;1460,34
5309;"PABLO PODESTA 1629";FLORENCIO VARELA;2026-10-01;01-10-2026;30-09-2026;FAC-A0001-00342789;Venta;LAGOPUELO S.A;61047;8,00;25992,72;31451,19;YANG JIANXING††††††††††††††;;10,00 %;051;Ezequiel Valente;0513;Aydn RopQuitMnch BlncInt 8/2l;3249,09;3397;"";AUTOSERVICIO;AUTOSERVICIO;22216,00;JUAN ESCOTO;361,01;$;2;GRUPO AYUDIN ARGENTINA S.A;0,00000000;0,00;Contado;02-10-2026 10:03;;AYUDIN;CLOROX;;CLOROX;LAVADO DE ROPA;LAGO PUELO;LIMPIEZA;;;300;Bruno Centurion;AXUM;;CLOROX;False;131060;0;Lista General;AUTOSERVICIO - A;42323;30-09-2026;509-LUCAS GODOY;CLOROX;1;0,00000000;3249,09
5309;"PABLO PODESTA 1629";FLORENCIO VARELA;2026-10-01;01-10-2026;30-09-2026;FAC-A0001-00342789;Venta;LAGOPUELO S.A;60223;32,00;73973,12;89507,48;YANG JIANXING††††††††††††††;;15,00 %;051;Ezequiel Valente;0513;Aydn Lavda TriPod 8/2l GP2;2311,66;3397;"";AUTOSERVICIO;AUTOSERVICIO;66944,00;JUAN ESCOTO;407,94;$;2;GRUPO AYUDIN ARGENTINA S.A;0,00000000;0,00;Contado;02-10-2026 10:03;;AYUDIN;CLOROX;;CLOROX;LAVANDINA;LAGO PUELO;LIMPIEZA;;;300;Bruno Centurion;AXUM;;CLOROX;False;131060;0;Lista General;AUTOSERVICIO - A;42323;30-09-2026;509-LUCAS GODOY;CLOROX;1;0,00000000;2311,66
5309;"PABLO PODESTA 1629";FLORENCIO VARELA;2026-10-01;01-10-2026;30-09-2026;FAC-A0001-00342789;Venta;LAGOPUELO S.A;60227;8,00;18493,28;22376,87;YANG JIANXING††††††††††††††;;15,00 %;051;Ezequiel Valente;0513;Aydn PurGlac TriPod 8/2l GP2;2311,66;3397;"";AUTOSERVICIO;AUTOSERVICIO;16736,00;JUAN ESCOTO;407,94;$;2;GRUPO AYUDIN ARGENTINA S.A;0,00000000;0,00;Contado;02-10-2026 10:03;;AYUDIN;CLOROX;;CLOROX;LAVANDINA;LAGO PUELO;LIMPIEZA;;;300;Bruno Centurion;AXUM;;CLOROX;False;131060;0;Lista General;AUTOSERVICIO - A;42323;30-09-2026;509-LUCAS GODOY;CLOROX;1;0,00000000;2311,66
5309;"PABLO PODESTA 1629";FLORENCIO VARELA;2026-10-01;01-10-2026;30-09-2026;FAC-A0001-00342789;Venta;LAGOPUELO S.A;36003;80,00;130425,00;157814,25;YANG JIANXING††††††††††††††;;25,00 %;051;Ezequiel Valente;0513;AYDN LAVDNA OR 25g/l 8/2l;1630,31;3397;"";AUTOSERVICIO;AUTOSERVICIO;139120,00;JUAN ESCOTO;543,44;$;2;GRUPO AYUDIN ARGENTINA S.A;0,00000000;0,00;Contado;02-10-2026 10:03;;AYUDIN;CLOROX;;CLOROX;LAVANDINA;LAGO PUELO;LIMPIEZA;;;300;Bruno Centurion;AXUM;;CLOROX;False;131060;0;Lista General;AUTOSERVICIO - A;42323;30-09-2026;509-LUCAS GODOY;CLOROX;1;0,00000000;1630,31
5309;"PABLO PODESTA 1629";FLORENCIO VARELA;2026-10-01;01-10-2026;30-09-2026;FAC-A0001-00342789;Venta;LAGOPUELO S.A;34320;36,00;44302,68;53606,24;YANG JIANXING††††††††††††††;;25,00 %;051;Ezequiel Valente;0513;Poett Desinf. Frescura de Lavanda 900ml;1230,63;3397;"";AUTOSERVICIO;AUTOSERVICIO;46512,00;JUAN ESCOTO;410,21;$;2;GRUPO AYUDIN ARGENTINA S.A;0,00000000;0,00;Contado;02-10-2026 10:03;;POETT;CLOROX;;CLOROX;PISO;LAGO PUELO;LIMPIEZA;;;300;Bruno Centurion;AXUM;;CLOROX;False;131060;0;Lista General;AUTOSERVICIO - A;42323;30-09-2026;509-LUCAS GODOY;CLOROX;1;0,00000000;1230,63
5309;"PABLO PODESTA 1629";FLORENCIO VARELA;2026-10-01;01-10-2026;30-09-2026;FAC-A0001-00342789;Venta;LAGOPUELO S.A;34324;24,00;29535,12;35737,50;YANG JIANXING††††††††††††††;;25,00 %;051;Ezequiel Valente;0513;Poett Desinf. Flores de Primavera 900ml;1230,63;3397;"";AUTOSERVICIO;AUTOSERVICIO;31008,00;JUAN ESCOTO;410,21;$;2;GRUPO AYUDIN ARGENTINA S.A;0,00000000;0,00;Contado;02-10-2026 10:03;;POETT;CLOROX;;CLOROX;PISO;LAGO PUELO;LIMPIEZA;;;300;Bruno Centurion;AXUM;;CLOROX;False;131060;0;Lista General;AUTOSERVICIO - A;42323;30-09-2026;509-LUCAS GODOY;CLOROX;1;0,00000000;1230,63
5309;"PABLO PODESTA 1629";FLORENCIO VARELA;2026-10-01;01-10-2026;30-09-2026;FAC-A0001-00342789;Venta;LAGOPUELO S.A;34327;12,00;14767,56;17868,75;YANG JIANXING††††††††††††††;;25,00 %;051;Ezequiel Valente;0513;Poett Desinf. Solo para ti 900ml;1230,63;3397;"";AUTOSERVICIO;AUTOSERVICIO;15504,00;JUAN ESCOTO;410,21;$;2;GRUPO AYUDIN ARGENTINA S.A;0,00000000;0,00;Contado;02-10-2026 10:03;;POETT;CLOROX;;CLOROX;PISO;LAGO PUELO;LIMPIEZA;;;300;Bruno Centurion;AXUM;;CLOROX;False;131060;0;Lista General;AUTOSERVICIO - A;42323;30-09-2026;509-LUCAS GODOY;CLOROX;1;0,00000000;1230,63
5309;"PABLO PODESTA 1629";FLORENCIO VARELA;2026-10-01;01-10-2026;30-09-2026;FAC-A0001-00342789;Venta;LAGOPUELO S.A;60386;12,00;14767,56;17868,75;YANG JIANXING††††††††††††††;;25,00 %;051;Ezequiel Valente;0513;Poett EsptPly 12/900ml;1230,63;3397;"";AUTOSERVICIO;AUTOSERVICIO;15504,00;JUAN ESCOTO;410,21;$;2;GRUPO AYUDIN ARGENTINA S.A;0,00000000;0,00;Contado;02-10-2026 10:03;;POETT;CLOROX;;CLOROX;PISO;LAGO PUELO;LIMPIEZA;;;300;Bruno Centurion;AXUM;;CLOROX;False;131060;0;Lista General;AUTOSERVICIO - A;42323;30-09-2026;509-LUCAS GODOY;CLOROX;1;0,00000000;1230,63
5309;"PABLO PODESTA 1629";FLORENCIO VARELA;2026-10-01;01-10-2026;30-09-2026;FAC-A0001-00342789;Venta;LAGOPUELO S.A;34334;12,00;14767,56;17868,75;YANG JIANXING††††††††††††††;;25,00 %;051;Ezequiel Valente;0513;Poett Dsnf SuadBebe 12/900ml;1230,63;3397;"";AUTOSERVICIO;AUTOSERVICIO;15504,00;JUAN ESCOTO;410,21;$;2;GRUPO AYUDIN ARGENTINA S.A;0,00000000;0,00;Contado;02-10-2026 10:03;;POETT;CLOROX;;CLOROX;PISO;LAGO PUELO;LIMPIEZA;;;300;Bruno Centurion;AXUM;;CLOROX;False;131060;0;Lista General;AUTOSERVICIO - A;42323;30-09-2026;509-LUCAS GODOY;CLOROX;1;0,00000000;1230,63
5309;"PABLO PODESTA 1629";FLORENCIO VARELA;2026-10-01;01-10-2026;30-09-2026;FAC-A0001-00342789;Venta;LAGOPUELO S.A;34336;12,00;14767,56;17868,75;YANG JIANXING††††††††††††††;;25,00 %;051;Ezequiel Valente;0513;Poett Dsnf SuadAlg 12/900ml;1230,63;3397;"";AUTOSERVICIO;AUTOSERVICIO;15504,00;JUAN ESCOTO;410,21;$;2;GRUPO AYUDIN ARGENTINA S.A;0,00000000;0,00;Contado;02-10-2026 10:03;;POETT;CLOROX;;CLOROX;PISO;LAGO PUELO;LIMPIEZA;;;300;Bruno Centurion;AXUM;;CLOROX;False;131060;0;Lista General;AUTOSERVICIO - A;42323;30-09-2026;509-LUCAS GODOY;CLOROX;1;0,00000000;1230,63
5309;"PABLO PODESTA 1629";FLORENCIO VARELA;2026-10-01;01-10-2026;30-09-2026;FAC-A0001-00342789;Venta;LAGOPUELO S.A;34342;12,00;14767,56;17868,75;YANG JIANXING††††††††††††††;;25,00 %;051;Ezequiel Valente;0513;Poett Dsnf AlgrDia 12/900ml;1230,63;3397;"";AUTOSERVICIO;AUTOSERVICIO;15504,00;JUAN ESCOTO;410,21;$;2;GRUPO AYUDIN ARGENTINA S.A;0,00000000;0,00;Contado;02-10-2026 10:03;;POETT;CLOROX;;CLOROX;PISO;LAGO PUELO;LIMPIEZA;;;300;Bruno Centurion;AXUM;;CLOROX;False;131060;0;Lista General;AUTOSERVICIO - A;42323;30-09-2026;509-LUCAS GODOY;CLOROX;1;0,00000000;1230,63
6315;"AV. HUDSON 2157";Varela ;2026-10-01;01-10-2026;30-09-2026;FAC-A0001-00342793;Venta;LAGOPUELO S.A;34321;8,00;23194,08;28064,84;HE MINJUN;;10,00 %;051;Ezequiel Valente;0513;Poett Desinf. Frescura de Lavanda 1.8ml;2899,26;3397;"";AUTOSERVICIO;AUTOSERVICIO;19824,00;JUAN ESCOTO;322,14;$;2;GRUPO AYUDIN ARGENTINA S.A;0,00000000;0,00;Contado;02-10-2026 10:03;;POETT;CLOROX;;CLOROX;PISO;LAGO PUELO;LIMPIEZA;;;300;Bruno Centurion;AXUM;;CLOROX;False;131268;0;Lista General;AUTOSERVICIO - A;42328;30-09-2026;509-LUCAS GODOY;CLOROX;1;0,00000000;2899,26
6315;"AV. HUDSON 2157";Varela ;2026-10-01;01-10-2026;30-09-2026;FAC-A0001-00342793;Venta;LAGOPUELO S.A;61621;12,00;31014,36;37527,38;HE MINJUN;;10,00 %;051;Ezequiel Valente;0513;Aydn Coc† Pod Act Or† Gat 12/500ml;2584,53;3397;"";AUTOSERVICIO;AUTOSERVICIO;26508,00;JUAN ESCOTO;287,17;$;2;GRUPO AYUDIN ARGENTINA S.A;0,00000000;0,00;Contado;02-10-2026 10:03;;AYUDIN;CLOROX;;CLOROX;COCINA;LAGO PUELO;LIMPIEZA;;;300;Bruno Centurion;AXUM;;CLOROX;False;131268;0;Lista General;AUTOSERVICIO - A;42328;30-09-2026;509-LUCAS GODOY;CLOROX;1;0,00000000;2584,53
6315;"AV. HUDSON 2157";Varela ;2026-10-01;01-10-2026;30-09-2026;FAC-A0001-00342793;Venta;LAGOPUELO S.A;60223;16,00;36986,56;44753,74;HE MINJUN;;15,00 %;051;Ezequiel Valente;0513;Aydn Lavda TriPod 8/2l GP2;2311,66;3397;"";AUTOSERVICIO;AUTOSERVICIO;33472,00;JUAN ESCOTO;407,94;$;2;GRUPO AYUDIN ARGENTINA S.A;0,00000000;0,00;Contado;02-10-2026 10:03;;AYUDIN;CLOROX;;CLOROX;LAVANDINA;LAGO PUELO;LIMPIEZA;;;300;Bruno Centurion;AXUM;;CLOROX;False;131268;0;Lista General;AUTOSERVICIO - A;42328;30-09-2026;509-LUCAS GODOY;CLOROX;1;0,00000000;2311,66
6315;"AV. HUDSON 2157";Varela ;2026-10-01;01-10-2026;30-09-2026;FAC-A0001-00342793;Venta;LAGOPUELO S.A;60226;15,00;17403,75;21058,54;HE MINJUN;;15,00 %;051;Ezequiel Valente;0513;Aydn PurGlac TriPod 15/1l GP2;1160,25;3397;"";AUTOSERVICIO;AUTOSERVICIO;15750,00;JUAN ESCOTO;204,75;$;2;GRUPO AYUDIN ARGENTINA S.A;0,00000000;0,00;Contado;02-10-2026 10:03;;AYUDIN;CLOROX;;CLOROX;LAVANDINA;LAGO PUELO;LIMPIEZA;;;300;Bruno Centurion;AXUM;;CLOROX;False;131268;0;Lista General;AUTOSERVICIO - A;42328;30-09-2026;509-LUCAS GODOY;CLOROX;1;0,00000000;1160,25
6315;"AV. HUDSON 2157";Varela ;2026-10-01;01-10-2026;30-09-2026;FAC-A0001-00342793;Venta;LAGOPUELO S.A;60402;3,00;10298,99;12461,78;HE MINJUN;;10,00 %;051;Ezequiel Valente;0513;Ayudin Ropa Colores Vivos 15/700ml;3433,00;3397;"";AUTOSERVICIO;AUTOSERVICIO;8604,00;JUAN ESCOTO;381,44;$;2;GRUPO AYUDIN ARGENTINA S.A;0,00000000;0,00;Contado;02-10-2026 10:03;;AYUDIN;CLOROX;;CLOROX;LAVADO DE ROPA;LAGO PUELO;LIMPIEZA;;;300;Bruno Centurion;AXUM;;CLOROX;False;131268;0;Lista General;AUTOSERVICIO - A;42328;30-09-2026;509-LUCAS GODOY;CLOROX;1;0,00000000;3433,00
6256;"AV CALCHAQUI 5756";Florencio Varela;2026-10-01;01-10-2026;30-09-2026;FAC-A0001-00342796;Venta;LAGOPUELO S.A;60408;3,00;10298,99;12461,78;GAO XIANGYING;;10,00 %;051;Ezequiel Valente;0513;Ayudin Ropa Blancos Supremos 15/700ml;3433,00;3397;"";AUTOSERVICIO;AUTOSERVICIO;8604,00;JUAN ESCOTO;381,44;$;2;GRUPO AYUDIN ARGENTINA S.A;0,00000000;0,00;Contado;02-10-2026 10:03;;AYUDIN;CLOROX;;CLOROX;LAVADO DE ROPA;LAGO PUELO;LIMPIEZA;;;300;Bruno Centurion;AXUM;;CLOROX;False;131391;0;Lista General;AUTOSERVICIO - A;42331;30-09-2026;509-LUCAS GODOY;CLOROX;1;0,00000000;3433,00
6256;"AV CALCHAQUI 5756";Florencio Varela;2026-10-01;01-10-2026;30-09-2026;FAC-A0001-00342796;Venta;LAGOPUELO S.A;60402;3,00;10298,99;12461,78;GAO XIANGYING;;10,00 %;051;Ezequiel Valente;0513;Ayudin Ropa Colores Vivos 15/700ml;3433,00;3397;"";AUTOSERVICIO;AUTOSERVICIO;8604,00;JUAN ESCOTO;381,44;$;2;GRUPO AYUDIN ARGENTINA S.A;0,00000000;0,00;Contado;02-10-2026 10:03;;AYUDIN;CLOROX;;CLOROX;LAVADO DE ROPA;LAGO PUELO;LIMPIEZA;;;300;Bruno Centurion;AXUM;;CLOROX;False;131391;0;Lista General;AUTOSERVICIO - A;42331;30-09-2026;509-LUCAS GODOY;CLOROX;1;0,00000000;3433,00
27660;"TUYUTI - (TRADICIONAL) 1098";EZEIZA;2026-10-01;01-10-2026;29-09-2026;FAC-A0001-00342797;Venta;LAGOPUELO S.A;34320;4,00;5250,69;6353,33;FABRICIO ESCURRA ILJUSZYK;;20,00 %;075;Julieta Yegros;0752;Poett Desinf. Frescura de Lavanda 900ml;1312,67;3395;"";AUTOSERVICIO;Autoservicio B;5168,00;LEONARDO SANTA CRUZ;328,17;$;2;GRUPO AYUDIN ARGENTINA S.A;0,00000000;0,00;Contado;06-10-2026 09:26;;POETT;CLOROX;;CLOROX;PISO;LAGO PUELO;LIMPIEZA;;;300;Bruno Centurion;AXUM;;CLOROX;False;130299;0;Lista General;Autoservicio B - A;42054;30-09-2026;5553-JORGE MONZON;CLOROX;1;0,00000000;1312,67
27660;"TUYUTI - (TRADICIONAL) 1098";EZEIZA;2026-10-01;01-10-2026;29-09-2026;FAC-A0001-00342797;Venta;LAGOPUELO S.A;34324;4,00;5250,69;6353,33;FABRICIO ESCURRA ILJUSZYK;;20,00 %;075;Julieta Yegros;0752;Poett Desinf. Flores de Primavera 900ml;1312,67;3395;"";AUTOSERVICIO;Autoservicio B;5168,00;LEONARDO SANTA CRUZ;328,17;$;2;GRUPO AYUDIN ARGENTINA S.A;0,00000000;0,00;Contado;06-10-2026 09:26;;POETT;CLOROX;;CLOROX;PISO;LAGO PUELO;LIMPIEZA;;;300;Bruno Centurion;AXUM;;CLOROX;False;130299;0;Lista General;Autoservicio B - A;42054;30-09-2026;5553-JORGE MONZON;CLOROX;1;0,00000000;1312,67
27660;"TUYUTI - (TRADICIONAL) 1098";EZEIZA;2026-10-01;01-10-2026;29-09-2026;FAC-A0001-00342797;Venta;LAGOPUELO S.A;34327;4,00;5250,69;6353,33;FABRICIO ESCURRA ILJUSZYK;;20,00 %;075;Julieta Yegros;0752;Poett Desinf. Solo para ti 900ml;1312,67;3395;"";AUTOSERVICIO;Autoservicio B;5168,00;LEONARDO SANTA CRUZ;328,17;$;2;GRUPO AYUDIN ARGENTINA S.A;0,00000000;0,00;Contado;06-10-2026 09:26;;POETT;CLOROX;;CLOROX;PISO;LAGO PUELO;LIMPIEZA;;;300;Bruno Centurion;AXUM;;CLOROX;False;130299;0;Lista General;Autoservicio B - A;42054;30-09-2026;5553-JORGE MONZON;CLOROX;1;0,00000000;1312,67
23664;"TOMAS A EDISON - (AUTOSERVICIOS) 555";EL JAGUEL;2026-10-01;01-10-2026;29-09-2026;FAC-A0001-00342800;Venta;LAGOPUELO S.A;33575;16,00;28848,23;34906,36;YAN SHIYUMEI;;5,00 %;064;Karina Fernandez;0642;Aydn Ropa ClrViv DoyPk 16/400ml;1803,01;3395;"";AUTOSERVICIO;Autoservicio A;22832,00;LEONARDO SANTA CRUZ;94,90;$;2;GRUPO AYUDIN ARGENTINA S.A;0,00000000;0,00;Contado;06-10-2026 09:26;;AYUDIN;CLOROX;;CLOROX;LAVADO DE ROPA;LAGO PUELO;LIMPIEZA;;;300;Bruno Centurion;AXUM;;CLOROX;False;130326;0;Lista General;Autoservicio A - A;42057;30-09-2026;5553-JORGE MONZON;CLOROX;1;0,00000000;1803,01
23664;"TOMAS A EDISON - (AUTOSERVICIOS) 555";EL JAGUEL;2026-10-01;01-10-2026;29-09-2026;FAC-A0001-00342800;Venta;LAGOPUELO S.A;33576;16,00;28848,23;34906,36;YAN SHIYUMEI;;5,00 %;064;Karina Fernandez;0642;Aydn Ropa BlncSprms DoyPk 16/400ml;1803,01;3395;"";AUTOSERVICIO;Autoservicio A;22832,00;LEONARDO SANTA CRUZ;94,90;$;2;GRUPO AYUDIN ARGENTINA S.A;0,00000000;0,00;Contado;06-10-2026 09:26;;AYUDIN;CLOROX;;CLOROX;LAVADO DE ROPA;LAGO PUELO;LIMPIEZA;;;300;Bruno Centurion;AXUM;;CLOROX;False;130326;0;Lista General;Autoservicio A - A;42057;30-09-2026;5553-JORGE MONZON;CLOROX;1;0,00000000;1803,01
23664;"TOMAS A EDISON - (AUTOSERVICIOS) 555";EL JAGUEL;2026-10-01;01-10-2026;29-09-2026;FAC-A0001-00342800;Venta;LAGOPUELO S.A;27529;4,00;26525,52;32095,88;YAN SHIYUMEI;;0,00 %;064;Karina Fernandez;0642;Aydn RopClr UltrQuitMnch 12/450g;6631,38;3395;"";AUTOSERVICIO;Autoservicio A;19944,00;LEONARDO SANTA CRUZ;0,00;$;2;GRUPO AYUDIN ARGENTINA S.A;0,00000000;0,00;Contado;06-10-2026 09:26;;AYUDIN;CLOROX;;CLOROX;LAVADO DE ROPA;LAGO PUELO;LIMPIEZA;;;300;Bruno Centurion;AXUM;;CLOROX;False;130326;0;Lista General;Autoservicio A - A;42057;30-09-2026;5553-JORGE MONZON;CLOROX;1;0,00000000;6631,38
23664;"TOMAS A EDISON - (AUTOSERVICIOS) 555";EL JAGUEL;2026-10-01;01-10-2026;29-09-2026;FAC-A0001-00342800;Venta;LAGOPUELO S.A;27536;6,00;39788,28;48143,82;YAN SHIYUMEI;;0,00 %;064;Karina Fernandez;0642;Aydn RopaBlnc UltrQuitMnch 12/450g;6631,38;3395;"";AUTOSERVICIO;Autoservicio A;29916,00;LEONARDO SANTA CRUZ;0,00;$;2;GRUPO AYUDIN ARGENTINA S.A;0,00000000;0,00;Contado;06-10-2026 09:26;;AYUDIN;CLOROX;;CLOROX;LAVADO DE ROPA;LAGO PUELO;LIMPIEZA;;;300;Bruno Centurion;AXUM;;CLOROX;False;130326;0;Lista General;Autoservicio A - A;42057;30-09-2026;5553-JORGE MONZON;CLOROX;1;0,00000000;6631,38
23664;"TOMAS A EDISON - (AUTOSERVICIOS) 555";EL JAGUEL;2026-10-01;01-10-2026;29-09-2026;FAC-A0001-00342800;Venta;LAGOPUELO S.A;60223;8,00;18493,28;22376,87;YAN SHIYUMEI;;15,00 %;064;Karina Fernandez;0642;Aydn Lavda TriPod 8/2l GP2;2311,66;3395;"";AUTOSERVICIO;Autoservicio A;16736,00;LEONARDO SANTA CRUZ;407,94;$;2;GRUPO AYUDIN ARGENTINA S.A;0,00000000;0,00;Contado;06-10-2026 09:26;;AYUDIN;CLOROX;;CLOROX;LAVANDINA;LAGO PUELO;LIMPIEZA;;;300;Bruno Centurion;AXUM;;CLOROX;False;130326;0;Lista General;Autoservicio A - A;42057;30-09-2026;5553-JORGE MONZON;CLOROX;1;0,00000000;2311,66
23667;"BOUCHARD - (AUTOSERVICIOS) 839";ESTEBAN ECHEVERR√¬çA;2026-10-01;01-10-2026;29-09-2026;FAC-A0001-00342801;Venta;LAGOPUELO S.A;36003;280,00;444314,50;537620,55;DOS DRAGONES;;27,00 %;064;Karina Fernandez;0642;AYDN LAVDNA OR 25g/l 8/2l;1586,84;3395;"";AUTOSERVICIO;Autoservicio A;486920,00;LEONARDO SANTA CRUZ;586,91;$;2;GRUPO AYUDIN ARGENTINA S.A;0,00000000;0,00;Contado;06-10-2026 09:26;;AYUDIN;CLOROX;;CLOROX;LAVANDINA;LAGO PUELO;LIMPIEZA;;;300;Bruno Centurion;AXUM;;CLOROX;False;130385;0;Lista General;Autoservicio A - A;42059;30-09-2026;5553-JORGE MONZON;CLOROX;1;0,00000000;1586,84
27464;"Diego Laure - (AUTOSERVICIOS) 278";EZEIZA;2026-10-01;01-10-2026;29-09-2026;FAC-A0001-00342802;Venta;LAGOPUELO S.A;61577;16,00;22565,92;27304,76;Zhang Baojin;;5,00 %;075;Julieta Yegros;0752;Aydn Coc† Pod Act Or† DoyPk 16/450ml;1410,37;3395;"";AUTOSERVICIO;Autoservicio A;18272,00;LEONARDO SANTA CRUZ;74,23;$;2;GRUPO AYUDIN ARGENTINA S.A;0,00000000;0,00;Contado;06-10-2026 09:26;;AYUDIN;CLOROX;;CLOROX;COCINA;LAGO PUELO;LIMPIEZA;;;300;Bruno Centurion;AXUM;;CLOROX;False;130466;0;Lista General;Autoservicio A - A;42060;30-09-2026;5553-JORGE MONZON;CLOROX;1;0,00000000;1410,37
27464;"Diego Laure - (AUTOSERVICIOS) 278";EZEIZA;2026-10-01;01-10-2026;29-09-2026;FAC-A0001-00342802;Venta;LAGOPUELO S.A;61620;3,00;9540,38;11543,85;Zhang Baojin;;5,00 %;075;Julieta Yegros;0752;Aydn Bn Limp† Act Or Gat 12/500 ml;3180,13;3395;"";AUTOSERVICIO;Autoservicio A;7725,00;LEONARDO SANTA CRUZ;167,38;$;2;GRUPO AYUDIN ARGENTINA S.A;0,00000000;0,00;Contado;06-10-2026 09:26;;AYUDIN;CLOROX;;CLOROX;BAÒO;LAGO PUELO;LIMPIEZA;;;300;Bruno Centurion;AXUM;;CLOROX;False;130466;0;Lista General;Autoservicio A - A;42060;30-09-2026;5553-JORGE MONZON;CLOROX;1;0,00000000;3180,13
27464;"Diego Laure - (AUTOSERVICIOS) 278";EZEIZA;2026-10-01;01-10-2026;29-09-2026;FAC-A0001-00342802;Venta;LAGOPUELO S.A;60223;8,00;18493,28;22376,87;Zhang Baojin;;15,00 %;075;Julieta Yegros;0752;Aydn Lavda TriPod 8/2l GP2;2311,66;3395;"";AUTOSERVICIO;Autoservicio A;16736,00;LEONARDO SANTA CRUZ;407,94;$;2;GRUPO AYUDIN ARGENTINA S.A;0,00000000;0,00;Contado;06-10-2026 09:26;;AYUDIN;CLOROX;;CLOROX;LAVANDINA;LAGO PUELO;LIMPIEZA;;;300;Bruno Centurion;AXUM;;CLOROX;False;130466;0;Lista General;Autoservicio A - A;42060;30-09-2026;5553-JORGE MONZON;CLOROX;1;0,00000000;2311,66
27464;"Diego Laure - (AUTOSERVICIOS) 278";EZEIZA;2026-10-01;01-10-2026;29-09-2026;FAC-A0001-00342802;Venta;LAGOPUELO S.A;60227;8,00;18493,28;22376,87;Zhang Baojin;;15,00 %;075;Julieta Yegros;0752;Aydn PurGlac TriPod 8/2l GP2;2311,66;3395;"";AUTOSERVICIO;Autoservicio A;16736,00;LEONARDO SANTA CRUZ;407,94;$;2;GRUPO AYUDIN ARGENTINA S.A;0,00000000;0,00;Contado;06-10-2026 09:26;;AYUDIN;CLOROX;;CLOROX;LAVANDINA;LAGO PUELO;LIMPIEZA;;;300;Bruno Centurion;AXUM;;CLOROX;False;130466;0;Lista General;Autoservicio A - A;42060;30-09-2026;5553-JORGE MONZON;CLOROX;1;0,00000000;2311,66
23959;"EVITA - (AUTOSERVICIOS) 362";EL JAGUEL;2026-10-01;01-10-2026;29-09-2026;FAC-A0001-00342806;Venta;LAGOPUELO S.A;36004;3,00;13544,70;16389,09;LIN MINGHUI;;0,00 %;064;Karina Fernandez;0642;AYDN LAVDNA OR 25 g/l 3/4l;4514,90;3395;"";AUTOSERVICIO;Autoservicio A;10419,00;LEONARDO SANTA CRUZ;0,00;$;2;GRUPO AYUDIN ARGENTINA S.A;0,00000000;0,00;Contado;06-10-2026 09:26;;AYUDIN;CLOROX;;CLOROX;LAVANDINA;LAGO PUELO;LIMPIEZA;;;300;Bruno Centurion;AXUM;;CLOROX;False;130625;0;Lista General;Autoservicio A - A;42069;30-09-2026;5553-JORGE MONZON;CLOROX;1;0,00000000;4514,90
23959;"EVITA - (AUTOSERVICIOS) 362";EL JAGUEL;2026-10-01;01-10-2026;29-09-2026;FAC-A0001-00342806;Venta;LAGOPUELO S.A;60228;3,00;16419,00;19866,99;LIN MINGHUI;;0,00 %;064;Karina Fernandez;0642;Aydn PurGlac TriPod 3/4l GP2;5473,00;3395;"";AUTOSERVICIO;Autoservicio A;12630,00;LEONARDO SANTA CRUZ;0,00;$;2;GRUPO AYUDIN ARGENTINA S.A;0,00000000;0,00;Contado;06-10-2026 09:26;;AYUDIN;CLOROX;;CLOROX;LAVANDINA;LAGO PUELO;LIMPIEZA;;;300;Bruno Centurion;AXUM;;CLOROX;False;130625;0;Lista General;Autoservicio A - A;42069;30-09-2026;5553-JORGE MONZON;CLOROX;1;0,00000000;5473,00
23959;"EVITA - (AUTOSERVICIOS) 362";EL JAGUEL;2026-10-01;01-10-2026;29-09-2026;FAC-A0001-00342806;Venta;LAGOPUELO S.A;61046;15,00;23122,13;27977,77;LIN MINGHUI;;15,00 %;064;Karina Fernandez;0642;Aydn RopQuitMnch BlncInt 15/1l;1541,48;3395;"";AUTOSERVICIO;Autoservicio A;20925,00;LEONARDO SANTA CRUZ;272,03;$;2;GRUPO AYUDIN ARGENTINA S.A;0,00000000;0,00;Contado;06-10-2026 09:26;;AYUDIN;CLOROX;;CLOROX;LAVADO DE ROPA;LAGO PUELO;LIMPIEZA;;;300;Bruno Centurion;AXUM;;CLOROX;False;130625;0;Lista General;Autoservicio A - A;42069;30-09-2026;5553-JORGE MONZON;CLOROX;1;0,00000000;1541,48
23959;"EVITA - (AUTOSERVICIOS) 362";EL JAGUEL;2026-10-01;01-10-2026;29-09-2026;FAC-A0001-00342806;Venta;LAGOPUELO S.A;17927;165,00;134831,81;163146,49;LIN MINGHUI;;23,00 %;064;Karina Fernandez;0642;AYDN LAVDNA OR 15/1L;817,16;3395;"";AUTOSERVICIO;Autoservicio A;140085,00;LEONARDO SANTA CRUZ;244,09;$;2;GRUPO AYUDIN ARGENTINA S.A;0,00000000;0,00;Contado;06-10-2026 09:26;;AYUDIN;CLOROX;;CLOROX;LAVANDINA;LAGO PUELO;LIMPIEZA;;;300;Bruno Centurion;AXUM;;CLOROX;False;130625;0;Lista General;Autoservicio A - A;42069;30-09-2026;5553-JORGE MONZON;CLOROX;1;0,00000000;817,16
23841;"Evita - (PA√‚ÄòALERA) 883";EL JAGUEL;2026-10-01;01-10-2026;29-09-2026;FAC-A0001-00342807;Venta;LAGOPUELO S.A;34327;12,00;15752,06;19060,00;Gonzalez Fernando;;20,00 %;064;Karina Fernandez;0642;Poett Desinf. Solo para ti 900ml;1312,67;3395;"";Otros;PaÒalera;15504,00;LEONARDO SANTA CRUZ;328,17;$;2;GRUPO AYUDIN ARGENTINA S.A;0,00000000;0,00;Contado;06-10-2026 09:26;;POETT;CLOROX;;CLOROX;PISO;LAGO PUELO;LIMPIEZA;;;300;Bruno Centurion;AXUM;;CLOROX;False;130702;0;Lista General;PaÒalera - A;42072;30-09-2026;5553-JORGE MONZON;CLOROX;1;0,00000000;1312,67
23841;"Evita - (PA√‚ÄòALERA) 883";EL JAGUEL;2026-10-01;01-10-2026;29-09-2026;FAC-A0001-00342807;Venta;LAGOPUELO S.A;34336;12,00;15752,06;19060,00;Gonzalez Fernando;;20,00 %;064;Karina Fernandez;0642;Poett Dsnf SuadAlg 12/900ml;1312,67;3395;"";Otros;PaÒalera;15504,00;LEONARDO SANTA CRUZ;328,17;$;2;GRUPO AYUDIN ARGENTINA S.A;0,00000000;0,00;Contado;06-10-2026 09:26;;POETT;CLOROX;;CLOROX;PISO;LAGO PUELO;LIMPIEZA;;;300;Bruno Centurion;AXUM;;CLOROX;False;130702;0;Lista General;PaÒalera - A;42072;30-09-2026;5553-JORGE MONZON;CLOROX;1;0,00000000;1312,67
23841;"Evita - (PA√‚ÄòALERA) 883";EL JAGUEL;2026-10-01;01-10-2026;29-09-2026;FAC-A0001-00342807;Venta;LAGOPUELO S.A;60386;12,00;15752,06;19060,00;Gonzalez Fernando;;20,00 %;064;Karina Fernandez;0642;Poett EsptPly 12/900ml;1312,67;3395;"";Otros;PaÒalera;15504,00;LEONARDO SANTA CRUZ;328,17;$;2;GRUPO AYUDIN ARGENTINA S.A;0,00000000;0,00;Contado;06-10-2026 09:26;;POETT;CLOROX;;CLOROX;PISO;LAGO PUELO;LIMPIEZA;;;300;Bruno Centurion;AXUM;;CLOROX;False;130702;0;Lista General;PaÒalera - A;42072;30-09-2026;5553-JORGE MONZON;CLOROX;1;0,00000000;1312,67
23841;"Evita - (PA√‚ÄòALERA) 883";EL JAGUEL;2026-10-01;01-10-2026;29-09-2026;FAC-A0001-00342807;Venta;LAGOPUELO S.A;34324;12,00;15752,06;19060,00;Gonzalez Fernando;;20,00 %;064;Karina Fernandez;0642;Poett Desinf. Flores de Primavera 900ml;1312,67;3395;"";Otros;PaÒalera;15504,00;LEONARDO SANTA CRUZ;328,17;$;2;GRUPO AYUDIN ARGENTINA S.A;0,00000000;0,00;Contado;06-10-2026 09:26;;POETT;CLOROX;;CLOROX;PISO;LAGO PUELO;LIMPIEZA;;;300;Bruno Centurion;AXUM;;CLOROX;False;130702;0;Lista General;PaÒalera - A;42072;30-09-2026;5553-JORGE MONZON;CLOROX;1;0,00000000;1312,67
23133;"Amancio Alcorta 4023";CLAYPOLE;2026-10-01;01-10-2026;30-09-2026;FAC-A0001-00342816;Venta;LAGOPUELO S.A;27816;12,00;26785,20;32410,09;Xiao guanglin;;0,00 %;061;Nailah Guzman;0613;Poett Cnsta 12/27.5g                    ;2232,10;3398;"";AUTOSERVICIO;Autoservicio B;20604,00;NAHUEL MONTOYA;0,00;$;2;GRUPO AYUDIN ARGENTINA S.A;0,00000000;0,00;Contado;02-10-2026 09:39;;POETT;CLOROX;;CLOROX;BAÒO;LAGO PUELO;LIMPIEZA;;;300;Bruno Centurion;AXUM;;CLOROX;False;131143;0;Lista General;Autoservicio B - A;42417;30-09-2026;509-LUCAS GODOY;CLOROX;1;0,00000000;2232,10
23133;"Amancio Alcorta 4023";CLAYPOLE;2026-10-01;01-10-2026;30-09-2026;FAC-A0001-00342816;Venta;LAGOPUELO S.A;24649;6,00;8299,20;10042,03;Xiao guanglin;;0,00 %;061;Nailah Guzman;0613;Poett PastDesod 12/25g GP2;1383,20;3398;"";AUTOSERVICIO;Autoservicio B;6384,00;NAHUEL MONTOYA;0,00;$;2;GRUPO AYUDIN ARGENTINA S.A;0,00000000;0,00;Contado;02-10-2026 09:39;;POETT;CLOROX;;CLOROX;BAÒO;LAGO PUELO;LIMPIEZA;;;300;Bruno Centurion;AXUM;;CLOROX;False;131143;0;Lista General;Autoservicio B - A;42417;30-09-2026;509-LUCAS GODOY;CLOROX;1;0,00000000;1383,20
22958;"El Picaflor - (AUTOSERVICIOS) 3150";ALTE BROWN;2026-10-01;01-10-2026;30-09-2026;FAC-A0001-00342820;Venta;LAGOPUELO S.A;61621;6,00;17230,20;20848,54;WENG YAN HONG;;0,00 %;056;Ezequiel Ferreira;0563;Aydn Coc† Pod Act Or† Gat 12/500ml;2871,70;3398;"";AUTOSERVICIO;Autoservicio A;13254,00;NAHUEL MONTOYA;0,00;$;2;GRUPO AYUDIN ARGENTINA S.A;0,00000000;0,00;Contado;02-10-2026 09:39;;AYUDIN;CLOROX;;CLOROX;COCINA;LAGO PUELO;LIMPIEZA;;;300;Bruno Centurion;AXUM;;CLOROX;False;131186;0;Lista General;Autoservicio A - A;42421;30-09-2026;509-LUCAS GODOY;CLOROX;1;0,00000000;2871,70
22958;"El Picaflor - (AUTOSERVICIOS) 3150";ALTE BROWN;2026-10-01;01-10-2026;30-09-2026;FAC-A0001-00342820;Venta;LAGOPUELO S.A;36004;6,00;24380,46;29500,36;WENG YAN HONG;;10,00 %;056;Ezequiel Ferreira;0563;AYDN LAVDNA OR 25 g/l 3/4l;4063,41;3398;"";AUTOSERVICIO;Autoservicio A;20838,00;NAHUEL MONTOYA;451,49;$;2;GRUPO AYUDIN ARGENTINA S.A;0,00000000;0,00;Contado;02-10-2026 09:39;;AYUDIN;CLOROX;;CLOROX;LAVANDINA;LAGO PUELO;LIMPIEZA;;;300;Bruno Centurion;AXUM;;CLOROX;False;131186;0;Lista General;Autoservicio A - A;42421;30-09-2026;509-LUCAS GODOY;CLOROX;1;0,00000000;4063,41
22958;"El Picaflor - (AUTOSERVICIOS) 3150";ALTE BROWN;2026-10-01;01-10-2026;30-09-2026;FAC-A0001-00342820;Venta;LAGOPUELO S.A;60223;16,00;36986,56;44753,74;WENG YAN HONG;;15,00 %;056;Ezequiel Ferreira;0563;Aydn Lavda TriPod 8/2l GP2;2311,66;3398;"";AUTOSERVICIO;Autoservicio A;33472,00;NAHUEL MONTOYA;407,94;$;2;GRUPO AYUDIN ARGENTINA S.A;0,00000000;0,00;Contado;02-10-2026 09:39;;AYUDIN;CLOROX;;CLOROX;LAVANDINA;LAGO PUELO;LIMPIEZA;;;300;Bruno Centurion;AXUM;;CLOROX;False;131186;0;Lista General;Autoservicio A - A;42421;30-09-2026;509-LUCAS GODOY;CLOROX;1;0,00000000;2311,66
22958;"El Picaflor - (AUTOSERVICIOS) 3150";ALTE BROWN;2026-10-01;01-10-2026;30-09-2026;FAC-A0001-00342820;Venta;LAGOPUELO S.A;60237;8,00;18615,74;22525,05;WENG YAN HONG;;20,00 %;056;Ezequiel Ferreira;0563;Aydn Lavdna Gel Flr 15/700ml GP2;2326,97;3398;"";AUTOSERVICIO;Autoservicio A;17496,00;NAHUEL MONTOYA;581,74;$;2;GRUPO AYUDIN ARGENTINA S.A;0,00000000;0,00;Contado;02-10-2026 09:39;;AYUDIN;CLOROX;;CLOROX;LAVANDINA;LAGO PUELO;LIMPIEZA;;;300;Bruno Centurion;AXUM;;CLOROX;False;131186;0;Lista General;Autoservicio A - A;42421;30-09-2026;509-LUCAS GODOY;CLOROX;1;0,00000000;2326,97
22958;"El Picaflor - (AUTOSERVICIOS) 3150";ALTE BROWN;2026-10-01;01-10-2026;30-09-2026;FAC-A0001-00342820;Venta;LAGOPUELO S.A;60234;8,00;18615,74;22525,05;WENG YAN HONG;;20,00 %;056;Ezequiel Ferreira;0563;Aydn Lavdna Gel Ctra 15/700ml GP2;2326,97;3398;"";AUTOSERVICIO;Autoservicio A;17496,00;NAHUEL MONTOYA;581,74;$;2;GRUPO AYUDIN ARGENTINA S.A;0,00000000;0,00;Contado;02-10-2026 09:39;;AYUDIN;CLOROX;;CLOROX;LAVANDINA;LAGO PUELO;LIMPIEZA;;;300;Bruno Centurion;AXUM;;CLOROX;False;131186;0;Lista General;Autoservicio A - A;42421;30-09-2026;509-LUCAS GODOY;CLOROX;1;0,00000000;2326,97
3850;"JULIAN AG√≈ìERO - (AUTOSERVICIOS) 2485";RAFAEL CALZADA;2026-10-01;01-10-2026;30-09-2026;FAC-A0001-00342823;Venta;LAGOPUELO S.A;24649;12,00;16598,40;20084,06;Chen xuefeng;;0,00 %;061;Nailah Guzman;0613;Poett PastDesod 12/25g GP2;1383,20;3398;"";AUTOSERVICIO;Autoservicio A;12768,00;NAHUEL MONTOYA;0,00;$;2;GRUPO AYUDIN ARGENTINA S.A;0,00000000;0,00;Contado;02-10-2026 09:39;;POETT;CLOROX;;CLOROX;BAÒO;LAGO PUELO;LIMPIEZA;;;300;Bruno Centurion;AXUM;;CLOROX;False;131246;0;Lista General;Autoservicio A - A;42425;30-09-2026;509-LUCAS GODOY;CLOROX;1;0,00000000;1383,20
23833;"SALABERRY - (AUTOSERVICIOS) 123";CLAYPOLE;2026-10-01;01-10-2026;30-09-2026;FAC-A0001-00342827;Venta;LAGOPUELO S.A;61046;15,00;22306,05;26990,32;DAI LIHUI;;18,00 %;056;Ezequiel Ferreira;0563;Aydn RopQuitMnch BlncInt 15/1l;1487,07;3398;"";AUTOSERVICIO;Autoservicio A;20925,00;NAHUEL MONTOYA;326,43;$;2;GRUPO AYUDIN ARGENTINA S.A;0,00000000;0,00;Contado;02-10-2026 09:39;;AYUDIN;CLOROX;;CLOROX;LAVADO DE ROPA;LAGO PUELO;LIMPIEZA;;;300;Bruno Centurion;AXUM;;CLOROX;False;131261;0;Lista General;Autoservicio A - A;42429;30-09-2026;509-LUCAS GODOY;CLOROX;1;0,00000000;1487,07
23833;"SALABERRY - (AUTOSERVICIOS) 123";CLAYPOLE;2026-10-01;01-10-2026;30-09-2026;FAC-A0001-00342827;Venta;LAGOPUELO S.A;60237;8,00;18615,74;22525,05;DAI LIHUI;;20,00 %;056;Ezequiel Ferreira;0563;Aydn Lavdna Gel Flr 15/700ml GP2;2326,97;3398;"";AUTOSERVICIO;Autoservicio A;17496,00;NAHUEL MONTOYA;581,74;$;2;GRUPO AYUDIN ARGENTINA S.A;0,00000000;0,00;Contado;02-10-2026 09:39;;AYUDIN;CLOROX;;CLOROX;LAVANDINA;LAGO PUELO;LIMPIEZA;;;300;Bruno Centurion;AXUM;;CLOROX;False;131261;0;Lista General;Autoservicio A - A;42429;30-09-2026;509-LUCAS GODOY;CLOROX;1;0,00000000;2326,97
23833;"SALABERRY - (AUTOSERVICIOS) 123";CLAYPOLE;2026-10-01;01-10-2026;30-09-2026;FAC-A0001-00342827;Venta;LAGOPUELO S.A;18026;6,00;15428,40;18668,36;DAI LIHUI;;0,00 %;056;Ezequiel Ferreira;0563;Aydn Dsnf PstWC 36/16g                  ;2571,40;3398;"";AUTOSERVICIO;Autoservicio A;11868,00;NAHUEL MONTOYA;0,00;$;2;GRUPO AYUDIN ARGENTINA S.A;0,00000000;0,00;Contado;02-10-2026 09:39;;AYUDIN;CLOROX;;CLOROX;COCINA;LAGO PUELO;LIMPIEZA;;;300;Bruno Centurion;AXUM;;CLOROX;False;131261;0;Lista General;Autoservicio A - A;42429;30-09-2026;509-LUCAS GODOY;CLOROX;1;0,00000000;2571,40
23142;"Falucho - (AUTOSERVICIOS) 3035";RAFAEL CALZADA;2026-10-01;01-10-2026;30-09-2026;FAC-A0001-00342830;Venta;LAGOPUELO S.A;33575;5,00;9489,55;11482,36;WENG XIUYU;;0,00 %;061;Nailah Guzman;0613;Aydn Ropa ClrViv DoyPk 16/400ml;1897,91;3398;"";AUTOSERVICIO;Autoservicio A;7135,00;NAHUEL MONTOYA;0,00;$;2;GRUPO AYUDIN ARGENTINA S.A;0,00000000;0,00;Contado;02-10-2026 09:39;;AYUDIN;CLOROX;;CLOROX;LAVADO DE ROPA;LAGO PUELO;LIMPIEZA;;;300;Bruno Centurion;AXUM;;CLOROX;False;131286;0;Lista General;Autoservicio A - A;42432;30-09-2026;509-LUCAS GODOY;CLOROX;1;0,00000000;1897,91
25044;"CALLE 844 2660";SAN FRANCISCO SOLANO;2026-10-01;01-10-2026;30-09-2026;FAC-A0001-00342831;Venta;LAGOPUELO S.A;17927;30,00;25470,00;30818,70;MELISA VICTORIA DI LUCA;;20,00 %;056;Ezequiel Ferreira;0563;AYDN LAVDNA OR 15/1L;849,00;3398;"";Farmacias y PerfumerÌas;Perfumeria;25470,00;NAHUEL MONTOYA;212,25;$;2;GRUPO AYUDIN ARGENTINA S.A;0,00000000;0,00;Contado;02-10-2026 09:39;;AYUDIN;CLOROX;;CLOROX;LAVANDINA;LAGO PUELO;LIMPIEZA;;;300;Bruno Centurion;AXUM;;CLOROX;False;131338;0;Lista General;Perfumeria - A;42435;30-09-2026;509-LUCAS GODOY;CLOROX;1;0,00000000;849,00
3199;"AV JUAN DOMINGO PERON 4906";SAN FRANCISCO SOLANO (QUILMES);2026-10-01;01-10-2026;30-09-2026;FAC-A0001-00342835;Venta;LAGOPUELO S.A;17927;15,00;12735,00;15409,35;HUANG QICHANG;;20,00 %;056;Ezequiel Ferreira;0563;AYDN LAVDNA OR 15/1L;849,00;3398;"";AUTOSERVICIO;AUTOSERVICIO;12735,00;NAHUEL MONTOYA;212,25;$;2;GRUPO AYUDIN ARGENTINA S.A;0,00000000;0,00;Contado;02-10-2026 09:39;;AYUDIN;CLOROX;;CLOROX;LAVANDINA;LAGO PUELO;LIMPIEZA;;;300;Bruno Centurion;AXUM;;CLOROX;False;131411;0;Lista General;AUTOSERVICIO - A;42442;30-09-2026;509-LUCAS GODOY;CLOROX;1;0,00000000;849,00
3199;"AV JUAN DOMINGO PERON 4906";SAN FRANCISCO SOLANO (QUILMES);2026-10-01;01-10-2026;30-09-2026;FAC-A0001-00342835;Venta;LAGOPUELO S.A;36003;16,00;27824,00;33667,04;HUANG QICHANG;;20,00 %;056;Ezequiel Ferreira;0563;AYDN LAVDNA OR 25g/l 8/2l;1739,00;3398;"";AUTOSERVICIO;AUTOSERVICIO;27824,00;NAHUEL MONTOYA;434,75;$;2;GRUPO AYUDIN ARGENTINA S.A;0,00000000;0,00;Contado;02-10-2026 09:39;;AYUDIN;CLOROX;;CLOROX;LAVANDINA;LAGO PUELO;LIMPIEZA;;;300;Bruno Centurion;AXUM;;CLOROX;False;131411;0;Lista General;AUTOSERVICIO - A;42442;30-09-2026;509-LUCAS GODOY;CLOROX;1;0,00000000;1739,00
3199;"AV JUAN DOMINGO PERON 4906";SAN FRANCISCO SOLANO (QUILMES);2026-10-01;01-10-2026;30-09-2026;FAC-A0001-00342835;Venta;LAGOPUELO S.A;60223;8,00;18493,28;22376,87;HUANG QICHANG;;15,00 %;056;Ezequiel Ferreira;0563;Aydn Lavda TriPod 8/2l GP2;2311,66;3398;"";AUTOSERVICIO;AUTOSERVICIO;16736,00;NAHUEL MONTOYA;407,94;$;2;GRUPO AYUDIN ARGENTINA S.A;0,00000000;0,00;Contado;02-10-2026 09:39;;AYUDIN;CLOROX;;CLOROX;LAVANDINA;LAGO PUELO;LIMPIEZA;;;300;Bruno Centurion;AXUM;;CLOROX;False;131411;0;Lista General;AUTOSERVICIO - A;42442;30-09-2026;509-LUCAS GODOY;CLOROX;1;0,00000000;2311,66
3199;"AV JUAN DOMINGO PERON 4906";SAN FRANCISCO SOLANO (QUILMES);2026-10-01;01-10-2026;30-09-2026;FAC-A0001-00342835;Venta;LAGOPUELO S.A;60233;15,00;37086,05;44874,12;HUANG QICHANG;;15,00 %;056;Ezequiel Ferreira;0563;Aydn Lavdna Gel Or 15/700ml GP2;2472,40;3398;"";AUTOSERVICIO;AUTOSERVICIO;32805,00;NAHUEL MONTOYA;436,31;$;2;GRUPO AYUDIN ARGENTINA S.A;0,00000000;0,00;Contado;02-10-2026 09:39;;AYUDIN;CLOROX;;CLOROX;LAVANDINA;LAGO PUELO;LIMPIEZA;;;300;Bruno Centurion;AXUM;;CLOROX;False;131411;0;Lista General;AUTOSERVICIO - A;42442;30-09-2026;509-LUCAS GODOY;CLOROX;1;0,00000000;2472,40
3199;"AV JUAN DOMINGO PERON 4906";SAN FRANCISCO SOLANO (QUILMES);2026-10-01;01-10-2026;30-09-2026;FAC-A0001-00342835;Venta;LAGOPUELO S.A;34324;12,00;15752,06;19060,00;HUANG QICHANG;;20,00 %;056;Ezequiel Ferreira;0563;Poett Desinf. Flores de Primavera 900ml;1312,67;3398;"";AUTOSERVICIO;AUTOSERVICIO;15504,00;NAHUEL MONTOYA;328,17;$;2;GRUPO AYUDIN ARGENTINA S.A;0,00000000;0,00;Contado;02-10-2026 09:39;;POETT;CLOROX;;CLOROX;PISO;LAGO PUELO;LIMPIEZA;;;300;Bruno Centurion;AXUM;;CLOROX;False;131411;0;Lista General;AUTOSERVICIO - A;42442;30-09-2026;509-LUCAS GODOY;CLOROX;1;0,00000000;1312,67
3199;"AV JUAN DOMINGO PERON 4906";SAN FRANCISCO SOLANO (QUILMES);2026-10-01;01-10-2026;30-09-2026;FAC-A0001-00342835;Venta;LAGOPUELO S.A;34320;12,00;15752,06;19060,00;HUANG QICHANG;;20,00 %;056;Ezequiel Ferreira;0563;Poett Desinf. Frescura de Lavanda 900ml;1312,67;3398;"";AUTOSERVICIO;AUTOSERVICIO;15504,00;NAHUEL MONTOYA;328,17;$;2;GRUPO AYUDIN ARGENTINA S.A;0,00000000;0,00;Contado;02-10-2026 09:39;;POETT;CLOROX;;CLOROX;PISO;LAGO PUELO;LIMPIEZA;;;300;Bruno Centurion;AXUM;;CLOROX;False;131411;0;Lista General;AUTOSERVICIO - A;42442;30-09-2026;509-LUCAS GODOY;CLOROX;1;0,00000000;1312,67
27918;"GABOTO - (AUTOSERVICIOS) 5666";SAN JOSE;2026-10-01;01-10-2026;29-09-2026;FAC-A0001-00342840;Venta;LAGOPUELO S.A;61047;8,00;23682,26;28655,53;GUAN WEI;;18,00 %;063;Daniel Martin;0632;Aydn RopQuitMnch BlncInt 8/2l;2960,28;3399;"";AUTOSERVICIO;Autoservicio A;22216,00;SIMON OLIVERA;649,82;$;2;GRUPO AYUDIN ARGENTINA S.A;0,00000000;0,00;Contado;02-10-2026 10:25;;AYUDIN;CLOROX;;CLOROX;LAVADO DE ROPA;LAGO PUELO;LIMPIEZA;;;300;Bruno Centurion;AXUM;;CLOROX;False;130493;0;Lista General;Autoservicio A - A;42221;30-09-2026;757-JUAN PABLO JUAREZ;CLOROX;1;0,00000000;2960,28
23538;"Frias - (AUTOSERVICIOS) 5488";SAN JOSE;2026-10-01;01-10-2026;29-09-2026;FAC-A0001-00342841;Venta;LAGOPUELO S.A;61621;6,00;17230,20;20848,54;XUE JIANGCAIMEI;;0,00 %;063;Daniel Martin;0632;Aydn Coc† Pod Act Or† Gat 12/500ml;2871,70;3399;"";AUTOSERVICIO;Autoservicio A;13254,00;SIMON OLIVERA;0,00;$;2;GRUPO AYUDIN ARGENTINA S.A;0,00000000;0,00;Contado;02-10-2026 10:25;;AYUDIN;CLOROX;;CLOROX;COCINA;LAGO PUELO;LIMPIEZA;;;300;Bruno Centurion;AXUM;;CLOROX;False;130515;0;Lista General;Autoservicio A - A;42222;30-09-2026;757-JUAN PABLO JUAREZ;CLOROX;1;0,00000000;2871,70
23520;"Frias - (AUTOSERVICIOS) 4168";SAN JOSE;2026-10-01;01-10-2026;29-09-2026;FAC-A0001-00342847;Venta;LAGOPUELO S.A;33576;6,00;10818,09;13089,89;LIN JINSEN;;5,00 %;063;Daniel Martin;0632;Aydn Ropa BlncSprms DoyPk 16/400ml;1803,01;3399;"";AUTOSERVICIO;Autoservicio A;8562,00;SIMON OLIVERA;94,90;$;2;GRUPO AYUDIN ARGENTINA S.A;0,00000000;0,00;Contado;02-10-2026 10:25;;AYUDIN;CLOROX;;CLOROX;LAVADO DE ROPA;LAGO PUELO;LIMPIEZA;;;300;Bruno Centurion;AXUM;;CLOROX;False;130709;0;Lista General;Autoservicio A - A;42230;30-09-2026;757-JUAN PABLO JUAREZ;CLOROX;1;0,00000000;1803,01
23520;"Frias - (AUTOSERVICIOS) 4168";SAN JOSE;2026-10-01;01-10-2026;29-09-2026;FAC-A0001-00342847;Venta;LAGOPUELO S.A;36003;8,00;13912,00;16833,52;LIN JINSEN;;20,00 %;063;Daniel Martin;0632;AYDN LAVDNA OR 25g/l 8/2l;1739,00;3399;"";AUTOSERVICIO;Autoservicio A;13912,00;SIMON OLIVERA;434,75;$;2;GRUPO AYUDIN ARGENTINA S.A;0,00000000;0,00;Contado;02-10-2026 10:25;;AYUDIN;CLOROX;;CLOROX;LAVANDINA;LAGO PUELO;LIMPIEZA;;;300;Bruno Centurion;AXUM;;CLOROX;False;130709;0;Lista General;Autoservicio A - A;42230;30-09-2026;757-JUAN PABLO JUAREZ;CLOROX;1;0,00000000;1739,00
23548;"AMENEDO - (AUTOSERVICIOS) 4263";SAN JOSE;2026-10-01;01-10-2026;29-09-2026;FAC-A0001-00342848;Venta;LAGOPUELO S.A;17927;30,00;24514,88;29663,00;LIN XING;;23,00 %;063;Daniel Martin;0632;AYDN LAVDNA OR 15/1L;817,16;3399;"";AUTOSERVICIO;Autoservicio A;25470,00;SIMON OLIVERA;244,09;$;2;GRUPO AYUDIN ARGENTINA S.A;0,00000000;0,00;Contado;02-10-2026 10:25;;AYUDIN;CLOROX;;CLOROX;LAVANDINA;LAGO PUELO;LIMPIEZA;;;300;Bruno Centurion;AXUM;;CLOROX;False;130710;0;Lista General;Autoservicio A - A;42231;30-09-2026;757-JUAN PABLO JUAREZ;CLOROX;1;0,00000000;817,16
24104;"GARAY - (AUTOSERVICIOS) 2988";TEMPERLEY;2026-10-01;01-10-2026;29-09-2026;FAC-A0001-00342849;Venta;LAGOPUELO S.A;61576;8,00;13268,84;16055,30;ZHU JIAMIN;;5,00 %;063;Daniel Martin;0632;Aydn Bn Limp† Act Or DoyPk 16/450ml;1658,61;3399;"";AUTOSERVICIO;Autoservicio A;10744,00;SIMON OLIVERA;87,30;$;2;GRUPO AYUDIN ARGENTINA S.A;0,00000000;0,00;Contado;02-10-2026 10:25;;AYUDIN;CLOROX;;CLOROX;BAÒO;LAGO PUELO;LIMPIEZA;;;300;Bruno Centurion;AXUM;;CLOROX;False;130801;0;Lista General;Autoservicio A - A;42232;30-09-2026;757-JUAN PABLO JUAREZ;CLOROX;1;0,00000000;1658,61
24104;"GARAY - (AUTOSERVICIOS) 2988";TEMPERLEY;2026-10-01;01-10-2026;29-09-2026;FAC-A0001-00342849;Venta;LAGOPUELO S.A;61577;8,00;11282,96;13652,38;ZHU JIAMIN;;5,00 %;063;Daniel Martin;0632;Aydn Coc† Pod Act Or† DoyPk 16/450ml;1410,37;3399;"";AUTOSERVICIO;Autoservicio A;9136,00;SIMON OLIVERA;74,23;$;2;GRUPO AYUDIN ARGENTINA S.A;0,00000000;0,00;Contado;02-10-2026 10:25;;AYUDIN;CLOROX;;CLOROX;COCINA;LAGO PUELO;LIMPIEZA;;;300;Bruno Centurion;AXUM;;CLOROX;False;130801;0;Lista General;Autoservicio A - A;42232;30-09-2026;757-JUAN PABLO JUAREZ;CLOROX;1;0,00000000;1410,37
24104;"GARAY - (AUTOSERVICIOS) 2988";TEMPERLEY;2026-10-01;01-10-2026;29-09-2026;FAC-A0001-00342849;Venta;LAGOPUELO S.A;61046;8,00;11896,56;14394,84;ZHU JIAMIN;;18,00 %;063;Daniel Martin;0632;Aydn RopQuitMnch BlncInt 15/1l;1487,07;3399;"";AUTOSERVICIO;Autoservicio A;11160,00;SIMON OLIVERA;326,43;$;2;GRUPO AYUDIN ARGENTINA S.A;0,00000000;0,00;Contado;02-10-2026 10:25;;AYUDIN;CLOROX;;CLOROX;LAVADO DE ROPA;LAGO PUELO;LIMPIEZA;;;300;Bruno Centurion;AXUM;;CLOROX;False;130801;0;Lista General;Autoservicio A - A;42232;30-09-2026;757-JUAN PABLO JUAREZ;CLOROX;1;0,00000000;1487,07
24104;"GARAY - (AUTOSERVICIOS) 2988";TEMPERLEY;2026-10-01;01-10-2026;29-09-2026;FAC-A0001-00342849;Venta;LAGOPUELO S.A;33575;3,00;5409,04;6544,94;ZHU JIAMIN;;5,00 %;063;Daniel Martin;0632;Aydn Ropa ClrViv DoyPk 16/400ml;1803,01;3399;"";AUTOSERVICIO;Autoservicio A;4281,00;SIMON OLIVERA;94,90;$;2;GRUPO AYUDIN ARGENTINA S.A;0,00000000;0,00;Contado;02-10-2026 10:25;;AYUDIN;CLOROX;;CLOROX;LAVADO DE ROPA;LAGO PUELO;LIMPIEZA;;;300;Bruno Centurion;AXUM;;CLOROX;False;130801;0;Lista General;Autoservicio A - A;42232;30-09-2026;757-JUAN PABLO JUAREZ;CLOROX;1;0,00000000;1803,01
24104;"GARAY - (AUTOSERVICIOS) 2988";TEMPERLEY;2026-10-01;01-10-2026;29-09-2026;FAC-A0001-00342849;Venta;LAGOPUELO S.A;32288;6,00;11037,00;13354,77;ZHU JIAMIN;;0,00 %;063;Daniel Martin;0632;Tren Oxi DoyPk 16/400ml                 ;1839,50;3399;"";AUTOSERVICIO;Autoservicio A;8490,00;SIMON OLIVERA;0,00;$;2;GRUPO AYUDIN ARGENTINA S.A;0,00000000;0,00;Contado;02-10-2026 10:25;;TRENET;CLOROX;;CLOROX;LAVADO DE ROPA;LAGO PUELO;LIMPIEZA;;;300;Bruno Centurion;AXUM;;CLOROX;False;130801;0;Lista General;Autoservicio A - A;42232;30-09-2026;757-JUAN PABLO JUAREZ;CLOROX;1;0,00000000;1839,50
24104;"GARAY - (AUTOSERVICIOS) 2988";TEMPERLEY;2026-10-01;01-10-2026;29-09-2026;FAC-A0001-00342849;Venta;LAGOPUELO S.A;22963;3,00;12288,90;14869,57;ZHU JIAMIN;;0,00 %;063;Daniel Martin;0632;Tren Oxi Trig EftEspma 12/500ml         ;4096,30;3399;"";AUTOSERVICIO;Autoservicio A;9453,00;SIMON OLIVERA;0,00;$;2;GRUPO AYUDIN ARGENTINA S.A;0,00000000;0,00;Contado;02-10-2026 10:25;;TRENET;CLOROX;;CLOROX;AERO POETT;LAGO PUELO;LIMPIEZA;;;300;Bruno Centurion;AXUM;;CLOROX;False;130801;0;Lista General;Autoservicio A - A;42232;30-09-2026;757-JUAN PABLO JUAREZ;CLOROX;1;0,00000000;4096,30
5649;"GABOTO 4436";Almirante Brown;2026-10-01;01-10-2026;30-09-2026;FAC-A0001-00342853;Venta;LAGOPUELO S.A;61301;16,00;30700,80;37147,97;shi zhangmei;;0,00 %;063;Daniel Martin;0633;Ayudin Expert Dsnf. Multisup Doypack 16/450m;1918,80;3399;"";AUTOSERVICIO;Autoservicio B;23616,00;SIMON OLIVERA;0,00;$;2;GRUPO AYUDIN ARGENTINA S.A;0,00000000;0,00;Contado;02-10-2026 10:25;;AYUDIN;CLOROX;;CLOROX;AERO AYUDIN;LAGO PUELO;LIMPIEZA;;;300;Bruno Centurion;AXUM;;CLOROX;False;130945;0;Lista General;Autoservicio B - C;42239, 42240;30-09-2026;757-JUAN PABLO JUAREZ;CLOROX;1;0,00000000;1918,80
5649;"GABOTO 4436";Almirante Brown;2026-10-01;01-10-2026;30-09-2026;FAC-A0001-00342853;Venta;LAGOPUELO S.A;50001;6,00;11712,60;14172,25;shi zhangmei;;0,00 %;063;Daniel Martin;0633;Trenet Power Pr QuitManchas 24/120gr;1952,10;3399;"";AUTOSERVICIO;Autoservicio B;8676,00;SIMON OLIVERA;0,00;$;2;GRUPO AYUDIN ARGENTINA S.A;0,00000000;0,00;Contado;02-10-2026 10:25;;TRENET;CLOROX;;CLOROX;LAVADO DE ROPA;LAGO PUELO;LIMPIEZA;;;300;Bruno Centurion;AXUM;;CLOROX;False;130945;0;Lista General;Autoservicio B - C;42239, 42240;30-09-2026;757-JUAN PABLO JUAREZ;CLOROX;1;0,00000000;1952,10
5649;"GABOTO 4436";Almirante Brown;2026-10-01;01-10-2026;30-09-2026;FAC-A0001-00342853;Venta;LAGOPUELO S.A;50087;6,00;20902,86;25292,46;shi zhangmei;;15,00 %;063;Daniel Martin;0633;Poett Frgnz Huellitas 12/250ml AR;3483,81;3399;"";AUTOSERVICIO;Autoservicio B;18216,00;SIMON OLIVERA;614,79;$;2;GRUPO AYUDIN ARGENTINA S.A;0,00000000;0,00;Contado;02-10-2026 10:25;;POETT;CLOROX;;CLOROX;AERO POETT;LAGO PUELO;LIMPIEZA;;;300;Bruno Centurion;AXUM;;CLOROX;False;130945;0;Lista General;Autoservicio B - C;42239, 42240;30-09-2026;757-JUAN PABLO JUAREZ;CLOROX;1;0,00000000;3483,81
5649;"GABOTO 4436";Almirante Brown;2026-10-01;01-10-2026;30-09-2026;FAC-A0001-00342853;Venta;LAGOPUELO S.A;61814;6,00;22452,75;27167,83;shi zhangmei;;15,00 %;063;Daniel Martin;0633;Sltn MataMosq Aer s/OlrQmc 6/360ml BA;3742,13;3399;"";AUTOSERVICIO;Autoservicio B;21132,00;SIMON OLIVERA;660,38;$;2;GRUPO AYUDIN ARGENTINA S.A;0,00000000;0,00;Contado;02-10-2026 10:25;;SELTON;CLOROX;;CLOROX;SELTON;LAGO PUELO;LIMPIEZA;;;300;Bruno Centurion;AXUM;;CLOROX;False;130945;0;Lista General;Autoservicio B - C;42239, 42240;30-09-2026;757-JUAN PABLO JUAREZ;CLOROX;1;0,00000000;3742,13
23516;"FRIAS 3453";JOSE MARMOL;2026-10-01;01-10-2026;30-09-2026;FAC-A0001-00342856;Venta;LAGOPUELO S.A;60234;5,00;11198,53;13550,23;LIN HAIYING;;23,00 %;063;Daniel Martin;0633;Aydn Lavdna Gel Ctra 15/700ml GP2;2239,71;3399;"";AUTOSERVICIO;Autoservicio A;10935,00;SIMON OLIVERA;669,00;$;2;GRUPO AYUDIN ARGENTINA S.A;0,00000000;0,00;Contado;02-10-2026 10:25;;AYUDIN;CLOROX;;CLOROX;LAVANDINA;LAGO PUELO;LIMPIEZA;;;300;Bruno Centurion;AXUM;;CLOROX;False;131051;0;Lista General;Autoservicio A - A;42242;30-09-2026;757-JUAN PABLO JUAREZ;CLOROX;1;0,00000000;2239,71
23516;"FRIAS 3453";JOSE MARMOL;2026-10-01;01-10-2026;30-09-2026;FAC-A0001-00342856;Venta;LAGOPUELO S.A;60237;5,00;11198,53;13550,23;LIN HAIYING;;23,00 %;063;Daniel Martin;0633;Aydn Lavdna Gel Flr 15/700ml GP2;2239,71;3399;"";AUTOSERVICIO;Autoservicio A;10935,00;SIMON OLIVERA;669,00;$;2;GRUPO AYUDIN ARGENTINA S.A;0,00000000;0,00;Contado;02-10-2026 10:25;;AYUDIN;CLOROX;;CLOROX;LAVANDINA;LAGO PUELO;LIMPIEZA;;;300;Bruno Centurion;AXUM;;CLOROX;False;131051;0;Lista General;Autoservicio A - A;42242;30-09-2026;757-JUAN PABLO JUAREZ;CLOROX;1;0,00000000;2239,71
23516;"FRIAS 3453";JOSE MARMOL;2026-10-01;01-10-2026;30-09-2026;FAC-A0001-00342856;Venta;LAGOPUELO S.A;60240;5,00;11198,53;13550,23;LIN HAIYING;;23,00 %;063;Daniel Martin;0633;Aydn Lavdna Gel Lavda EXPRT 15/700ml GP2;2239,71;3399;"";AUTOSERVICIO;Autoservicio A;10935,00;SIMON OLIVERA;669,00;$;2;GRUPO AYUDIN ARGENTINA S.A;0,00000000;0,00;Contado;02-10-2026 10:25;;AYUDIN;CLOROX;;CLOROX;LAVANDINA;LAGO PUELO;LIMPIEZA;;;300;Bruno Centurion;AXUM;;CLOROX;False;131051;0;Lista General;Autoservicio A - A;42242;30-09-2026;757-JUAN PABLO JUAREZ;CLOROX;1;0,00000000;2239,71
23516;"FRIAS 3453";JOSE MARMOL;2026-10-01;01-10-2026;30-09-2026;FAC-A0001-00342856;Venta;LAGOPUELO S.A;61731;6,00;20145,41;24375,94;LIN HAIYING;;15,00 %;063;Daniel Martin;0633;Sltn MataCuca Aer AccProl 6/360ml BA;3357,57;3399;"";AUTOSERVICIO;Autoservicio A;18516,00;SIMON OLIVERA;592,51;$;2;GRUPO AYUDIN ARGENTINA S.A;0,00000000;0,00;Contado;02-10-2026 10:25;;SELTON;CLOROX;;CLOROX;SELTON;LAGO PUELO;LIMPIEZA;;;300;Bruno Centurion;AXUM;;CLOROX;False;131051;0;Lista General;Autoservicio A - A;42242;30-09-2026;757-JUAN PABLO JUAREZ;CLOROX;1;0,00000000;3357,57
23516;"FRIAS 3453";JOSE MARMOL;2026-10-01;01-10-2026;30-09-2026;FAC-A0001-00342856;Venta;LAGOPUELO S.A;60223;8,00;18493,28;22376,87;LIN HAIYING;;15,00 %;063;Daniel Martin;0633;Aydn Lavda TriPod 8/2l GP2;2311,66;3399;"";AUTOSERVICIO;Autoservicio A;16736,00;SIMON OLIVERA;407,94;$;2;GRUPO AYUDIN ARGENTINA S.A;0,00000000;0,00;Contado;02-10-2026 10:25;;AYUDIN;CLOROX;;CLOROX;LAVANDINA;LAGO PUELO;LIMPIEZA;;;300;Bruno Centurion;AXUM;;CLOROX;False;131051;0;Lista General;Autoservicio A - A;42242;30-09-2026;757-JUAN PABLO JUAREZ;CLOROX;1;0,00000000;2311,66
23516;"FRIAS 3453";JOSE MARMOL;2026-10-01;01-10-2026;30-09-2026;FAC-A0001-00342856;Venta;LAGOPUELO S.A;61620;2,00;6360,25;7695,90;LIN HAIYING;;5,00 %;063;Daniel Martin;0633;Aydn Bn Limp† Act Or Gat 12/500 ml;3180,13;3399;"";AUTOSERVICIO;Autoservicio A;5150,00;SIMON OLIVERA;167,38;$;2;GRUPO AYUDIN ARGENTINA S.A;0,00000000;0,00;Contado;02-10-2026 10:25;;AYUDIN;CLOROX;;CLOROX;BAÒO;LAGO PUELO;LIMPIEZA;;;300;Bruno Centurion;AXUM;;CLOROX;False;131051;0;Lista General;Autoservicio A - A;42242;30-09-2026;757-JUAN PABLO JUAREZ;CLOROX;1;0,00000000;3180,13
27310;"BLASCO IBA√‚ÄòEZ - (AUTOSERVICIOS) 460";JOSE MARMOL;2026-10-01;01-10-2026;30-09-2026;FAC-A0001-00342857;Venta;LAGOPUELO S.A;60234;3,00;6719,12;8130,14;ZHENG SHUNXING;;23,00 %;063;Daniel Martin;0633;Aydn Lavdna Gel Ctra 15/700ml GP2;2239,71;3399;"";AUTOSERVICIO;Autoservicio A;6561,00;SIMON OLIVERA;669,00;$;2;GRUPO AYUDIN ARGENTINA S.A;0,00000000;0,00;Contado;02-10-2026 10:25;;AYUDIN;CLOROX;;CLOROX;LAVANDINA;LAGO PUELO;LIMPIEZA;;;300;Bruno Centurion;AXUM;;CLOROX;False;131082;0;Lista General;Autoservicio A - A;42243;30-09-2026;757-JUAN PABLO JUAREZ;CLOROX;1;0,00000000;2239,71
27310;"BLASCO IBA√‚ÄòEZ - (AUTOSERVICIOS) 460";JOSE MARMOL;2026-10-01;01-10-2026;30-09-2026;FAC-A0001-00342857;Venta;LAGOPUELO S.A;60237;3,00;6719,12;8130,14;ZHENG SHUNXING;;23,00 %;063;Daniel Martin;0633;Aydn Lavdna Gel Flr 15/700ml GP2;2239,71;3399;"";AUTOSERVICIO;Autoservicio A;6561,00;SIMON OLIVERA;669,00;$;2;GRUPO AYUDIN ARGENTINA S.A;0,00000000;0,00;Contado;02-10-2026 10:25;;AYUDIN;CLOROX;;CLOROX;LAVANDINA;LAGO PUELO;LIMPIEZA;;;300;Bruno Centurion;AXUM;;CLOROX;False;131082;0;Lista General;Autoservicio A - A;42243;30-09-2026;757-JUAN PABLO JUAREZ;CLOROX;1;0,00000000;2239,71
27310;"BLASCO IBA√‚ÄòEZ - (AUTOSERVICIOS) 460";JOSE MARMOL;2026-10-01;01-10-2026;30-09-2026;FAC-A0001-00342857;Venta;LAGOPUELO S.A;60240;3,00;6719,12;8130,14;ZHENG SHUNXING;;23,00 %;063;Daniel Martin;0633;Aydn Lavdna Gel Lavda EXPRT 15/700ml GP2;2239,71;3399;"";AUTOSERVICIO;Autoservicio A;6561,00;SIMON OLIVERA;669,00;$;2;GRUPO AYUDIN ARGENTINA S.A;0,00000000;0,00;Contado;02-10-2026 10:25;;AYUDIN;CLOROX;;CLOROX;LAVANDINA;LAGO PUELO;LIMPIEZA;;;300;Bruno Centurion;AXUM;;CLOROX;False;131082;0;Lista General;Autoservicio A - A;42243;30-09-2026;757-JUAN PABLO JUAREZ;CLOROX;1;0,00000000;2239,71
27310;"BLASCO IBA√‚ÄòEZ - (AUTOSERVICIOS) 460";JOSE MARMOL;2026-10-01;01-10-2026;30-09-2026;FAC-A0001-00342857;Venta;LAGOPUELO S.A;60239;3,00;6719,12;8130,14;ZHENG SHUNXING;;23,00 %;063;Daniel Martin;0633;Aydn Lavdna Gel MntFrs 15/700ml GP2;2239,71;3399;"";AUTOSERVICIO;Autoservicio A;6561,00;SIMON OLIVERA;669,00;$;2;GRUPO AYUDIN ARGENTINA S.A;0,00000000;0,00;Contado;02-10-2026 10:25;;AYUDIN;CLOROX;;CLOROX;LAVANDINA;LAGO PUELO;LIMPIEZA;;;300;Bruno Centurion;AXUM;;CLOROX;False;131082;0;Lista General;Autoservicio A - A;42243;30-09-2026;757-JUAN PABLO JUAREZ;CLOROX;1;0,00000000;2239,71
27310;"BLASCO IBA√‚ÄòEZ - (AUTOSERVICIOS) 460";JOSE MARMOL;2026-10-01;01-10-2026;30-09-2026;FAC-A0001-00342857;Venta;LAGOPUELO S.A;60233;3,00;6719,12;8130,14;ZHENG SHUNXING;;23,00 %;063;Daniel Martin;0633;Aydn Lavdna Gel Or 15/700ml GP2;2239,71;3399;"";AUTOSERVICIO;Autoservicio A;6561,00;SIMON OLIVERA;669,00;$;2;GRUPO AYUDIN ARGENTINA S.A;0,00000000;0,00;Contado;02-10-2026 10:25;;AYUDIN;CLOROX;;CLOROX;LAVANDINA;LAGO PUELO;LIMPIEZA;;;300;Bruno Centurion;AXUM;;CLOROX;False;131082;0;Lista General;Autoservicio A - A;42243;30-09-2026;757-JUAN PABLO JUAREZ;CLOROX;1;0,00000000;2239,71
23503;"MITRE - (AUTOSERVICIOS) 2650";JOSE MARMOL;2026-10-01;01-10-2026;30-09-2026;FAC-A0001-00342860;Venta;LAGOPUELO S.A;36003;8,00;13912,00;16833,52;GUAN GUAN DING;;20,00 %;063;Daniel Martin;0633;AYDN LAVDNA OR 25g/l 8/2l;1739,00;3399;"";AUTOSERVICIO;Autoservicio A;13912,00;SIMON OLIVERA;434,75;$;2;GRUPO AYUDIN ARGENTINA S.A;0,00000000;0,00;Contado;02-10-2026 10:25;;AYUDIN;CLOROX;;CLOROX;LAVANDINA;LAGO PUELO;LIMPIEZA;;;300;Bruno Centurion;AXUM;;CLOROX;False;131220;0;Lista General;Autoservicio A - A;42248;30-09-2026;757-JUAN PABLO JUAREZ;CLOROX;1;0,00000000;1739,00
23503;"MITRE - (AUTOSERVICIOS) 2650";JOSE MARMOL;2026-10-01;01-10-2026;30-09-2026;FAC-A0001-00342860;Venta;LAGOPUELO S.A;60227;8,00;18493,28;22376,87;GUAN GUAN DING;;15,00 %;063;Daniel Martin;0633;Aydn PurGlac TriPod 8/2l GP2;2311,66;3399;"";AUTOSERVICIO;Autoservicio A;16736,00;SIMON OLIVERA;407,94;$;2;GRUPO AYUDIN ARGENTINA S.A;0,00000000;0,00;Contado;02-10-2026 10:25;;AYUDIN;CLOROX;;CLOROX;LAVANDINA;LAGO PUELO;LIMPIEZA;;;300;Bruno Centurion;AXUM;;CLOROX;False;131220;0;Lista General;Autoservicio A - A;42248;30-09-2026;757-JUAN PABLO JUAREZ;CLOROX;1;0,00000000;2311,66
23503;"MITRE - (AUTOSERVICIOS) 2650";JOSE MARMOL;2026-10-01;01-10-2026;30-09-2026;FAC-A0001-00342860;Venta;LAGOPUELO S.A;61046;15,00;22306,05;26990,32;GUAN GUAN DING;;18,00 %;063;Daniel Martin;0633;Aydn RopQuitMnch BlncInt 15/1l;1487,07;3399;"";AUTOSERVICIO;Autoservicio A;20925,00;SIMON OLIVERA;326,43;$;2;GRUPO AYUDIN ARGENTINA S.A;0,00000000;0,00;Contado;02-10-2026 10:25;;AYUDIN;CLOROX;;CLOROX;LAVADO DE ROPA;LAGO PUELO;LIMPIEZA;;;300;Bruno Centurion;AXUM;;CLOROX;False;131220;0;Lista General;Autoservicio A - A;42248;30-09-2026;757-JUAN PABLO JUAREZ;CLOROX;1;0,00000000;1487,07
23503;"MITRE - (AUTOSERVICIOS) 2650";JOSE MARMOL;2026-10-01;01-10-2026;30-09-2026;FAC-A0001-00342860;Venta;LAGOPUELO S.A;61577;3,00;4453,80;5389,10;GUAN GUAN DING;;0,00 %;063;Daniel Martin;0633;Aydn Coc† Pod Act Or† DoyPk 16/450ml;1484,60;3399;"";AUTOSERVICIO;Autoservicio A;3426,00;SIMON OLIVERA;0,00;$;2;GRUPO AYUDIN ARGENTINA S.A;0,00000000;0,00;Contado;02-10-2026 10:25;;AYUDIN;CLOROX;;CLOROX;COCINA;LAGO PUELO;LIMPIEZA;;;300;Bruno Centurion;AXUM;;CLOROX;False;131220;0;Lista General;Autoservicio A - A;42248;30-09-2026;757-JUAN PABLO JUAREZ;CLOROX;1;0,00000000;1484,60
23503;"MITRE - (AUTOSERVICIOS) 2650";JOSE MARMOL;2026-10-01;01-10-2026;30-09-2026;FAC-A0001-00342860;Venta;LAGOPUELO S.A;61575;6,00;10475,40;12675,23;GUAN GUAN DING;;0,00 %;063;Daniel Martin;0633;Aydn A.hongos Removedor Activo Doy Pack 16/450ml;1745,90;3399;"";AUTOSERVICIO;Autoservicio A;8058,00;SIMON OLIVERA;0,00;$;2;GRUPO AYUDIN ARGENTINA S.A;0,00000000;0,00;Contado;02-10-2026 10:25;;AYUDIN;CLOROX;;CLOROX;BAÒO;LAGO PUELO;LIMPIEZA;;;300;Bruno Centurion;AXUM;;CLOROX;False;131220;0;Lista General;Autoservicio A - A;42248;30-09-2026;757-JUAN PABLO JUAREZ;CLOROX;1;0,00000000;1745,90
23503;"MITRE - (AUTOSERVICIOS) 2650";JOSE MARMOL;2026-10-01;01-10-2026;30-09-2026;FAC-A0001-00342860;Venta;LAGOPUELO S.A;61047;8,00;23682,26;28655,53;GUAN GUAN DING;;18,00 %;063;Daniel Martin;0633;Aydn RopQuitMnch BlncInt 8/2l;2960,28;3399;"";AUTOSERVICIO;Autoservicio A;22216,00;SIMON OLIVERA;649,82;$;2;GRUPO AYUDIN ARGENTINA S.A;0,00000000;0,00;Contado;02-10-2026 10:25;;AYUDIN;CLOROX;;CLOROX;LAVADO DE ROPA;LAGO PUELO;LIMPIEZA;;;300;Bruno Centurion;AXUM;;CLOROX;False;131220;0;Lista General;Autoservicio A - A;42248;30-09-2026;757-JUAN PABLO JUAREZ;CLOROX;1;0,00000000;2960,28
794;"JORGE BYNNON 2350";Jose Marmol;2026-10-01;01-10-2026;30-09-2026;FAC-A0001-00342862;Venta;LAGOPUELO S.A;36003;24,00;40170,90;48606,79;Zhuang liqiang;;23,00 %;063;Daniel Martin;0633;AYDN LAVDNA OR 25g/l 8/2l;1673,79;3399;"";AUTOSERVICIO;AUTOSERVICIO;41736,00;SIMON OLIVERA;499,96;$;2;GRUPO AYUDIN ARGENTINA S.A;0,00000000;0,00;Contado;02-10-2026 10:25;;AYUDIN;CLOROX;;CLOROX;LAVANDINA;LAGO PUELO;LIMPIEZA;;;300;Bruno Centurion;AXUM;;CLOROX;False;131257;0;Lista General;AUTOSERVICIO - A;42250;30-09-2026;757-JUAN PABLO JUAREZ;CLOROX;1;0,00000000;1673,79
794;"JORGE BYNNON 2350";Jose Marmol;2026-10-01;01-10-2026;30-09-2026;FAC-A0001-00342862;Venta;LAGOPUELO S.A;60223;8,00;18493,28;22376,87;Zhuang liqiang;;15,00 %;063;Daniel Martin;0633;Aydn Lavda TriPod 8/2l GP2;2311,66;3399;"";AUTOSERVICIO;AUTOSERVICIO;16736,00;SIMON OLIVERA;407,94;$;2;GRUPO AYUDIN ARGENTINA S.A;0,00000000;0,00;Contado;02-10-2026 10:25;;AYUDIN;CLOROX;;CLOROX;LAVANDINA;LAGO PUELO;LIMPIEZA;;;300;Bruno Centurion;AXUM;;CLOROX;False;131257;0;Lista General;AUTOSERVICIO - A;42250;30-09-2026;757-JUAN PABLO JUAREZ;CLOROX;1;0,00000000;2311,66
794;"JORGE BYNNON 2350";Jose Marmol;2026-10-01;01-10-2026;30-09-2026;FAC-A0001-00342862;Venta;LAGOPUELO S.A;33575;12,00;21636,17;26179,77;Zhuang liqiang;;5,00 %;063;Daniel Martin;0633;Aydn Ropa ClrViv DoyPk 16/400ml;1803,01;3399;"";AUTOSERVICIO;AUTOSERVICIO;17124,00;SIMON OLIVERA;94,90;$;2;GRUPO AYUDIN ARGENTINA S.A;0,00000000;0,00;Contado;02-10-2026 10:25;;AYUDIN;CLOROX;;CLOROX;LAVADO DE ROPA;LAGO PUELO;LIMPIEZA;;;300;Bruno Centurion;AXUM;;CLOROX;False;131257;0;Lista General;AUTOSERVICIO - A;42250;30-09-2026;757-JUAN PABLO JUAREZ;CLOROX;1;0,00000000;1803,01
794;"JORGE BYNNON 2350";Jose Marmol;2026-10-01;01-10-2026;30-09-2026;FAC-A0001-00342862;Venta;LAGOPUELO S.A;33576;12,00;21636,17;26179,77;Zhuang liqiang;;5,00 %;063;Daniel Martin;0633;Aydn Ropa BlncSprms DoyPk 16/400ml;1803,01;3399;"";AUTOSERVICIO;AUTOSERVICIO;17124,00;SIMON OLIVERA;94,90;$;2;GRUPO AYUDIN ARGENTINA S.A;0,00000000;0,00;Contado;02-10-2026 10:25;;AYUDIN;CLOROX;;CLOROX;LAVADO DE ROPA;LAGO PUELO;LIMPIEZA;;;300;Bruno Centurion;AXUM;;CLOROX;False;131257;0;Lista General;AUTOSERVICIO - A;42250;30-09-2026;757-JUAN PABLO JUAREZ;CLOROX;1;0,00000000;1803,01
794;"JORGE BYNNON 2350";Jose Marmol;2026-10-01;01-10-2026;30-09-2026;FAC-A0001-00342862;Venta;LAGOPUELO S.A;60408;6,00;21742,31;26308,19;Zhuang liqiang;;5,00 %;063;Daniel Martin;0633;Ayudin Ropa Blancos Supremos 15/700ml;3623,72;3399;"";AUTOSERVICIO;AUTOSERVICIO;17208,00;SIMON OLIVERA;190,72;$;2;GRUPO AYUDIN ARGENTINA S.A;0,00000000;0,00;Contado;02-10-2026 10:25;;AYUDIN;CLOROX;;CLOROX;LAVADO DE ROPA;LAGO PUELO;LIMPIEZA;;;300;Bruno Centurion;AXUM;;CLOROX;False;131257;0;Lista General;AUTOSERVICIO - A;42250;30-09-2026;757-JUAN PABLO JUAREZ;CLOROX;1;0,00000000;3623,72
794;"JORGE BYNNON 2350";Jose Marmol;2026-10-01;01-10-2026;30-09-2026;FAC-A0001-00342862;Venta;LAGOPUELO S.A;60402;6,00;21742,31;26308,19;Zhuang liqiang;;5,00 %;063;Daniel Martin;0633;Ayudin Ropa Colores Vivos 15/700ml;3623,72;3399;"";AUTOSERVICIO;AUTOSERVICIO;17208,00;SIMON OLIVERA;190,72;$;2;GRUPO AYUDIN ARGENTINA S.A;0,00000000;0,00;Contado;02-10-2026 10:25;;AYUDIN;CLOROX;;CLOROX;LAVADO DE ROPA;LAGO PUELO;LIMPIEZA;;;300;Bruno Centurion;AXUM;;CLOROX;False;131257;0;Lista General;AUTOSERVICIO - A;42250;30-09-2026;757-JUAN PABLO JUAREZ;CLOROX;1;0,00000000;3623,72
24049;"LAVALLE - (AUTOSERVICIOS) 1524";RAFAEL CALZADA;2026-10-01;01-10-2026;30-09-2026;FAC-A0001-00342868;Venta;LAGOPUELO S.A;36003;24,00;40170,90;48606,79;SHAN LIU;;23,00 %;063;Daniel Martin;0633;AYDN LAVDNA OR 25g/l 8/2l;1673,79;3399;"";AUTOSERVICIO;Autoservicio B;41736,00;SIMON OLIVERA;499,96;$;2;GRUPO AYUDIN ARGENTINA S.A;0,00000000;0,00;Contado;02-10-2026 10:25;;AYUDIN;CLOROX;;CLOROX;LAVANDINA;LAGO PUELO;LIMPIEZA;;;300;Bruno Centurion;AXUM;;CLOROX;False;131447;0;Lista General;Autoservicio B - A;42258;30-09-2026;757-JUAN PABLO JUAREZ;CLOROX;1;0,00000000;1673,79
106448;"Moreno 116 0";Lanus;2026-10-01;01-10-2026;29-09-2026;FAC-A0001-00342871;Venta;LAGOPUELO S.A;19859;2,00;6967,62;8430,82;Fernando Daniel Isabella;;15,00 %;30;Oriana Songini;302;Poett Frgnz SedPrm 12/250ml AR          ;3483,81;3391;"";Tradicionales;Almacen;6072,00;CLAUDIO GARCIA;614,79;$;2;GRUPO AYUDIN ARGENTINA S.A;0,00000000;0,00;Efectivo;02-10-2026 09:01;;POETT;CLOROX;;CLOROX;AERO POETT;LAGO PUELO;LIMPIEZA;;;25;JOHANA VIGIL;AXUM;;CLOROX;False;130656;0;Lista General;Almacen - A;42333;30-09-2026;757-JUAN PABLO JUAREZ;CLOROX;1;0,00000000;3483,81
106448;"Moreno 116 0";Lanus;2026-10-01;01-10-2026;29-09-2026;FAC-A0001-00342871;Venta;LAGOPUELO S.A;19860;2,00;6967,62;8430,82;Fernando Daniel Isabella;;15,00 %;30;Oriana Songini;302;Poett Frgnz FrsRoc 12/250ml AR          ;3483,81;3391;"";Tradicionales;Almacen;6072,00;CLAUDIO GARCIA;614,79;$;2;GRUPO AYUDIN ARGENTINA S.A;0,00000000;0,00;Efectivo;02-10-2026 09:01;;POETT;CLOROX;;CLOROX;AERO POETT;LAGO PUELO;LIMPIEZA;;;25;JOHANA VIGIL;AXUM;;CLOROX;False;130656;0;Lista General;Almacen - A;42333;30-09-2026;757-JUAN PABLO JUAREZ;CLOROX;1;0,00000000;3483,81
106448;"Moreno 116 0";Lanus;2026-10-01;01-10-2026;29-09-2026;FAC-A0001-00342871;Venta;LAGOPUELO S.A;19861;2,00;6967,62;8430,82;Fernando Daniel Isabella;;15,00 %;30;Oriana Songini;302;Poett Frgnz Suad Alg 12/250ml AR        ;3483,81;3391;"";Tradicionales;Almacen;6072,00;CLAUDIO GARCIA;614,79;$;2;GRUPO AYUDIN ARGENTINA S.A;0,00000000;0,00;Efectivo;02-10-2026 09:01;;POETT;CLOROX;;CLOROX;AERO POETT;LAGO PUELO;LIMPIEZA;;;25;JOHANA VIGIL;AXUM;;CLOROX;False;130656;0;Lista General;Almacen - A;42333;30-09-2026;757-JUAN PABLO JUAREZ;CLOROX;1;0,00000000;3483,81
105324;"RamÛn Cabrero 3315";REMEDIOS DE ESCALADA;2026-10-01;01-10-2026;30-09-2026;FAC-A0001-00342878;Venta;LAGOPUELO S.A;36003;8,00;13912,00;16833,52;Bulla Walter Fabian;;20,00 %;29;Camila Navarrete;293;AYDN LAVDNA OR 25g/l 8/2l;1739,00;3391;"Venta modificada el 2026-09-30 17:38:45";KIOSCO;KIOSCO;13912,00;CLAUDIO GARCIA;434,75;$;2;GRUPO AYUDIN ARGENTINA S.A;0,00000000;0,00;Efectivo;02-10-2026 09:01;;AYUDIN;CLOROX;;CLOROX;LAVANDINA;LAGO PUELO;LIMPIEZA;;;25;JOHANA VIGIL;AXUM;;CLOROX;False;130984;0;Lista General;KIOSCO - A;42349;30-09-2026;757-JUAN PABLO JUAREZ;CLOROX;1;0,00000000;1739,00
105324;"RamÛn Cabrero 3315";REMEDIOS DE ESCALADA;2026-10-01;01-10-2026;30-09-2026;FAC-A0001-00342878;Venta;LAGOPUELO S.A;22057;6,00;9464,28;11451,78;Bulla Walter Fabian;;0,00 %;29;Camila Navarrete;293;Pluz Pino 12/900ml;1577,38;3391;"Venta modificada el 2026-09-30 17:38:45";KIOSCO;KIOSCO;7116,00;CLAUDIO GARCIA;0,00;$;2;GRUPO AYUDIN ARGENTINA S.A;0,00000000;0,00;Efectivo;02-10-2026 09:01;;PINO LUZ;CLOROX;;CLOROX;PISO;LAGO PUELO;LIMPIEZA;;;25;JOHANA VIGIL;AXUM;;CLOROX;False;130984;0;Lista General;KIOSCO - A;42349;30-09-2026;757-JUAN PABLO JUAREZ;CLOROX;1;0,00000000;1577,38
27730;"LUJAN - (ARTICULO DE LIMPIEZA) 912";LANUS;2026-10-01;01-10-2026;30-09-2026;FAC-A0001-00342881;Venta;LAGOPUELO S.A;34320;12,00;15752,06;19060,00;LEANDRO MAXIMILIANO FILIPPELLI;;20,00 %;28;Nadia Diaz;283;Poett Desinf. Frescura de Lavanda 900ml;1312,67;3391;"";Otros;Articulo de limpieza;15504,00;CLAUDIO GARCIA;328,17;$;2;GRUPO AYUDIN ARGENTINA S.A;0,00000000;0,00;Contado;02-10-2026 09:01;;POETT;CLOROX;;CLOROX;PISO;LAGO PUELO;LIMPIEZA;;;25;JOHANA VIGIL;AXUM;;CLOROX;False;131031;0;Lista General;Articulo de limpieza - A;42347;30-09-2026;757-JUAN PABLO JUAREZ;CLOROX;1;0,00000000;1312,67
27730;"LUJAN - (ARTICULO DE LIMPIEZA) 912";LANUS;2026-10-01;01-10-2026;30-09-2026;FAC-A0001-00342881;Venta;LAGOPUELO S.A;34324;12,00;15752,06;19060,00;LEANDRO MAXIMILIANO FILIPPELLI;;20,00 %;28;Nadia Diaz;283;Poett Desinf. Flores de Primavera 900ml;1312,67;3391;"";Otros;Articulo de limpieza;15504,00;CLAUDIO GARCIA;328,17;$;2;GRUPO AYUDIN ARGENTINA S.A;0,00000000;0,00;Contado;02-10-2026 09:01;;POETT;CLOROX;;CLOROX;PISO;LAGO PUELO;LIMPIEZA;;;25;JOHANA VIGIL;AXUM;;CLOROX;False;131031;0;Lista General;Articulo de limpieza - A;42347;30-09-2026;757-JUAN PABLO JUAREZ;CLOROX;1;0,00000000;1312,67
27730;"LUJAN - (ARTICULO DE LIMPIEZA) 912";LANUS;2026-10-01;01-10-2026;30-09-2026;FAC-A0001-00342881;Venta;LAGOPUELO S.A;34327;12,00;15752,06;19060,00;LEANDRO MAXIMILIANO FILIPPELLI;;20,00 %;28;Nadia Diaz;283;Poett Desinf. Solo para ti 900ml;1312,67;3391;"";Otros;Articulo de limpieza;15504,00;CLAUDIO GARCIA;328,17;$;2;GRUPO AYUDIN ARGENTINA S.A;0,00000000;0,00;Contado;02-10-2026 09:01;;POETT;CLOROX;;CLOROX;PISO;LAGO PUELO;LIMPIEZA;;;25;JOHANA VIGIL;AXUM;;CLOROX;False;131031;0;Lista General;Articulo de limpieza - A;42347;30-09-2026;757-JUAN PABLO JUAREZ;CLOROX;1;0,00000000;1312,67
101042;"Juan B Justo 3042 1 0";REMEDIOS DE ESCALADA;2026-10-01;01-10-2026;30-09-2026;FAC-A0001-00342890;Venta;LAGOPUELO S.A;61731;6,00;20145,41;24375,94;Yan Nengsheng;;15,00 %;29;Camila Navarrete;293;Sltn MataCuca Aer AccProl 6/360ml BA;3357,57;3391;"Venta modificada el 2026-09-30 17:38:56";AUTOSERVICIO;AUTOSERVICIO;18516,00;CLAUDIO GARCIA;592,51;$;2;GRUPO AYUDIN ARGENTINA S.A;0,00000000;0,00;Efectivo;02-10-2026 09:01;;SELTON;CLOROX;;CLOROX;SELTON;LAGO PUELO;LIMPIEZA;;;25;JOHANA VIGIL;AXUM;;CLOROX;False;131310;0;Lista General;AUTOSERVICIO - A;42362;30-09-2026;757-JUAN PABLO JUAREZ;CLOROX;1;0,00000000;3357,57
101042;"Juan B Justo 3042 1 0";REMEDIOS DE ESCALADA;2026-10-01;01-10-2026;30-09-2026;FAC-A0001-00342890;Venta;LAGOPUELO S.A;61730;6,00;26795,52;32422,58;Yan Nengsheng;;0,00 %;29;Camila Navarrete;293;Sltn MataMosq Aer AccEfct 6/360ml BA;4465,92;3391;"Venta modificada el 2026-09-30 17:38:56";AUTOSERVICIO;AUTOSERVICIO;20934,00;CLAUDIO GARCIA;0,00;$;2;GRUPO AYUDIN ARGENTINA S.A;0,00000000;0,00;Efectivo;02-10-2026 09:01;;SELTON;CLOROX;;CLOROX;SELTON;LAGO PUELO;LIMPIEZA;;;25;JOHANA VIGIL;AXUM;;CLOROX;False;131310;0;Lista General;AUTOSERVICIO - A;42362;30-09-2026;757-JUAN PABLO JUAREZ;CLOROX;1;0,00000000;4465,92
101561;"Zuloaga Y Melo 207 0";REMEDIOS DE ESCALADA;2026-10-01;01-10-2026;30-09-2026;FAC-A0001-00342892;Venta;LAGOPUELO S.A;60227;24,00;52216,32;63181,75;Lin Qin;;20,00 %;24;Cecilia Gauchez;243;Aydn PurGlac TriPod 8/2l GP2;2175,68;3391;"";AUTOSERVICIO;AUTOSERVICIO;50208,00;CLAUDIO GARCIA;543,92;$;2;GRUPO AYUDIN ARGENTINA S.A;0,00000000;0,00;Efectivo;02-10-2026 09:01;;AYUDIN;CLOROX;;CLOROX;LAVANDINA;LAGO PUELO;LIMPIEZA;;;25;JOHANA VIGIL;AXUM;;CLOROX;False;131327;0;Lista General;AUTOSERVICIO - A;42364;30-09-2026;757-JUAN PABLO JUAREZ;CLOROX;1;0,00000000;2175,68
101561;"Zuloaga Y Melo 207 0";REMEDIOS DE ESCALADA;2026-10-01;01-10-2026;30-09-2026;FAC-A0001-00342892;Venta;LAGOPUELO S.A;60223;16,00;34810,88;42121,16;Lin Qin;;20,00 %;24;Cecilia Gauchez;243;Aydn Lavda TriPod 8/2l GP2;2175,68;3391;"";AUTOSERVICIO;AUTOSERVICIO;33472,00;CLAUDIO GARCIA;543,92;$;2;GRUPO AYUDIN ARGENTINA S.A;0,00000000;0,00;Efectivo;02-10-2026 09:01;;AYUDIN;CLOROX;;CLOROX;LAVANDINA;LAGO PUELO;LIMPIEZA;;;25;JOHANA VIGIL;AXUM;;CLOROX;False;131327;0;Lista General;AUTOSERVICIO - A;42364;30-09-2026;757-JUAN PABLO JUAREZ;CLOROX;1;0,00000000;2175,68
100788;"Achaval 2501 0";REMEDIOS DE ESCALADA;2026-10-01;01-10-2026;30-09-2026;FAC-A0001-00342895;Venta;LAGOPUELO S.A;60239;15,00;37086,05;44874,12;Lin Xiamei;;15,00 %;29;Camila Navarrete;293;Aydn Lavdna Gel MntFrs 15/700ml GP2;2472,40;3391;"";AUTOSERVICIO;AUTOSERVICIO;32805,00;CLAUDIO GARCIA;436,31;$;2;GRUPO AYUDIN ARGENTINA S.A;0,00000000;0,00;Efectivo;02-10-2026 09:01;;AYUDIN;CLOROX;;CLOROX;LAVANDINA;LAGO PUELO;LIMPIEZA;;;25;JOHANA VIGIL;AXUM;;CLOROX;False;131366;0;Lista General;AUTOSERVICIO - A;42367;30-09-2026;757-JUAN PABLO JUAREZ;CLOROX;1;0,00000000;2472,40
100788;"Achaval 2501 0";REMEDIOS DE ESCALADA;2026-10-01;01-10-2026;30-09-2026;FAC-A0001-00342895;Venta;LAGOPUELO S.A;36003;16,00;27824,00;33667,04;Lin Xiamei;;20,00 %;29;Camila Navarrete;293;AYDN LAVDNA OR 25g/l 8/2l;1739,00;3391;"";AUTOSERVICIO;AUTOSERVICIO;27824,00;CLAUDIO GARCIA;434,75;$;2;GRUPO AYUDIN ARGENTINA S.A;0,00000000;0,00;Efectivo;02-10-2026 09:01;;AYUDIN;CLOROX;;CLOROX;LAVANDINA;LAGO PUELO;LIMPIEZA;;;25;JOHANA VIGIL;AXUM;;CLOROX;False;131366;0;Lista General;AUTOSERVICIO - A;42367;30-09-2026;757-JUAN PABLO JUAREZ;CLOROX;1;0,00000000;1739,00
100788;"Achaval 2501 0";REMEDIOS DE ESCALADA;2026-10-01;01-10-2026;30-09-2026;FAC-A0001-00342895;Venta;LAGOPUELO S.A;34324;12,00;15161,36;18345,25;Lin Xiamei;;23,00 %;29;Camila Navarrete;293;Poett Desinf. Flores de Primavera 900ml;1263,45;3391;"";AUTOSERVICIO;AUTOSERVICIO;15504,00;CLAUDIO GARCIA;377,39;$;2;GRUPO AYUDIN ARGENTINA S.A;0,00000000;0,00;Efectivo;02-10-2026 09:01;;POETT;CLOROX;;CLOROX;PISO;LAGO PUELO;LIMPIEZA;;;25;JOHANA VIGIL;AXUM;;CLOROX;False;131366;0;Lista General;AUTOSERVICIO - A;42367;30-09-2026;757-JUAN PABLO JUAREZ;CLOROX;1;0,00000000;1263,45
100788;"Achaval 2501 0";REMEDIOS DE ESCALADA;2026-10-01;01-10-2026;30-09-2026;FAC-A0001-00342895;Venta;LAGOPUELO S.A;34327;12,00;15161,36;18345,25;Lin Xiamei;;23,00 %;29;Camila Navarrete;293;Poett Desinf. Solo para ti 900ml;1263,45;3391;"";AUTOSERVICIO;AUTOSERVICIO;15504,00;CLAUDIO GARCIA;377,39;$;2;GRUPO AYUDIN ARGENTINA S.A;0,00000000;0,00;Efectivo;02-10-2026 09:01;;POETT;CLOROX;;CLOROX;PISO;LAGO PUELO;LIMPIEZA;;;25;JOHANA VIGIL;AXUM;;CLOROX;False;131366;0;Lista General;AUTOSERVICIO - A;42367;30-09-2026;757-JUAN PABLO JUAREZ;CLOROX;1;0,00000000;1263,45
100788;"Achaval 2501 0";REMEDIOS DE ESCALADA;2026-10-01;01-10-2026;30-09-2026;FAC-A0001-00342895;Venta;LAGOPUELO S.A;34336;12,00;15161,36;18345,25;Lin Xiamei;;23,00 %;29;Camila Navarrete;293;Poett Dsnf SuadAlg 12/900ml;1263,45;3391;"";AUTOSERVICIO;AUTOSERVICIO;15504,00;CLAUDIO GARCIA;377,39;$;2;GRUPO AYUDIN ARGENTINA S.A;0,00000000;0,00;Efectivo;02-10-2026 09:01;;POETT;CLOROX;;CLOROX;PISO;LAGO PUELO;LIMPIEZA;;;25;JOHANA VIGIL;AXUM;;CLOROX;False;131366;0;Lista General;AUTOSERVICIO - A;42367;30-09-2026;757-JUAN PABLO JUAREZ;CLOROX;1;0,00000000;1263,45
100788;"Achaval 2501 0";REMEDIOS DE ESCALADA;2026-10-01;01-10-2026;30-09-2026;FAC-A0001-00342895;Venta;LAGOPUELO S.A;60386;12,00;15161,36;18345,25;Lin Xiamei;;23,00 %;29;Camila Navarrete;293;Poett EsptPly 12/900ml;1263,45;3391;"";AUTOSERVICIO;AUTOSERVICIO;15504,00;CLAUDIO GARCIA;377,39;$;2;GRUPO AYUDIN ARGENTINA S.A;0,00000000;0,00;Efectivo;02-10-2026 09:01;;POETT;CLOROX;;CLOROX;PISO;LAGO PUELO;LIMPIEZA;;;25;JOHANA VIGIL;AXUM;;CLOROX;False;131366;0;Lista General;AUTOSERVICIO - A;42367;30-09-2026;757-JUAN PABLO JUAREZ;CLOROX;1;0,00000000;1263,45
100788;"Achaval 2501 0";REMEDIOS DE ESCALADA;2026-10-01;01-10-2026;30-09-2026;FAC-A0001-00342895;Venta;LAGOPUELO S.A;34334;12,00;15161,36;18345,25;Lin Xiamei;;23,00 %;29;Camila Navarrete;293;Poett Dsnf SuadBebe 12/900ml;1263,45;3391;"";AUTOSERVICIO;AUTOSERVICIO;15504,00;CLAUDIO GARCIA;377,39;$;2;GRUPO AYUDIN ARGENTINA S.A;0,00000000;0,00;Efectivo;02-10-2026 09:01;;POETT;CLOROX;;CLOROX;PISO;LAGO PUELO;LIMPIEZA;;;25;JOHANA VIGIL;AXUM;;CLOROX;False;131366;0;Lista General;AUTOSERVICIO - A;42367;30-09-2026;757-JUAN PABLO JUAREZ;CLOROX;1;0,00000000;1263,45
100788;"Achaval 2501 0";REMEDIOS DE ESCALADA;2026-10-01;01-10-2026;30-09-2026;FAC-A0001-00342895;Venta;LAGOPUELO S.A;34338;12,00;15161,36;18345,25;Lin Xiamei;;23,00 %;29;Camila Navarrete;293;Poett Dsnf MscPrmvra 12/900ml;1263,45;3391;"";AUTOSERVICIO;AUTOSERVICIO;15504,00;CLAUDIO GARCIA;377,39;$;2;GRUPO AYUDIN ARGENTINA S.A;0,00000000;0,00;Efectivo;02-10-2026 09:01;;POETT;CLOROX;;CLOROX;PISO;LAGO PUELO;LIMPIEZA;;;25;JOHANA VIGIL;AXUM;;CLOROX;False;131366;0;Lista General;AUTOSERVICIO - A;42367;30-09-2026;757-JUAN PABLO JUAREZ;CLOROX;1;0,00000000;1263,45
100788;"Achaval 2501 0";REMEDIOS DE ESCALADA;2026-10-01;01-10-2026;30-09-2026;FAC-A0001-00342895;Venta;LAGOPUELO S.A;34342;12,00;15161,36;18345,25;Lin Xiamei;;23,00 %;29;Camila Navarrete;293;Poett Dsnf AlgrDia 12/900ml;1263,45;3391;"";AUTOSERVICIO;AUTOSERVICIO;15504,00;CLAUDIO GARCIA;377,39;$;2;GRUPO AYUDIN ARGENTINA S.A;0,00000000;0,00;Efectivo;02-10-2026 09:01;;POETT;CLOROX;;CLOROX;PISO;LAGO PUELO;LIMPIEZA;;;25;JOHANA VIGIL;AXUM;;CLOROX;False;131366;0;Lista General;AUTOSERVICIO - A;42367;30-09-2026;757-JUAN PABLO JUAREZ;CLOROX;1;0,00000000;1263,45
100788;"Achaval 2501 0";REMEDIOS DE ESCALADA;2026-10-01;01-10-2026;30-09-2026;FAC-A0001-00342895;Venta;LAGOPUELO S.A;34320;24,00;30322,72;36690,50;Lin Xiamei;;23,00 %;29;Camila Navarrete;293;Poett Desinf. Frescura de Lavanda 900ml;1263,45;3391;"";AUTOSERVICIO;AUTOSERVICIO;31008,00;CLAUDIO GARCIA;377,39;$;2;GRUPO AYUDIN ARGENTINA S.A;0,00000000;0,00;Efectivo;02-10-2026 09:01;;POETT;CLOROX;;CLOROX;PISO;LAGO PUELO;LIMPIEZA;;;25;JOHANA VIGIL;AXUM;;CLOROX;False;131366;0;Lista General;AUTOSERVICIO - A;42367;30-09-2026;757-JUAN PABLO JUAREZ;CLOROX;1;0,00000000;1263,45
100788;"Achaval 2501 0";REMEDIOS DE ESCALADA;2026-10-01;01-10-2026;30-09-2026;FAC-A0001-00342895;Venta;LAGOPUELO S.A;36001;12,00;15161,36;18345,25;Lin Xiamei;;23,00 %;29;Camila Navarrete;293;POETT FRSC TROP 12/900;1263,45;3391;"";AUTOSERVICIO;AUTOSERVICIO;15504,00;CLAUDIO GARCIA;377,39;$;2;GRUPO AYUDIN ARGENTINA S.A;0,00000000;0,00;Efectivo;02-10-2026 09:01;;POETT;CLOROX;;CLOROX;PISO;LAGO PUELO;LIMPIEZA;;;25;JOHANA VIGIL;AXUM;;CLOROX;False;131366;0;Lista General;AUTOSERVICIO - A;42367;30-09-2026;757-JUAN PABLO JUAREZ;CLOROX;1;0,00000000;1263,45
105324;"RamÛn Cabrero 3315";REMEDIOS DE ESCALADA;2026-10-01;01-10-2026;30-09-2026;FAC-A0001-00342899;Venta;LAGOPUELO S.A;36004;3,00;12596,57;15241,85;Bulla Walter Fabian;;7,00 %;29;Camila Navarrete;293;AYDN LAVDNA OR 25 g/l 3/4l;4198,86;3391;"";KIOSCO;KIOSCO;10419,00;CLAUDIO GARCIA;316,04;$;2;GRUPO AYUDIN ARGENTINA S.A;0,00000000;0,00;Efectivo;02-10-2026 09:01;;AYUDIN;CLOROX;;CLOROX;LAVANDINA;LAGO PUELO;LIMPIEZA;;;25;JOHANA VIGIL;AXUM;;CLOROX;False;131430;0;Lista General;KIOSCO - A;42372;30-09-2026;757-JUAN PABLO JUAREZ;CLOROX;1;0,00000000;4198,86
6034;"Calle 131 N 5261";Berazategui;2026-10-01;01-10-2026;30-09-2026;FAC-A0001-00342902;Venta;LAGOPUELO S.A;60231;15,00;24339,00;29450,19;Staniscia Claudio Roque;;0,00 %;052;Nicole Sosa;0523;Aydn A-Sp Trad 15/1l GP2;1622,60;3394;"";AUTOSERVICIO;AUTOSERVICIO;18300,00;IVAN MONTOYA;0,00;$;2;GRUPO AYUDIN ARGENTINA S.A;0,00000000;0,00;Contado;02-10-2026 09:59;;AYUDIN;CLOROX;;CLOROX;LAVANDINA;LAGO PUELO;LIMPIEZA;;;300;Bruno Centurion;AXUM;;CLOROX;False;131140;0;Lista General;AUTOSERVICIO - A;42304;30-09-2026;1638-JAVIER LINARES;CLOROX;1;0,00000000;1622,60
6034;"Calle 131 N 5261";Berazategui;2026-10-01;01-10-2026;30-09-2026;FAC-A0001-00342903;Venta;LAGOPUELO S.A;34324;24,00;30322,72;36690,50;Staniscia Claudio Roque;;23,00 %;052;Nicole Sosa;0523;Poett Desinf. Flores de Primavera 900ml;1263,45;3394;"";AUTOSERVICIO;AUTOSERVICIO;31008,00;IVAN MONTOYA;377,39;$;2;GRUPO AYUDIN ARGENTINA S.A;0,00000000;0,00;Contado;02-10-2026 09:59;;POETT;CLOROX;;CLOROX;PISO;LAGO PUELO;LIMPIEZA;;;300;Bruno Centurion;AXUM;;CLOROX;False;131158;0;Lista General;AUTOSERVICIO - A;42305;30-09-2026;1638-JAVIER LINARES;CLOROX;1;0,00000000;1263,45
6034;"Calle 131 N 5261";Berazategui;2026-10-01;01-10-2026;30-09-2026;FAC-A0001-00342903;Venta;LAGOPUELO S.A;34320;24,00;30322,72;36690,50;Staniscia Claudio Roque;;23,00 %;052;Nicole Sosa;0523;Poett Desinf. Frescura de Lavanda 900ml;1263,45;3394;"";AUTOSERVICIO;AUTOSERVICIO;31008,00;IVAN MONTOYA;377,39;$;2;GRUPO AYUDIN ARGENTINA S.A;0,00000000;0,00;Contado;02-10-2026 09:59;;POETT;CLOROX;;CLOROX;PISO;LAGO PUELO;LIMPIEZA;;;300;Bruno Centurion;AXUM;;CLOROX;False;131158;0;Lista General;AUTOSERVICIO - A;42305;30-09-2026;1638-JAVIER LINARES;CLOROX;1;0,00000000;1263,45
6034;"Calle 131 N 5261";Berazategui;2026-10-01;01-10-2026;30-09-2026;FAC-A0001-00342903;Venta;LAGOPUELO S.A;34327;12,00;15161,36;18345,25;Staniscia Claudio Roque;;23,00 %;052;Nicole Sosa;0523;Poett Desinf. Solo para ti 900ml;1263,45;3394;"";AUTOSERVICIO;AUTOSERVICIO;15504,00;IVAN MONTOYA;377,39;$;2;GRUPO AYUDIN ARGENTINA S.A;0,00000000;0,00;Contado;02-10-2026 09:59;;POETT;CLOROX;;CLOROX;PISO;LAGO PUELO;LIMPIEZA;;;300;Bruno Centurion;AXUM;;CLOROX;False;131158;0;Lista General;AUTOSERVICIO - A;42305;30-09-2026;1638-JAVIER LINARES;CLOROX;1;0,00000000;1263,45
6034;"Calle 131 N 5261";Berazategui;2026-10-01;01-10-2026;30-09-2026;FAC-A0001-00342903;Venta;LAGOPUELO S.A;34342;12,00;15161,36;18345,25;Staniscia Claudio Roque;;23,00 %;052;Nicole Sosa;0523;Poett Dsnf AlgrDia 12/900ml;1263,45;3394;"";AUTOSERVICIO;AUTOSERVICIO;15504,00;IVAN MONTOYA;377,39;$;2;GRUPO AYUDIN ARGENTINA S.A;0,00000000;0,00;Contado;02-10-2026 09:59;;POETT;CLOROX;;CLOROX;PISO;LAGO PUELO;LIMPIEZA;;;300;Bruno Centurion;AXUM;;CLOROX;False;131158;0;Lista General;AUTOSERVICIO - A;42305;30-09-2026;1638-JAVIER LINARES;CLOROX;1;0,00000000;1263,45
6034;"Calle 131 N 5261";Berazategui;2026-10-01;01-10-2026;30-09-2026;FAC-A0001-00342903;Venta;LAGOPUELO S.A;34338;12,00;15161,36;18345,25;Staniscia Claudio Roque;;23,00 %;052;Nicole Sosa;0523;Poett Dsnf MscPrmvra 12/900ml;1263,45;3394;"";AUTOSERVICIO;AUTOSERVICIO;15504,00;IVAN MONTOYA;377,39;$;2;GRUPO AYUDIN ARGENTINA S.A;0,00000000;0,00;Contado;02-10-2026 09:59;;POETT;CLOROX;;CLOROX;PISO;LAGO PUELO;LIMPIEZA;;;300;Bruno Centurion;AXUM;;CLOROX;False;131158;0;Lista General;AUTOSERVICIO - A;42305;30-09-2026;1638-JAVIER LINARES;CLOROX;1;0,00000000;1263,45
6034;"Calle 131 N 5261";Berazategui;2026-10-01;01-10-2026;30-09-2026;FAC-A0001-00342903;Venta;LAGOPUELO S.A;34336;12,00;15161,36;18345,25;Staniscia Claudio Roque;;23,00 %;052;Nicole Sosa;0523;Poett Dsnf SuadAlg 12/900ml;1263,45;3394;"";AUTOSERVICIO;AUTOSERVICIO;15504,00;IVAN MONTOYA;377,39;$;2;GRUPO AYUDIN ARGENTINA S.A;0,00000000;0,00;Contado;02-10-2026 09:59;;POETT;CLOROX;;CLOROX;PISO;LAGO PUELO;LIMPIEZA;;;300;Bruno Centurion;AXUM;;CLOROX;False;131158;0;Lista General;AUTOSERVICIO - A;42305;30-09-2026;1638-JAVIER LINARES;CLOROX;1;0,00000000;1263,45
6034;"Calle 131 N 5261";Berazategui;2026-10-01;01-10-2026;30-09-2026;FAC-A0001-00342903;Venta;LAGOPUELO S.A;34334;12,00;15161,36;18345,25;Staniscia Claudio Roque;;23,00 %;052;Nicole Sosa;0523;Poett Dsnf SuadBebe 12/900ml;1263,45;3394;"";AUTOSERVICIO;AUTOSERVICIO;15504,00;IVAN MONTOYA;377,39;$;2;GRUPO AYUDIN ARGENTINA S.A;0,00000000;0,00;Contado;02-10-2026 09:59;;POETT;CLOROX;;CLOROX;PISO;LAGO PUELO;LIMPIEZA;;;300;Bruno Centurion;AXUM;;CLOROX;False;131158;0;Lista General;AUTOSERVICIO - A;42305;30-09-2026;1638-JAVIER LINARES;CLOROX;1;0,00000000;1263,45
6034;"Calle 131 N 5261";Berazategui;2026-10-01;01-10-2026;30-09-2026;FAC-A0001-00342903;Venta;LAGOPUELO S.A;60386;12,00;15161,36;18345,25;Staniscia Claudio Roque;;23,00 %;052;Nicole Sosa;0523;Poett EsptPly 12/900ml;1263,45;3394;"";AUTOSERVICIO;AUTOSERVICIO;15504,00;IVAN MONTOYA;377,39;$;2;GRUPO AYUDIN ARGENTINA S.A;0,00000000;0,00;Contado;02-10-2026 09:59;;POETT;CLOROX;;CLOROX;PISO;LAGO PUELO;LIMPIEZA;;;300;Bruno Centurion;AXUM;;CLOROX;False;131158;0;Lista General;AUTOSERVICIO - A;42305;30-09-2026;1638-JAVIER LINARES;CLOROX;1;0,00000000;1263,45
6034;"Calle 131 N 5261";Berazategui;2026-10-01;01-10-2026;30-09-2026;FAC-A0001-00342903;Venta;LAGOPUELO S.A;36001;12,00;15161,36;18345,25;Staniscia Claudio Roque;;23,00 %;052;Nicole Sosa;0523;POETT FRSC TROP 12/900;1263,45;3394;"";AUTOSERVICIO;AUTOSERVICIO;15504,00;IVAN MONTOYA;377,39;$;2;GRUPO AYUDIN ARGENTINA S.A;0,00000000;0,00;Contado;02-10-2026 09:59;;POETT;CLOROX;;CLOROX;PISO;LAGO PUELO;LIMPIEZA;;;300;Bruno Centurion;AXUM;;CLOROX;False;131158;0;Lista General;AUTOSERVICIO - A;42305;30-09-2026;1638-JAVIER LINARES;CLOROX;1;0,00000000;1263,45
1505;"CALLE 131 5025";Berazategui;2026-10-01;01-10-2026;30-09-2026;FAC-A0001-00342904;Venta;LAGOPUELO S.A;17927;30,00;25470,00;30818,70;SERIAL VERONICA SANDRA†††††;;20,00 %;052;Nicole Sosa;0523;AYDN LAVDNA OR 15/1L;849,00;3394;"";AUTOSERVICIO;AUTOSERVICIO;25470,00;IVAN MONTOYA;212,25;$;2;GRUPO AYUDIN ARGENTINA S.A;0,00000000;0,00;Contado;02-10-2026 09:59;;AYUDIN;CLOROX;;CLOROX;LAVANDINA;LAGO PUELO;LIMPIEZA;;;300;Bruno Centurion;AXUM;;CLOROX;False;131171;0;Lista General;AUTOSERVICIO - A;42306;30-09-2026;1638-JAVIER LINARES;CLOROX;1;0,00000000;849,00
1505;"CALLE 131 5025";Berazategui;2026-10-01;01-10-2026;30-09-2026;FAC-A0001-00342904;Venta;LAGOPUELO S.A;36003;16,00;27824,00;33667,04;SERIAL VERONICA SANDRA†††††;;20,00 %;052;Nicole Sosa;0523;AYDN LAVDNA OR 25g/l 8/2l;1739,00;3394;"";AUTOSERVICIO;AUTOSERVICIO;27824,00;IVAN MONTOYA;434,75;$;2;GRUPO AYUDIN ARGENTINA S.A;0,00000000;0,00;Contado;02-10-2026 09:59;;AYUDIN;CLOROX;;CLOROX;LAVANDINA;LAGO PUELO;LIMPIEZA;;;300;Bruno Centurion;AXUM;;CLOROX;False;131171;0;Lista General;AUTOSERVICIO - A;42306;30-09-2026;1638-JAVIER LINARES;CLOROX;1;0,00000000;1739,00
6033;"Calle 50 N 2836";Berazategui;2026-10-01;01-10-2026;30-09-2026;FAC-A0001-00342905;Venta;LAGOPUELO S.A;34334;12,00;15752,06;19060,00;ZARATE OLGA GRACIELA;;20,00 %;052;Nicole Sosa;0523;Poett Dsnf SuadBebe 12/900ml;1312,67;3394;"";ALMACEN;ALMACEN;15504,00;IVAN MONTOYA;328,17;$;2;GRUPO AYUDIN ARGENTINA S.A;0,00000000;0,00;Contado;02-10-2026 09:59;;POETT;CLOROX;;CLOROX;PISO;LAGO PUELO;LIMPIEZA;;;300;Bruno Centurion;AXUM;;CLOROX;False;131210;0;Lista General;ALMACEN - A;42307;30-09-2026;1638-JAVIER LINARES;CLOROX;1;0,00000000;1312,67
6033;"Calle 50 N 2836";Berazategui;2026-10-01;01-10-2026;30-09-2026;FAC-A0001-00342905;Venta;LAGOPUELO S.A;34336;12,00;15752,06;19060,00;ZARATE OLGA GRACIELA;;20,00 %;052;Nicole Sosa;0523;Poett Dsnf SuadAlg 12/900ml;1312,67;3394;"";ALMACEN;ALMACEN;15504,00;IVAN MONTOYA;328,17;$;2;GRUPO AYUDIN ARGENTINA S.A;0,00000000;0,00;Contado;02-10-2026 09:59;;POETT;CLOROX;;CLOROX;PISO;LAGO PUELO;LIMPIEZA;;;300;Bruno Centurion;AXUM;;CLOROX;False;131210;0;Lista General;ALMACEN - A;42307;30-09-2026;1638-JAVIER LINARES;CLOROX;1;0,00000000;1312,67
6033;"Calle 50 N 2836";Berazategui;2026-10-01;01-10-2026;30-09-2026;FAC-A0001-00342905;Venta;LAGOPUELO S.A;34327;12,00;15752,06;19060,00;ZARATE OLGA GRACIELA;;20,00 %;052;Nicole Sosa;0523;Poett Desinf. Solo para ti 900ml;1312,67;3394;"";ALMACEN;ALMACEN;15504,00;IVAN MONTOYA;328,17;$;2;GRUPO AYUDIN ARGENTINA S.A;0,00000000;0,00;Contado;02-10-2026 09:59;;POETT;CLOROX;;CLOROX;PISO;LAGO PUELO;LIMPIEZA;;;300;Bruno Centurion;AXUM;;CLOROX;False;131210;0;Lista General;ALMACEN - A;42307;30-09-2026;1638-JAVIER LINARES;CLOROX;1;0,00000000;1312,67
1291;"138 y 52";GUILLERMO E. HUDSON;2026-10-01;01-10-2026;30-09-2026;FAC-A0001-00342906;Venta;LAGOPUELO S.A;61046;6,00;8922,42;10796,13;JESSICA VANESA MARTINEZ;;18,00 %;052;Nicole Sosa;0523;Aydn RopQuitMnch BlncInt 15/1l;1487,07;3394;"";ALMACEN;ALMACEN;8370,00;IVAN MONTOYA;326,43;$;2;GRUPO AYUDIN ARGENTINA S.A;0,00000000;0,00;Contado;02-10-2026 09:59;;AYUDIN;CLOROX;;CLOROX;LAVADO DE ROPA;LAGO PUELO;LIMPIEZA;;;300;Bruno Centurion;AXUM;;CLOROX;False;131273;0;Lista General;ALMACEN - A;42309;30-09-2026;1638-JAVIER LINARES;CLOROX;1;0,00000000;1487,07
6286;"SALLARES 1546";Varela ;2026-10-01;01-10-2026;30-09-2026;FAC-A0001-00342910;Venta;LAGOPUELO S.A;61046;15,00;23122,13;27977,77;GUO XIU PING;;15,00 %;6;Nieves Alegre;63;Aydn RopQuitMnch BlncInt 15/1l;1541,48;3392;"";AUTOSERVICIO;AUTOSERVICIO;20925,00;WALTER JANIUK;272,03;$;2;GRUPO AYUDIN ARGENTINA S.A;0,00000000;0,00;Contado;05-10-2026 13:39;;AYUDIN;CLOROX;;CLOROX;LAVADO DE ROPA;LAGO PUELO;LIMPIEZA;;;25;JOHANA VIGIL;AXUM;;CLOROX;False;130968;0;Lista General;AUTOSERVICIO - A;42376;30-09-2026;759-GABRIEL PEREZ;CLOROX;1;0,00000000;1541,48
6286;"SALLARES 1546";Varela ;2026-10-01;01-10-2026;30-09-2026;FAC-A0001-00342910;Venta;LAGOPUELO S.A;60226;15,00;17403,75;21058,54;GUO XIU PING;;15,00 %;6;Nieves Alegre;63;Aydn PurGlac TriPod 15/1l GP2;1160,25;3392;"";AUTOSERVICIO;AUTOSERVICIO;15750,00;WALTER JANIUK;204,75;$;2;GRUPO AYUDIN ARGENTINA S.A;0,00000000;0,00;Contado;05-10-2026 13:39;;AYUDIN;CLOROX;;CLOROX;LAVANDINA;LAGO PUELO;LIMPIEZA;;;25;JOHANA VIGIL;AXUM;;CLOROX;False;130968;0;Lista General;AUTOSERVICIO - A;42376;30-09-2026;759-GABRIEL PEREZ;CLOROX;1;0,00000000;1160,25
6286;"SALLARES 1546";Varela ;2026-10-01;01-10-2026;30-09-2026;FAC-A0001-00342910;Venta;LAGOPUELO S.A;61814;6,00;22452,75;27167,83;GUO XIU PING;;15,00 %;6;Nieves Alegre;63;Sltn MataMosq Aer s/OlrQmc 6/360ml BA;3742,13;3392;"";AUTOSERVICIO;AUTOSERVICIO;21132,00;WALTER JANIUK;660,38;$;2;GRUPO AYUDIN ARGENTINA S.A;0,00000000;0,00;Contado;05-10-2026 13:39;;SELTON;CLOROX;;CLOROX;SELTON;LAGO PUELO;LIMPIEZA;;;25;JOHANA VIGIL;AXUM;;CLOROX;False;130968;0;Lista General;AUTOSERVICIO - A;42376;30-09-2026;759-GABRIEL PEREZ;CLOROX;1;0,00000000;3742,13
6286;"SALLARES 1546";Varela ;2026-10-01;01-10-2026;30-09-2026;FAC-A0001-00342910;Venta;LAGOPUELO S.A;61816;6,00;18159,57;21973,08;GUO XIU PING;;15,00 %;6;Nieves Alegre;63;Sltn MataMosq Aer AccInst 6/360ml BA;3026,60;3392;"";AUTOSERVICIO;AUTOSERVICIO;16434,00;WALTER JANIUK;534,11;$;2;GRUPO AYUDIN ARGENTINA S.A;0,00000000;0,00;Contado;05-10-2026 13:39;;SELTON;CLOROX;;CLOROX;SELTON;LAGO PUELO;LIMPIEZA;;;25;JOHANA VIGIL;AXUM;;CLOROX;False;130968;0;Lista General;AUTOSERVICIO - A;42376;30-09-2026;759-GABRIEL PEREZ;CLOROX;1;0,00000000;3026,60
6286;"SALLARES 1546";Varela ;2026-10-01;01-10-2026;30-09-2026;FAC-A0001-00342910;Venta;LAGOPUELO S.A;60885;6,00;14924,13;18058,20;GUO XIU PING;;15,00 %;6;Nieves Alegre;63;Poett Aer FlrLavda ExtFrag 6/360ml;2487,36;3392;"";AUTOSERVICIO;AUTOSERVICIO;13506,00;WALTER JANIUK;438,95;$;2;GRUPO AYUDIN ARGENTINA S.A;0,00000000;0,00;Contado;05-10-2026 13:39;;POETT;CLOROX;;CLOROX;AERO POETT;LAGO PUELO;LIMPIEZA;;;25;JOHANA VIGIL;AXUM;;CLOROX;False;130968;0;Lista General;AUTOSERVICIO - A;42376;30-09-2026;759-GABRIEL PEREZ;CLOROX;1;0,00000000;2487,36
6286;"SALLARES 1546";Varela ;2026-10-01;01-10-2026;30-09-2026;FAC-A0001-00342910;Venta;LAGOPUELO S.A;50090;6,00;14924,13;18058,20;GUO XIU PING;;15,00 %;6;Nieves Alegre;63;Poett Aer Huellitas 6/360ml;2487,36;3392;"";AUTOSERVICIO;AUTOSERVICIO;13506,00;WALTER JANIUK;438,95;$;2;GRUPO AYUDIN ARGENTINA S.A;0,00000000;0,00;Contado;05-10-2026 13:39;;POETT;CLOROX;;CLOROX;AERO POETT;LAGO PUELO;LIMPIEZA;;;25;JOHANA VIGIL;AXUM;;CLOROX;False;130968;0;Lista General;AUTOSERVICIO - A;42376;30-09-2026;759-GABRIEL PEREZ;CLOROX;1;0,00000000;2487,36
6286;"SALLARES 1546";Varela ;2026-10-01;01-10-2026;30-09-2026;FAC-A0001-00342910;Venta;LAGOPUELO S.A;60888;6,00;14924,13;18058,20;GUO XIU PING;;15,00 %;6;Nieves Alegre;63;Poett Aer SvdAlg ExtFrag 6/360ml;2487,36;3392;"";AUTOSERVICIO;AUTOSERVICIO;13506,00;WALTER JANIUK;438,95;$;2;GRUPO AYUDIN ARGENTINA S.A;0,00000000;0,00;Contado;05-10-2026 13:39;;POETT;CLOROX;;CLOROX;AERO POETT;LAGO PUELO;LIMPIEZA;;;25;JOHANA VIGIL;AXUM;;CLOROX;False;130968;0;Lista General;AUTOSERVICIO - A;42376;30-09-2026;759-GABRIEL PEREZ;CLOROX;1;0,00000000;2487,36
6286;"SALLARES 1546";Varela ;2026-10-01;01-10-2026;30-09-2026;FAC-A0001-00342910;Venta;LAGOPUELO S.A;61035;6,00;14924,13;18058,20;GUO XIU PING;;15,00 %;6;Nieves Alegre;63;Poett Aer AlgrDia ExtFrag 6/360ml;2487,36;3392;"";AUTOSERVICIO;AUTOSERVICIO;13506,00;WALTER JANIUK;438,95;$;2;GRUPO AYUDIN ARGENTINA S.A;0,00000000;0,00;Contado;05-10-2026 13:39;;POETT;CLOROX;;CLOROX;AERO POETT;LAGO PUELO;LIMPIEZA;;;25;JOHANA VIGIL;AXUM;;CLOROX;False;130968;0;Lista General;AUTOSERVICIO - A;42376;30-09-2026;759-GABRIEL PEREZ;CLOROX;1;0,00000000;2487,36
6286;"SALLARES 1546";Varela ;2026-10-01;01-10-2026;30-09-2026;FAC-A0001-00342910;Venta;LAGOPUELO S.A;33575;6,00;10818,09;13089,89;GUO XIU PING;;5,00 %;6;Nieves Alegre;63;Aydn Ropa ClrViv DoyPk 16/400ml;1803,01;3392;"";AUTOSERVICIO;AUTOSERVICIO;8562,00;WALTER JANIUK;94,90;$;2;GRUPO AYUDIN ARGENTINA S.A;0,00000000;0,00;Contado;05-10-2026 13:39;;AYUDIN;CLOROX;;CLOROX;LAVADO DE ROPA;LAGO PUELO;LIMPIEZA;;;25;JOHANA VIGIL;AXUM;;CLOROX;False;130968;0;Lista General;AUTOSERVICIO - A;42376;30-09-2026;759-GABRIEL PEREZ;CLOROX;1;0,00000000;1803,01
6118;"12 DE OCTUBRE 577";Varela ;2026-10-01;01-10-2026;30-09-2026;FAC-A0001-00342916;Venta;LAGOPUELO S.A;60222;15,00;17403,75;21058,54;GAO YANG YONG;;15,00 %;6;Nieves Alegre;63;Aydn Lavda TriPod 15/1l GP2;1160,25;3392;"";AUTOSERVICIO;AUTOSERVICIO;15750,00;WALTER JANIUK;204,75;$;2;GRUPO AYUDIN ARGENTINA S.A;0,00000000;0,00;Contado;05-10-2026 13:39;;AYUDIN;CLOROX;;CLOROX;LAVANDINA;LAGO PUELO;LIMPIEZA;;;25;JOHANA VIGIL;AXUM;;CLOROX;False;131209;0;Lista General;AUTOSERVICIO - A;42383;30-09-2026;759-GABRIEL PEREZ;CLOROX;1;0,00000000;1160,25
6118;"12 DE OCTUBRE 577";Varela ;2026-10-01;01-10-2026;30-09-2026;FAC-A0001-00342916;Venta;LAGOPUELO S.A;60226;15,00;17403,75;21058,54;GAO YANG YONG;;15,00 %;6;Nieves Alegre;63;Aydn PurGlac TriPod 15/1l GP2;1160,25;3392;"";AUTOSERVICIO;AUTOSERVICIO;15750,00;WALTER JANIUK;204,75;$;2;GRUPO AYUDIN ARGENTINA S.A;0,00000000;0,00;Contado;05-10-2026 13:39;;AYUDIN;CLOROX;;CLOROX;LAVANDINA;LAGO PUELO;LIMPIEZA;;;25;JOHANA VIGIL;AXUM;;CLOROX;False;131209;0;Lista General;AUTOSERVICIO - A;42383;30-09-2026;759-GABRIEL PEREZ;CLOROX;1;0,00000000;1160,25
22843;"EVA PERON - (TRADITIONAL TRADE) 4060";FLORENCIO VARELA;2026-10-01;01-10-2026;30-09-2026;FAC-A0001-00342918;Venta;LAGOPUELO S.A;61576;16,00;26537,68;32110,59;WU JINLAN;;5,00 %;6;Nieves Alegre;63;Aydn Bn Limp† Act Or DoyPk 16/450ml;1658,61;3392;"";AUTOSERVICIO;Autoservicio A;21488,00;WALTER JANIUK;87,30;$;2;GRUPO AYUDIN ARGENTINA S.A;0,00000000;0,00;Contado;05-10-2026 13:39;;AYUDIN;CLOROX;;CLOROX;BAÒO;LAGO PUELO;LIMPIEZA;;;25;JOHANA VIGIL;AXUM;;CLOROX;False;131229;0;Lista General;Autoservicio A - A;42385;30-09-2026;759-GABRIEL PEREZ;CLOROX;1;0,00000000;1658,61
5333;"EVA PERON 4112";FLORENCIO VARELA;2026-10-01;01-10-2026;30-09-2026;FAC-A0001-00342921;Venta;LAGOPUELO S.A;36003;120,00;200854,50;243033,95;ALBERTO CRAVINO††††††††††††;;23,00 %;6;Nieves Alegre;63;AYDN LAVDNA OR 25g/l 8/2l;1673,79;3392;"";AUTOSERVICIO;AUTOSERVICIO;208680,00;WALTER JANIUK;499,96;$;2;GRUPO AYUDIN ARGENTINA S.A;0,00000000;0,00;Contado;05-10-2026 13:39;;AYUDIN;CLOROX;;CLOROX;LAVANDINA;LAGO PUELO;LIMPIEZA;;;25;JOHANA VIGIL;AXUM;;CLOROX;False;131253;0;Lista General;AUTOSERVICIO - A;42389;30-09-2026;759-GABRIEL PEREZ;CLOROX;1;0,00000000;1673,79
5333;"EVA PERON 4112";FLORENCIO VARELA;2026-10-01;01-10-2026;30-09-2026;FAC-A0001-00342921;Venta;LAGOPUELO S.A;34334;60,00;78760,32;95299,99;ALBERTO CRAVINO††††††††††††;;20,00 %;6;Nieves Alegre;63;Poett Dsnf SuadBebe 12/900ml;1312,67;3392;"";AUTOSERVICIO;AUTOSERVICIO;77520,00;WALTER JANIUK;328,17;$;2;GRUPO AYUDIN ARGENTINA S.A;0,00000000;0,00;Contado;05-10-2026 13:39;;POETT;CLOROX;;CLOROX;PISO;LAGO PUELO;LIMPIEZA;;;25;JOHANA VIGIL;AXUM;;CLOROX;False;131253;0;Lista General;AUTOSERVICIO - A;42389;30-09-2026;759-GABRIEL PEREZ;CLOROX;1;0,00000000;1312,67
5333;"EVA PERON 4112";FLORENCIO VARELA;2026-10-01;01-10-2026;30-09-2026;FAC-A0001-00342921;Venta;LAGOPUELO S.A;34336;60,00;78760,32;95299,99;ALBERTO CRAVINO††††††††††††;;20,00 %;6;Nieves Alegre;63;Poett Dsnf SuadAlg 12/900ml;1312,67;3392;"";AUTOSERVICIO;AUTOSERVICIO;77520,00;WALTER JANIUK;328,17;$;2;GRUPO AYUDIN ARGENTINA S.A;0,00000000;0,00;Contado;05-10-2026 13:39;;POETT;CLOROX;;CLOROX;PISO;LAGO PUELO;LIMPIEZA;;;25;JOHANA VIGIL;AXUM;;CLOROX;False;131253;0;Lista General;AUTOSERVICIO - A;42389;30-09-2026;759-GABRIEL PEREZ;CLOROX;1;0,00000000;1312,67
5333;"EVA PERON 4112";FLORENCIO VARELA;2026-10-01;01-10-2026;30-09-2026;FAC-A0001-00342921;Venta;LAGOPUELO S.A;33578;24,00;71473,67;86483,14;ALBERTO CRAVINO††††††††††††;;5,00 %;6;Nieves Alegre;63;Aydn Ropa BlncSprms DoyPk 12/650ml;2978,07;3392;"";AUTOSERVICIO;AUTOSERVICIO;56568,00;WALTER JANIUK;156,74;$;2;GRUPO AYUDIN ARGENTINA S.A;0,00000000;0,00;Contado;05-10-2026 13:39;;AYUDIN;CLOROX;;CLOROX;LAVADO DE ROPA;LAGO PUELO;LIMPIEZA;;;25;JOHANA VIGIL;AXUM;;CLOROX;False;131253;0;Lista General;AUTOSERVICIO - A;42389;30-09-2026;759-GABRIEL PEREZ;CLOROX;1;0,00000000;2978,07
5192;"PTE. PERON 347";FLORENCIO VARELA;2026-10-01;01-10-2026;30-09-2026;FAC-A0001-00342923;Venta;LAGOPUELO S.A;36004;6,00;27089,40;32778,17;LATITUD 3502 SRL†††††††††††;;0,00 %;6;Nieves Alegre;63;AYDN LAVDNA OR 25 g/l 3/4l;4514,90;3392;"";AUTOSERVICIO;AUTOSERVICIO;20838,00;WALTER JANIUK;0,00;$;2;GRUPO AYUDIN ARGENTINA S.A;0,00000000;0,00;Contado;05-10-2026 13:39;;AYUDIN;CLOROX;;CLOROX;LAVANDINA;LAGO PUELO;LIMPIEZA;;;25;JOHANA VIGIL;AXUM;;CLOROX;False;131326;0;Lista General;AUTOSERVICIO - A;42393;30-09-2026;759-GABRIEL PEREZ;CLOROX;1;0,00000000;4514,90
5192;"PTE. PERON 347";FLORENCIO VARELA;2026-10-01;01-10-2026;30-09-2026;FAC-A0001-00342923;Venta;LAGOPUELO S.A;17927;30,00;25470,00;30818,70;LATITUD 3502 SRL†††††††††††;;20,00 %;6;Nieves Alegre;63;AYDN LAVDNA OR 15/1L;849,00;3392;"";AUTOSERVICIO;AUTOSERVICIO;25470,00;WALTER JANIUK;212,25;$;2;GRUPO AYUDIN ARGENTINA S.A;0,00000000;0,00;Contado;05-10-2026 13:39;;AYUDIN;CLOROX;;CLOROX;LAVANDINA;LAGO PUELO;LIMPIEZA;;;25;JOHANA VIGIL;AXUM;;CLOROX;False;131326;0;Lista General;AUTOSERVICIO - A;42393;30-09-2026;759-GABRIEL PEREZ;CLOROX;1;0,00000000;849,00
5192;"PTE. PERON 347";FLORENCIO VARELA;2026-10-01;01-10-2026;30-09-2026;FAC-A0001-00342923;Venta;LAGOPUELO S.A;60222;30,00;34807,50;42117,08;LATITUD 3502 SRL†††††††††††;;15,00 %;6;Nieves Alegre;63;Aydn Lavda TriPod 15/1l GP2;1160,25;3392;"";AUTOSERVICIO;AUTOSERVICIO;31500,00;WALTER JANIUK;204,75;$;2;GRUPO AYUDIN ARGENTINA S.A;0,00000000;0,00;Contado;05-10-2026 13:39;;AYUDIN;CLOROX;;CLOROX;LAVANDINA;LAGO PUELO;LIMPIEZA;;;25;JOHANA VIGIL;AXUM;;CLOROX;False;131326;0;Lista General;AUTOSERVICIO - A;42393;30-09-2026;759-GABRIEL PEREZ;CLOROX;1;0,00000000;1160,25
5069;"LA PULPERIA 1120";Florencio Varela;2026-10-01;01-10-2026;30-09-2026;FAC-A0001-00342925;Venta;LAGOPUELO S.A;60231;15,00;24339,00;29450,19;YU PAULA;;0,00 %;7;Myrian Lertora;73;Aydn A-Sp Trad 15/1l GP2;1622,60;3392;"";AUTOSERVICIO;AUTOSERVICIO;18300,00;WALTER JANIUK;0,00;$;2;GRUPO AYUDIN ARGENTINA S.A;0,00000000;0,00;Contado;05-10-2026 13:39;;AYUDIN;CLOROX;;CLOROX;LAVANDINA;LAGO PUELO;LIMPIEZA;;;25;JOHANA VIGIL;AXUM;;CLOROX;False;131365;0;Lista General;AUTOSERVICIO - A;42395;30-09-2026;759-GABRIEL PEREZ;CLOROX;1;0,00000000;1622,60
323025;"BARTOLOME MITRE 654";FLORENCIO VARELA;2026-10-01;01-10-2026;30-09-2026;FAC-A0001-00342927;Venta;LAGOPUELO S.A;18098;12,00;13680,90;16553,89;WENG FENGMEI;;25,00 %;6;Nieves Alegre;63;Mort Esp DobCara 4/24c                  ;1140,08;3392;"";AUTOSERVICIO;AUTOSERVICIO;13512,00;WALTER JANIUK;380,03;$;2;GRUPO AYUDIN ARGENTINA S.A;0,00000000;0,00;Contado;05-10-2026 13:39;;MORTIMER;CLOROX;;CLOROX;MORTIMER;LAGO PUELO;LIMPIEZA;;;25;JOHANA VIGIL;AXUM;;CLOROX;False;131377;0;Lista General;AUTOSERVICIO - A;42397;30-09-2026;759-GABRIEL PEREZ;CLOROX;1;0,00000000;1140,08
23984;"EL ALJIBE - (TRADITIONAL TRADE) 560";FLORENCIO VARELA;2026-10-01;01-10-2026;30-09-2026;FAC-A0001-00342932;Venta;LAGOPUELO S.A;17927;15,00;12735,00;15409,35;NORMA BEATRIZ BENITEZ;;20,00 %;7;Myrian Lertora;73;AYDN LAVDNA OR 15/1L;849,00;3392;"";Farmacias y PerfumerÌas;Perfumeria;12735,00;WALTER JANIUK;212,25;$;2;GRUPO AYUDIN ARGENTINA S.A;0,00000000;0,00;Contado;05-10-2026 13:39;;AYUDIN;CLOROX;;CLOROX;LAVANDINA;LAGO PUELO;LIMPIEZA;;;25;JOHANA VIGIL;AXUM;;CLOROX;False;131452;0;Lista General;Perfumeria - A;42405;30-09-2026;759-GABRIEL PEREZ;CLOROX;1;0,00000000;849,00
23774;"LA CALANDRIA - (KIOSCOS/MAXI) 50";ESTEBAN ECHEVERR√¬çA;2026-10-01;01-10-2026;29-09-2026;FAC-B0001-00018615;Venta;LAGOPUELO S.A;17927;15,00;12735,00;15409,35;BENITEZ TERESA;;20,00 %;064;Karina Fernandez;0642;AYDN LAVDNA OR 15/1L;849,00;3395;"";ALMACEN;ALMACEN;12735,00;LEONARDO SANTA CRUZ;212,25;$;2;GRUPO AYUDIN ARGENTINA S.A;0,00000000;0,00;Contado;06-10-2026 09:26;;AYUDIN;CLOROX;;CLOROX;LAVANDINA;LAGO PUELO;LIMPIEZA;;;300;Bruno Centurion;AXUM;;CLOROX;False;130519;0;Lista General;ALMACEN - A;42061;30-09-2026;5553-JORGE MONZON;CLOROX;1;0,00000000;849,00
23662;"EVITA - (PERFUMERIA) 633";EL JAGUEL;2026-10-01;01-10-2026;29-09-2026;FAC-B0001-00018619;Venta;LAGOPUELO S.A;61046;15,00;23122,13;27977,77;ELIZABETH BUSTAMANTE;;15,00 %;064;Karina Fernandez;0642;Aydn RopQuitMnch BlncInt 15/1l;1541,48;3395;"";Farmacias y PerfumerÌas;Perfumeria;20925,00;LEONARDO SANTA CRUZ;272,03;$;2;GRUPO AYUDIN ARGENTINA S.A;0,00000000;0,00;Contado;06-10-2026 09:26;;AYUDIN;CLOROX;;CLOROX;LAVADO DE ROPA;LAGO PUELO;LIMPIEZA;;;300;Bruno Centurion;AXUM;;CLOROX;False;130645;0;Lista General;Perfumeria - A;42070;30-09-2026;5553-JORGE MONZON;CLOROX;1;0,00000000;1541,48
22942;"roman bravo 477";ALTE BROWN;2026-10-01;01-10-2026;30-09-2026;FAC-B0001-00018621;Venta;LAGOPUELO S.A;60885;3,00;7462,07;9029,10;CALLEJAS PAULINA;;15,00 %;056;Ezequiel Ferreira;0563;Poett Aer FlrLavda ExtFrag 6/360ml;2487,36;3398;"";ALMACEN;ALMACEN;6753,00;NAHUEL MONTOYA;438,95;$;2;GRUPO AYUDIN ARGENTINA S.A;0,00000000;0,00;Contado;02-10-2026 09:39;;POETT;CLOROX;;CLOROX;AERO POETT;LAGO PUELO;LIMPIEZA;;;300;Bruno Centurion;AXUM;;CLOROX;False;131039;0;Lista General;ALMACEN - A;42410;30-09-2026;509-LUCAS GODOY;CLOROX;1;0,00000000;2487,36
22942;"roman bravo 477";ALTE BROWN;2026-10-01;01-10-2026;30-09-2026;FAC-B0001-00018621;Venta;LAGOPUELO S.A;60886;3,00;7462,07;9029,10;CALLEJAS PAULINA;;15,00 %;056;Ezequiel Ferreira;0563;Poett Aer FlrPrm ExtFrag 6/360ml;2487,36;3398;"";ALMACEN;ALMACEN;6753,00;NAHUEL MONTOYA;438,95;$;2;GRUPO AYUDIN ARGENTINA S.A;0,00000000;0,00;Contado;02-10-2026 09:39;;POETT;CLOROX;;CLOROX;AERO POETT;LAGO PUELO;LIMPIEZA;;;300;Bruno Centurion;AXUM;;CLOROX;False;131039;0;Lista General;ALMACEN - A;42410;30-09-2026;509-LUCAS GODOY;CLOROX;1;0,00000000;2487,36
22942;"roman bravo 477";ALTE BROWN;2026-10-01;01-10-2026;30-09-2026;FAC-B0001-00018621;Venta;LAGOPUELO S.A;61816;6,00;17091,36;20680,55;CALLEJAS PAULINA;;20,00 %;056;Ezequiel Ferreira;0563;Sltn MataMosq Aer AccInst 6/360ml BA;2848,56;3398;"";ALMACEN;ALMACEN;16434,00;NAHUEL MONTOYA;712,14;$;2;GRUPO AYUDIN ARGENTINA S.A;0,00000000;0,00;Contado;02-10-2026 09:39;;SELTON;CLOROX;;CLOROX;SELTON;LAGO PUELO;LIMPIEZA;;;300;Bruno Centurion;AXUM;;CLOROX;False;131039;0;Lista General;ALMACEN - A;42410;30-09-2026;509-LUCAS GODOY;CLOROX;1;0,00000000;2848,56
22942;"roman bravo 477";ALTE BROWN;2026-10-01;01-10-2026;30-09-2026;FAC-B0001-00018621;Venta;LAGOPUELO S.A;61814;1,00;3742,13;4527,97;CALLEJAS PAULINA;;15,00 %;056;Ezequiel Ferreira;0563;Sltn MataMosq Aer s/OlrQmc 6/360ml BA;3742,13;3398;"";ALMACEN;ALMACEN;3522,00;NAHUEL MONTOYA;660,38;$;2;GRUPO AYUDIN ARGENTINA S.A;0,00000000;0,00;Contado;02-10-2026 09:39;;SELTON;CLOROX;;CLOROX;SELTON;LAGO PUELO;LIMPIEZA;;;300;Bruno Centurion;AXUM;;CLOROX;False;131039;0;Lista General;ALMACEN - A;42410;30-09-2026;509-LUCAS GODOY;CLOROX;1;0,00000000;3742,13
22940;"Balboa - (TRADICIONAL) 597";CLAYPOLE;2026-10-01;01-10-2026;30-09-2026;FAC-B0001-00018625;Venta;LAGOPUELO S.A;60233;3,00;7417,21;8974,82;MARA GOMEZ;;15,00 %;056;Ezequiel Ferreira;0563;Aydn Lavdna Gel Or 15/700ml GP2;2472,40;3398;"";KIOSCO;KIOSCO;6561,00;NAHUEL MONTOYA;436,31;$;2;GRUPO AYUDIN ARGENTINA S.A;0,00000000;0,00;Contado;02-10-2026 09:39;;AYUDIN;CLOROX;;CLOROX;LAVANDINA;LAGO PUELO;LIMPIEZA;;;300;Bruno Centurion;AXUM;;CLOROX;False;131308;0;Lista General;KIOSCO - A;42434;30-09-2026;509-LUCAS GODOY;CLOROX;1;0,00000000;2472,40
22940;"Balboa - (TRADICIONAL) 597";CLAYPOLE;2026-10-01;01-10-2026;30-09-2026;FAC-B0001-00018625;Venta;LAGOPUELO S.A;60234;3,00;7417,21;8974,82;MARA GOMEZ;;15,00 %;056;Ezequiel Ferreira;0563;Aydn Lavdna Gel Ctra 15/700ml GP2;2472,40;3398;"";KIOSCO;KIOSCO;6561,00;NAHUEL MONTOYA;436,31;$;2;GRUPO AYUDIN ARGENTINA S.A;0,00000000;0,00;Contado;02-10-2026 09:39;;AYUDIN;CLOROX;;CLOROX;LAVANDINA;LAGO PUELO;LIMPIEZA;;;300;Bruno Centurion;AXUM;;CLOROX;False;131308;0;Lista General;KIOSCO - A;42434;30-09-2026;509-LUCAS GODOY;CLOROX;1;0,00000000;2472,40
22940;"Balboa - (TRADICIONAL) 597";CLAYPOLE;2026-10-01;01-10-2026;30-09-2026;FAC-B0001-00018625;Venta;LAGOPUELO S.A;60240;3,00;7417,21;8974,82;MARA GOMEZ;;15,00 %;056;Ezequiel Ferreira;0563;Aydn Lavdna Gel Lavda EXPRT 15/700ml GP2;2472,40;3398;"";KIOSCO;KIOSCO;6561,00;NAHUEL MONTOYA;436,31;$;2;GRUPO AYUDIN ARGENTINA S.A;0,00000000;0,00;Contado;02-10-2026 09:39;;AYUDIN;CLOROX;;CLOROX;LAVANDINA;LAGO PUELO;LIMPIEZA;;;300;Bruno Centurion;AXUM;;CLOROX;False;131308;0;Lista General;KIOSCO - A;42434;30-09-2026;509-LUCAS GODOY;CLOROX;1;0,00000000;2472,40
670;"JUNCAL 2738";Lan˙s Oeste;2026-10-01;01-10-2026;30-09-2026;FAC-B0001-00018633;Venta;LAGOPUELO S.A;60886;3,00;7462,07;9029,10;Cristian Ariel locuratolo;;15,00 %;28;Nadia Diaz;283;Poett Aer FlrPrm ExtFrag 6/360ml;2487,36;3391;"";ALMACEN;ALMACEN;6753,00;CLAUDIO GARCIA;438,95;$;2;GRUPO AYUDIN ARGENTINA S.A;0,00000000;0,00;Efectivo;02-10-2026 09:01;;POETT;CLOROX;;CLOROX;AERO POETT;LAGO PUELO;LIMPIEZA;;;25;JOHANA VIGIL;AXUM;;CLOROX;False;131028;0;Lista General;ALMACEN - A;42345;30-09-2026;757-JUAN PABLO JUAREZ;CLOROX;1;0,00000000;2487,36
670;"JUNCAL 2738";Lan˙s Oeste;2026-10-01;01-10-2026;30-09-2026;FAC-B0001-00018633;Venta;LAGOPUELO S.A;60885;3,00;7462,07;9029,10;Cristian Ariel locuratolo;;15,00 %;28;Nadia Diaz;283;Poett Aer FlrLavda ExtFrag 6/360ml;2487,36;3391;"";ALMACEN;ALMACEN;6753,00;CLAUDIO GARCIA;438,95;$;2;GRUPO AYUDIN ARGENTINA S.A;0,00000000;0,00;Efectivo;02-10-2026 09:01;;POETT;CLOROX;;CLOROX;AERO POETT;LAGO PUELO;LIMPIEZA;;;25;JOHANA VIGIL;AXUM;;CLOROX;False;131028;0;Lista General;ALMACEN - A;42345;30-09-2026;757-JUAN PABLO JUAREZ;CLOROX;1;0,00000000;2487,36
31637;"GRISNTEIN 3049";FLORENCIO VARELA;2026-10-01;01-10-2026;30-09-2026;FAC-B0001-00018639;Venta;LAGOPUELO S.A;33575;6,00;10818,09;13089,89;FILIBERTO BALTAZAR;;5,00 %;6;Nieves Alegre;63;Aydn Ropa ClrViv DoyPk 16/400ml;1803,01;3392;"";AUTOSERVICIO;AUTOSERVICIO;8562,00;WALTER JANIUK;94,90;$;2;GRUPO AYUDIN ARGENTINA S.A;0,00000000;0,00;Contado;05-10-2026 13:39;;AYUDIN;CLOROX;;CLOROX;LAVADO DE ROPA;LAGO PUELO;LIMPIEZA;;;25;JOHANA VIGIL;AXUM;;CLOROX;False;131423;0;Lista General;AUTOSERVICIO - A;42400;30-09-2026;759-GABRIEL PEREZ;CLOROX;1;0,00000000;1803,01
27832;"MADRE SELVA ESQ DEFENSA 3610";TEMPERLEY;2026-10-01;01-10-2026;29-09-2026;FAC-A0002-00011476;Venta;ELEBES;18098;12,00;18241,20;22071,85;ISABEL CARMEN SANTUCHO;;0,00 %;063;Daniel Martin;0632;Mort Esp DobCara 4/24c                  ;1520,10;3399;"";ALMACEN;ALMACEN;13512,00;SIMON OLIVERA;0,00;$;2;GRUPO AYUDIN ARGENTINA S.A;0,00000000;0,00;Contado;02-10-2026 10:25;;MORTIMER;CLOROX;;CLOROX;MORTIMER;LAGO PUELO;LIMPIEZA;;;300;Bruno Centurion;AXUM;;CLOROX;False;130306;0;Lista General;ALMACEN - A;42216;30-09-2026;757-JUAN PABLO JUAREZ;CLOROX;1;0,00000000;1520,10
27832;"MADRE SELVA ESQ DEFENSA 3610";TEMPERLEY;2026-10-01;01-10-2026;29-09-2026;FAC-A0002-00011476;Venta;ELEBES;36003;8,00;13912,00;16833,52;ISABEL CARMEN SANTUCHO;;20,00 %;063;Daniel Martin;0632;AYDN LAVDNA OR 25g/l 8/2l;1739,00;3399;"";ALMACEN;ALMACEN;13912,00;SIMON OLIVERA;434,75;$;2;GRUPO AYUDIN ARGENTINA S.A;0,00000000;0,00;Contado;02-10-2026 10:25;;AYUDIN;CLOROX;;CLOROX;LAVANDINA;LAGO PUELO;LIMPIEZA;;;300;Bruno Centurion;AXUM;;CLOROX;False;130306;0;Lista General;ALMACEN - A;42216;30-09-2026;757-JUAN PABLO JUAREZ;CLOROX;1;0,00000000;1739,00
27832;"MADRE SELVA ESQ DEFENSA 3610";TEMPERLEY;2026-10-01;01-10-2026;29-09-2026;FAC-A0002-00011476;Venta;ELEBES;32288;3,00;5518,50;6677,39;ISABEL CARMEN SANTUCHO;;0,00 %;063;Daniel Martin;0632;Tren Oxi DoyPk 16/400ml                 ;1839,50;3399;"";ALMACEN;ALMACEN;4245,00;SIMON OLIVERA;0,00;$;2;GRUPO AYUDIN ARGENTINA S.A;0,00000000;0,00;Contado;02-10-2026 10:25;;TRENET;CLOROX;;CLOROX;LAVADO DE ROPA;LAGO PUELO;LIMPIEZA;;;300;Bruno Centurion;AXUM;;CLOROX;False;130306;0;Lista General;ALMACEN - A;42216;30-09-2026;757-JUAN PABLO JUAREZ;CLOROX;1;0,00000000;1839,50
3878;"LOS PLATANOS E/CASUARIAS Y ANCHORIS - (SAN JOSE) - (TRADICIONAL) 364";TEMPERLEY;2026-10-01;01-10-2026;29-09-2026;FAC-A0002-00011478;Venta;ELEBES;24649;12,00;16598,40;20084,06;DAIANA MIRIAM DIAZ;;0,00 %;063;Daniel Martin;0632;Poett PastDesod 12/25g GP2;1383,20;3399;"";ALMACEN;ALMACEN;12768,00;SIMON OLIVERA;0,00;$;2;GRUPO AYUDIN ARGENTINA S.A;0,00000000;0,00;Contado;02-10-2026 10:25;;POETT;CLOROX;;CLOROX;BAÒO;LAGO PUELO;LIMPIEZA;;;300;Bruno Centurion;AXUM;;CLOROX;False;130399;0;Lista General;ALMACEN - A;42218;30-09-2026;757-JUAN PABLO JUAREZ;CLOROX;1;0,00000000;1383,20
3878;"LOS PLATANOS E/CASUARIAS Y ANCHORIS - (SAN JOSE) - (TRADICIONAL) 364";TEMPERLEY;2026-10-01;01-10-2026;29-09-2026;FAC-A0002-00011478;Venta;ELEBES;61621;2,00;5456,23;6602,04;DAIANA MIRIAM DIAZ;;5,00 %;063;Daniel Martin;0632;Aydn Coc† Pod Act Or† Gat 12/500ml;2728,12;3399;"";ALMACEN;ALMACEN;4418,00;SIMON OLIVERA;143,59;$;2;GRUPO AYUDIN ARGENTINA S.A;0,00000000;0,00;Contado;02-10-2026 10:25;;AYUDIN;CLOROX;;CLOROX;COCINA;LAGO PUELO;LIMPIEZA;;;300;Bruno Centurion;AXUM;;CLOROX;False;130399;0;Lista General;ALMACEN - A;42218;30-09-2026;757-JUAN PABLO JUAREZ;CLOROX;1;0,00000000;2728,12
3878;"LOS PLATANOS E/CASUARIAS Y ANCHORIS - (SAN JOSE) - (TRADICIONAL) 364";TEMPERLEY;2026-10-01;01-10-2026;29-09-2026;FAC-A0002-00011478;Venta;ELEBES;33576;6,00;10818,09;13089,89;DAIANA MIRIAM DIAZ;;5,00 %;063;Daniel Martin;0632;Aydn Ropa BlncSprms DoyPk 16/400ml;1803,01;3399;"";ALMACEN;ALMACEN;8562,00;SIMON OLIVERA;94,90;$;2;GRUPO AYUDIN ARGENTINA S.A;0,00000000;0,00;Contado;02-10-2026 10:25;;AYUDIN;CLOROX;;CLOROX;LAVADO DE ROPA;LAGO PUELO;LIMPIEZA;;;300;Bruno Centurion;AXUM;;CLOROX;False;130399;0;Lista General;ALMACEN - A;42218;30-09-2026;757-JUAN PABLO JUAREZ;CLOROX;1;0,00000000;1803,01
5296;"AMENEDO E/BLASCO IBA√‚ÄòEZ Y 20 SEPTIEMBRE - (TRADICIONAL) 3127";JOSE MARMOL;2026-10-01;01-10-2026;30-09-2026;FAC-B0002-00016639;Venta;ELEBES;17927;30,00;25470,00;30818,70;RICHARD VASQUEZZ;;20,00 %;063;Daniel Martin;0633;AYDN LAVDNA OR 15/1L;849,00;3399;"";AUTOSERVICIO;Autoservicio B;25470,00;SIMON OLIVERA;212,25;$;2;GRUPO AYUDIN ARGENTINA S.A;0,00000000;0,00;Contado;02-10-2026 10:25;;AYUDIN;CLOROX;;CLOROX;LAVANDINA;LAGO PUELO;LIMPIEZA;;;300;Bruno Centurion;AXUM;;CLOROX;False;131117;0;Lista General;Autoservicio B - A;42245;30-09-2026;757-JUAN PABLO JUAREZ;CLOROX;1;0,00000000;849,00
23486;"CERVANTES SAAVEDRA - (TRADICIONAL) 3499";RAFAEL CALZADA;2026-10-01;01-10-2026;30-09-2026;FAC-B0002-00016642;Venta;ELEBES;32288;6,00;11037,00;13354,77;SILVIA SOLIS;;0,00 %;063;Daniel Martin;0633;Tren Oxi DoyPk 16/400ml                 ;1839,50;3399;"";ALMACEN;ALMACEN;8490,00;SIMON OLIVERA;0,00;$;2;GRUPO AYUDIN ARGENTINA S.A;0,00000000;0,00;Contado;02-10-2026 10:25;;TRENET;CLOROX;;CLOROX;LAVADO DE ROPA;LAGO PUELO;LIMPIEZA;;;300;Bruno Centurion;AXUM;;CLOROX;False;131449;0;Lista General;ALMACEN - A;42259;30-09-2026;757-JUAN PABLO JUAREZ;CLOROX;1;0,00000000;1839,50
23486;"CERVANTES SAAVEDRA - (TRADICIONAL) 3499";RAFAEL CALZADA;2026-10-01;01-10-2026;30-09-2026;FAC-B0002-00016642;Venta;ELEBES;34334;12,00;14767,56;17868,75;SILVIA SOLIS;;25,00 %;063;Daniel Martin;0633;Poett Dsnf SuadBebe 12/900ml;1230,63;3399;"";ALMACEN;ALMACEN;15504,00;SIMON OLIVERA;410,21;$;2;GRUPO AYUDIN ARGENTINA S.A;0,00000000;0,00;Contado;02-10-2026 10:25;;POETT;CLOROX;;CLOROX;PISO;LAGO PUELO;LIMPIEZA;;;300;Bruno Centurion;AXUM;;CLOROX;False;131449;0;Lista General;ALMACEN - A;42259;30-09-2026;757-JUAN PABLO JUAREZ;CLOROX;1;0,00000000;1230,63
23486;"CERVANTES SAAVEDRA - (TRADICIONAL) 3499";RAFAEL CALZADA;2026-10-01;01-10-2026;30-09-2026;FAC-B0002-00016642;Venta;ELEBES;34324;12,00;14767,56;17868,75;SILVIA SOLIS;;25,00 %;063;Daniel Martin;0633;Poett Desinf. Flores de Primavera 900ml;1230,63;3399;"";ALMACEN;ALMACEN;15504,00;SIMON OLIVERA;410,21;$;2;GRUPO AYUDIN ARGENTINA S.A;0,00000000;0,00;Contado;02-10-2026 10:25;;POETT;CLOROX;;CLOROX;PISO;LAGO PUELO;LIMPIEZA;;;300;Bruno Centurion;AXUM;;CLOROX;False;131449;0;Lista General;ALMACEN - A;42259;30-09-2026;757-JUAN PABLO JUAREZ;CLOROX;1;0,00000000;1230,63
23486;"CERVANTES SAAVEDRA - (TRADICIONAL) 3499";RAFAEL CALZADA;2026-10-01;01-10-2026;30-09-2026;FAC-B0002-00016642;Venta;ELEBES;34336;12,00;14767,56;17868,75;SILVIA SOLIS;;25,00 %;063;Daniel Martin;0633;Poett Dsnf SuadAlg 12/900ml;1230,63;3399;"";ALMACEN;ALMACEN;15504,00;SIMON OLIVERA;410,21;$;2;GRUPO AYUDIN ARGENTINA S.A;0,00000000;0,00;Contado;02-10-2026 10:25;;POETT;CLOROX;;CLOROX;PISO;LAGO PUELO;LIMPIEZA;;;300;Bruno Centurion;AXUM;;CLOROX;False;131449;0;Lista General;ALMACEN - A;42259;30-09-2026;757-JUAN PABLO JUAREZ;CLOROX;1;0,00000000;1230,63
108218;"O Higings 1671 0";LANUS;2026-10-01;01-10-2026;30-09-2026;FAC-B0002-00016644;Venta;ELEBES;60240;5,00;12362,02;14958,04;Hector Fernandez;;15,00 %;27;Samanta Dogliotti;273;Aydn Lavdna Gel Lavda EXPRT 15/700ml GP2;2472,40;3391;"";Tradicionales;Almacen;10935,00;CLAUDIO GARCIA;436,31;$;2;GRUPO AYUDIN ARGENTINA S.A;0,00000000;0,00;Efectivo;02-10-2026 09:01;;AYUDIN;CLOROX;;CLOROX;LAVANDINA;LAGO PUELO;LIMPIEZA;;;25;JOHANA VIGIL;AXUM;;CLOROX;False;131221;0;Lista General;Almacen - A;42356;30-09-2026;757-JUAN PABLO JUAREZ;CLOROX;1;0,00000000;2472,40
108218;"O Higings 1671 0";LANUS;2026-10-01;01-10-2026;30-09-2026;FAC-B0002-00016644;Venta;ELEBES;60237;5,00;12362,02;14958,04;Hector Fernandez;;15,00 %;27;Samanta Dogliotti;273;Aydn Lavdna Gel Flr 15/700ml GP2;2472,40;3391;"";Tradicionales;Almacen;10935,00;CLAUDIO GARCIA;436,31;$;2;GRUPO AYUDIN ARGENTINA S.A;0,00000000;0,00;Efectivo;02-10-2026 09:01;;AYUDIN;CLOROX;;CLOROX;LAVANDINA;LAGO PUELO;LIMPIEZA;;;25;JOHANA VIGIL;AXUM;;CLOROX;False;131221;0;Lista General;Almacen - A;42356;30-09-2026;757-JUAN PABLO JUAREZ;CLOROX;1;0,00000000;2472,40
108218;"O Higings 1671 0";LANUS;2026-10-01;01-10-2026;30-09-2026;FAC-B0002-00016644;Venta;ELEBES;60233;5,00;12362,02;14958,04;Hector Fernandez;;15,00 %;27;Samanta Dogliotti;273;Aydn Lavdna Gel Or 15/700ml GP2;2472,40;3391;"";Tradicionales;Almacen;10935,00;CLAUDIO GARCIA;436,31;$;2;GRUPO AYUDIN ARGENTINA S.A;0,00000000;0,00;Efectivo;02-10-2026 09:01;;AYUDIN;CLOROX;;CLOROX;LAVANDINA;LAGO PUELO;LIMPIEZA;;;25;JOHANA VIGIL;AXUM;;CLOROX;False;131221;0;Lista General;Almacen - A;42356;30-09-2026;757-JUAN PABLO JUAREZ;CLOROX;1;0,00000000;2472,40
2291;"Calle 58 N 2750";Berazategui;2026-10-01;01-10-2026;30-09-2026;FAC-B0002-00016646;Venta;ELEBES;19860;1,00;3483,81;4215,41;FERNANDEZ LUCILA;;15,00 %;052;Nicole Sosa;0523;Poett Frgnz FrsRoc 12/250ml AR          ;3483,81;3394;"";ALMACEN;ALMACEN;3036,00;IVAN MONTOYA;614,79;$;2;GRUPO AYUDIN ARGENTINA S.A;0,00000000;0,00;Contado;02-10-2026 09:59;;POETT;CLOROX;;CLOROX;AERO POETT;LAGO PUELO;LIMPIEZA;;;300;Bruno Centurion;AXUM;;CLOROX;False;131270;0;Lista General;ALMACEN - A;42314, 42315;30-09-2026;1638-JAVIER LINARES;CLOROX;1;0,00000000;3483,81
2291;"Calle 58 N 2750";Berazategui;2026-10-01;01-10-2026;30-09-2026;FAC-B0002-00016646;Venta;ELEBES;50087;1,00;3483,81;4215,41;FERNANDEZ LUCILA;;15,00 %;052;Nicole Sosa;0523;Poett Frgnz Huellitas 12/250ml AR;3483,81;3394;"";ALMACEN;ALMACEN;3036,00;IVAN MONTOYA;614,79;$;2;GRUPO AYUDIN ARGENTINA S.A;0,00000000;0,00;Contado;02-10-2026 09:59;;POETT;CLOROX;;CLOROX;AERO POETT;LAGO PUELO;LIMPIEZA;;;300;Bruno Centurion;AXUM;;CLOROX;False;131270;0;Lista General;ALMACEN - A;42314, 42315;30-09-2026;1638-JAVIER LINARES;CLOROX;1;0,00000000;3483,81
2291;"Calle 58 N 2750";Berazategui;2026-10-01;01-10-2026;30-09-2026;FAC-B0002-00016646;Venta;ELEBES;19859;1,00;3483,81;4215,41;FERNANDEZ LUCILA;;15,00 %;052;Nicole Sosa;0523;Poett Frgnz SedPrm 12/250ml AR          ;3483,81;3394;"";ALMACEN;ALMACEN;3036,00;IVAN MONTOYA;614,79;$;2;GRUPO AYUDIN ARGENTINA S.A;0,00000000;0,00;Contado;02-10-2026 09:59;;POETT;CLOROX;;CLOROX;AERO POETT;LAGO PUELO;LIMPIEZA;;;300;Bruno Centurion;AXUM;;CLOROX;False;131270;0;Lista General;ALMACEN - A;42314, 42315;30-09-2026;1638-JAVIER LINARES;CLOROX;1;0,00000000;3483,81
2291;"Calle 58 N 2750";Berazategui;2026-10-01;01-10-2026;30-09-2026;FAC-B0002-00016646;Venta;ELEBES;19861;2,00;6967,62;8430,82;FERNANDEZ LUCILA;;15,00 %;052;Nicole Sosa;0523;Poett Frgnz Suad Alg 12/250ml AR        ;3483,81;3394;"";ALMACEN;ALMACEN;6072,00;IVAN MONTOYA;614,79;$;2;GRUPO AYUDIN ARGENTINA S.A;0,00000000;0,00;Contado;02-10-2026 09:59;;POETT;CLOROX;;CLOROX;AERO POETT;LAGO PUELO;LIMPIEZA;;;300;Bruno Centurion;AXUM;;CLOROX;False;131270;0;Lista General;ALMACEN - A;42314, 42315;30-09-2026;1638-JAVIER LINARES;CLOROX;1;0,00000000;3483,81
2291;"Calle 58 N 2750";Berazategui;2026-10-01;01-10-2026;30-09-2026;FAC-B0002-00016646;Venta;ELEBES;19874;2,00;6967,62;8430,82;FERNANDEZ LUCILA;;15,00 %;052;Nicole Sosa;0523;Poett Frgnz SvdBeb 12/250ml AR          ;3483,81;3394;"";ALMACEN;ALMACEN;6072,00;IVAN MONTOYA;614,79;$;2;GRUPO AYUDIN ARGENTINA S.A;0,00000000;0,00;Contado;02-10-2026 09:59;;POETT;CLOROX;;CLOROX;AERO POETT;LAGO PUELO;LIMPIEZA;;;300;Bruno Centurion;AXUM;;CLOROX;False;131270;0;Lista General;ALMACEN - A;42314, 42315;30-09-2026;1638-JAVIER LINARES;CLOROX;1;0,00000000;3483,81
2291;"Calle 58 N 2750";Berazategui;2026-10-01;01-10-2026;30-09-2026;FAC-B0002-00016646;Venta;ELEBES;17927;675,00;501440,63;606743,16;FERNANDEZ LUCILA;;30,00 %;052;Nicole Sosa;0523;AYDN LAVDNA OR 15/1L;742,88;3394;"";ALMACEN;ALMACEN;573075,00;IVAN MONTOYA;318,38;$;2;GRUPO AYUDIN ARGENTINA S.A;0,00000000;0,00;Contado;02-10-2026 09:59;;AYUDIN;CLOROX;;CLOROX;LAVANDINA;LAGO PUELO;LIMPIEZA;;;300;Bruno Centurion;AXUM;;CLOROX;False;131270;0;Lista General;ALMACEN - A;42314, 42315;30-09-2026;1638-JAVIER LINARES;CLOROX;1;0,00000000;742,88
66;"VICENTE LOPEZ Y PLANES 768";Florencio Varela;2026-10-01;01-10-2026;30-09-2026;FAC-B0006-00000257;Venta;Empresa LAGOPUELO;61731;3,00;10072,70;12187,97;RUIZ DIAZ MARCOS;;15,00 %;6;Nieves Alegre;63;Sltn MataCuca Aer AccProl 6/360ml BA;3357,57;3392;"";ALMACEN;ALMACEN;9258,00;WALTER JANIUK;592,51;$;2;GRUPO AYUDIN ARGENTINA S.A;0,00000000;0,00;Efectivo;05-10-2026 13:39;;SELTON;CLOROX;;CLOROX;SELTON;LAGO PUELO;LIMPIEZA;;;25;JOHANA VIGIL;AXUM;;CLOROX;False;131164;0;Lista General;ALMACEN - A;42380;30-09-2026;759-GABRIEL PEREZ;CLOROX;1;0,00000000;3357,57
66;"VICENTE LOPEZ Y PLANES 768";Florencio Varela;2026-10-01;01-10-2026;30-09-2026;FAC-B0006-00000257;Venta;Empresa LAGOPUELO;61814;3,00;11226,38;13583,91;RUIZ DIAZ MARCOS;;15,00 %;6;Nieves Alegre;63;Sltn MataMosq Aer s/OlrQmc 6/360ml BA;3742,13;3392;"";ALMACEN;ALMACEN;10566,00;WALTER JANIUK;660,38;$;2;GRUPO AYUDIN ARGENTINA S.A;0,00000000;0,00;Efectivo;05-10-2026 13:39;;SELTON;CLOROX;;CLOROX;SELTON;LAGO PUELO;LIMPIEZA;;;25;JOHANA VIGIL;AXUM;;CLOROX;False;131164;0;Lista General;ALMACEN - A;42380;30-09-2026;759-GABRIEL PEREZ;CLOROX;1;0,00000000;3742,13
66;"VICENTE LOPEZ Y PLANES 768";Florencio Varela;2026-10-01;01-10-2026;30-09-2026;FAC-B0006-00000257;Venta;Empresa LAGOPUELO;61816;3,00;9079,79;10986,54;RUIZ DIAZ MARCOS;;15,00 %;6;Nieves Alegre;63;Sltn MataMosq Aer AccInst 6/360ml BA;3026,60;3392;"";ALMACEN;ALMACEN;8217,00;WALTER JANIUK;534,11;$;2;GRUPO AYUDIN ARGENTINA S.A;0,00000000;0,00;Efectivo;05-10-2026 13:39;;SELTON;CLOROX;;CLOROX;SELTON;LAGO PUELO;LIMPIEZA;;;25;JOHANA VIGIL;AXUM;;CLOROX;False;131164;0;Lista General;ALMACEN - A;42380;30-09-2026;759-GABRIEL PEREZ;CLOROX;1;0,00000000;3026,60
3124;"C. PELLEGRINI 1024";Quilmes;2026-10-02;02-10-2026;30-09-2026;FAC-A0001-00342940;Venta;LAGOPUELO S.A;61046;15,00;22306,05;26990,32;CHEN LIJIAN ;;18,00 %;054;Leonel Caruso;0543;Aydn RopQuitMnch BlncInt 15/1l;1487,07;3413;"";AUTOSERVICIO;AUTOSERVICIO;20925,00;HERNAN RIVERO;326,43;$;2;GRUPO AYUDIN ARGENTINA S.A;0,00000000;0,00;Contado;05-10-2026 09:30;;AYUDIN;CLOROX;;CLOROX;LAVADO DE ROPA;LAGO PUELO;LIMPIEZA;;;300;Bruno Centurion;AXUM;;CLOROX;False;130920;0;Lista General;AUTOSERVICIO - A;42722;01-10-2026;757-JUAN PABLO JUAREZ;CLOROX;1;0,00000000;1487,07
3191;"ANDRES BARANDA 311";Quilmes;2026-10-02;02-10-2026;30-09-2026;FAC-A0001-00342942;Venta;LAGOPUELO S.A;61576;6,00;10475,40;12675,23;BORAC NIDI S.R.L.;;0,00 %;054;Leonel Caruso;0543;Aydn Bn Limp† Act Or DoyPk 16/450ml;1745,90;3413;"";AUTOSERVICIO;AUTOSERVICIO;8058,00;HERNAN RIVERO;0,00;$;2;GRUPO AYUDIN ARGENTINA S.A;0,00000000;0,00;Contado;05-10-2026 09:30;;AYUDIN;CLOROX;;CLOROX;BAÒO;LAGO PUELO;LIMPIEZA;;;300;Bruno Centurion;AXUM;;CLOROX;False;130959;0;Lista General;AUTOSERVICIO - A;42724;01-10-2026;757-JUAN PABLO JUAREZ;CLOROX;1;0,00000000;1745,90
3191;"ANDRES BARANDA 311";Quilmes;2026-10-02;02-10-2026;30-09-2026;FAC-A0001-00342942;Venta;LAGOPUELO S.A;61577;6,00;8907,60;10778,20;BORAC NIDI S.R.L.;;0,00 %;054;Leonel Caruso;0543;Aydn Coc† Pod Act Or† DoyPk 16/450ml;1484,60;3413;"";AUTOSERVICIO;AUTOSERVICIO;6852,00;HERNAN RIVERO;0,00;$;2;GRUPO AYUDIN ARGENTINA S.A;0,00000000;0,00;Contado;05-10-2026 09:30;;AYUDIN;CLOROX;;CLOROX;COCINA;LAGO PUELO;LIMPIEZA;;;300;Bruno Centurion;AXUM;;CLOROX;False;130959;0;Lista General;AUTOSERVICIO - A;42724;01-10-2026;757-JUAN PABLO JUAREZ;CLOROX;1;0,00000000;1484,60
3191;"ANDRES BARANDA 311";Quilmes;2026-10-02;02-10-2026;30-09-2026;FAC-A0001-00342944;Venta;LAGOPUELO S.A;60233;6,00;14834,42;17949,65;BORAC NIDI S.R.L.;;15,00 %;054;Leonel Caruso;0543;Aydn Lavdna Gel Or 15/700ml GP2;2472,40;3413;"";AUTOSERVICIO;AUTOSERVICIO;13122,00;HERNAN RIVERO;436,31;$;2;GRUPO AYUDIN ARGENTINA S.A;0,00000000;0,00;Contado;05-10-2026 09:30;;AYUDIN;CLOROX;;CLOROX;LAVANDINA;LAGO PUELO;LIMPIEZA;;;300;Bruno Centurion;AXUM;;CLOROX;False;130961;0;Lista General;AUTOSERVICIO - A;42726;01-10-2026;757-JUAN PABLO JUAREZ;CLOROX;1;0,00000000;2472,40
4669;"CALLE 808 2227";Quilmes;2026-10-02;02-10-2026;30-09-2026;FAC-A0001-00342947;Venta;LAGOPUELO S.A;60885;6,00;14924,13;18058,20;LOISOTTO ANTONIA;;15,00 %;053;Verona Abati;0533;Poett Aer FlrLavda ExtFrag 6/360ml;2487,36;3413;"";ALMACEN;ALMACEN;13506,00;HERNAN RIVERO;438,95;$;2;GRUPO AYUDIN ARGENTINA S.A;0,00000000;0,00;Contado;05-10-2026 09:30;;POETT;CLOROX;;CLOROX;AERO POETT;LAGO PUELO;LIMPIEZA;;;300;Bruno Centurion;AXUM;;CLOROX;False;130999;0;Lista General;ALMACEN - A;42729;01-10-2026;757-JUAN PABLO JUAREZ;CLOROX;1;0,00000000;2487,36
4734;"JUJUY 999";Quilmes;2026-10-02;02-10-2026;30-09-2026;FAC-A0001-00342949;Venta;LAGOPUELO S.A;36003;8,00;13912,00;16833,52;CHEN SHENGXUAN;;20,00 %;054;Leonel Caruso;0543;AYDN LAVDNA OR 25g/l 8/2l;1739,00;3413;"";AUTOSERVICIO;AUTOSERVICIO;13912,00;HERNAN RIVERO;434,75;$;2;GRUPO AYUDIN ARGENTINA S.A;0,00000000;0,00;Contado;05-10-2026 09:30;;AYUDIN;CLOROX;;CLOROX;LAVANDINA;LAGO PUELO;LIMPIEZA;;;300;Bruno Centurion;AXUM;;CLOROX;False;131026;0;Lista General;AUTOSERVICIO - A;42731;01-10-2026;757-JUAN PABLO JUAREZ;CLOROX;1;0,00000000;1739,00
4734;"JUJUY 999";Quilmes;2026-10-02;02-10-2026;30-09-2026;FAC-A0001-00342949;Venta;LAGOPUELO S.A;33576;6,00;11387,46;13778,83;CHEN SHENGXUAN;;0,00 %;054;Leonel Caruso;0543;Aydn Ropa BlncSprms DoyPk 16/400ml;1897,91;3413;"";AUTOSERVICIO;AUTOSERVICIO;8562,00;HERNAN RIVERO;0,00;$;2;GRUPO AYUDIN ARGENTINA S.A;0,00000000;0,00;Contado;05-10-2026 09:30;;AYUDIN;CLOROX;;CLOROX;LAVADO DE ROPA;LAGO PUELO;LIMPIEZA;;;300;Bruno Centurion;AXUM;;CLOROX;False;131026;0;Lista General;AUTOSERVICIO - A;42731;01-10-2026;757-JUAN PABLO JUAREZ;CLOROX;1;0,00000000;1897,91
4734;"JUJUY 999";Quilmes;2026-10-02;02-10-2026;30-09-2026;FAC-A0001-00342949;Venta;LAGOPUELO S.A;22057;12,00;18928,56;22903,56;CHEN SHENGXUAN;;0,00 %;054;Leonel Caruso;0543;Pluz Pino 12/900ml;1577,38;3413;"";AUTOSERVICIO;AUTOSERVICIO;14232,00;HERNAN RIVERO;0,00;$;2;GRUPO AYUDIN ARGENTINA S.A;0,00000000;0,00;Contado;05-10-2026 09:30;;PINO LUZ;CLOROX;;CLOROX;PISO;LAGO PUELO;LIMPIEZA;;;300;Bruno Centurion;AXUM;;CLOROX;False;131026;0;Lista General;AUTOSERVICIO - A;42731;01-10-2026;757-JUAN PABLO JUAREZ;CLOROX;1;0,00000000;1577,38
41;"12 DE OCTUBRE 4778";Quilmes;2026-10-02;02-10-2026;30-09-2026;FAC-A0001-00342951;Venta;LAGOPUELO S.A;33576;6,00;11387,46;13778,83;Maria Elsa ayala MartÌnez;;0,00 %;053;Verona Abati;0533;Aydn Ropa BlncSprms DoyPk 16/400ml;1897,91;3413;"";ALMACEN;ALMACEN;8562,00;HERNAN RIVERO;0,00;$;2;GRUPO AYUDIN ARGENTINA S.A;0,00000000;0,00;Efectivo;05-10-2026 09:30;;AYUDIN;CLOROX;;CLOROX;LAVADO DE ROPA;LAGO PUELO;LIMPIEZA;;;300;Bruno Centurion;AXUM;;CLOROX;False;131078;0;Lista General;ALMACEN - A;42734;01-10-2026;757-JUAN PABLO JUAREZ;CLOROX;1;0,00000000;1897,91
3669;"RODOLFO LOPEZ 1335";Quilmes;2026-10-02;02-10-2026;30-09-2026;FAC-A0001-00342957;Venta;LAGOPUELO S.A;61816;18,00;51274,08;62041,64;CHEN ZHIXIA;;20,00 %;054;Leonel Caruso;0543;Sltn MataMosq Aer AccInst 6/360ml BA;2848,56;3413;"";AUTOSERVICIO;AUTOSERVICIO;49302,00;HERNAN RIVERO;712,14;$;2;GRUPO AYUDIN ARGENTINA S.A;0,00000000;0,00;Contado;05-10-2026 09:30;;SELTON;CLOROX;;CLOROX;SELTON;LAGO PUELO;LIMPIEZA;;;300;Bruno Centurion;AXUM;;CLOROX;False;131192;0;Lista General;AUTOSERVICIO - A;42740;01-10-2026;757-JUAN PABLO JUAREZ;CLOROX;1;0,00000000;2848,56
3669;"RODOLFO LOPEZ 1335";Quilmes;2026-10-02;02-10-2026;30-09-2026;FAC-A0001-00342957;Venta;LAGOPUELO S.A;33575;6,00;11387,46;13778,83;CHEN ZHIXIA;;0,00 %;054;Leonel Caruso;0543;Aydn Ropa ClrViv DoyPk 16/400ml;1897,91;3413;"";AUTOSERVICIO;AUTOSERVICIO;8562,00;HERNAN RIVERO;0,00;$;2;GRUPO AYUDIN ARGENTINA S.A;0,00000000;0,00;Contado;05-10-2026 09:30;;AYUDIN;CLOROX;;CLOROX;LAVADO DE ROPA;LAGO PUELO;LIMPIEZA;;;300;Bruno Centurion;AXUM;;CLOROX;False;131192;0;Lista General;AUTOSERVICIO - A;42740;01-10-2026;757-JUAN PABLO JUAREZ;CLOROX;1;0,00000000;1897,91
3669;"RODOLFO LOPEZ 1335";Quilmes;2026-10-02;02-10-2026;30-09-2026;FAC-A0001-00342957;Venta;LAGOPUELO S.A;33577;6,00;18808,86;22758,72;CHEN ZHIXIA;;0,00 %;054;Leonel Caruso;0543;Aydn Ropa ClrViv DoyPk 12/650ml;3134,81;3413;"";AUTOSERVICIO;AUTOSERVICIO;14142,00;HERNAN RIVERO;0,00;$;2;GRUPO AYUDIN ARGENTINA S.A;0,00000000;0,00;Contado;05-10-2026 09:30;;AYUDIN;CLOROX;;CLOROX;LAVADO DE ROPA;LAGO PUELO;LIMPIEZA;;;300;Bruno Centurion;AXUM;;CLOROX;False;131192;0;Lista General;AUTOSERVICIO - A;42740;01-10-2026;757-JUAN PABLO JUAREZ;CLOROX;1;0,00000000;3134,81
3693;"GARIBALDI 420";QUILMES;2026-10-02;02-10-2026;30-09-2026;FAC-A0001-00342959;Venta;LAGOPUELO S.A;60227;8,00;21756,80;26325,73;ZHAN SAIYING;;0,00 %;2;Fernanda Cejas;23;Aydn PurGlac TriPod 8/2l GP2;2719,60;3413;"";AUTOSERVICIO;AUTOSERVICIO;16736,00;HERNAN RIVERO;0,00;$;2;GRUPO AYUDIN ARGENTINA S.A;0,00000000;0,00;Contado;05-10-2026 09:30;;AYUDIN;CLOROX;;CLOROX;LAVANDINA;LAGO PUELO;LIMPIEZA;;;25;JOHANA VIGIL;AXUM;;CLOROX;False;131213;0;Lista General;AUTOSERVICIO - A;42742;01-10-2026;757-JUAN PABLO JUAREZ;CLOROX;1;0,00000000;2719,60
3693;"GARIBALDI 420";QUILMES;2026-10-02;02-10-2026;30-09-2026;FAC-A0001-00342959;Venta;LAGOPUELO S.A;60226;15,00;20475,00;24774,75;ZHAN SAIYING;;0,00 %;2;Fernanda Cejas;23;Aydn PurGlac TriPod 15/1l GP2;1365,00;3413;"";AUTOSERVICIO;AUTOSERVICIO;15750,00;HERNAN RIVERO;0,00;$;2;GRUPO AYUDIN ARGENTINA S.A;0,00000000;0,00;Contado;05-10-2026 09:30;;AYUDIN;CLOROX;;CLOROX;LAVANDINA;LAGO PUELO;LIMPIEZA;;;25;JOHANA VIGIL;AXUM;;CLOROX;False;131213;0;Lista General;AUTOSERVICIO - A;42742;01-10-2026;757-JUAN PABLO JUAREZ;CLOROX;1;0,00000000;1365,00
3693;"GARIBALDI 420";QUILMES;2026-10-02;02-10-2026;30-09-2026;FAC-A0001-00342959;Venta;LAGOPUELO S.A;21313;4,00;8751,60;10589,44;ZHAN SAIYING;;0,00 %;2;Fernanda Cejas;23;Tren Bol 72/120ml                       ;2187,90;3413;"";AUTOSERVICIO;AUTOSERVICIO;6732,00;HERNAN RIVERO;0,00;$;2;GRUPO AYUDIN ARGENTINA S.A;0,00000000;0,00;Contado;05-10-2026 09:30;;TRENET;CLOROX;;CLOROX;LAVADO DE ROPA;LAGO PUELO;LIMPIEZA;;;25;JOHANA VIGIL;AXUM;;CLOROX;False;131213;0;Lista General;AUTOSERVICIO - A;42742;01-10-2026;757-JUAN PABLO JUAREZ;CLOROX;1;0,00000000;2187,90
3693;"GARIBALDI 420";QUILMES;2026-10-02;02-10-2026;30-09-2026;FAC-A0001-00342959;Venta;LAGOPUELO S.A;32288;6,00;11037,00;13354,77;ZHAN SAIYING;;0,00 %;2;Fernanda Cejas;23;Tren Oxi DoyPk 16/400ml                 ;1839,50;3413;"";AUTOSERVICIO;AUTOSERVICIO;8490,00;HERNAN RIVERO;0,00;$;2;GRUPO AYUDIN ARGENTINA S.A;0,00000000;0,00;Contado;05-10-2026 09:30;;TRENET;CLOROX;;CLOROX;LAVADO DE ROPA;LAGO PUELO;LIMPIEZA;;;25;JOHANA VIGIL;AXUM;;CLOROX;False;131213;0;Lista General;AUTOSERVICIO - A;42742;01-10-2026;757-JUAN PABLO JUAREZ;CLOROX;1;0,00000000;1839,50
3693;"GARIBALDI 420";QUILMES;2026-10-02;02-10-2026;30-09-2026;FAC-A0001-00342959;Venta;LAGOPUELO S.A;17927;90,00;71634,38;86677,59;ZHAN SAIYING;;25,00 %;2;Fernanda Cejas;23;AYDN LAVDNA OR 15/1L;795,94;3413;"";AUTOSERVICIO;AUTOSERVICIO;76410,00;HERNAN RIVERO;265,31;$;2;GRUPO AYUDIN ARGENTINA S.A;0,00000000;0,00;Contado;05-10-2026 09:30;;AYUDIN;CLOROX;;CLOROX;LAVANDINA;LAGO PUELO;LIMPIEZA;;;25;JOHANA VIGIL;AXUM;;CLOROX;False;131213;0;Lista General;AUTOSERVICIO - A;42742;01-10-2026;757-JUAN PABLO JUAREZ;CLOROX;1;0,00000000;795,94
3693;"GARIBALDI 420";QUILMES;2026-10-02;02-10-2026;30-09-2026;FAC-A0001-00342959;Venta;LAGOPUELO S.A;36003;32,00;52170,00;63125,70;ZHAN SAIYING;;25,00 %;2;Fernanda Cejas;23;AYDN LAVDNA OR 25g/l 8/2l;1630,31;3413;"";AUTOSERVICIO;AUTOSERVICIO;55648,00;HERNAN RIVERO;543,44;$;2;GRUPO AYUDIN ARGENTINA S.A;0,00000000;0,00;Contado;05-10-2026 09:30;;AYUDIN;CLOROX;;CLOROX;LAVANDINA;LAGO PUELO;LIMPIEZA;;;25;JOHANA VIGIL;AXUM;;CLOROX;False;131213;0;Lista General;AUTOSERVICIO - A;42742;01-10-2026;757-JUAN PABLO JUAREZ;CLOROX;1;0,00000000;1630,31
3796;"LA PLATA 708";Quilmes;2026-10-02;02-10-2026;30-09-2026;FAC-A0001-00342960;Venta;LAGOPUELO S.A;61046;15,00;22306,05;26990,32;LIN XIAO YUAN.;;18,00 %;054;Leonel Caruso;0543;Aydn RopQuitMnch BlncInt 15/1l;1487,07;3413;"";AUTOSERVICIO;AUTOSERVICIO;20925,00;HERNAN RIVERO;326,43;$;2;GRUPO AYUDIN ARGENTINA S.A;0,00000000;0,00;Contado;05-10-2026 09:30;;AYUDIN;CLOROX;;CLOROX;LAVADO DE ROPA;LAGO PUELO;LIMPIEZA;;;300;Bruno Centurion;AXUM;;CLOROX;False;131239;0;Lista General;AUTOSERVICIO - A;42743;01-10-2026;757-JUAN PABLO JUAREZ;CLOROX;1;0,00000000;1487,07
3796;"LA PLATA 708";Quilmes;2026-10-02;02-10-2026;30-09-2026;FAC-A0001-00342960;Venta;LAGOPUELO S.A;61047;8,00;23682,26;28655,53;LIN XIAO YUAN.;;18,00 %;054;Leonel Caruso;0543;Aydn RopQuitMnch BlncInt 8/2l;2960,28;3413;"";AUTOSERVICIO;AUTOSERVICIO;22216,00;HERNAN RIVERO;649,82;$;2;GRUPO AYUDIN ARGENTINA S.A;0,00000000;0,00;Contado;05-10-2026 09:30;;AYUDIN;CLOROX;;CLOROX;LAVADO DE ROPA;LAGO PUELO;LIMPIEZA;;;300;Bruno Centurion;AXUM;;CLOROX;False;131239;0;Lista General;AUTOSERVICIO - A;42743;01-10-2026;757-JUAN PABLO JUAREZ;CLOROX;1;0,00000000;2960,28
3796;"LA PLATA 708";Quilmes;2026-10-02;02-10-2026;30-09-2026;FAC-A0001-00342960;Venta;LAGOPUELO S.A;60227;8,00;18493,28;22376,87;LIN XIAO YUAN.;;15,00 %;054;Leonel Caruso;0543;Aydn PurGlac TriPod 8/2l GP2;2311,66;3413;"";AUTOSERVICIO;AUTOSERVICIO;16736,00;HERNAN RIVERO;407,94;$;2;GRUPO AYUDIN ARGENTINA S.A;0,00000000;0,00;Contado;05-10-2026 09:30;;AYUDIN;CLOROX;;CLOROX;LAVANDINA;LAGO PUELO;LIMPIEZA;;;300;Bruno Centurion;AXUM;;CLOROX;False;131239;0;Lista General;AUTOSERVICIO - A;42743;01-10-2026;757-JUAN PABLO JUAREZ;CLOROX;1;0,00000000;2311,66
3796;"LA PLATA 708";Quilmes;2026-10-02;02-10-2026;30-09-2026;FAC-A0001-00342960;Venta;LAGOPUELO S.A;60226;15,00;17403,75;21058,54;LIN XIAO YUAN.;;15,00 %;054;Leonel Caruso;0543;Aydn PurGlac TriPod 15/1l GP2;1160,25;3413;"";AUTOSERVICIO;AUTOSERVICIO;15750,00;HERNAN RIVERO;204,75;$;2;GRUPO AYUDIN ARGENTINA S.A;0,00000000;0,00;Contado;05-10-2026 09:30;;AYUDIN;CLOROX;;CLOROX;LAVANDINA;LAGO PUELO;LIMPIEZA;;;300;Bruno Centurion;AXUM;;CLOROX;False;131239;0;Lista General;AUTOSERVICIO - A;42743;01-10-2026;757-JUAN PABLO JUAREZ;CLOROX;1;0,00000000;1160,25
3033;"CARLOS PELLEGRINI 2654";QUILMES;2026-10-02;02-10-2026;30-09-2026;FAC-A0001-00342964;Venta;LAGOPUELO S.A;61731;12,00;40290,82;48751,89;HUANG XIWEI ;;15,00 %;054;Leonel Caruso;0543;Sltn MataCuca Aer AccProl 6/360ml BA;3357,57;3413;"";AUTOSERVICIO;AUTOSERVICIO;37032,00;HERNAN RIVERO;592,51;$;2;GRUPO AYUDIN ARGENTINA S.A;0,00000000;0,00;Contado;05-10-2026 09:30;;SELTON;CLOROX;;CLOROX;SELTON;LAGO PUELO;LIMPIEZA;;;300;Bruno Centurion;AXUM;;CLOROX;False;131341;0;Lista General;AUTOSERVICIO - A;42748;01-10-2026;757-JUAN PABLO JUAREZ;CLOROX;1;0,00000000;3357,57
3084;"12 DE OCTUBRE 1156";Quilmes;2026-10-02;02-10-2026;01-10-2026;FAC-A0001-00342972;Venta;LAGOPUELO S.A;60223;8,00;18493,28;22376,87;WANG GUOYI;;15,00 %;054;Leonel Caruso;0544;Aydn Lavda TriPod 8/2l GP2;2311,66;3413;"";AUTOSERVICIO;AUTOSERVICIO;16736,00;HERNAN RIVERO;407,94;$;2;GRUPO AYUDIN ARGENTINA S.A;0,00000000;0,00;Contado;05-10-2026 09:30;;AYUDIN;CLOROX;;CLOROX;LAVANDINA;LAGO PUELO;LIMPIEZA;;;300;Bruno Centurion;AXUM;;CLOROX;False;131555;0;Lista General;AUTOSERVICIO - A;42758;01-10-2026;757-JUAN PABLO JUAREZ;CLOROX;1;0,00000000;2311,66
3084;"12 DE OCTUBRE 1156";Quilmes;2026-10-02;02-10-2026;01-10-2026;FAC-A0001-00342972;Venta;LAGOPUELO S.A;33575;6,00;11387,46;13778,83;WANG GUOYI;;0,00 %;054;Leonel Caruso;0544;Aydn Ropa ClrViv DoyPk 16/400ml;1897,91;3413;"";AUTOSERVICIO;AUTOSERVICIO;8562,00;HERNAN RIVERO;0,00;$;2;GRUPO AYUDIN ARGENTINA S.A;0,00000000;0,00;Contado;05-10-2026 09:30;;AYUDIN;CLOROX;;CLOROX;LAVADO DE ROPA;LAGO PUELO;LIMPIEZA;;;300;Bruno Centurion;AXUM;;CLOROX;False;131555;0;Lista General;AUTOSERVICIO - A;42758;01-10-2026;757-JUAN PABLO JUAREZ;CLOROX;1;0,00000000;1897,91
3084;"12 DE OCTUBRE 1156";Quilmes;2026-10-02;02-10-2026;01-10-2026;FAC-A0001-00342972;Venta;LAGOPUELO S.A;33576;6,00;11387,46;13778,83;WANG GUOYI;;0,00 %;054;Leonel Caruso;0544;Aydn Ropa BlncSprms DoyPk 16/400ml;1897,91;3413;"";AUTOSERVICIO;AUTOSERVICIO;8562,00;HERNAN RIVERO;0,00;$;2;GRUPO AYUDIN ARGENTINA S.A;0,00000000;0,00;Contado;05-10-2026 09:30;;AYUDIN;CLOROX;;CLOROX;LAVADO DE ROPA;LAGO PUELO;LIMPIEZA;;;300;Bruno Centurion;AXUM;;CLOROX;False;131555;0;Lista General;AUTOSERVICIO - A;42758;01-10-2026;757-JUAN PABLO JUAREZ;CLOROX;1;0,00000000;1897,91
3681;"FELIPE AMOEDO 1297";QUILMES;2026-10-02;02-10-2026;01-10-2026;FAC-A0001-00342974;Venta;LAGOPUELO S.A;17927;15,00;12735,00;15409,35;DIEZ HORACIO LUIS;;20,00 %;054;Leonel Caruso;0544;AYDN LAVDNA OR 15/1L;849,00;3413;"";AUTOSERVICIO;AUTOSERVICIO;12735,00;HERNAN RIVERO;212,25;$;2;GRUPO AYUDIN ARGENTINA S.A;0,00000000;0,00;Contado;05-10-2026 09:30;;AYUDIN;CLOROX;;CLOROX;LAVANDINA;LAGO PUELO;LIMPIEZA;;;300;Bruno Centurion;AXUM;;CLOROX;False;131576;0;Lista General;AUTOSERVICIO - A;42760;01-10-2026;757-JUAN PABLO JUAREZ;CLOROX;1;0,00000000;849,00
3681;"FELIPE AMOEDO 1297";QUILMES;2026-10-02;02-10-2026;01-10-2026;FAC-A0001-00342974;Venta;LAGOPUELO S.A;36003;8,00;13912,00;16833,52;DIEZ HORACIO LUIS;;20,00 %;054;Leonel Caruso;0544;AYDN LAVDNA OR 25g/l 8/2l;1739,00;3413;"";AUTOSERVICIO;AUTOSERVICIO;13912,00;HERNAN RIVERO;434,75;$;2;GRUPO AYUDIN ARGENTINA S.A;0,00000000;0,00;Contado;05-10-2026 09:30;;AYUDIN;CLOROX;;CLOROX;LAVANDINA;LAGO PUELO;LIMPIEZA;;;300;Bruno Centurion;AXUM;;CLOROX;False;131576;0;Lista General;AUTOSERVICIO - A;42760;01-10-2026;757-JUAN PABLO JUAREZ;CLOROX;1;0,00000000;1739,00
3681;"FELIPE AMOEDO 1297";QUILMES;2026-10-02;02-10-2026;01-10-2026;FAC-A0001-00342974;Venta;LAGOPUELO S.A;34336;12,00;15752,06;19060,00;DIEZ HORACIO LUIS;;20,00 %;054;Leonel Caruso;0544;Poett Dsnf SuadAlg 12/900ml;1312,67;3413;"";AUTOSERVICIO;AUTOSERVICIO;15504,00;HERNAN RIVERO;328,17;$;2;GRUPO AYUDIN ARGENTINA S.A;0,00000000;0,00;Contado;05-10-2026 09:30;;POETT;CLOROX;;CLOROX;PISO;LAGO PUELO;LIMPIEZA;;;300;Bruno Centurion;AXUM;;CLOROX;False;131576;0;Lista General;AUTOSERVICIO - A;42760;01-10-2026;757-JUAN PABLO JUAREZ;CLOROX;1;0,00000000;1312,67
3681;"FELIPE AMOEDO 1297";QUILMES;2026-10-02;02-10-2026;01-10-2026;FAC-A0001-00342974;Venta;LAGOPUELO S.A;60233;6,00;14834,42;17949,65;DIEZ HORACIO LUIS;;15,00 %;054;Leonel Caruso;0544;Aydn Lavdna Gel Or 15/700ml GP2;2472,40;3413;"";AUTOSERVICIO;AUTOSERVICIO;13122,00;HERNAN RIVERO;436,31;$;2;GRUPO AYUDIN ARGENTINA S.A;0,00000000;0,00;Contado;05-10-2026 09:30;;AYUDIN;CLOROX;;CLOROX;LAVANDINA;LAGO PUELO;LIMPIEZA;;;300;Bruno Centurion;AXUM;;CLOROX;False;131576;0;Lista General;AUTOSERVICIO - A;42760;01-10-2026;757-JUAN PABLO JUAREZ;CLOROX;1;0,00000000;2472,40
3653;"FELIPE AMOEDO 641";Quilmes;2026-10-02;02-10-2026;01-10-2026;FAC-A0001-00342975;Venta;LAGOPUELO S.A;61046;15,00;22306,05;26990,32;COCO MART S.R.L;;18,00 %;054;Leonel Caruso;0544;Aydn RopQuitMnch BlncInt 15/1l;1487,07;3413;"";AUTOSERVICIO;AUTOSERVICIO;20925,00;HERNAN RIVERO;326,43;$;2;GRUPO AYUDIN ARGENTINA S.A;0,00000000;0,00;Contado;05-10-2026 09:30;;AYUDIN;CLOROX;;CLOROX;LAVADO DE ROPA;LAGO PUELO;LIMPIEZA;;;300;Bruno Centurion;AXUM;;CLOROX;False;131613;0;Lista General;AUTOSERVICIO - A;42761;01-10-2026;757-JUAN PABLO JUAREZ;CLOROX;1;0,00000000;1487,07
3653;"FELIPE AMOEDO 641";Quilmes;2026-10-02;02-10-2026;01-10-2026;FAC-A0001-00342975;Venta;LAGOPUELO S.A;60222;15,00;17403,75;21058,54;COCO MART S.R.L;;15,00 %;054;Leonel Caruso;0544;Aydn Lavda TriPod 15/1l GP2;1160,25;3413;"";AUTOSERVICIO;AUTOSERVICIO;15750,00;HERNAN RIVERO;204,75;$;2;GRUPO AYUDIN ARGENTINA S.A;0,00000000;0,00;Contado;05-10-2026 09:30;;AYUDIN;CLOROX;;CLOROX;LAVANDINA;LAGO PUELO;LIMPIEZA;;;300;Bruno Centurion;AXUM;;CLOROX;False;131613;0;Lista General;AUTOSERVICIO - A;42761;01-10-2026;757-JUAN PABLO JUAREZ;CLOROX;1;0,00000000;1160,25
3653;"FELIPE AMOEDO 641";Quilmes;2026-10-02;02-10-2026;01-10-2026;FAC-A0001-00342975;Venta;LAGOPUELO S.A;60226;15,00;17403,75;21058,54;COCO MART S.R.L;;15,00 %;054;Leonel Caruso;0544;Aydn PurGlac TriPod 15/1l GP2;1160,25;3413;"";AUTOSERVICIO;AUTOSERVICIO;15750,00;HERNAN RIVERO;204,75;$;2;GRUPO AYUDIN ARGENTINA S.A;0,00000000;0,00;Contado;05-10-2026 09:30;;AYUDIN;CLOROX;;CLOROX;LAVANDINA;LAGO PUELO;LIMPIEZA;;;300;Bruno Centurion;AXUM;;CLOROX;False;131613;0;Lista General;AUTOSERVICIO - A;42761;01-10-2026;757-JUAN PABLO JUAREZ;CLOROX;1;0,00000000;1160,25
3653;"FELIPE AMOEDO 641";Quilmes;2026-10-02;02-10-2026;01-10-2026;FAC-A0001-00342975;Venta;LAGOPUELO S.A;61047;8,00;23682,26;28655,53;COCO MART S.R.L;;18,00 %;054;Leonel Caruso;0544;Aydn RopQuitMnch BlncInt 8/2l;2960,28;3413;"";AUTOSERVICIO;AUTOSERVICIO;22216,00;HERNAN RIVERO;649,82;$;2;GRUPO AYUDIN ARGENTINA S.A;0,00000000;0,00;Contado;05-10-2026 09:30;;AYUDIN;CLOROX;;CLOROX;LAVADO DE ROPA;LAGO PUELO;LIMPIEZA;;;300;Bruno Centurion;AXUM;;CLOROX;False;131613;0;Lista General;AUTOSERVICIO - A;42761;01-10-2026;757-JUAN PABLO JUAREZ;CLOROX;1;0,00000000;2960,28
3063;"ANDRES BARANDA 1570";QUILMES;2026-10-02;02-10-2026;01-10-2026;FAC-A0001-00342980;Venta;LAGOPUELO S.A;34320;12,00;15161,36;18345,25;YAN FENG;;23,00 %;054;Leonel Caruso;0544;Poett Desinf. Frescura de Lavanda 900ml;1263,45;3413;"";AUTOSERVICIO;AUTOSERVICIO;15504,00;HERNAN RIVERO;377,39;$;2;GRUPO AYUDIN ARGENTINA S.A;0,00000000;0,00;Contado;05-10-2026 09:30;;POETT;CLOROX;;CLOROX;PISO;LAGO PUELO;LIMPIEZA;;;300;Bruno Centurion;AXUM;;CLOROX;False;131688;0;Lista General;AUTOSERVICIO - A;42766;01-10-2026;757-JUAN PABLO JUAREZ;CLOROX;1;0,00000000;1263,45
3063;"ANDRES BARANDA 1570";QUILMES;2026-10-02;02-10-2026;01-10-2026;FAC-A0001-00342980;Venta;LAGOPUELO S.A;34324;12,00;15161,36;18345,25;YAN FENG;;23,00 %;054;Leonel Caruso;0544;Poett Desinf. Flores de Primavera 900ml;1263,45;3413;"";AUTOSERVICIO;AUTOSERVICIO;15504,00;HERNAN RIVERO;377,39;$;2;GRUPO AYUDIN ARGENTINA S.A;0,00000000;0,00;Contado;05-10-2026 09:30;;POETT;CLOROX;;CLOROX;PISO;LAGO PUELO;LIMPIEZA;;;300;Bruno Centurion;AXUM;;CLOROX;False;131688;0;Lista General;AUTOSERVICIO - A;42766;01-10-2026;757-JUAN PABLO JUAREZ;CLOROX;1;0,00000000;1263,45
3063;"ANDRES BARANDA 1570";QUILMES;2026-10-02;02-10-2026;01-10-2026;FAC-A0001-00342980;Venta;LAGOPUELO S.A;34327;12,00;15161,36;18345,25;YAN FENG;;23,00 %;054;Leonel Caruso;0544;Poett Desinf. Solo para ti 900ml;1263,45;3413;"";AUTOSERVICIO;AUTOSERVICIO;15504,00;HERNAN RIVERO;377,39;$;2;GRUPO AYUDIN ARGENTINA S.A;0,00000000;0,00;Contado;05-10-2026 09:30;;POETT;CLOROX;;CLOROX;PISO;LAGO PUELO;LIMPIEZA;;;300;Bruno Centurion;AXUM;;CLOROX;False;131688;0;Lista General;AUTOSERVICIO - A;42766;01-10-2026;757-JUAN PABLO JUAREZ;CLOROX;1;0,00000000;1263,45
3063;"ANDRES BARANDA 1570";QUILMES;2026-10-02;02-10-2026;01-10-2026;FAC-A0001-00342980;Venta;LAGOPUELO S.A;34336;12,00;15161,36;18345,25;YAN FENG;;23,00 %;054;Leonel Caruso;0544;Poett Dsnf SuadAlg 12/900ml;1263,45;3413;"";AUTOSERVICIO;AUTOSERVICIO;15504,00;HERNAN RIVERO;377,39;$;2;GRUPO AYUDIN ARGENTINA S.A;0,00000000;0,00;Contado;05-10-2026 09:30;;POETT;CLOROX;;CLOROX;PISO;LAGO PUELO;LIMPIEZA;;;300;Bruno Centurion;AXUM;;CLOROX;False;131688;0;Lista General;AUTOSERVICIO - A;42766;01-10-2026;757-JUAN PABLO JUAREZ;CLOROX;1;0,00000000;1263,45
3063;"ANDRES BARANDA 1570";QUILMES;2026-10-02;02-10-2026;01-10-2026;FAC-A0001-00342980;Venta;LAGOPUELO S.A;34334;12,00;15161,36;18345,25;YAN FENG;;23,00 %;054;Leonel Caruso;0544;Poett Dsnf SuadBebe 12/900ml;1263,45;3413;"";AUTOSERVICIO;AUTOSERVICIO;15504,00;HERNAN RIVERO;377,39;$;2;GRUPO AYUDIN ARGENTINA S.A;0,00000000;0,00;Contado;05-10-2026 09:30;;POETT;CLOROX;;CLOROX;PISO;LAGO PUELO;LIMPIEZA;;;300;Bruno Centurion;AXUM;;CLOROX;False;131688;0;Lista General;AUTOSERVICIO - A;42766;01-10-2026;757-JUAN PABLO JUAREZ;CLOROX;1;0,00000000;1263,45
3063;"ANDRES BARANDA 1570";QUILMES;2026-10-02;02-10-2026;01-10-2026;FAC-A0001-00342980;Venta;LAGOPUELO S.A;60223;8,00;18493,28;22376,87;YAN FENG;;15,00 %;054;Leonel Caruso;0544;Aydn Lavda TriPod 8/2l GP2;2311,66;3413;"";AUTOSERVICIO;AUTOSERVICIO;16736,00;HERNAN RIVERO;407,94;$;2;GRUPO AYUDIN ARGENTINA S.A;0,00000000;0,00;Contado;05-10-2026 09:30;;AYUDIN;CLOROX;;CLOROX;LAVANDINA;LAGO PUELO;LIMPIEZA;;;300;Bruno Centurion;AXUM;;CLOROX;False;131688;0;Lista General;AUTOSERVICIO - A;42766;01-10-2026;757-JUAN PABLO JUAREZ;CLOROX;1;0,00000000;2311,66
3063;"ANDRES BARANDA 1570";QUILMES;2026-10-02;02-10-2026;01-10-2026;FAC-A0001-00342980;Venta;LAGOPUELO S.A;60227;8,00;18493,28;22376,87;YAN FENG;;15,00 %;054;Leonel Caruso;0544;Aydn PurGlac TriPod 8/2l GP2;2311,66;3413;"";AUTOSERVICIO;AUTOSERVICIO;16736,00;HERNAN RIVERO;407,94;$;2;GRUPO AYUDIN ARGENTINA S.A;0,00000000;0,00;Contado;05-10-2026 09:30;;AYUDIN;CLOROX;;CLOROX;LAVANDINA;LAGO PUELO;LIMPIEZA;;;300;Bruno Centurion;AXUM;;CLOROX;False;131688;0;Lista General;AUTOSERVICIO - A;42766;01-10-2026;757-JUAN PABLO JUAREZ;CLOROX;1;0,00000000;2311,66
3063;"ANDRES BARANDA 1570";QUILMES;2026-10-02;02-10-2026;01-10-2026;FAC-A0001-00342980;Venta;LAGOPUELO S.A;36003;40,00;66951,50;81011,32;YAN FENG;;23,00 %;054;Leonel Caruso;0544;AYDN LAVDNA OR 25g/l 8/2l;1673,79;3413;"";AUTOSERVICIO;AUTOSERVICIO;69560,00;HERNAN RIVERO;499,96;$;2;GRUPO AYUDIN ARGENTINA S.A;0,00000000;0,00;Contado;05-10-2026 09:30;;AYUDIN;CLOROX;;CLOROX;LAVANDINA;LAGO PUELO;LIMPIEZA;;;300;Bruno Centurion;AXUM;;CLOROX;False;131688;0;Lista General;AUTOSERVICIO - A;42766;01-10-2026;757-JUAN PABLO JUAREZ;CLOROX;1;0,00000000;1673,79
3320;"ESTANISLAO DEL CAMPO 2174";Quilmes;2026-10-02;02-10-2026;01-10-2026;FAC-A0001-00342983;Venta;LAGOPUELO S.A;60231;15,00;24339,00;29450,19;GUAN XIONG ;;0,00 %;054;Leonel Caruso;0544;Aydn A-Sp Trad 15/1l GP2;1622,60;3413;"";AUTOSERVICIO;AUTOSERVICIO;18300,00;HERNAN RIVERO;0,00;$;2;GRUPO AYUDIN ARGENTINA S.A;0,00000000;0,00;Contado;05-10-2026 09:30;;AYUDIN;CLOROX;;CLOROX;LAVANDINA;LAGO PUELO;LIMPIEZA;;;300;Bruno Centurion;AXUM;;CLOROX;False;131877;0;Lista General;AUTOSERVICIO - A;42773;01-10-2026;757-JUAN PABLO JUAREZ;CLOROX;1;0,00000000;1622,60
3320;"ESTANISLAO DEL CAMPO 2174";Quilmes;2026-10-02;02-10-2026;01-10-2026;FAC-A0001-00342983;Venta;LAGOPUELO S.A;34320;12,00;14767,56;17868,75;GUAN XIONG ;;25,00 %;054;Leonel Caruso;0544;Poett Desinf. Frescura de Lavanda 900ml;1230,63;3413;"";AUTOSERVICIO;AUTOSERVICIO;15504,00;HERNAN RIVERO;410,21;$;2;GRUPO AYUDIN ARGENTINA S.A;0,00000000;0,00;Contado;05-10-2026 09:30;;POETT;CLOROX;;CLOROX;PISO;LAGO PUELO;LIMPIEZA;;;300;Bruno Centurion;AXUM;;CLOROX;False;131877;0;Lista General;AUTOSERVICIO - A;42773;01-10-2026;757-JUAN PABLO JUAREZ;CLOROX;1;0,00000000;1230,63
3320;"ESTANISLAO DEL CAMPO 2174";Quilmes;2026-10-02;02-10-2026;01-10-2026;FAC-A0001-00342983;Venta;LAGOPUELO S.A;34324;12,00;14767,56;17868,75;GUAN XIONG ;;25,00 %;054;Leonel Caruso;0544;Poett Desinf. Flores de Primavera 900ml;1230,63;3413;"";AUTOSERVICIO;AUTOSERVICIO;15504,00;HERNAN RIVERO;410,21;$;2;GRUPO AYUDIN ARGENTINA S.A;0,00000000;0,00;Contado;05-10-2026 09:30;;POETT;CLOROX;;CLOROX;PISO;LAGO PUELO;LIMPIEZA;;;300;Bruno Centurion;AXUM;;CLOROX;False;131877;0;Lista General;AUTOSERVICIO - A;42773;01-10-2026;757-JUAN PABLO JUAREZ;CLOROX;1;0,00000000;1230,63
3320;"ESTANISLAO DEL CAMPO 2174";Quilmes;2026-10-02;02-10-2026;01-10-2026;FAC-A0001-00342983;Venta;LAGOPUELO S.A;34327;12,00;14767,56;17868,75;GUAN XIONG ;;25,00 %;054;Leonel Caruso;0544;Poett Desinf. Solo para ti 900ml;1230,63;3413;"";AUTOSERVICIO;AUTOSERVICIO;15504,00;HERNAN RIVERO;410,21;$;2;GRUPO AYUDIN ARGENTINA S.A;0,00000000;0,00;Contado;05-10-2026 09:30;;POETT;CLOROX;;CLOROX;PISO;LAGO PUELO;LIMPIEZA;;;300;Bruno Centurion;AXUM;;CLOROX;False;131877;0;Lista General;AUTOSERVICIO - A;42773;01-10-2026;757-JUAN PABLO JUAREZ;CLOROX;1;0,00000000;1230,63
3320;"ESTANISLAO DEL CAMPO 2174";Quilmes;2026-10-02;02-10-2026;01-10-2026;FAC-A0001-00342983;Venta;LAGOPUELO S.A;34334;12,00;14767,56;17868,75;GUAN XIONG ;;25,00 %;054;Leonel Caruso;0544;Poett Dsnf SuadBebe 12/900ml;1230,63;3413;"";AUTOSERVICIO;AUTOSERVICIO;15504,00;HERNAN RIVERO;410,21;$;2;GRUPO AYUDIN ARGENTINA S.A;0,00000000;0,00;Contado;05-10-2026 09:30;;POETT;CLOROX;;CLOROX;PISO;LAGO PUELO;LIMPIEZA;;;300;Bruno Centurion;AXUM;;CLOROX;False;131877;0;Lista General;AUTOSERVICIO - A;42773;01-10-2026;757-JUAN PABLO JUAREZ;CLOROX;1;0,00000000;1230,63
3320;"ESTANISLAO DEL CAMPO 2174";Quilmes;2026-10-02;02-10-2026;01-10-2026;FAC-A0001-00342983;Venta;LAGOPUELO S.A;34336;12,00;14767,56;17868,75;GUAN XIONG ;;25,00 %;054;Leonel Caruso;0544;Poett Dsnf SuadAlg 12/900ml;1230,63;3413;"";AUTOSERVICIO;AUTOSERVICIO;15504,00;HERNAN RIVERO;410,21;$;2;GRUPO AYUDIN ARGENTINA S.A;0,00000000;0,00;Contado;05-10-2026 09:30;;POETT;CLOROX;;CLOROX;PISO;LAGO PUELO;LIMPIEZA;;;300;Bruno Centurion;AXUM;;CLOROX;False;131877;0;Lista General;AUTOSERVICIO - A;42773;01-10-2026;757-JUAN PABLO JUAREZ;CLOROX;1;0,00000000;1230,63
3320;"ESTANISLAO DEL CAMPO 2174";Quilmes;2026-10-02;02-10-2026;01-10-2026;FAC-A0001-00342983;Venta;LAGOPUELO S.A;34338;12,00;14767,56;17868,75;GUAN XIONG ;;25,00 %;054;Leonel Caruso;0544;Poett Dsnf MscPrmvra 12/900ml;1230,63;3413;"";AUTOSERVICIO;AUTOSERVICIO;15504,00;HERNAN RIVERO;410,21;$;2;GRUPO AYUDIN ARGENTINA S.A;0,00000000;0,00;Contado;05-10-2026 09:30;;POETT;CLOROX;;CLOROX;PISO;LAGO PUELO;LIMPIEZA;;;300;Bruno Centurion;AXUM;;CLOROX;False;131877;0;Lista General;AUTOSERVICIO - A;42773;01-10-2026;757-JUAN PABLO JUAREZ;CLOROX;1;0,00000000;1230,63
3320;"ESTANISLAO DEL CAMPO 2174";Quilmes;2026-10-02;02-10-2026;01-10-2026;FAC-A0001-00342983;Venta;LAGOPUELO S.A;34342;12,00;14767,56;17868,75;GUAN XIONG ;;25,00 %;054;Leonel Caruso;0544;Poett Dsnf AlgrDia 12/900ml;1230,63;3413;"";AUTOSERVICIO;AUTOSERVICIO;15504,00;HERNAN RIVERO;410,21;$;2;GRUPO AYUDIN ARGENTINA S.A;0,00000000;0,00;Contado;05-10-2026 09:30;;POETT;CLOROX;;CLOROX;PISO;LAGO PUELO;LIMPIEZA;;;300;Bruno Centurion;AXUM;;CLOROX;False;131877;0;Lista General;AUTOSERVICIO - A;42773;01-10-2026;757-JUAN PABLO JUAREZ;CLOROX;1;0,00000000;1230,63
3320;"ESTANISLAO DEL CAMPO 2174";Quilmes;2026-10-02;02-10-2026;01-10-2026;FAC-A0001-00342983;Venta;LAGOPUELO S.A;60386;12,00;14767,56;17868,75;GUAN XIONG ;;25,00 %;054;Leonel Caruso;0544;Poett EsptPly 12/900ml;1230,63;3413;"";AUTOSERVICIO;AUTOSERVICIO;15504,00;HERNAN RIVERO;410,21;$;2;GRUPO AYUDIN ARGENTINA S.A;0,00000000;0,00;Contado;05-10-2026 09:30;;POETT;CLOROX;;CLOROX;PISO;LAGO PUELO;LIMPIEZA;;;300;Bruno Centurion;AXUM;;CLOROX;False;131877;0;Lista General;AUTOSERVICIO - A;42773;01-10-2026;757-JUAN PABLO JUAREZ;CLOROX;1;0,00000000;1230,63
3320;"ESTANISLAO DEL CAMPO 2174";Quilmes;2026-10-02;02-10-2026;01-10-2026;FAC-A0001-00342983;Venta;LAGOPUELO S.A;36001;12,00;14767,56;17868,75;GUAN XIONG ;;25,00 %;054;Leonel Caruso;0544;POETT FRSC TROP 12/900;1230,63;3413;"";AUTOSERVICIO;AUTOSERVICIO;15504,00;HERNAN RIVERO;410,21;$;2;GRUPO AYUDIN ARGENTINA S.A;0,00000000;0,00;Contado;05-10-2026 09:30;;POETT;CLOROX;;CLOROX;PISO;LAGO PUELO;LIMPIEZA;;;300;Bruno Centurion;AXUM;;CLOROX;False;131877;0;Lista General;AUTOSERVICIO - A;42773;01-10-2026;757-JUAN PABLO JUAREZ;CLOROX;1;0,00000000;1230,63
3320;"ESTANISLAO DEL CAMPO 2174";Quilmes;2026-10-02;02-10-2026;01-10-2026;FAC-A0001-00342983;Venta;LAGOPUELO S.A;50087;12,00;49183,20;59511,67;GUAN XIONG ;;0,00 %;054;Leonel Caruso;0544;Poett Frgnz Huellitas 12/250ml AR;4098,60;3413;"";AUTOSERVICIO;AUTOSERVICIO;36432,00;HERNAN RIVERO;0,00;$;2;GRUPO AYUDIN ARGENTINA S.A;0,00000000;0,00;Contado;05-10-2026 09:30;;POETT;CLOROX;;CLOROX;AERO POETT;LAGO PUELO;LIMPIEZA;;;300;Bruno Centurion;AXUM;;CLOROX;False;131877;0;Lista General;AUTOSERVICIO - A;42773;01-10-2026;757-JUAN PABLO JUAREZ;CLOROX;1;0,00000000;4098,60
22073;"RUTA 2 KM 44500";Berazategui;2026-10-02;02-10-2026;01-10-2026;FAC-A0001-00342988;Venta;LAGOPUELO S.A;61577;1,00;1484,60;1796,37;JACINTO HECTOR OMAR;;0,00 %;051;Ezequiel Valente;0514;Aydn Coc† Pod Act Or† DoyPk 16/450ml;1484,60;3411;"";AUTOSERVICIO;Autoservicio B;1142,00;JUAN ESCOTO;0,00;$;2;GRUPO AYUDIN ARGENTINA S.A;0,00000000;0,00;Contado;05-10-2026 09:15;;AYUDIN;CLOROX;;CLOROX;COCINA;LAGO PUELO;LIMPIEZA;;;300;Bruno Centurion;AXUM;;CLOROX;False;131572;0;Lista General;Autoservicio B - A;42953;01-10-2026;58-ARON BOLLINI;CLOROX;1;0,00000000;1484,60
6028;"AV. LA ROTONDA 1218";Varela ;2026-10-02;02-10-2026;01-10-2026;FAC-A0001-00342992;Venta;LAGOPUELO S.A;17927;150,00;159187,50;192616,88;HUANG JIANXIN;;0,00 %;052;Nicole Sosa;0524;AYDN LAVDNA OR 15/1L;1061,25;3411;"";AUTOSERVICIO;AUTOSERVICIO;127350,00;JUAN ESCOTO;0,00;$;2;GRUPO AYUDIN ARGENTINA S.A;0,00000000;0,00;Contado;05-10-2026 09:15;;AYUDIN;CLOROX;;CLOROX;LAVANDINA;LAGO PUELO;LIMPIEZA;;;300;Bruno Centurion;AXUM;;CLOROX;False;131628;0;Lista General;AUTOSERVICIO - A;42959;01-10-2026;58-ARON BOLLINI;CLOROX;1;0,00000000;1061,25
6028;"AV. LA ROTONDA 1218";Varela ;2026-10-02;02-10-2026;01-10-2026;FAC-A0001-00342992;Venta;LAGOPUELO S.A;36003;40,00;86950,00;105209,50;HUANG JIANXIN;;0,00 %;052;Nicole Sosa;0524;AYDN LAVDNA OR 25g/l 8/2l;2173,75;3411;"";AUTOSERVICIO;AUTOSERVICIO;69560,00;JUAN ESCOTO;0,00;$;2;GRUPO AYUDIN ARGENTINA S.A;0,00000000;0,00;Contado;05-10-2026 09:15;;AYUDIN;CLOROX;;CLOROX;LAVANDINA;LAGO PUELO;LIMPIEZA;;;300;Bruno Centurion;AXUM;;CLOROX;False;131628;0;Lista General;AUTOSERVICIO - A;42959;01-10-2026;58-ARON BOLLINI;CLOROX;1;0,00000000;2173,75
1446;"514 N 1167";BERAZATEGUI;2026-10-02;02-10-2026;01-10-2026;FAC-A0001-00342994;Venta;LAGOPUELO S.A;17927;150,00;159187,50;192616,88;RUBEN VICOS;;0,00 %;051;Ezequiel Valente;0514;AYDN LAVDNA OR 15/1L;1061,25;3411;"";ALMACEN;ALMACEN;127350,00;JUAN ESCOTO;0,00;$;2;GRUPO AYUDIN ARGENTINA S.A;0,00000000;0,00;Contado;05-10-2026 09:15;;AYUDIN;CLOROX;;CLOROX;LAVANDINA;LAGO PUELO;LIMPIEZA;;;300;Bruno Centurion;AXUM;;CLOROX;False;131638;0;Lista General;ALMACEN - A;42962;01-10-2026;58-ARON BOLLINI;CLOROX;1;0,00000000;1061,25
1446;"514 N 1167";BERAZATEGUI;2026-10-02;02-10-2026;01-10-2026;FAC-A0001-00342994;Venta;LAGOPUELO S.A;36003;40,00;86950,00;105209,50;RUBEN VICOS;;0,00 %;051;Ezequiel Valente;0514;AYDN LAVDNA OR 25g/l 8/2l;2173,75;3411;"";ALMACEN;ALMACEN;69560,00;JUAN ESCOTO;0,00;$;2;GRUPO AYUDIN ARGENTINA S.A;0,00000000;0,00;Contado;05-10-2026 09:15;;AYUDIN;CLOROX;;CLOROX;LAVANDINA;LAGO PUELO;LIMPIEZA;;;300;Bruno Centurion;AXUM;;CLOROX;False;131638;0;Lista General;ALMACEN - A;42962;01-10-2026;58-ARON BOLLINI;CLOROX;1;0,00000000;2173,75
1446;"514 N 1167";BERAZATEGUI;2026-10-02;02-10-2026;01-10-2026;FAC-A0001-00342994;Venta;LAGOPUELO S.A;34320;24,00;39380,16;47649,99;RUBEN VICOS;;0,00 %;051;Ezequiel Valente;0514;Poett Desinf. Frescura de Lavanda 900ml;1640,84;3411;"";ALMACEN;ALMACEN;31008,00;JUAN ESCOTO;0,00;$;2;GRUPO AYUDIN ARGENTINA S.A;0,00000000;0,00;Contado;05-10-2026 09:15;;POETT;CLOROX;;CLOROX;PISO;LAGO PUELO;LIMPIEZA;;;300;Bruno Centurion;AXUM;;CLOROX;False;131638;0;Lista General;ALMACEN - A;42962;01-10-2026;58-ARON BOLLINI;CLOROX;1;0,00000000;1640,84
1446;"514 N 1167";BERAZATEGUI;2026-10-02;02-10-2026;01-10-2026;FAC-A0001-00342994;Venta;LAGOPUELO S.A;34324;12,00;19690,08;23825,00;RUBEN VICOS;;0,00 %;051;Ezequiel Valente;0514;Poett Desinf. Flores de Primavera 900ml;1640,84;3411;"";ALMACEN;ALMACEN;15504,00;JUAN ESCOTO;0,00;$;2;GRUPO AYUDIN ARGENTINA S.A;0,00000000;0,00;Contado;05-10-2026 09:15;;POETT;CLOROX;;CLOROX;PISO;LAGO PUELO;LIMPIEZA;;;300;Bruno Centurion;AXUM;;CLOROX;False;131638;0;Lista General;ALMACEN - A;42962;01-10-2026;58-ARON BOLLINI;CLOROX;1;0,00000000;1640,84
1446;"514 N 1167";BERAZATEGUI;2026-10-02;02-10-2026;01-10-2026;FAC-A0001-00342994;Venta;LAGOPUELO S.A;34327;12,00;19690,08;23825,00;RUBEN VICOS;;0,00 %;051;Ezequiel Valente;0514;Poett Desinf. Solo para ti 900ml;1640,84;3411;"";ALMACEN;ALMACEN;15504,00;JUAN ESCOTO;0,00;$;2;GRUPO AYUDIN ARGENTINA S.A;0,00000000;0,00;Contado;05-10-2026 09:15;;POETT;CLOROX;;CLOROX;PISO;LAGO PUELO;LIMPIEZA;;;300;Bruno Centurion;AXUM;;CLOROX;False;131638;0;Lista General;ALMACEN - A;42962;01-10-2026;58-ARON BOLLINI;CLOROX;1;0,00000000;1640,84
1446;"514 N 1167";BERAZATEGUI;2026-10-02;02-10-2026;01-10-2026;FAC-A0001-00342994;Venta;LAGOPUELO S.A;34338;12,00;19690,08;23825,00;RUBEN VICOS;;0,00 %;051;Ezequiel Valente;0514;Poett Dsnf MscPrmvra 12/900ml;1640,84;3411;"";ALMACEN;ALMACEN;15504,00;JUAN ESCOTO;0,00;$;2;GRUPO AYUDIN ARGENTINA S.A;0,00000000;0,00;Contado;05-10-2026 09:15;;POETT;CLOROX;;CLOROX;PISO;LAGO PUELO;LIMPIEZA;;;300;Bruno Centurion;AXUM;;CLOROX;False;131638;0;Lista General;ALMACEN - A;42962;01-10-2026;58-ARON BOLLINI;CLOROX;1;0,00000000;1640,84
1446;"514 N 1167";BERAZATEGUI;2026-10-02;02-10-2026;01-10-2026;FAC-A0001-00342994;Venta;LAGOPUELO S.A;34336;12,00;19690,08;23825,00;RUBEN VICOS;;0,00 %;051;Ezequiel Valente;0514;Poett Dsnf SuadAlg 12/900ml;1640,84;3411;"";ALMACEN;ALMACEN;15504,00;JUAN ESCOTO;0,00;$;2;GRUPO AYUDIN ARGENTINA S.A;0,00000000;0,00;Contado;05-10-2026 09:15;;POETT;CLOROX;;CLOROX;PISO;LAGO PUELO;LIMPIEZA;;;300;Bruno Centurion;AXUM;;CLOROX;False;131638;0;Lista General;ALMACEN - A;42962;01-10-2026;58-ARON BOLLINI;CLOROX;1;0,00000000;1640,84
1446;"514 N 1167";BERAZATEGUI;2026-10-02;02-10-2026;01-10-2026;FAC-A0001-00342994;Venta;LAGOPUELO S.A;34334;12,00;19690,08;23825,00;RUBEN VICOS;;0,00 %;051;Ezequiel Valente;0514;Poett Dsnf SuadBebe 12/900ml;1640,84;3411;"";ALMACEN;ALMACEN;15504,00;JUAN ESCOTO;0,00;$;2;GRUPO AYUDIN ARGENTINA S.A;0,00000000;0,00;Contado;05-10-2026 09:15;;POETT;CLOROX;;CLOROX;PISO;LAGO PUELO;LIMPIEZA;;;300;Bruno Centurion;AXUM;;CLOROX;False;131638;0;Lista General;ALMACEN - A;42962;01-10-2026;58-ARON BOLLINI;CLOROX;1;0,00000000;1640,84
1446;"514 N 1167";BERAZATEGUI;2026-10-02;02-10-2026;01-10-2026;FAC-A0001-00342994;Venta;LAGOPUELO S.A;60386;12,00;19690,08;23825,00;RUBEN VICOS;;0,00 %;051;Ezequiel Valente;0514;Poett EsptPly 12/900ml;1640,84;3411;"";ALMACEN;ALMACEN;15504,00;JUAN ESCOTO;0,00;$;2;GRUPO AYUDIN ARGENTINA S.A;0,00000000;0,00;Contado;05-10-2026 09:15;;POETT;CLOROX;;CLOROX;PISO;LAGO PUELO;LIMPIEZA;;;300;Bruno Centurion;AXUM;;CLOROX;False;131638;0;Lista General;ALMACEN - A;42962;01-10-2026;58-ARON BOLLINI;CLOROX;1;0,00000000;1640,84
1446;"514 N 1167";BERAZATEGUI;2026-10-02;02-10-2026;01-10-2026;FAC-A0001-00342994;Venta;LAGOPUELO S.A;36001;12,00;19690,08;23825,00;RUBEN VICOS;;0,00 %;051;Ezequiel Valente;0514;POETT FRSC TROP 12/900;1640,84;3411;"";ALMACEN;ALMACEN;15504,00;JUAN ESCOTO;0,00;$;2;GRUPO AYUDIN ARGENTINA S.A;0,00000000;0,00;Contado;05-10-2026 09:15;;POETT;CLOROX;;CLOROX;PISO;LAGO PUELO;LIMPIEZA;;;300;Bruno Centurion;AXUM;;CLOROX;False;131638;0;Lista General;ALMACEN - A;42962;01-10-2026;58-ARON BOLLINI;CLOROX;1;0,00000000;1640,84
1446;"514 N 1167";BERAZATEGUI;2026-10-02;02-10-2026;01-10-2026;FAC-A0001-00342994;Venta;LAGOPUELO S.A;34342;12,00;19690,08;23825,00;RUBEN VICOS;;0,00 %;051;Ezequiel Valente;0514;Poett Dsnf AlgrDia 12/900ml;1640,84;3411;"";ALMACEN;ALMACEN;15504,00;JUAN ESCOTO;0,00;$;2;GRUPO AYUDIN ARGENTINA S.A;0,00000000;0,00;Contado;05-10-2026 09:15;;POETT;CLOROX;;CLOROX;PISO;LAGO PUELO;LIMPIEZA;;;300;Bruno Centurion;AXUM;;CLOROX;False;131638;0;Lista General;ALMACEN - A;42962;01-10-2026;58-ARON BOLLINI;CLOROX;1;0,00000000;1640,84
2127;"Calle 514 N 1363";CENTRO AGRICOLA EL PATO;2026-10-02;02-10-2026;01-10-2026;FAC-A0001-00342996;Venta;LAGOPUELO S.A;61046;15,00;22306,05;26990,32;PEREZ ADRIANA EUGENIA;;18,00 %;051;Ezequiel Valente;0514;Aydn RopQuitMnch BlncInt 15/1l;1487,07;3411;"";AUTOSERVICIO;AUTOSERVICIO;20925,00;JUAN ESCOTO;326,43;$;2;GRUPO AYUDIN ARGENTINA S.A;0,00000000;0,00;Contado;05-10-2026 09:15;;AYUDIN;CLOROX;;CLOROX;LAVADO DE ROPA;LAGO PUELO;LIMPIEZA;;;300;Bruno Centurion;AXUM;;CLOROX;False;131744;0;Lista General;AUTOSERVICIO - A;42966;01-10-2026;58-ARON BOLLINI;CLOROX;1;0,00000000;1487,07
2127;"Calle 514 N 1363";CENTRO AGRICOLA EL PATO;2026-10-02;02-10-2026;01-10-2026;FAC-A0001-00342996;Venta;LAGOPUELO S.A;60234;5,00;11634,84;14078,16;PEREZ ADRIANA EUGENIA;;20,00 %;051;Ezequiel Valente;0514;Aydn Lavdna Gel Ctra 15/700ml GP2;2326,97;3411;"";AUTOSERVICIO;AUTOSERVICIO;10935,00;JUAN ESCOTO;581,74;$;2;GRUPO AYUDIN ARGENTINA S.A;0,00000000;0,00;Contado;05-10-2026 09:15;;AYUDIN;CLOROX;;CLOROX;LAVANDINA;LAGO PUELO;LIMPIEZA;;;300;Bruno Centurion;AXUM;;CLOROX;False;131744;0;Lista General;AUTOSERVICIO - A;42966;01-10-2026;58-ARON BOLLINI;CLOROX;1;0,00000000;2326,97
2127;"Calle 514 N 1363";CENTRO AGRICOLA EL PATO;2026-10-02;02-10-2026;01-10-2026;FAC-A0001-00342996;Venta;LAGOPUELO S.A;60237;5,00;11634,84;14078,16;PEREZ ADRIANA EUGENIA;;20,00 %;051;Ezequiel Valente;0514;Aydn Lavdna Gel Flr 15/700ml GP2;2326,97;3411;"";AUTOSERVICIO;AUTOSERVICIO;10935,00;JUAN ESCOTO;581,74;$;2;GRUPO AYUDIN ARGENTINA S.A;0,00000000;0,00;Contado;05-10-2026 09:15;;AYUDIN;CLOROX;;CLOROX;LAVANDINA;LAGO PUELO;LIMPIEZA;;;300;Bruno Centurion;AXUM;;CLOROX;False;131744;0;Lista General;AUTOSERVICIO - A;42966;01-10-2026;58-ARON BOLLINI;CLOROX;1;0,00000000;2326,97
2127;"Calle 514 N 1363";CENTRO AGRICOLA EL PATO;2026-10-02;02-10-2026;01-10-2026;FAC-A0001-00342996;Venta;LAGOPUELO S.A;60239;5,00;11634,84;14078,16;PEREZ ADRIANA EUGENIA;;20,00 %;051;Ezequiel Valente;0514;Aydn Lavdna Gel MntFrs 15/700ml GP2;2326,97;3411;"";AUTOSERVICIO;AUTOSERVICIO;10935,00;JUAN ESCOTO;581,74;$;2;GRUPO AYUDIN ARGENTINA S.A;0,00000000;0,00;Contado;05-10-2026 09:15;;AYUDIN;CLOROX;;CLOROX;LAVANDINA;LAGO PUELO;LIMPIEZA;;;300;Bruno Centurion;AXUM;;CLOROX;False;131744;0;Lista General;AUTOSERVICIO - A;42966;01-10-2026;58-ARON BOLLINI;CLOROX;1;0,00000000;2326,97
2127;"Calle 514 N 1363";CENTRO AGRICOLA EL PATO;2026-10-02;02-10-2026;01-10-2026;FAC-A0001-00342996;Venta;LAGOPUELO S.A;60240;5,00;11634,84;14078,16;PEREZ ADRIANA EUGENIA;;20,00 %;051;Ezequiel Valente;0514;Aydn Lavdna Gel Lavda EXPRT 15/700ml GP2;2326,97;3411;"";AUTOSERVICIO;AUTOSERVICIO;10935,00;JUAN ESCOTO;581,74;$;2;GRUPO AYUDIN ARGENTINA S.A;0,00000000;0,00;Contado;05-10-2026 09:15;;AYUDIN;CLOROX;;CLOROX;LAVANDINA;LAGO PUELO;LIMPIEZA;;;300;Bruno Centurion;AXUM;;CLOROX;False;131744;0;Lista General;AUTOSERVICIO - A;42966;01-10-2026;58-ARON BOLLINI;CLOROX;1;0,00000000;2326,97
2127;"Calle 514 N 1363";CENTRO AGRICOLA EL PATO;2026-10-02;02-10-2026;01-10-2026;FAC-A0001-00342996;Venta;LAGOPUELO S.A;60233;5,00;11634,84;14078,16;PEREZ ADRIANA EUGENIA;;20,00 %;051;Ezequiel Valente;0514;Aydn Lavdna Gel Or 15/700ml GP2;2326,97;3411;"";AUTOSERVICIO;AUTOSERVICIO;10935,00;JUAN ESCOTO;581,74;$;2;GRUPO AYUDIN ARGENTINA S.A;0,00000000;0,00;Contado;05-10-2026 09:15;;AYUDIN;CLOROX;;CLOROX;LAVANDINA;LAGO PUELO;LIMPIEZA;;;300;Bruno Centurion;AXUM;;CLOROX;False;131744;0;Lista General;AUTOSERVICIO - A;42966;01-10-2026;58-ARON BOLLINI;CLOROX;1;0,00000000;2326,97
2127;"Calle 514 N 1363";CENTRO AGRICOLA EL PATO;2026-10-02;02-10-2026;01-10-2026;FAC-A0001-00342996;Venta;LAGOPUELO S.A;36024;6,00;14878,08;18002,48;PEREZ ADRIANA EUGENIA;;20,00 %;051;Ezequiel Valente;0514; Mortimer Bolsa Mediana x15 ;2479,68;3411;"";AUTOSERVICIO;AUTOSERVICIO;13776,00;JUAN ESCOTO;619,92;$;2;GRUPO AYUDIN ARGENTINA S.A;0,00000000;0,00;Contado;05-10-2026 09:15;;MORTIMER;CLOROX;;CLOROX;MORTIMER;LAGO PUELO;LIMPIEZA;;;300;Bruno Centurion;AXUM;;CLOROX;False;131744;0;Lista General;AUTOSERVICIO - A;42966;01-10-2026;58-ARON BOLLINI;CLOROX;1;0,00000000;2479,68
2127;"Calle 514 N 1363";CENTRO AGRICOLA EL PATO;2026-10-02;02-10-2026;01-10-2026;FAC-A0001-00342996;Venta;LAGOPUELO S.A;36022;6,00;8637,84;10451,79;PEREZ ADRIANA EUGENIA;;20,00 %;051;Ezequiel Valente;0514; Mortimer Bolsa Normal x15 ;1439,64;3411;"";AUTOSERVICIO;AUTOSERVICIO;7998,00;JUAN ESCOTO;359,91;$;2;GRUPO AYUDIN ARGENTINA S.A;0,00000000;0,00;Contado;05-10-2026 09:15;;MORTIMER;CLOROX;;CLOROX;MORTIMER;LAGO PUELO;LIMPIEZA;;;300;Bruno Centurion;AXUM;;CLOROX;False;131744;0;Lista General;AUTOSERVICIO - A;42966;01-10-2026;58-ARON BOLLINI;CLOROX;1;0,00000000;1439,64
395;"Calle 514 e/613 y 614 . El Pato 1381";Berazategui;2026-10-02;02-10-2026;01-10-2026;FAC-A0001-00342997;Venta;LAGOPUELO S.A;36003;8,00;13912,00;16833,52;MarÌa BelÈn Arguello;;20,00 %;051;Ezequiel Valente;0514;AYDN LAVDNA OR 25g/l 8/2l;1739,00;3411;"";MAYORISTA;MAYORISTA;13912,00;JUAN ESCOTO;434,75;$;2;GRUPO AYUDIN ARGENTINA S.A;0,00000000;0,00;Efectivo;05-10-2026 09:15;;AYUDIN;CLOROX;;CLOROX;LAVANDINA;LAGO PUELO;LIMPIEZA;;;300;Bruno Centurion;AXUM;;CLOROX;False;131753;0;Lista General;MAYORISTA - A;42968;01-10-2026;58-ARON BOLLINI;CLOROX;1;0,00000000;1739,00
2216;"HERNANDARIAS 2709";Berazategui;2026-10-02;02-10-2026;01-10-2026;FAC-A0001-00343002;Venta;LAGOPUELO S.A;34320;12,00;15752,06;19060,00;LOPEZ ANDRES;;20,00 %;052;Nicole Sosa;0524;Poett Desinf. Frescura de Lavanda 900ml;1312,67;3411;"";ALMACEN;ALMACEN;15504,00;JUAN ESCOTO;328,17;$;2;GRUPO AYUDIN ARGENTINA S.A;0,00000000;0,00;Contado;05-10-2026 09:15;;POETT;CLOROX;;CLOROX;PISO;LAGO PUELO;LIMPIEZA;;;300;Bruno Centurion;AXUM;;CLOROX;False;131829;0;Lista General;ALMACEN - A;42977;01-10-2026;58-ARON BOLLINI;CLOROX;1;0,00000000;1312,67
2216;"HERNANDARIAS 2709";Berazategui;2026-10-02;02-10-2026;01-10-2026;FAC-A0001-00343002;Venta;LAGOPUELO S.A;34322;3,00;21290,10;25761,02;LOPEZ ANDRES;;0,00 %;052;Nicole Sosa;0524;Poett Deinf. Frescura de Lavanda 4L;7096,70;3411;"";ALMACEN;ALMACEN;16377,00;JUAN ESCOTO;0,00;$;2;GRUPO AYUDIN ARGENTINA S.A;0,00000000;0,00;Contado;05-10-2026 09:15;;POETT;CLOROX;;CLOROX;PISO;LAGO PUELO;LIMPIEZA;;;300;Bruno Centurion;AXUM;;CLOROX;False;131829;0;Lista General;ALMACEN - A;42977;01-10-2026;58-ARON BOLLINI;CLOROX;1;0,00000000;7096,70
2216;"HERNANDARIAS 2709";Berazategui;2026-10-02;02-10-2026;01-10-2026;FAC-A0001-00343002;Venta;LAGOPUELO S.A;36004;3,00;12596,57;15241,85;LOPEZ ANDRES;;7,00 %;052;Nicole Sosa;0524;AYDN LAVDNA OR 25 g/l 3/4l;4198,86;3411;"";ALMACEN;ALMACEN;10419,00;JUAN ESCOTO;316,04;$;2;GRUPO AYUDIN ARGENTINA S.A;0,00000000;0,00;Contado;05-10-2026 09:15;;AYUDIN;CLOROX;;CLOROX;LAVANDINA;LAGO PUELO;LIMPIEZA;;;300;Bruno Centurion;AXUM;;CLOROX;False;131829;0;Lista General;ALMACEN - A;42977;01-10-2026;58-ARON BOLLINI;CLOROX;1;0,00000000;4198,86
25019;"AV.SANTA SOFIA E/ ALTA GRACIA Y HACHALA 927";BOSQUES;2026-10-02;02-10-2026;01-10-2026;FAC-A0001-00343005;Venta;LAGOPUELO S.A;33576;32,00;60733,12;73487,08;DANIEL ESTEBAN NARDI;;0,00 %;052;Nicole Sosa;0524;Aydn Ropa BlncSprms DoyPk 16/400ml;1897,91;3411;"";MAYORISTA;MAYORISTA;45664,00;JUAN ESCOTO;0,00;$;2;GRUPO AYUDIN ARGENTINA S.A;0,00000000;0,00;Contado;05-10-2026 09:15;;AYUDIN;CLOROX;;CLOROX;LAVADO DE ROPA;LAGO PUELO;LIMPIEZA;;;300;Bruno Centurion;AXUM;;CLOROX;False;131930;0;Lista General;MAYORISTA - A;42980;01-10-2026;58-ARON BOLLINI;CLOROX;1;0,00000000;1897,91
25019;"AV.SANTA SOFIA E/ ALTA GRACIA Y HACHALA 927";BOSQUES;2026-10-02;02-10-2026;01-10-2026;FAC-A0001-00343005;Venta;LAGOPUELO S.A;34327;48,00;60645,45;73380,99;DANIEL ESTEBAN NARDI;;23,00 %;052;Nicole Sosa;0524;Poett Desinf. Solo para ti 900ml;1263,45;3411;"";MAYORISTA;MAYORISTA;62016,00;JUAN ESCOTO;377,39;$;2;GRUPO AYUDIN ARGENTINA S.A;0,00000000;0,00;Contado;05-10-2026 09:15;;POETT;CLOROX;;CLOROX;PISO;LAGO PUELO;LIMPIEZA;;;300;Bruno Centurion;AXUM;;CLOROX;False;131930;0;Lista General;MAYORISTA - A;42980;01-10-2026;58-ARON BOLLINI;CLOROX;1;0,00000000;1263,45
25019;"AV.SANTA SOFIA E/ ALTA GRACIA Y HACHALA 927";BOSQUES;2026-10-02;02-10-2026;01-10-2026;FAC-A0001-00343005;Venta;LAGOPUELO S.A;60386;48,00;60645,45;73380,99;DANIEL ESTEBAN NARDI;;23,00 %;052;Nicole Sosa;0524;Poett EsptPly 12/900ml;1263,45;3411;"";MAYORISTA;MAYORISTA;62016,00;JUAN ESCOTO;377,39;$;2;GRUPO AYUDIN ARGENTINA S.A;0,00000000;0,00;Contado;05-10-2026 09:15;;POETT;CLOROX;;CLOROX;PISO;LAGO PUELO;LIMPIEZA;;;300;Bruno Centurion;AXUM;;CLOROX;False;131930;0;Lista General;MAYORISTA - A;42980;01-10-2026;58-ARON BOLLINI;CLOROX;1;0,00000000;1263,45
25019;"AV.SANTA SOFIA E/ ALTA GRACIA Y HACHALA 927";BOSQUES;2026-10-02;02-10-2026;01-10-2026;FAC-A0001-00343005;Venta;LAGOPUELO S.A;34336;24,00;30322,72;36690,50;DANIEL ESTEBAN NARDI;;23,00 %;052;Nicole Sosa;0524;Poett Dsnf SuadAlg 12/900ml;1263,45;3411;"";MAYORISTA;MAYORISTA;31008,00;JUAN ESCOTO;377,39;$;2;GRUPO AYUDIN ARGENTINA S.A;0,00000000;0,00;Contado;05-10-2026 09:15;;POETT;CLOROX;;CLOROX;PISO;LAGO PUELO;LIMPIEZA;;;300;Bruno Centurion;AXUM;;CLOROX;False;131930;0;Lista General;MAYORISTA - A;42980;01-10-2026;58-ARON BOLLINI;CLOROX;1;0,00000000;1263,45
2166;"RUTA 2 KM 38800 COL. 613 Y 616";Berazategui;2026-10-02;02-10-2026;01-10-2026;FAC-A0001-00343008;Venta;LAGOPUELO S.A;60240;15,00;27923,62;33787,58;XUE XIAFENG;;36,00 %;051;Ezequiel Valente;0514;Aydn Lavdna Gel Lavda EXPRT 15/700ml GP2;1861,57;3411;"";AUTOSERVICIO;AUTOSERVICIO;32805,00;JUAN ESCOTO;1047,14;$;2;GRUPO AYUDIN ARGENTINA S.A;0,00000000;0,00;Contado;05-10-2026 09:15;;AYUDIN;CLOROX;;CLOROX;LAVANDINA;LAGO PUELO;LIMPIEZA;;;300;Bruno Centurion;AXUM;;CLOROX;False;131969;0;Lista General;AUTOSERVICIO - A;42983;01-10-2026;58-ARON BOLLINI;CLOROX;1;0,00000000;1861,57
2166;"RUTA 2 KM 38800 COL. 613 Y 616";Berazategui;2026-10-02;02-10-2026;01-10-2026;FAC-A0001-00343008;Venta;LAGOPUELO S.A;60237;15,00;27923,62;33787,58;XUE XIAFENG;;36,00 %;051;Ezequiel Valente;0514;Aydn Lavdna Gel Flr 15/700ml GP2;1861,57;3411;"";AUTOSERVICIO;AUTOSERVICIO;32805,00;JUAN ESCOTO;1047,14;$;2;GRUPO AYUDIN ARGENTINA S.A;0,00000000;0,00;Contado;05-10-2026 09:15;;AYUDIN;CLOROX;;CLOROX;LAVANDINA;LAGO PUELO;LIMPIEZA;;;300;Bruno Centurion;AXUM;;CLOROX;False;131969;0;Lista General;AUTOSERVICIO - A;42983;01-10-2026;58-ARON BOLLINI;CLOROX;1;0,00000000;1861,57
854;"PERGAMINO 1183";BOSQUES;2026-10-02;02-10-2026;01-10-2026;FAC-A0001-00343010;Venta;LAGOPUELO S.A;61047;8,00;23682,26;28655,53;You Songjian;;18,00 %;052;Nicole Sosa;0524;Aydn RopQuitMnch BlncInt 8/2l;2960,28;3411;"";AUTOSERVICIO;AUTOSERVICIO;22216,00;JUAN ESCOTO;649,82;$;2;GRUPO AYUDIN ARGENTINA S.A;0,00000000;0,00;Contado;05-10-2026 09:15;;AYUDIN;CLOROX;;CLOROX;LAVADO DE ROPA;LAGO PUELO;LIMPIEZA;;;300;Bruno Centurion;AXUM;;CLOROX;False;132104;0;Lista General;AUTOSERVICIO - A;42985;01-10-2026;58-ARON BOLLINI;CLOROX;1;0,00000000;2960,28
854;"PERGAMINO 1183";BOSQUES;2026-10-02;02-10-2026;01-10-2026;FAC-A0001-00343010;Venta;LAGOPUELO S.A;33577;6,00;18808,86;22758,72;You Songjian;;0,00 %;052;Nicole Sosa;0524;Aydn Ropa ClrViv DoyPk 12/650ml;3134,81;3411;"";AUTOSERVICIO;AUTOSERVICIO;14142,00;JUAN ESCOTO;0,00;$;2;GRUPO AYUDIN ARGENTINA S.A;0,00000000;0,00;Contado;05-10-2026 09:15;;AYUDIN;CLOROX;;CLOROX;LAVADO DE ROPA;LAGO PUELO;LIMPIEZA;;;300;Bruno Centurion;AXUM;;CLOROX;False;132104;0;Lista General;AUTOSERVICIO - A;42985;01-10-2026;58-ARON BOLLINI;CLOROX;1;0,00000000;3134,81
854;"PERGAMINO 1183";BOSQUES;2026-10-02;02-10-2026;01-10-2026;FAC-A0001-00343010;Venta;LAGOPUELO S.A;61621;6,00;17230,20;20848,54;You Songjian;;0,00 %;052;Nicole Sosa;0524;Aydn Coc† Pod Act Or† Gat 12/500ml;2871,70;3411;"";AUTOSERVICIO;AUTOSERVICIO;13254,00;JUAN ESCOTO;0,00;$;2;GRUPO AYUDIN ARGENTINA S.A;0,00000000;0,00;Contado;05-10-2026 09:15;;AYUDIN;CLOROX;;CLOROX;COCINA;LAGO PUELO;LIMPIEZA;;;300;Bruno Centurion;AXUM;;CLOROX;False;132104;0;Lista General;AUTOSERVICIO - A;42985;01-10-2026;58-ARON BOLLINI;CLOROX;1;0,00000000;2871,70
28053;"LUZURIAGA - (AUTOSERVICIOS) 490";LLAVALLOL;2026-10-02;02-10-2026;30-09-2026;FAC-A0001-00343014;Venta;LAGOPUELO S.A;36012;6,00;9119,79;11034,95;SEBASTIAN COSME ROMERO;;10,00 %;074;Romina Baez;0743;Selton espirales 48x 12u;1519,97;3410;"Venta modificada el 2026-10-01 17:58:43";ALMACEN;ALMACEN;7506,00;MARIANO SOSA;168,89;$;2;GRUPO AYUDIN ARGENTINA S.A;0,00000000;0,00;Contado;05-10-2026 10:12;;SELTON;CLOROX;;CLOROX;SELTON;LAGO PUELO;LIMPIEZA;;;300;Bruno Centurion;AXUM;;CLOROX;False;130991;0;Lista General;ALMACEN - A;42893;01-10-2026;5553-JORGE MONZON;CLOROX;1;0,00000000;1519,97
28053;"LUZURIAGA - (AUTOSERVICIOS) 490";LLAVALLOL;2026-10-02;02-10-2026;30-09-2026;FAC-A0001-00343014;Venta;LAGOPUELO S.A;24649;8,00;11065,60;13389,38;SEBASTIAN COSME ROMERO;;0,00 %;074;Romina Baez;0743;Poett PastDesod 12/25g GP2;1383,20;3410;"Venta modificada el 2026-10-01 17:58:43";ALMACEN;ALMACEN;8512,00;MARIANO SOSA;0,00;$;2;GRUPO AYUDIN ARGENTINA S.A;0,00000000;0,00;Contado;05-10-2026 10:12;;POETT;CLOROX;;CLOROX;BAÒO;LAGO PUELO;LIMPIEZA;;;300;Bruno Centurion;AXUM;;CLOROX;False;130991;0;Lista General;ALMACEN - A;42893;01-10-2026;5553-JORGE MONZON;CLOROX;1;0,00000000;1383,20
28053;"LUZURIAGA - (AUTOSERVICIOS) 490";LLAVALLOL;2026-10-02;02-10-2026;30-09-2026;FAC-A0001-00343014;Venta;LAGOPUELO S.A;24648;8,00;11065,60;13389,38;SEBASTIAN COSME ROMERO;;0,00 %;074;Romina Baez;0743;Poett PastDesod Lavda 12/25g GP2;1383,20;3410;"Venta modificada el 2026-10-01 17:58:43";ALMACEN;ALMACEN;8512,00;MARIANO SOSA;0,00;$;2;GRUPO AYUDIN ARGENTINA S.A;0,00000000;0,00;Contado;05-10-2026 10:12;;POETT;CLOROX;;CLOROX;BAÒO;LAGO PUELO;LIMPIEZA;;;300;Bruno Centurion;AXUM;;CLOROX;False;130991;0;Lista General;ALMACEN - A;42893;01-10-2026;5553-JORGE MONZON;CLOROX;1;0,00000000;1383,20
28053;"LUZURIAGA - (AUTOSERVICIOS) 490";LLAVALLOL;2026-10-02;02-10-2026;30-09-2026;FAC-A0001-00343014;Venta;LAGOPUELO S.A;60402;6,00;22886,64;27692,83;SEBASTIAN COSME ROMERO;;0,00 %;074;Romina Baez;0743;Ayudin Ropa Colores Vivos 15/700ml;3814,44;3410;"Venta modificada el 2026-10-01 17:58:43";ALMACEN;ALMACEN;17208,00;MARIANO SOSA;0,00;$;2;GRUPO AYUDIN ARGENTINA S.A;0,00000000;0,00;Contado;05-10-2026 10:12;;AYUDIN;CLOROX;;CLOROX;LAVADO DE ROPA;LAGO PUELO;LIMPIEZA;;;300;Bruno Centurion;AXUM;;CLOROX;False;130991;0;Lista General;ALMACEN - A;42893;01-10-2026;5553-JORGE MONZON;CLOROX;1;0,00000000;3814,44
28053;"LUZURIAGA - (AUTOSERVICIOS) 490";LLAVALLOL;2026-10-02;02-10-2026;30-09-2026;FAC-A0001-00343014;Venta;LAGOPUELO S.A;33577;6,00;17868,42;21620,78;SEBASTIAN COSME ROMERO;;5,00 %;074;Romina Baez;0743;Aydn Ropa ClrViv DoyPk 12/650ml;2978,07;3410;"Venta modificada el 2026-10-01 17:58:43";ALMACEN;ALMACEN;14142,00;MARIANO SOSA;156,74;$;2;GRUPO AYUDIN ARGENTINA S.A;0,00000000;0,00;Contado;05-10-2026 10:12;;AYUDIN;CLOROX;;CLOROX;LAVADO DE ROPA;LAGO PUELO;LIMPIEZA;;;300;Bruno Centurion;AXUM;;CLOROX;False;130991;0;Lista General;ALMACEN - A;42893;01-10-2026;5553-JORGE MONZON;CLOROX;1;0,00000000;2978,07
28053;"LUZURIAGA - (AUTOSERVICIOS) 490";LLAVALLOL;2026-10-02;02-10-2026;30-09-2026;FAC-A0001-00343014;Venta;LAGOPUELO S.A;60408;6,00;22886,64;27692,83;SEBASTIAN COSME ROMERO;;0,00 %;074;Romina Baez;0743;Ayudin Ropa Blancos Supremos 15/700ml;3814,44;3410;"Venta modificada el 2026-10-01 17:58:43";ALMACEN;ALMACEN;17208,00;MARIANO SOSA;0,00;$;2;GRUPO AYUDIN ARGENTINA S.A;0,00000000;0,00;Contado;05-10-2026 10:12;;AYUDIN;CLOROX;;CLOROX;LAVADO DE ROPA;LAGO PUELO;LIMPIEZA;;;300;Bruno Centurion;AXUM;;CLOROX;False;130991;0;Lista General;ALMACEN - A;42893;01-10-2026;5553-JORGE MONZON;CLOROX;1;0,00000000;3814,44
28053;"LUZURIAGA - (AUTOSERVICIOS) 490";LLAVALLOL;2026-10-02;02-10-2026;30-09-2026;FAC-A0001-00343014;Venta;LAGOPUELO S.A;61621;2,00;5456,23;6602,04;SEBASTIAN COSME ROMERO;;5,00 %;074;Romina Baez;0743;Aydn Coc† Pod Act Or† Gat 12/500ml;2728,12;3410;"Venta modificada el 2026-10-01 17:58:43";ALMACEN;ALMACEN;4418,00;MARIANO SOSA;143,59;$;2;GRUPO AYUDIN ARGENTINA S.A;0,00000000;0,00;Contado;05-10-2026 10:12;;AYUDIN;CLOROX;;CLOROX;COCINA;LAGO PUELO;LIMPIEZA;;;300;Bruno Centurion;AXUM;;CLOROX;False;130991;0;Lista General;ALMACEN - A;42893;01-10-2026;5553-JORGE MONZON;CLOROX;1;0,00000000;2728,12
28053;"LUZURIAGA - (AUTOSERVICIOS) 490";LLAVALLOL;2026-10-02;02-10-2026;30-09-2026;FAC-A0001-00343014;Venta;LAGOPUELO S.A;61577;6,00;8462,22;10239,29;SEBASTIAN COSME ROMERO;;5,00 %;074;Romina Baez;0743;Aydn Coc† Pod Act Or† DoyPk 16/450ml;1410,37;3410;"Venta modificada el 2026-10-01 17:58:43";ALMACEN;ALMACEN;6852,00;MARIANO SOSA;74,23;$;2;GRUPO AYUDIN ARGENTINA S.A;0,00000000;0,00;Contado;05-10-2026 10:12;;AYUDIN;CLOROX;;CLOROX;COCINA;LAGO PUELO;LIMPIEZA;;;300;Bruno Centurion;AXUM;;CLOROX;False;130991;0;Lista General;ALMACEN - A;42893;01-10-2026;5553-JORGE MONZON;CLOROX;1;0,00000000;1410,37
28053;"LUZURIAGA - (AUTOSERVICIOS) 490";LLAVALLOL;2026-10-02;02-10-2026;30-09-2026;FAC-A0001-00343014;Venta;LAGOPUELO S.A;61620;2,00;6360,25;7695,90;SEBASTIAN COSME ROMERO;;5,00 %;074;Romina Baez;0743;Aydn Bn Limp† Act Or Gat 12/500 ml;3180,13;3410;"Venta modificada el 2026-10-01 17:58:43";ALMACEN;ALMACEN;5150,00;MARIANO SOSA;167,38;$;2;GRUPO AYUDIN ARGENTINA S.A;0,00000000;0,00;Contado;05-10-2026 10:12;;AYUDIN;CLOROX;;CLOROX;BAÒO;LAGO PUELO;LIMPIEZA;;;300;Bruno Centurion;AXUM;;CLOROX;False;130991;0;Lista General;ALMACEN - A;42893;01-10-2026;5553-JORGE MONZON;CLOROX;1;0,00000000;3180,13
28053;"LUZURIAGA - (AUTOSERVICIOS) 490";LLAVALLOL;2026-10-02;02-10-2026;30-09-2026;FAC-A0001-00343014;Venta;LAGOPUELO S.A;32288;4,00;7358,00;8903,18;SEBASTIAN COSME ROMERO;;0,00 %;074;Romina Baez;0743;Tren Oxi DoyPk 16/400ml                 ;1839,50;3410;"Venta modificada el 2026-10-01 17:58:43";ALMACEN;ALMACEN;5660,00;MARIANO SOSA;0,00;$;2;GRUPO AYUDIN ARGENTINA S.A;0,00000000;0,00;Contado;05-10-2026 10:12;;TRENET;CLOROX;;CLOROX;LAVADO DE ROPA;LAGO PUELO;LIMPIEZA;;;300;Bruno Centurion;AXUM;;CLOROX;False;130991;0;Lista General;ALMACEN - A;42893;01-10-2026;5553-JORGE MONZON;CLOROX;1;0,00000000;1839,50
28053;"LUZURIAGA - (AUTOSERVICIOS) 490";LLAVALLOL;2026-10-02;02-10-2026;30-09-2026;FAC-A0001-00343014;Venta;LAGOPUELO S.A;60233;6,00;13961,81;16893,79;SEBASTIAN COSME ROMERO;;20,00 %;074;Romina Baez;0743;Aydn Lavdna Gel Or 15/700ml GP2;2326,97;3410;"Venta modificada el 2026-10-01 17:58:43";ALMACEN;ALMACEN;13122,00;MARIANO SOSA;581,74;$;2;GRUPO AYUDIN ARGENTINA S.A;0,00000000;0,00;Contado;05-10-2026 10:12;;AYUDIN;CLOROX;;CLOROX;LAVANDINA;LAGO PUELO;LIMPIEZA;;;300;Bruno Centurion;AXUM;;CLOROX;False;130991;0;Lista General;ALMACEN - A;42893;01-10-2026;5553-JORGE MONZON;CLOROX;1;0,00000000;2326,97
28053;"LUZURIAGA - (AUTOSERVICIOS) 490";LLAVALLOL;2026-10-02;02-10-2026;30-09-2026;FAC-A0001-00343014;Venta;LAGOPUELO S.A;60237;6,00;13961,81;16893,79;SEBASTIAN COSME ROMERO;;20,00 %;074;Romina Baez;0743;Aydn Lavdna Gel Flr 15/700ml GP2;2326,97;3410;"Venta modificada el 2026-10-01 17:58:43";ALMACEN;ALMACEN;13122,00;MARIANO SOSA;581,74;$;2;GRUPO AYUDIN ARGENTINA S.A;0,00000000;0,00;Contado;05-10-2026 10:12;;AYUDIN;CLOROX;;CLOROX;LAVANDINA;LAGO PUELO;LIMPIEZA;;;300;Bruno Centurion;AXUM;;CLOROX;False;130991;0;Lista General;ALMACEN - A;42893;01-10-2026;5553-JORGE MONZON;CLOROX;1;0,00000000;2326,97
28053;"LUZURIAGA - (AUTOSERVICIOS) 490";LLAVALLOL;2026-10-02;02-10-2026;30-09-2026;FAC-A0001-00343014;Venta;LAGOPUELO S.A;60240;6,00;13961,81;16893,79;SEBASTIAN COSME ROMERO;;20,00 %;074;Romina Baez;0743;Aydn Lavdna Gel Lavda EXPRT 15/700ml GP2;2326,97;3410;"Venta modificada el 2026-10-01 17:58:43";ALMACEN;ALMACEN;13122,00;MARIANO SOSA;581,74;$;2;GRUPO AYUDIN ARGENTINA S.A;0,00000000;0,00;Contado;05-10-2026 10:12;;AYUDIN;CLOROX;;CLOROX;LAVANDINA;LAGO PUELO;LIMPIEZA;;;300;Bruno Centurion;AXUM;;CLOROX;False;130991;0;Lista General;ALMACEN - A;42893;01-10-2026;5553-JORGE MONZON;CLOROX;1;0,00000000;2326,97
28053;"LUZURIAGA - (AUTOSERVICIOS) 490";LLAVALLOL;2026-10-02;02-10-2026;30-09-2026;FAC-A0001-00343014;Venta;LAGOPUELO S.A;60222;15,00;17403,75;21058,54;SEBASTIAN COSME ROMERO;;15,00 %;074;Romina Baez;0743;Aydn Lavda TriPod 15/1l GP2;1160,25;3410;"Venta modificada el 2026-10-01 17:58:43";ALMACEN;ALMACEN;15750,00;MARIANO SOSA;204,75;$;2;GRUPO AYUDIN ARGENTINA S.A;0,00000000;0,00;Contado;05-10-2026 10:12;;AYUDIN;CLOROX;;CLOROX;LAVANDINA;LAGO PUELO;LIMPIEZA;;;300;Bruno Centurion;AXUM;;CLOROX;False;130991;0;Lista General;ALMACEN - A;42893;01-10-2026;5553-JORGE MONZON;CLOROX;1;0,00000000;1160,25
28053;"LUZURIAGA - (AUTOSERVICIOS) 490";LLAVALLOL;2026-10-02;02-10-2026;30-09-2026;FAC-A0001-00343014;Venta;LAGOPUELO S.A;60223;8,00;18493,28;22376,87;SEBASTIAN COSME ROMERO;;15,00 %;074;Romina Baez;0743;Aydn Lavda TriPod 8/2l GP2;2311,66;3410;"Venta modificada el 2026-10-01 17:58:43";ALMACEN;ALMACEN;16736,00;MARIANO SOSA;407,94;$;2;GRUPO AYUDIN ARGENTINA S.A;0,00000000;0,00;Contado;05-10-2026 10:12;;AYUDIN;CLOROX;;CLOROX;LAVANDINA;LAGO PUELO;LIMPIEZA;;;300;Bruno Centurion;AXUM;;CLOROX;False;130991;0;Lista General;ALMACEN - A;42893;01-10-2026;5553-JORGE MONZON;CLOROX;1;0,00000000;2311,66
28053;"LUZURIAGA - (AUTOSERVICIOS) 490";LLAVALLOL;2026-10-02;02-10-2026;30-09-2026;FAC-A0001-00343014;Venta;LAGOPUELO S.A;17927;15,00;12735,00;15409,35;SEBASTIAN COSME ROMERO;;20,00 %;074;Romina Baez;0743;AYDN LAVDNA OR 15/1L;849,00;3410;"Venta modificada el 2026-10-01 17:58:43";ALMACEN;ALMACEN;12735,00;MARIANO SOSA;212,25;$;2;GRUPO AYUDIN ARGENTINA S.A;0,00000000;0,00;Contado;05-10-2026 10:12;;AYUDIN;CLOROX;;CLOROX;LAVANDINA;LAGO PUELO;LIMPIEZA;;;300;Bruno Centurion;AXUM;;CLOROX;False;130991;0;Lista General;ALMACEN - A;42893;01-10-2026;5553-JORGE MONZON;CLOROX;1;0,00000000;849,00
28053;"LUZURIAGA - (AUTOSERVICIOS) 490";LLAVALLOL;2026-10-02;02-10-2026;30-09-2026;FAC-A0001-00343014;Venta;LAGOPUELO S.A;36003;8,00;13912,00;16833,52;SEBASTIAN COSME ROMERO;;20,00 %;074;Romina Baez;0743;AYDN LAVDNA OR 25g/l 8/2l;1739,00;3410;"Venta modificada el 2026-10-01 17:58:43";ALMACEN;ALMACEN;13912,00;MARIANO SOSA;434,75;$;2;GRUPO AYUDIN ARGENTINA S.A;0,00000000;0,00;Contado;05-10-2026 10:12;;AYUDIN;CLOROX;;CLOROX;LAVANDINA;LAGO PUELO;LIMPIEZA;;;300;Bruno Centurion;AXUM;;CLOROX;False;130991;0;Lista General;ALMACEN - A;42893;01-10-2026;5553-JORGE MONZON;CLOROX;1;0,00000000;1739,00
27954;"NESTOR DE LA PE√‚ÄòA ENTRE OLLEROS Y EL ROSEDAL - (TRADICIONAL) 226";LLAVALLOL;2026-10-02;02-10-2026;30-09-2026;FAC-A0001-00343016;Venta;LAGOPUELO S.A;36003;8,00;13912,00;16833,52;GUSTAVO ARIEL CARNERO;;20,00 %;074;Romina Baez;0743;AYDN LAVDNA OR 25g/l 8/2l;1739,00;3410;"";ALMACEN;ALMACEN;13912,00;MARIANO SOSA;434,75;$;2;GRUPO AYUDIN ARGENTINA S.A;0,00000000;0,00;Contado;05-10-2026 10:12;;AYUDIN;CLOROX;;CLOROX;LAVANDINA;LAGO PUELO;LIMPIEZA;;;300;Bruno Centurion;AXUM;;CLOROX;False;131055;0;Lista General;ALMACEN - A;42892;01-10-2026;5553-JORGE MONZON;CLOROX;1;0,00000000;1739,00
28027;"9 DE JULIO - (TRADICIONAL) 1657";LLAVALLOL;2026-10-02;02-10-2026;30-09-2026;FAC-A0001-00343018;Venta;LAGOPUELO S.A;36027;1,00;630,45;762,84;MIGUEL ANGEL CASTA—O;;0,00 %;074;Romina Baez;0743;Mort ESPON LISITA 8/12CT;630,45;3410;"";ALMACEN;ALMACEN;467,00;MARIANO SOSA;0,00;$;2;GRUPO AYUDIN ARGENTINA S.A;0,00000000;0,00;Contado;05-10-2026 10:12;;MORTIMER;CLOROX;;CLOROX;MORTIMER;LAGO PUELO;LIMPIEZA;;;300;Bruno Centurion;AXUM;;CLOROX;False;131072;0;Lista General;ALMACEN - A;42898;01-10-2026;5553-JORGE MONZON;CLOROX;1;0,00000000;630,45
913;"LINIERS 2147";Lavallol;2026-10-02;02-10-2026;30-09-2026;FAC-A0001-00343023;Venta;LAGOPUELO S.A;61621;6,00;16368,69;19806,11;Yan huiling;;5,00 %;074;Romina Baez;0743;Aydn Coc† Pod Act Or† Gat 12/500ml;2728,12;3410;"";AUTOSERVICIO;AUTOSERVICIO;13254,00;MARIANO SOSA;143,59;$;2;GRUPO AYUDIN ARGENTINA S.A;0,00000000;0,00;Contado;05-10-2026 10:12;;AYUDIN;CLOROX;;CLOROX;COCINA;LAGO PUELO;LIMPIEZA;;;300;Bruno Centurion;AXUM;;CLOROX;False;131135;0;Lista General;AUTOSERVICIO - A;42904;01-10-2026;5553-JORGE MONZON;CLOROX;1;0,00000000;2728,12
27620;"San Joaquin - (AUTOSERVICIOS) 321";TURDERA;2026-10-02;02-10-2026;30-09-2026;FAC-A0001-00343030;Venta;LAGOPUELO S.A;61577;8,00;11282,96;13652,38;XIONGBIN LIN;;5,00 %;074;Romina Baez;0743;Aydn Coc† Pod Act Or† DoyPk 16/450ml;1410,37;3410;"";AUTOSERVICIO;Autoservicio A;9136,00;MARIANO SOSA;74,23;$;2;GRUPO AYUDIN ARGENTINA S.A;0,00000000;0,00;Contado;05-10-2026 10:12;;AYUDIN;CLOROX;;CLOROX;COCINA;LAGO PUELO;LIMPIEZA;;;300;Bruno Centurion;AXUM;;CLOROX;False;131357;0;Lista General;Autoservicio A - A;42914;01-10-2026;5553-JORGE MONZON;CLOROX;1;0,00000000;1410,37
27618;"Luis Puig - (AUTOSERVICIOS) 669";TURDERA;2026-10-02;02-10-2026;30-09-2026;FAC-A0001-00343033;Venta;LAGOPUELO S.A;36004;9,00;37789,71;45725,55;Lin Hui;;7,00 %;074;Romina Baez;0743;AYDN LAVDNA OR 25 g/l 3/4l;4198,86;3410;"";AUTOSERVICIO;Autoservicio A;31257,00;MARIANO SOSA;316,04;$;2;GRUPO AYUDIN ARGENTINA S.A;0,00000000;0,00;Contado;05-10-2026 10:12;;AYUDIN;CLOROX;;CLOROX;LAVANDINA;LAGO PUELO;LIMPIEZA;;;300;Bruno Centurion;AXUM;;CLOROX;False;131368;0;Lista General;Autoservicio A - A;42917;01-10-2026;5553-JORGE MONZON;CLOROX;1;0,00000000;4198,86
27618;"Luis Puig - (AUTOSERVICIOS) 669";TURDERA;2026-10-02;02-10-2026;30-09-2026;FAC-A0001-00343033;Venta;LAGOPUELO S.A;61577;16,00;22565,92;27304,76;Lin Hui;;5,00 %;074;Romina Baez;0743;Aydn Coc† Pod Act Or† DoyPk 16/450ml;1410,37;3410;"";AUTOSERVICIO;Autoservicio A;18272,00;MARIANO SOSA;74,23;$;2;GRUPO AYUDIN ARGENTINA S.A;0,00000000;0,00;Contado;05-10-2026 10:12;;AYUDIN;CLOROX;;CLOROX;COCINA;LAGO PUELO;LIMPIEZA;;;300;Bruno Centurion;AXUM;;CLOROX;False;131368;0;Lista General;Autoservicio A - A;42917;01-10-2026;5553-JORGE MONZON;CLOROX;1;0,00000000;1410,37
27617;"Patricios - (AUTOSERVICIOS) 360";TURDERA;2026-10-02;02-10-2026;30-09-2026;FAC-A0001-00343037;Venta;LAGOPUELO S.A;61577;6,00;8462,22;10239,29;Zhuang Yunmei;;5,00 %;074;Romina Baez;0743;Aydn Coc† Pod Act Or† DoyPk 16/450ml;1410,37;3410;"";AUTOSERVICIO;Autoservicio A;6852,00;MARIANO SOSA;74,23;$;2;GRUPO AYUDIN ARGENTINA S.A;0,00000000;0,00;Contado;05-10-2026 10:12;;AYUDIN;CLOROX;;CLOROX;COCINA;LAGO PUELO;LIMPIEZA;;;300;Bruno Centurion;AXUM;;CLOROX;False;131420;0;Lista General;Autoservicio A - A;42921;01-10-2026;5553-JORGE MONZON;CLOROX;1;0,00000000;1410,37
27617;"Patricios - (AUTOSERVICIOS) 360";TURDERA;2026-10-02;02-10-2026;30-09-2026;FAC-A0001-00343037;Venta;LAGOPUELO S.A;32288;4,00;7358,00;8903,18;Zhuang Yunmei;;0,00 %;074;Romina Baez;0743;Tren Oxi DoyPk 16/400ml                 ;1839,50;3410;"";AUTOSERVICIO;Autoservicio A;5660,00;MARIANO SOSA;0,00;$;2;GRUPO AYUDIN ARGENTINA S.A;0,00000000;0,00;Contado;05-10-2026 10:12;;TRENET;CLOROX;;CLOROX;LAVADO DE ROPA;LAGO PUELO;LIMPIEZA;;;300;Bruno Centurion;AXUM;;CLOROX;False;131420;0;Lista General;Autoservicio A - A;42921;01-10-2026;5553-JORGE MONZON;CLOROX;1;0,00000000;1839,50
27634;"25 DE MAYO - (ARTICULO DE LIMPIEZA) 299";TEMPERLEY;2026-10-02;02-10-2026;01-10-2026;FAC-A0001-00343041;Venta;LAGOPUELO S.A;34324;12,00;15752,06;19060,00;PATRICIO MATIAS BENITEZ;;20,00 %;073;Florencia Cubilla;0734;Poett Desinf. Flores de Primavera 900ml;1312,67;3410;"";Otros;Articulo de limpieza;15504,00;MARIANO SOSA;328,17;$;2;GRUPO AYUDIN ARGENTINA S.A;0,00000000;0,00;Contado;05-10-2026 10:12;;POETT;CLOROX;;CLOROX;PISO;LAGO PUELO;LIMPIEZA;;;300;Bruno Centurion;AXUM;;CLOROX;False;131629;0;Lista General;Articulo de limpieza - A;42925;01-10-2026;5553-JORGE MONZON;CLOROX;1;0,00000000;1312,67
27634;"25 DE MAYO - (ARTICULO DE LIMPIEZA) 299";TEMPERLEY;2026-10-02;02-10-2026;01-10-2026;FAC-A0001-00343041;Venta;LAGOPUELO S.A;34320;12,00;15752,06;19060,00;PATRICIO MATIAS BENITEZ;;20,00 %;073;Florencia Cubilla;0734;Poett Desinf. Frescura de Lavanda 900ml;1312,67;3410;"";Otros;Articulo de limpieza;15504,00;MARIANO SOSA;328,17;$;2;GRUPO AYUDIN ARGENTINA S.A;0,00000000;0,00;Contado;05-10-2026 10:12;;POETT;CLOROX;;CLOROX;PISO;LAGO PUELO;LIMPIEZA;;;300;Bruno Centurion;AXUM;;CLOROX;False;131629;0;Lista General;Articulo de limpieza - A;42925;01-10-2026;5553-JORGE MONZON;CLOROX;1;0,00000000;1312,67
27634;"25 DE MAYO - (ARTICULO DE LIMPIEZA) 299";TEMPERLEY;2026-10-02;02-10-2026;01-10-2026;FAC-A0001-00343041;Venta;LAGOPUELO S.A;34336;12,00;15752,06;19060,00;PATRICIO MATIAS BENITEZ;;20,00 %;073;Florencia Cubilla;0734;Poett Dsnf SuadAlg 12/900ml;1312,67;3410;"";Otros;Articulo de limpieza;15504,00;MARIANO SOSA;328,17;$;2;GRUPO AYUDIN ARGENTINA S.A;0,00000000;0,00;Contado;05-10-2026 10:12;;POETT;CLOROX;;CLOROX;PISO;LAGO PUELO;LIMPIEZA;;;300;Bruno Centurion;AXUM;;CLOROX;False;131629;0;Lista General;Articulo de limpieza - A;42925;01-10-2026;5553-JORGE MONZON;CLOROX;1;0,00000000;1312,67
24089;"ESMERALDA - (AUTOSERVICIOS) 121";TEMPERLEY;2026-10-02;02-10-2026;01-10-2026;FAC-A0001-00343043;Venta;LAGOPUELO S.A;60402;6,00;22886,64;27692,83;XIANGMEI GAO;;0,00 %;073;Florencia Cubilla;0734;Ayudin Ropa Colores Vivos 15/700ml;3814,44;3410;"";AUTOSERVICIO;Autoservicio B;17208,00;MARIANO SOSA;0,00;$;2;GRUPO AYUDIN ARGENTINA S.A;0,00000000;0,00;Contado;05-10-2026 10:12;;AYUDIN;CLOROX;;CLOROX;LAVADO DE ROPA;LAGO PUELO;LIMPIEZA;;;300;Bruno Centurion;AXUM;;CLOROX;False;131708;0;Lista General;Autoservicio B - A;42927;01-10-2026;5553-JORGE MONZON;CLOROX;1;0,00000000;3814,44
27555;"14 De Julio - (AUTOSERVICIOS) 1078";TEMPERLEY;2026-10-02;02-10-2026;01-10-2026;FAC-A0001-00343044;Venta;LAGOPUELO S.A;61577;16,00;22565,92;27304,76;Zhuang Zogmao;;5,00 %;073;Florencia Cubilla;0734;Aydn Coc† Pod Act Or† DoyPk 16/450ml;1410,37;3410;"";AUTOSERVICIO;Autoservicio A;18272,00;MARIANO SOSA;74,23;$;2;GRUPO AYUDIN ARGENTINA S.A;0,00000000;0,00;Contado;05-10-2026 10:12;;AYUDIN;CLOROX;;CLOROX;COCINA;LAGO PUELO;LIMPIEZA;;;300;Bruno Centurion;AXUM;;CLOROX;False;131710;0;Lista General;Autoservicio A - A;42928;01-10-2026;5553-JORGE MONZON;CLOROX;1;0,00000000;1410,37
27555;"14 De Julio - (AUTOSERVICIOS) 1078";TEMPERLEY;2026-10-02;02-10-2026;01-10-2026;FAC-A0001-00343044;Venta;LAGOPUELO S.A;60885;6,00;14924,13;18058,20;Zhuang Zogmao;;15,00 %;073;Florencia Cubilla;0734;Poett Aer FlrLavda ExtFrag 6/360ml;2487,36;3410;"";AUTOSERVICIO;Autoservicio A;13506,00;MARIANO SOSA;438,95;$;2;GRUPO AYUDIN ARGENTINA S.A;0,00000000;0,00;Contado;05-10-2026 10:12;;POETT;CLOROX;;CLOROX;AERO POETT;LAGO PUELO;LIMPIEZA;;;300;Bruno Centurion;AXUM;;CLOROX;False;131710;0;Lista General;Autoservicio A - A;42928;01-10-2026;5553-JORGE MONZON;CLOROX;1;0,00000000;2487,36
27555;"14 De Julio - (AUTOSERVICIOS) 1078";TEMPERLEY;2026-10-02;02-10-2026;01-10-2026;FAC-A0001-00343044;Venta;LAGOPUELO S.A;60886;6,00;14924,13;18058,20;Zhuang Zogmao;;15,00 %;073;Florencia Cubilla;0734;Poett Aer FlrPrm ExtFrag 6/360ml;2487,36;3410;"";AUTOSERVICIO;Autoservicio A;13506,00;MARIANO SOSA;438,95;$;2;GRUPO AYUDIN ARGENTINA S.A;0,00000000;0,00;Contado;05-10-2026 10:12;;POETT;CLOROX;;CLOROX;AERO POETT;LAGO PUELO;LIMPIEZA;;;300;Bruno Centurion;AXUM;;CLOROX;False;131710;0;Lista General;Autoservicio A - A;42928;01-10-2026;5553-JORGE MONZON;CLOROX;1;0,00000000;2487,36
27555;"14 De Julio - (AUTOSERVICIOS) 1078";TEMPERLEY;2026-10-02;02-10-2026;01-10-2026;FAC-A0001-00343044;Venta;LAGOPUELO S.A;61036;6,00;14924,13;18058,20;Zhuang Zogmao;;15,00 %;073;Florencia Cubilla;0734;Poett Aer EsptPly ExtFrag 6/360ml;2487,36;3410;"";AUTOSERVICIO;Autoservicio A;13506,00;MARIANO SOSA;438,95;$;2;GRUPO AYUDIN ARGENTINA S.A;0,00000000;0,00;Contado;05-10-2026 10:12;;POETT;CLOROX;;CLOROX;AERO POETT;LAGO PUELO;LIMPIEZA;;;300;Bruno Centurion;AXUM;;CLOROX;False;131710;0;Lista General;Autoservicio A - A;42928;01-10-2026;5553-JORGE MONZON;CLOROX;1;0,00000000;2487,36
27570;"Ituzaingo - (AUTOSERVICIOS) 1599";TEMPERLEY;2026-10-02;02-10-2026;01-10-2026;FAC-A0001-00343045;Venta;LAGOPUELO S.A;36003;40,00;66951,50;81011,32;Natalia Nerea Bogoni;;23,00 %;074;Romina Baez;0744;AYDN LAVDNA OR 25g/l 8/2l;1673,79;3410;"";AUTOSERVICIO;Autoservicio B;69560,00;MARIANO SOSA;499,96;$;2;GRUPO AYUDIN ARGENTINA S.A;0,00000000;0,00;Contado;05-10-2026 10:12;;AYUDIN;CLOROX;;CLOROX;LAVANDINA;LAGO PUELO;LIMPIEZA;;;300;Bruno Centurion;AXUM;;CLOROX;False;131757;0;Lista General;Autoservicio B - A;42929;01-10-2026;5553-JORGE MONZON;CLOROX;1;0,00000000;1673,79
27570;"Ituzaingo - (AUTOSERVICIOS) 1599";TEMPERLEY;2026-10-02;02-10-2026;01-10-2026;FAC-A0001-00343045;Venta;LAGOPUELO S.A;17927;75,00;61287,19;74157,50;Natalia Nerea Bogoni;;23,00 %;074;Romina Baez;0744;AYDN LAVDNA OR 15/1L;817,16;3410;"";AUTOSERVICIO;Autoservicio B;63675,00;MARIANO SOSA;244,09;$;2;GRUPO AYUDIN ARGENTINA S.A;0,00000000;0,00;Contado;05-10-2026 10:12;;AYUDIN;CLOROX;;CLOROX;LAVANDINA;LAGO PUELO;LIMPIEZA;;;300;Bruno Centurion;AXUM;;CLOROX;False;131757;0;Lista General;Autoservicio B - A;42929;01-10-2026;5553-JORGE MONZON;CLOROX;1;0,00000000;817,16
27553;"Juncal - (AUTOSERVICIOS) 550";TEMPERLEY;2026-10-02;02-10-2026;01-10-2026;FAC-A0001-00343047;Venta;LAGOPUELO S.A;22057;12,00;18928,56;22903,56;Chen Qiuhua;;0,00 %;073;Florencia Cubilla;0734;Pluz Pino 12/900ml;1577,38;3410;"";AUTOSERVICIO;Autoservicio B;14232,00;MARIANO SOSA;0,00;$;2;GRUPO AYUDIN ARGENTINA S.A;0,00000000;0,00;Contado;05-10-2026 10:12;;PINO LUZ;CLOROX;;CLOROX;PISO;LAGO PUELO;LIMPIEZA;;;300;Bruno Centurion;AXUM;;CLOROX;False;131802;0;Lista General;Autoservicio B - A;42931;01-10-2026;5553-JORGE MONZON;CLOROX;1;0,00000000;1577,38
27553;"Juncal - (AUTOSERVICIOS) 550";TEMPERLEY;2026-10-02;02-10-2026;01-10-2026;FAC-A0001-00343047;Venta;LAGOPUELO S.A;61731;6,00;20145,41;24375,94;Chen Qiuhua;;15,00 %;073;Florencia Cubilla;0734;Sltn MataCuca Aer AccProl 6/360ml BA;3357,57;3410;"";AUTOSERVICIO;Autoservicio B;18516,00;MARIANO SOSA;592,51;$;2;GRUPO AYUDIN ARGENTINA S.A;0,00000000;0,00;Contado;05-10-2026 10:12;;SELTON;CLOROX;;CLOROX;SELTON;LAGO PUELO;LIMPIEZA;;;300;Bruno Centurion;AXUM;;CLOROX;False;131802;0;Lista General;Autoservicio B - A;42931;01-10-2026;5553-JORGE MONZON;CLOROX;1;0,00000000;3357,57
29157;"JUNCAL - (TRADICIONAL) 697";TEMPERLEY;2026-10-02;02-10-2026;01-10-2026;FAC-A0001-00343049;Venta;LAGOPUELO S.A;36003;8,00;13912,00;16833,52;OSVALDO CHICONI;;20,00 %;073;Florencia Cubilla;0734;AYDN LAVDNA OR 25g/l 8/2l;1739,00;3410;"";ALMACEN;ALMACEN;13912,00;MARIANO SOSA;434,75;$;2;GRUPO AYUDIN ARGENTINA S.A;0,00000000;0,00;Contado;05-10-2026 10:12;;AYUDIN;CLOROX;;CLOROX;LAVANDINA;LAGO PUELO;LIMPIEZA;;;300;Bruno Centurion;AXUM;;CLOROX;False;131850;0;Lista General;ALMACEN - A;42933;01-10-2026;5553-JORGE MONZON;CLOROX;1;0,00000000;1739,00
27572;"Iriarte - (AUTOSERVICIOS) 2064";TEMPERLEY;2026-10-02;02-10-2026;01-10-2026;FAC-A0001-00343053;Venta;LAGOPUELO S.A;32288;6,00;11037,00;13354,77;Lin Yanling;;0,00 %;074;Romina Baez;0744;Tren Oxi DoyPk 16/400ml                 ;1839,50;3410;"";AUTOSERVICIO;Autoservicio A;8490,00;MARIANO SOSA;0,00;$;2;GRUPO AYUDIN ARGENTINA S.A;0,00000000;0,00;Contado;05-10-2026 10:12;;TRENET;CLOROX;;CLOROX;LAVADO DE ROPA;LAGO PUELO;LIMPIEZA;;;300;Bruno Centurion;AXUM;;CLOROX;False;131886;0;Lista General;Autoservicio A - A;42938;01-10-2026;5553-JORGE MONZON;CLOROX;1;0,00000000;1839,50
27554;"Iriarte - (AUTOSERVICIOS) 1356";TEMPERLEY;2026-10-02;02-10-2026;01-10-2026;FAC-A0001-00343058;Venta;LAGOPUELO S.A;60223;8,00;18493,28;22376,87;Lin Yuehua;;15,00 %;073;Florencia Cubilla;0734;Aydn Lavda TriPod 8/2l GP2;2311,66;3410;"";AUTOSERVICIO;Autoservicio B;16736,00;MARIANO SOSA;407,94;$;2;GRUPO AYUDIN ARGENTINA S.A;0,00000000;0,00;Contado;05-10-2026 10:12;;AYUDIN;CLOROX;;CLOROX;LAVANDINA;LAGO PUELO;LIMPIEZA;;;300;Bruno Centurion;AXUM;;CLOROX;False;131948;0;Lista General;Autoservicio B - A;42945;01-10-2026;5553-JORGE MONZON;CLOROX;1;0,00000000;2311,66
27554;"Iriarte - (AUTOSERVICIOS) 1356";TEMPERLEY;2026-10-02;02-10-2026;01-10-2026;FAC-A0001-00343058;Venta;LAGOPUELO S.A;60227;8,00;18493,28;22376,87;Lin Yuehua;;15,00 %;073;Florencia Cubilla;0734;Aydn PurGlac TriPod 8/2l GP2;2311,66;3410;"";AUTOSERVICIO;Autoservicio B;16736,00;MARIANO SOSA;407,94;$;2;GRUPO AYUDIN ARGENTINA S.A;0,00000000;0,00;Contado;05-10-2026 10:12;;AYUDIN;CLOROX;;CLOROX;LAVANDINA;LAGO PUELO;LIMPIEZA;;;300;Bruno Centurion;AXUM;;CLOROX;False;131948;0;Lista General;Autoservicio B - A;42945;01-10-2026;5553-JORGE MONZON;CLOROX;1;0,00000000;2311,66
27554;"Iriarte - (AUTOSERVICIOS) 1356";TEMPERLEY;2026-10-02;02-10-2026;01-10-2026;FAC-A0001-00343058;Venta;LAGOPUELO S.A;61046;15,00;22306,05;26990,32;Lin Yuehua;;18,00 %;073;Florencia Cubilla;0734;Aydn RopQuitMnch BlncInt 15/1l;1487,07;3410;"";AUTOSERVICIO;Autoservicio B;20925,00;MARIANO SOSA;326,43;$;2;GRUPO AYUDIN ARGENTINA S.A;0,00000000;0,00;Contado;05-10-2026 10:12;;AYUDIN;CLOROX;;CLOROX;LAVADO DE ROPA;LAGO PUELO;LIMPIEZA;;;300;Bruno Centurion;AXUM;;CLOROX;False;131948;0;Lista General;Autoservicio B - A;42945;01-10-2026;5553-JORGE MONZON;CLOROX;1;0,00000000;1487,07
27556;"14 De Julio - (AUTOSERVICIOS) 577";TEMPERLEY;2026-10-02;02-10-2026;01-10-2026;FAC-A0001-00343061;Venta;LAGOPUELO S.A;18026;6,00;15428,40;18668,36;Chen ji;;0,00 %;073;Florencia Cubilla;0734;Aydn Dsnf PstWC 36/16g                  ;2571,40;3410;"";Otros;SIN SUB;11868,00;MARIANO SOSA;0,00;$;2;GRUPO AYUDIN ARGENTINA S.A;0,00000000;0,00;Contado;05-10-2026 10:12;;AYUDIN;CLOROX;;CLOROX;COCINA;LAGO PUELO;LIMPIEZA;;;300;Bruno Centurion;AXUM;;CLOROX;False;131981;0;Lista General;SIN SUB - A;42947;01-10-2026;5553-JORGE MONZON;CLOROX;1;0,00000000;2571,40
27556;"14 De Julio - (AUTOSERVICIOS) 577";TEMPERLEY;2026-10-02;02-10-2026;01-10-2026;FAC-A0001-00343061;Venta;LAGOPUELO S.A;61301;6,00;11512,80;13930,49;Chen ji;;0,00 %;073;Florencia Cubilla;0734;Ayudin Expert Dsnf. Multisup Doypack 16/450m;1918,80;3410;"";Otros;SIN SUB;8856,00;MARIANO SOSA;0,00;$;2;GRUPO AYUDIN ARGENTINA S.A;0,00000000;0,00;Contado;05-10-2026 10:12;;AYUDIN;CLOROX;;CLOROX;AERO AYUDIN;LAGO PUELO;LIMPIEZA;;;300;Bruno Centurion;AXUM;;CLOROX;False;131981;0;Lista General;SIN SUB - A;42947;01-10-2026;5553-JORGE MONZON;CLOROX;1;0,00000000;1918,80
27556;"14 De Julio - (AUTOSERVICIOS) 577";TEMPERLEY;2026-10-02;02-10-2026;01-10-2026;FAC-A0001-00343061;Venta;LAGOPUELO S.A;61731;12,00;40290,82;48751,89;Chen ji;;15,00 %;073;Florencia Cubilla;0734;Sltn MataCuca Aer AccProl 6/360ml BA;3357,57;3410;"";Otros;SIN SUB;37032,00;MARIANO SOSA;592,51;$;2;GRUPO AYUDIN ARGENTINA S.A;0,00000000;0,00;Contado;05-10-2026 10:12;;SELTON;CLOROX;;CLOROX;SELTON;LAGO PUELO;LIMPIEZA;;;300;Bruno Centurion;AXUM;;CLOROX;False;131981;0;Lista General;SIN SUB - A;42947;01-10-2026;5553-JORGE MONZON;CLOROX;1;0,00000000;3357,57
27556;"14 De Julio - (AUTOSERVICIOS) 577";TEMPERLEY;2026-10-02;02-10-2026;01-10-2026;FAC-A0001-00343061;Venta;LAGOPUELO S.A;61730;6,00;26795,52;32422,58;Chen ji;;0,00 %;073;Florencia Cubilla;0734;Sltn MataMosq Aer AccEfct 6/360ml BA;4465,92;3410;"";Otros;SIN SUB;20934,00;MARIANO SOSA;0,00;$;2;GRUPO AYUDIN ARGENTINA S.A;0,00000000;0,00;Contado;05-10-2026 10:12;;SELTON;CLOROX;;CLOROX;SELTON;LAGO PUELO;LIMPIEZA;;;300;Bruno Centurion;AXUM;;CLOROX;False;131981;0;Lista General;SIN SUB - A;42947;01-10-2026;5553-JORGE MONZON;CLOROX;1;0,00000000;4465,92
27556;"14 De Julio - (AUTOSERVICIOS) 577";TEMPERLEY;2026-10-02;02-10-2026;01-10-2026;FAC-A0001-00343061;Venta;LAGOPUELO S.A;61816;6,00;18159,57;21973,08;Chen ji;;15,00 %;073;Florencia Cubilla;0734;Sltn MataMosq Aer AccInst 6/360ml BA;3026,60;3410;"";Otros;SIN SUB;16434,00;MARIANO SOSA;534,11;$;2;GRUPO AYUDIN ARGENTINA S.A;0,00000000;0,00;Contado;05-10-2026 10:12;;SELTON;CLOROX;;CLOROX;SELTON;LAGO PUELO;LIMPIEZA;;;300;Bruno Centurion;AXUM;;CLOROX;False;131981;0;Lista General;SIN SUB - A;42947;01-10-2026;5553-JORGE MONZON;CLOROX;1;0,00000000;3026,60
27556;"14 De Julio - (AUTOSERVICIOS) 577";TEMPERLEY;2026-10-02;02-10-2026;01-10-2026;FAC-A0001-00343061;Venta;LAGOPUELO S.A;61814;6,00;23773,50;28765,94;Chen ji;;10,00 %;073;Florencia Cubilla;0734;Sltn MataMosq Aer s/OlrQmc 6/360ml BA;3962,25;3410;"";Otros;SIN SUB;21132,00;MARIANO SOSA;440,25;$;2;GRUPO AYUDIN ARGENTINA S.A;0,00000000;0,00;Contado;05-10-2026 10:12;;SELTON;CLOROX;;CLOROX;SELTON;LAGO PUELO;LIMPIEZA;;;300;Bruno Centurion;AXUM;;CLOROX;False;131981;0;Lista General;SIN SUB - A;42947;01-10-2026;5553-JORGE MONZON;CLOROX;1;0,00000000;3962,25
27556;"14 De Julio - (AUTOSERVICIOS) 577";TEMPERLEY;2026-10-02;02-10-2026;01-10-2026;FAC-A0001-00343061;Venta;LAGOPUELO S.A;33576;6,00;11387,46;13778,83;Chen ji;;0,00 %;073;Florencia Cubilla;0734;Aydn Ropa BlncSprms DoyPk 16/400ml;1897,91;3410;"";Otros;SIN SUB;8562,00;MARIANO SOSA;0,00;$;2;GRUPO AYUDIN ARGENTINA S.A;0,00000000;0,00;Contado;05-10-2026 10:12;;AYUDIN;CLOROX;;CLOROX;LAVADO DE ROPA;LAGO PUELO;LIMPIEZA;;;300;Bruno Centurion;AXUM;;CLOROX;False;131981;0;Lista General;SIN SUB - A;42947;01-10-2026;5553-JORGE MONZON;CLOROX;1;0,00000000;1897,91
27537;"Vicente Stea - (AUTOSERVICIOS) 1040";LOMAS DE ZAMORA;2026-10-02;02-10-2026;01-10-2026;FAC-A0001-00343062;Venta;LAGOPUELO S.A;34324;6,00;7876,03;9530,00;Chen Pingmei;;20,00 %;073;Florencia Cubilla;0734;Poett Desinf. Flores de Primavera 900ml;1312,67;3410;"";AUTOSERVICIO;Autoservicio B;7752,00;MARIANO SOSA;328,17;$;2;GRUPO AYUDIN ARGENTINA S.A;0,00000000;0,00;Contado;05-10-2026 10:12;;POETT;CLOROX;;CLOROX;PISO;LAGO PUELO;LIMPIEZA;;;300;Bruno Centurion;AXUM;;CLOROX;False;132069;0;Lista General;Autoservicio B - A;42948;01-10-2026;5553-JORGE MONZON;CLOROX;1;0,00000000;1312,67
27537;"Vicente Stea - (AUTOSERVICIOS) 1040";LOMAS DE ZAMORA;2026-10-02;02-10-2026;01-10-2026;FAC-A0001-00343062;Venta;LAGOPUELO S.A;34320;6,00;7876,03;9530,00;Chen Pingmei;;20,00 %;073;Florencia Cubilla;0734;Poett Desinf. Frescura de Lavanda 900ml;1312,67;3410;"";AUTOSERVICIO;Autoservicio B;7752,00;MARIANO SOSA;328,17;$;2;GRUPO AYUDIN ARGENTINA S.A;0,00000000;0,00;Contado;05-10-2026 10:12;;POETT;CLOROX;;CLOROX;PISO;LAGO PUELO;LIMPIEZA;;;300;Bruno Centurion;AXUM;;CLOROX;False;132069;0;Lista General;Autoservicio B - A;42948;01-10-2026;5553-JORGE MONZON;CLOROX;1;0,00000000;1312,67
27537;"Vicente Stea - (AUTOSERVICIOS) 1040";LOMAS DE ZAMORA;2026-10-02;02-10-2026;01-10-2026;FAC-A0001-00343062;Venta;LAGOPUELO S.A;34336;6,00;7876,03;9530,00;Chen Pingmei;;20,00 %;073;Florencia Cubilla;0734;Poett Dsnf SuadAlg 12/900ml;1312,67;3410;"";AUTOSERVICIO;Autoservicio B;7752,00;MARIANO SOSA;328,17;$;2;GRUPO AYUDIN ARGENTINA S.A;0,00000000;0,00;Contado;05-10-2026 10:12;;POETT;CLOROX;;CLOROX;PISO;LAGO PUELO;LIMPIEZA;;;300;Bruno Centurion;AXUM;;CLOROX;False;132069;0;Lista General;Autoservicio B - A;42948;01-10-2026;5553-JORGE MONZON;CLOROX;1;0,00000000;1312,67
27537;"Vicente Stea - (AUTOSERVICIOS) 1040";LOMAS DE ZAMORA;2026-10-02;02-10-2026;01-10-2026;FAC-A0001-00343062;Venta;LAGOPUELO S.A;60386;6,00;7876,03;9530,00;Chen Pingmei;;20,00 %;073;Florencia Cubilla;0734;Poett EsptPly 12/900ml;1312,67;3410;"";AUTOSERVICIO;Autoservicio B;7752,00;MARIANO SOSA;328,17;$;2;GRUPO AYUDIN ARGENTINA S.A;0,00000000;0,00;Contado;05-10-2026 10:12;;POETT;CLOROX;;CLOROX;PISO;LAGO PUELO;LIMPIEZA;;;300;Bruno Centurion;AXUM;;CLOROX;False;132069;0;Lista General;Autoservicio B - A;42948;01-10-2026;5553-JORGE MONZON;CLOROX;1;0,00000000;1312,67
27537;"Vicente Stea - (AUTOSERVICIOS) 1040";LOMAS DE ZAMORA;2026-10-02;02-10-2026;01-10-2026;FAC-A0001-00343062;Venta;LAGOPUELO S.A;34342;6,00;7876,03;9530,00;Chen Pingmei;;20,00 %;073;Florencia Cubilla;0734;Poett Dsnf AlgrDia 12/900ml;1312,67;3410;"";AUTOSERVICIO;Autoservicio B;7752,00;MARIANO SOSA;328,17;$;2;GRUPO AYUDIN ARGENTINA S.A;0,00000000;0,00;Contado;05-10-2026 10:12;;POETT;CLOROX;;CLOROX;PISO;LAGO PUELO;LIMPIEZA;;;300;Bruno Centurion;AXUM;;CLOROX;False;132069;0;Lista General;Autoservicio B - A;42948;01-10-2026;5553-JORGE MONZON;CLOROX;1;0,00000000;1312,67
27537;"Vicente Stea - (AUTOSERVICIOS) 1040";LOMAS DE ZAMORA;2026-10-02;02-10-2026;01-10-2026;FAC-A0001-00343062;Venta;LAGOPUELO S.A;34338;6,00;7876,03;9530,00;Chen Pingmei;;20,00 %;073;Florencia Cubilla;0734;Poett Dsnf MscPrmvra 12/900ml;1312,67;3410;"";AUTOSERVICIO;Autoservicio B;7752,00;MARIANO SOSA;328,17;$;2;GRUPO AYUDIN ARGENTINA S.A;0,00000000;0,00;Contado;05-10-2026 10:12;;POETT;CLOROX;;CLOROX;PISO;LAGO PUELO;LIMPIEZA;;;300;Bruno Centurion;AXUM;;CLOROX;False;132069;0;Lista General;Autoservicio B - A;42948;01-10-2026;5553-JORGE MONZON;CLOROX;1;0,00000000;1312,67
23410;"MITRE 1947";Almirante Brown;2026-10-02;02-10-2026;01-10-2026;FAC-A0001-00343070;Venta;LAGOPUELO S.A;61731;6,00;20145,41;24375,94;ZHANG QIANXIA;;15,00 %;062;Nahuel Martinez;0624;Sltn MataCuca Aer AccProl 6/360ml BA;3357,57;3416;"";AUTOSERVICIO;Autoservicio B;18516,00;NAHUEL MONTOYA;592,51;$;2;GRUPO AYUDIN ARGENTINA S.A;0,00000000;0,00;Contado;05-10-2026 09:06;;SELTON;CLOROX;;CLOROX;SELTON;LAGO PUELO;LIMPIEZA;;;300;Bruno Centurion;AXUM;;CLOROX;False;131557;0;Lista General;Autoservicio B - C;42826;01-10-2026;509-LUCAS GODOY;CLOROX;1;0,00000000;3357,57
23410;"MITRE 1947";Almirante Brown;2026-10-02;02-10-2026;01-10-2026;FAC-A0001-00343070;Venta;LAGOPUELO S.A;61816;6,00;18159,57;21973,08;ZHANG QIANXIA;;15,00 %;062;Nahuel Martinez;0624;Sltn MataMosq Aer AccInst 6/360ml BA;3026,60;3416;"";AUTOSERVICIO;Autoservicio B;16434,00;NAHUEL MONTOYA;534,11;$;2;GRUPO AYUDIN ARGENTINA S.A;0,00000000;0,00;Contado;05-10-2026 09:06;;SELTON;CLOROX;;CLOROX;SELTON;LAGO PUELO;LIMPIEZA;;;300;Bruno Centurion;AXUM;;CLOROX;False;131557;0;Lista General;Autoservicio B - C;42826;01-10-2026;509-LUCAS GODOY;CLOROX;1;0,00000000;3026,60
23410;"MITRE 1947";Almirante Brown;2026-10-02;02-10-2026;01-10-2026;FAC-A0001-00343070;Venta;LAGOPUELO S.A;36003;40,00;66951,50;81011,32;ZHANG QIANXIA;;23,00 %;062;Nahuel Martinez;0624;AYDN LAVDNA OR 25g/l 8/2l;1673,79;3416;"";AUTOSERVICIO;Autoservicio B;69560,00;NAHUEL MONTOYA;499,96;$;2;GRUPO AYUDIN ARGENTINA S.A;0,00000000;0,00;Contado;05-10-2026 09:06;;AYUDIN;CLOROX;;CLOROX;LAVANDINA;LAGO PUELO;LIMPIEZA;;;300;Bruno Centurion;AXUM;;CLOROX;False;131557;0;Lista General;Autoservicio B - C;42826;01-10-2026;509-LUCAS GODOY;CLOROX;1;0,00000000;1673,79
23410;"MITRE 1947";Almirante Brown;2026-10-02;02-10-2026;01-10-2026;FAC-A0001-00343070;Venta;LAGOPUELO S.A;60223;24,00;55479,84;67130,61;ZHANG QIANXIA;;15,00 %;062;Nahuel Martinez;0624;Aydn Lavda TriPod 8/2l GP2;2311,66;3416;"";AUTOSERVICIO;Autoservicio B;50208,00;NAHUEL MONTOYA;407,94;$;2;GRUPO AYUDIN ARGENTINA S.A;0,00000000;0,00;Contado;05-10-2026 09:06;;AYUDIN;CLOROX;;CLOROX;LAVANDINA;LAGO PUELO;LIMPIEZA;;;300;Bruno Centurion;AXUM;;CLOROX;False;131557;0;Lista General;Autoservicio B - C;42826;01-10-2026;509-LUCAS GODOY;CLOROX;1;0,00000000;2311,66
23410;"MITRE 1947";Almirante Brown;2026-10-02;02-10-2026;01-10-2026;FAC-A0001-00343070;Venta;LAGOPUELO S.A;60227;24,00;55479,84;67130,61;ZHANG QIANXIA;;15,00 %;062;Nahuel Martinez;0624;Aydn PurGlac TriPod 8/2l GP2;2311,66;3416;"";AUTOSERVICIO;Autoservicio B;50208,00;NAHUEL MONTOYA;407,94;$;2;GRUPO AYUDIN ARGENTINA S.A;0,00000000;0,00;Contado;05-10-2026 09:06;;AYUDIN;CLOROX;;CLOROX;LAVANDINA;LAGO PUELO;LIMPIEZA;;;300;Bruno Centurion;AXUM;;CLOROX;False;131557;0;Lista General;Autoservicio B - C;42826;01-10-2026;509-LUCAS GODOY;CLOROX;1;0,00000000;2311,66
23907;"SAN MARTIN - (AUTOSERVICIOS) 313";ADROGUE;2026-10-02;02-10-2026;01-10-2026;FAC-A0001-00343071;Venta;LAGOPUELO S.A;36003;40,00;65212,50;78907,13;WENBIN DAI;;25,00 %;063;Daniel Martin;0634;AYDN LAVDNA OR 25g/l 8/2l;1630,31;3416;"";AUTOSERVICIO;Autoservicio A;69560,00;NAHUEL MONTOYA;543,44;$;2;GRUPO AYUDIN ARGENTINA S.A;0,00000000;0,00;Contado;05-10-2026 09:06;;AYUDIN;CLOROX;;CLOROX;LAVANDINA;LAGO PUELO;LIMPIEZA;;;300;Bruno Centurion;AXUM;;CLOROX;False;131570;0;Lista General;Autoservicio A - A;42828;01-10-2026;509-LUCAS GODOY;CLOROX;1;0,00000000;1630,31
23420;"Jorge Santiago Bynnon FRANCISCO DRUMOND-JORGE - (TRADICIONAL) 1760";ADROGUE;2026-10-02;02-10-2026;01-10-2026;FAC-A0001-00343072;Venta;LAGOPUELO S.A;34324;6,00;7876,03;9530,00;GALLARDO HUGO DAMIAN;;20,00 %;062;Nahuel Martinez;0624;Poett Desinf. Flores de Primavera 900ml;1312,67;3416;"";ALMACEN;ALMACEN;7752,00;NAHUEL MONTOYA;328,17;$;2;GRUPO AYUDIN ARGENTINA S.A;0,00000000;0,00;Contado;05-10-2026 09:06;;POETT;CLOROX;;CLOROX;PISO;LAGO PUELO;LIMPIEZA;;;300;Bruno Centurion;AXUM;;CLOROX;False;131589;0;Lista General;ALMACEN - A;42830;01-10-2026;509-LUCAS GODOY;CLOROX;1;0,00000000;1312,67
23420;"Jorge Santiago Bynnon FRANCISCO DRUMOND-JORGE - (TRADICIONAL) 1760";ADROGUE;2026-10-02;02-10-2026;01-10-2026;FAC-A0001-00343072;Venta;LAGOPUELO S.A;33575;4,00;7591,64;9185,88;GALLARDO HUGO DAMIAN;;0,00 %;062;Nahuel Martinez;0624;Aydn Ropa ClrViv DoyPk 16/400ml;1897,91;3416;"";ALMACEN;ALMACEN;5708,00;NAHUEL MONTOYA;0,00;$;2;GRUPO AYUDIN ARGENTINA S.A;0,00000000;0,00;Contado;05-10-2026 09:06;;AYUDIN;CLOROX;;CLOROX;LAVADO DE ROPA;LAGO PUELO;LIMPIEZA;;;300;Bruno Centurion;AXUM;;CLOROX;False;131589;0;Lista General;ALMACEN - A;42830;01-10-2026;509-LUCAS GODOY;CLOROX;1;0,00000000;1897,91
23445;"plaza almirante Brown - (AUTOSERVICIOS) 387";ADROGUE;2026-10-02;02-10-2026;01-10-2026;FAC-A0001-00343076;Venta;LAGOPUELO S.A;33575;6,00;11387,46;13778,83;GAO XIAOHUA;;0,00 %;062;Nahuel Martinez;0624;Aydn Ropa ClrViv DoyPk 16/400ml;1897,91;3416;"";AUTOSERVICIO;Autoservicio B;8562,00;NAHUEL MONTOYA;0,00;$;2;GRUPO AYUDIN ARGENTINA S.A;0,00000000;0,00;Contado;05-10-2026 09:06;;AYUDIN;CLOROX;;CLOROX;LAVADO DE ROPA;LAGO PUELO;LIMPIEZA;;;300;Bruno Centurion;AXUM;;CLOROX;False;131621;0;Lista General;Autoservicio B - A;42835;01-10-2026;509-LUCAS GODOY;CLOROX;1;0,00000000;1897,91
23445;"plaza almirante Brown - (AUTOSERVICIOS) 387";ADROGUE;2026-10-02;02-10-2026;01-10-2026;FAC-A0001-00343076;Venta;LAGOPUELO S.A;50022;10,00;18407,25;22272,77;GAO XIAOHUA;;10,00 %;062;Nahuel Martinez;0624;MORT GUANTES VRD 40GR L;1840,73;3416;"";AUTOSERVICIO;Autoservicio B;15150,00;NAHUEL MONTOYA;204,53;$;2;GRUPO AYUDIN ARGENTINA S.A;0,00000000;0,00;Contado;05-10-2026 09:06;;MORTIMER;CLOROX;;CLOROX;MORTIMER;LAGO PUELO;LIMPIEZA;;;300;Bruno Centurion;AXUM;;CLOROX;False;131621;0;Lista General;Autoservicio B - A;42835;01-10-2026;509-LUCAS GODOY;CLOROX;1;0,00000000;1840,73
25057;"DIAG. BROWN - (AUTOSERVICIOS) 1499";ADROGUE;2026-10-02;02-10-2026;01-10-2026;FAC-A0001-00343078;Venta;LAGOPUELO S.A;36003;8,00;13912,00;16833,52;CHIRINO SILVANA;;20,00 %;062;Nahuel Martinez;0624;AYDN LAVDNA OR 25g/l 8/2l;1739,00;3416;"";AUTOSERVICIO;Autoservicio B;13912,00;NAHUEL MONTOYA;434,75;$;2;GRUPO AYUDIN ARGENTINA S.A;0,00000000;0,00;Contado;05-10-2026 09:06;;AYUDIN;CLOROX;;CLOROX;LAVANDINA;LAGO PUELO;LIMPIEZA;;;300;Bruno Centurion;AXUM;;CLOROX;False;131636;0;Lista General;Autoservicio B - A;42839;01-10-2026;509-LUCAS GODOY;CLOROX;1;0,00000000;1739,00
25057;"DIAG. BROWN - (AUTOSERVICIOS) 1499";ADROGUE;2026-10-02;02-10-2026;01-10-2026;FAC-A0001-00343078;Venta;LAGOPUELO S.A;34320;6,00;7876,03;9530,00;CHIRINO SILVANA;;20,00 %;062;Nahuel Martinez;0624;Poett Desinf. Frescura de Lavanda 900ml;1312,67;3416;"";AUTOSERVICIO;Autoservicio B;7752,00;NAHUEL MONTOYA;328,17;$;2;GRUPO AYUDIN ARGENTINA S.A;0,00000000;0,00;Contado;05-10-2026 09:06;;POETT;CLOROX;;CLOROX;PISO;LAGO PUELO;LIMPIEZA;;;300;Bruno Centurion;AXUM;;CLOROX;False;131636;0;Lista General;Autoservicio B - A;42839;01-10-2026;509-LUCAS GODOY;CLOROX;1;0,00000000;1312,67
25057;"DIAG. BROWN - (AUTOSERVICIOS) 1499";ADROGUE;2026-10-02;02-10-2026;01-10-2026;FAC-A0001-00343078;Venta;LAGOPUELO S.A;34324;6,00;7876,03;9530,00;CHIRINO SILVANA;;20,00 %;062;Nahuel Martinez;0624;Poett Desinf. Flores de Primavera 900ml;1312,67;3416;"";AUTOSERVICIO;Autoservicio B;7752,00;NAHUEL MONTOYA;328,17;$;2;GRUPO AYUDIN ARGENTINA S.A;0,00000000;0,00;Contado;05-10-2026 09:06;;POETT;CLOROX;;CLOROX;PISO;LAGO PUELO;LIMPIEZA;;;300;Bruno Centurion;AXUM;;CLOROX;False;131636;0;Lista General;Autoservicio B - A;42839;01-10-2026;509-LUCAS GODOY;CLOROX;1;0,00000000;1312,67
23426;"Diagonal Almirante Brown EREZCANO-JORGE - (AUTOSERVICIOS) 1893";ADROGUE;2026-10-02;02-10-2026;01-10-2026;FAC-A0001-00343084;Venta;LAGOPUELO S.A;17927;15,00;12735,00;15409,35;ANDREA BARROSO;;20,00 %;062;Nahuel Martinez;0624;AYDN LAVDNA OR 15/1L;849,00;3416;"";ALMACEN;ALMACEN;12735,00;NAHUEL MONTOYA;212,25;$;2;GRUPO AYUDIN ARGENTINA S.A;0,00000000;0,00;Contado;05-10-2026 09:06;;AYUDIN;CLOROX;;CLOROX;LAVANDINA;LAGO PUELO;LIMPIEZA;;;300;Bruno Centurion;AXUM;;CLOROX;False;131740;0;Lista General;ALMACEN - A;42846;01-10-2026;509-LUCAS GODOY;CLOROX;1;0,00000000;849,00
23426;"Diagonal Almirante Brown EREZCANO-JORGE - (AUTOSERVICIOS) 1893";ADROGUE;2026-10-02;02-10-2026;01-10-2026;FAC-A0001-00343084;Venta;LAGOPUELO S.A;34320;6,00;7876,03;9530,00;ANDREA BARROSO;;20,00 %;062;Nahuel Martinez;0624;Poett Desinf. Frescura de Lavanda 900ml;1312,67;3416;"";ALMACEN;ALMACEN;7752,00;NAHUEL MONTOYA;328,17;$;2;GRUPO AYUDIN ARGENTINA S.A;0,00000000;0,00;Contado;05-10-2026 09:06;;POETT;CLOROX;;CLOROX;PISO;LAGO PUELO;LIMPIEZA;;;300;Bruno Centurion;AXUM;;CLOROX;False;131740;0;Lista General;ALMACEN - A;42846;01-10-2026;509-LUCAS GODOY;CLOROX;1;0,00000000;1312,67
23426;"Diagonal Almirante Brown EREZCANO-JORGE - (AUTOSERVICIOS) 1893";ADROGUE;2026-10-02;02-10-2026;01-10-2026;FAC-A0001-00343084;Venta;LAGOPUELO S.A;34327;6,00;7876,03;9530,00;ANDREA BARROSO;;20,00 %;062;Nahuel Martinez;0624;Poett Desinf. Solo para ti 900ml;1312,67;3416;"";ALMACEN;ALMACEN;7752,00;NAHUEL MONTOYA;328,17;$;2;GRUPO AYUDIN ARGENTINA S.A;0,00000000;0,00;Contado;05-10-2026 09:06;;POETT;CLOROX;;CLOROX;PISO;LAGO PUELO;LIMPIEZA;;;300;Bruno Centurion;AXUM;;CLOROX;False;131740;0;Lista General;ALMACEN - A;42846;01-10-2026;509-LUCAS GODOY;CLOROX;1;0,00000000;1312,67
27492;"Segui - (AUTOSERVICIOS) 301";LAVALLOL;2026-10-02;02-10-2026;01-10-2026;FAC-A0001-00343089;Venta;LAGOPUELO S.A;60233;5,00;11634,84;14078,16;Chen Qingguan;;20,00 %;063;Daniel Martin;0634;Aydn Lavdna Gel Or 15/700ml GP2;2326,97;3416;"";AUTOSERVICIO;Autoservicio A;10935,00;NAHUEL MONTOYA;581,74;$;2;GRUPO AYUDIN ARGENTINA S.A;0,00000000;0,00;Contado;05-10-2026 09:06;;AYUDIN;CLOROX;;CLOROX;LAVANDINA;LAGO PUELO;LIMPIEZA;;;300;Bruno Centurion;AXUM;;CLOROX;False;131760;0;Lista General;Autoservicio A - A;42851;01-10-2026;509-LUCAS GODOY;CLOROX;1;0,00000000;2326,97
27492;"Segui - (AUTOSERVICIOS) 301";LAVALLOL;2026-10-02;02-10-2026;01-10-2026;FAC-A0001-00343089;Venta;LAGOPUELO S.A;60239;5,00;11634,84;14078,16;Chen Qingguan;;20,00 %;063;Daniel Martin;0634;Aydn Lavdna Gel MntFrs 15/700ml GP2;2326,97;3416;"";AUTOSERVICIO;Autoservicio A;10935,00;NAHUEL MONTOYA;581,74;$;2;GRUPO AYUDIN ARGENTINA S.A;0,00000000;0,00;Contado;05-10-2026 09:06;;AYUDIN;CLOROX;;CLOROX;LAVANDINA;LAGO PUELO;LIMPIEZA;;;300;Bruno Centurion;AXUM;;CLOROX;False;131760;0;Lista General;Autoservicio A - A;42851;01-10-2026;509-LUCAS GODOY;CLOROX;1;0,00000000;2326,97
27492;"Segui - (AUTOSERVICIOS) 301";LAVALLOL;2026-10-02;02-10-2026;01-10-2026;FAC-A0001-00343089;Venta;LAGOPUELO S.A;60240;5,00;11634,84;14078,16;Chen Qingguan;;20,00 %;063;Daniel Martin;0634;Aydn Lavdna Gel Lavda EXPRT 15/700ml GP2;2326,97;3416;"";AUTOSERVICIO;Autoservicio A;10935,00;NAHUEL MONTOYA;581,74;$;2;GRUPO AYUDIN ARGENTINA S.A;0,00000000;0,00;Contado;05-10-2026 09:06;;AYUDIN;CLOROX;;CLOROX;LAVANDINA;LAGO PUELO;LIMPIEZA;;;300;Bruno Centurion;AXUM;;CLOROX;False;131760;0;Lista General;Autoservicio A - A;42851;01-10-2026;509-LUCAS GODOY;CLOROX;1;0,00000000;2326,97
27492;"Segui - (AUTOSERVICIOS) 301";LAVALLOL;2026-10-02;02-10-2026;01-10-2026;FAC-A0001-00343089;Venta;LAGOPUELO S.A;18026;12,00;30856,80;37336,73;Chen Qingguan;;0,00 %;063;Daniel Martin;0634;Aydn Dsnf PstWC 36/16g                  ;2571,40;3416;"";AUTOSERVICIO;Autoservicio A;23736,00;NAHUEL MONTOYA;0,00;$;2;GRUPO AYUDIN ARGENTINA S.A;0,00000000;0,00;Contado;05-10-2026 09:06;;AYUDIN;CLOROX;;CLOROX;COCINA;LAGO PUELO;LIMPIEZA;;;300;Bruno Centurion;AXUM;;CLOROX;False;131760;0;Lista General;Autoservicio A - A;42851;01-10-2026;509-LUCAS GODOY;CLOROX;1;0,00000000;2571,40
23228;"Av. Espora 580";ADROGUE;2026-10-02;02-10-2026;01-10-2026;FAC-A0001-00343090;Venta;LAGOPUELO S.A;34342;12,00;15752,06;19060,00;CHEN QI;;20,00 %;062;Nahuel Martinez;0624;Poett Dsnf AlgrDia 12/900ml;1312,67;3416;"";AUTOSERVICIO;Autoservicio B;15504,00;NAHUEL MONTOYA;328,17;$;2;GRUPO AYUDIN ARGENTINA S.A;0,00000000;0,00;Contado;05-10-2026 09:06;;POETT;CLOROX;;CLOROX;PISO;LAGO PUELO;LIMPIEZA;;;300;Bruno Centurion;AXUM;;CLOROX;False;131872;0;Lista General;Autoservicio B - A;42861;01-10-2026;509-LUCAS GODOY;CLOROX;1;0,00000000;1312,67
23228;"Av. Espora 580";ADROGUE;2026-10-02;02-10-2026;01-10-2026;FAC-A0001-00343090;Venta;LAGOPUELO S.A;34336;12,00;15752,06;19060,00;CHEN QI;;20,00 %;062;Nahuel Martinez;0624;Poett Dsnf SuadAlg 12/900ml;1312,67;3416;"";AUTOSERVICIO;Autoservicio B;15504,00;NAHUEL MONTOYA;328,17;$;2;GRUPO AYUDIN ARGENTINA S.A;0,00000000;0,00;Contado;05-10-2026 09:06;;POETT;CLOROX;;CLOROX;PISO;LAGO PUELO;LIMPIEZA;;;300;Bruno Centurion;AXUM;;CLOROX;False;131872;0;Lista General;Autoservicio B - A;42861;01-10-2026;509-LUCAS GODOY;CLOROX;1;0,00000000;1312,67
23228;"Av. Espora 580";ADROGUE;2026-10-02;02-10-2026;01-10-2026;FAC-A0001-00343090;Venta;LAGOPUELO S.A;34334;12,00;15752,06;19060,00;CHEN QI;;20,00 %;062;Nahuel Martinez;0624;Poett Dsnf SuadBebe 12/900ml;1312,67;3416;"";AUTOSERVICIO;Autoservicio B;15504,00;NAHUEL MONTOYA;328,17;$;2;GRUPO AYUDIN ARGENTINA S.A;0,00000000;0,00;Contado;05-10-2026 09:06;;POETT;CLOROX;;CLOROX;PISO;LAGO PUELO;LIMPIEZA;;;300;Bruno Centurion;AXUM;;CLOROX;False;131872;0;Lista General;Autoservicio B - A;42861;01-10-2026;509-LUCAS GODOY;CLOROX;1;0,00000000;1312,67
23228;"Av. Espora 580";ADROGUE;2026-10-02;02-10-2026;01-10-2026;FAC-A0001-00343090;Venta;LAGOPUELO S.A;34320;12,00;15752,06;19060,00;CHEN QI;;20,00 %;062;Nahuel Martinez;0624;Poett Desinf. Frescura de Lavanda 900ml;1312,67;3416;"";AUTOSERVICIO;Autoservicio B;15504,00;NAHUEL MONTOYA;328,17;$;2;GRUPO AYUDIN ARGENTINA S.A;0,00000000;0,00;Contado;05-10-2026 09:06;;POETT;CLOROX;;CLOROX;PISO;LAGO PUELO;LIMPIEZA;;;300;Bruno Centurion;AXUM;;CLOROX;False;131872;0;Lista General;Autoservicio B - A;42861;01-10-2026;509-LUCAS GODOY;CLOROX;1;0,00000000;1312,67
23415;"Hip√≥lito Bouchard - (AUTOSERVICIOS) 1596";ADROGUE;2026-10-02;02-10-2026;01-10-2026;FAC-A0001-00343092;Venta;LAGOPUELO S.A;17927;30,00;25470,00;30818,70;D ONOFRIO OSCAR ALEJANDRO;;20,00 %;062;Nahuel Martinez;0624;AYDN LAVDNA OR 15/1L;849,00;3416;"";AUTOSERVICIO;Autoservicio B;25470,00;NAHUEL MONTOYA;212,25;$;2;GRUPO AYUDIN ARGENTINA S.A;0,00000000;0,00;Contado;05-10-2026 09:06;;AYUDIN;CLOROX;;CLOROX;LAVANDINA;LAGO PUELO;LIMPIEZA;;;300;Bruno Centurion;AXUM;;CLOROX;False;131892;0;Lista General;Autoservicio B - A;42863;01-10-2026;509-LUCAS GODOY;CLOROX;1;0,00000000;849,00
23415;"Hip√≥lito Bouchard - (AUTOSERVICIOS) 1596";ADROGUE;2026-10-02;02-10-2026;01-10-2026;FAC-A0001-00343092;Venta;LAGOPUELO S.A;34320;12,00;15161,36;18345,25;D ONOFRIO OSCAR ALEJANDRO;;23,00 %;062;Nahuel Martinez;0624;Poett Desinf. Frescura de Lavanda 900ml;1263,45;3416;"";AUTOSERVICIO;Autoservicio B;15504,00;NAHUEL MONTOYA;377,39;$;2;GRUPO AYUDIN ARGENTINA S.A;0,00000000;0,00;Contado;05-10-2026 09:06;;POETT;CLOROX;;CLOROX;PISO;LAGO PUELO;LIMPIEZA;;;300;Bruno Centurion;AXUM;;CLOROX;False;131892;0;Lista General;Autoservicio B - A;42863;01-10-2026;509-LUCAS GODOY;CLOROX;1;0,00000000;1263,45
23415;"Hip√≥lito Bouchard - (AUTOSERVICIOS) 1596";ADROGUE;2026-10-02;02-10-2026;01-10-2026;FAC-A0001-00343092;Venta;LAGOPUELO S.A;34324;12,00;15161,36;18345,25;D ONOFRIO OSCAR ALEJANDRO;;23,00 %;062;Nahuel Martinez;0624;Poett Desinf. Flores de Primavera 900ml;1263,45;3416;"";AUTOSERVICIO;Autoservicio B;15504,00;NAHUEL MONTOYA;377,39;$;2;GRUPO AYUDIN ARGENTINA S.A;0,00000000;0,00;Contado;05-10-2026 09:06;;POETT;CLOROX;;CLOROX;PISO;LAGO PUELO;LIMPIEZA;;;300;Bruno Centurion;AXUM;;CLOROX;False;131892;0;Lista General;Autoservicio B - A;42863;01-10-2026;509-LUCAS GODOY;CLOROX;1;0,00000000;1263,45
23415;"Hip√≥lito Bouchard - (AUTOSERVICIOS) 1596";ADROGUE;2026-10-02;02-10-2026;01-10-2026;FAC-A0001-00343092;Venta;LAGOPUELO S.A;34327;12,00;15161,36;18345,25;D ONOFRIO OSCAR ALEJANDRO;;23,00 %;062;Nahuel Martinez;0624;Poett Desinf. Solo para ti 900ml;1263,45;3416;"";AUTOSERVICIO;Autoservicio B;15504,00;NAHUEL MONTOYA;377,39;$;2;GRUPO AYUDIN ARGENTINA S.A;0,00000000;0,00;Contado;05-10-2026 09:06;;POETT;CLOROX;;CLOROX;PISO;LAGO PUELO;LIMPIEZA;;;300;Bruno Centurion;AXUM;;CLOROX;False;131892;0;Lista General;Autoservicio B - A;42863;01-10-2026;509-LUCAS GODOY;CLOROX;1;0,00000000;1263,45
23415;"Hip√≥lito Bouchard - (AUTOSERVICIOS) 1596";ADROGUE;2026-10-02;02-10-2026;01-10-2026;FAC-A0001-00343092;Venta;LAGOPUELO S.A;34334;12,00;15161,36;18345,25;D ONOFRIO OSCAR ALEJANDRO;;23,00 %;062;Nahuel Martinez;0624;Poett Dsnf SuadBebe 12/900ml;1263,45;3416;"";AUTOSERVICIO;Autoservicio B;15504,00;NAHUEL MONTOYA;377,39;$;2;GRUPO AYUDIN ARGENTINA S.A;0,00000000;0,00;Contado;05-10-2026 09:06;;POETT;CLOROX;;CLOROX;PISO;LAGO PUELO;LIMPIEZA;;;300;Bruno Centurion;AXUM;;CLOROX;False;131892;0;Lista General;Autoservicio B - A;42863;01-10-2026;509-LUCAS GODOY;CLOROX;1;0,00000000;1263,45
23415;"Hip√≥lito Bouchard - (AUTOSERVICIOS) 1596";ADROGUE;2026-10-02;02-10-2026;01-10-2026;FAC-A0001-00343092;Venta;LAGOPUELO S.A;34336;12,00;15161,36;18345,25;D ONOFRIO OSCAR ALEJANDRO;;23,00 %;062;Nahuel Martinez;0624;Poett Dsnf SuadAlg 12/900ml;1263,45;3416;"";AUTOSERVICIO;Autoservicio B;15504,00;NAHUEL MONTOYA;377,39;$;2;GRUPO AYUDIN ARGENTINA S.A;0,00000000;0,00;Contado;05-10-2026 09:06;;POETT;CLOROX;;CLOROX;PISO;LAGO PUELO;LIMPIEZA;;;300;Bruno Centurion;AXUM;;CLOROX;False;131892;0;Lista General;Autoservicio B - A;42863;01-10-2026;509-LUCAS GODOY;CLOROX;1;0,00000000;1263,45
29190;"Somellera - (AUTOSERVICIOS) 648";ADROGUE;2026-10-02;02-10-2026;01-10-2026;FAC-A0001-00343095;Venta;LAGOPUELO S.A;34324;6,00;7876,03;9530,00;DIETER CHACA ACHA;;20,00 %;062;Nahuel Martinez;0624;Poett Desinf. Flores de Primavera 900ml;1312,67;3416;"";ALMACEN;ALMACEN;7752,00;NAHUEL MONTOYA;328,17;$;2;GRUPO AYUDIN ARGENTINA S.A;0,00000000;0,00;Contado;05-10-2026 09:06;;POETT;CLOROX;;CLOROX;PISO;LAGO PUELO;LIMPIEZA;;;300;Bruno Centurion;AXUM;;CLOROX;False;131906;0;Lista General;ALMACEN - A;42867;01-10-2026;509-LUCAS GODOY;CLOROX;1;0,00000000;1312,67
29190;"Somellera - (AUTOSERVICIOS) 648";ADROGUE;2026-10-02;02-10-2026;01-10-2026;FAC-A0001-00343095;Venta;LAGOPUELO S.A;34336;6,00;7876,03;9530,00;DIETER CHACA ACHA;;20,00 %;062;Nahuel Martinez;0624;Poett Dsnf SuadAlg 12/900ml;1312,67;3416;"";ALMACEN;ALMACEN;7752,00;NAHUEL MONTOYA;328,17;$;2;GRUPO AYUDIN ARGENTINA S.A;0,00000000;0,00;Contado;05-10-2026 09:06;;POETT;CLOROX;;CLOROX;PISO;LAGO PUELO;LIMPIEZA;;;300;Bruno Centurion;AXUM;;CLOROX;False;131906;0;Lista General;ALMACEN - A;42867;01-10-2026;509-LUCAS GODOY;CLOROX;1;0,00000000;1312,67
23597;"Carlos Morel - (AUTOSERVICIOS) 317";BURZACO;2026-10-02;02-10-2026;01-10-2026;FAC-A0001-00343098;Venta;LAGOPUELO S.A;60223;8,00;18493,28;22376,87;ZHU SHAOBIN;;15,00 %;063;Daniel Martin;0634;Aydn Lavda TriPod 8/2l GP2;2311,66;3416;"";AUTOSERVICIO;Autoservicio A;16736,00;NAHUEL MONTOYA;407,94;$;2;GRUPO AYUDIN ARGENTINA S.A;0,00000000;0,00;Contado;05-10-2026 09:06;;AYUDIN;CLOROX;;CLOROX;LAVANDINA;LAGO PUELO;LIMPIEZA;;;300;Bruno Centurion;AXUM;;CLOROX;False;131922;0;Lista General;Autoservicio A - A;42872;01-10-2026;509-LUCAS GODOY;CLOROX;1;0,00000000;2311,66
23597;"Carlos Morel - (AUTOSERVICIOS) 317";BURZACO;2026-10-02;02-10-2026;01-10-2026;FAC-A0001-00343098;Venta;LAGOPUELO S.A;60226;15,00;17403,75;21058,54;ZHU SHAOBIN;;15,00 %;063;Daniel Martin;0634;Aydn PurGlac TriPod 15/1l GP2;1160,25;3416;"";AUTOSERVICIO;Autoservicio A;15750,00;NAHUEL MONTOYA;204,75;$;2;GRUPO AYUDIN ARGENTINA S.A;0,00000000;0,00;Contado;05-10-2026 09:06;;AYUDIN;CLOROX;;CLOROX;LAVANDINA;LAGO PUELO;LIMPIEZA;;;300;Bruno Centurion;AXUM;;CLOROX;False;131922;0;Lista General;Autoservicio A - A;42872;01-10-2026;509-LUCAS GODOY;CLOROX;1;0,00000000;1160,25
23593;"Juan Carlos Castagnino 1100";BURZACO;2026-10-02;02-10-2026;01-10-2026;FAC-A0001-00343099;Venta;LAGOPUELO S.A;61047;4,00;11841,13;14327,76;YAN RUIMING;;18,00 %;063;Daniel Martin;0634;Aydn RopQuitMnch BlncInt 8/2l;2960,28;3416;"";AUTOSERVICIO;Autoservicio A;11108,00;NAHUEL MONTOYA;649,82;$;2;GRUPO AYUDIN ARGENTINA S.A;0,00000000;0,00;Contado;05-10-2026 09:06;;AYUDIN;CLOROX;;CLOROX;LAVADO DE ROPA;LAGO PUELO;LIMPIEZA;;;300;Bruno Centurion;AXUM;;CLOROX;False;131924;0;Lista General;Autoservicio A - A;42873;01-10-2026;509-LUCAS GODOY;CLOROX;1;0,00000000;2960,28
27366;"CORDOBA - (TRADICIONAL) 850";LANUS;2026-10-02;02-10-2026;30-09-2026;FAC-A0001-00343107;Venta;LAGOPUELO S.A;33576;3,00;5693,73;6889,41;PATRICIA MARIA JUAREZ;;0,00 %;26;Sabrina Pereyra;263;Aydn Ropa BlncSprms DoyPk 16/400ml;1897,91;3408;"";AUTOSERVICIO;Autoservicio B;4281,00;CLAUDIO GARCIA;0,00;$;2;GRUPO AYUDIN ARGENTINA S.A;0,00000000;0,00;Contado;05-10-2026 08:47;;AYUDIN;CLOROX;;CLOROX;LAVADO DE ROPA;LAGO PUELO;LIMPIEZA;;;25;JOHANA VIGIL;AXUM;;CLOROX;False;131063;0;Lista General;Autoservicio B - A;42701;01-10-2026;1638-JAVIER LINARES;CLOROX;1;0,00000000;1897,91
27366;"CORDOBA - (TRADICIONAL) 850";LANUS;2026-10-02;02-10-2026;30-09-2026;FAC-A0001-00343107;Venta;LAGOPUELO S.A;36003;8,00;13912,00;16833,52;PATRICIA MARIA JUAREZ;;20,00 %;26;Sabrina Pereyra;263;AYDN LAVDNA OR 25g/l 8/2l;1739,00;3408;"";AUTOSERVICIO;Autoservicio B;13912,00;CLAUDIO GARCIA;434,75;$;2;GRUPO AYUDIN ARGENTINA S.A;0,00000000;0,00;Contado;05-10-2026 08:47;;AYUDIN;CLOROX;;CLOROX;LAVANDINA;LAGO PUELO;LIMPIEZA;;;25;JOHANA VIGIL;AXUM;;CLOROX;False;131063;0;Lista General;Autoservicio B - A;42701;01-10-2026;1638-JAVIER LINARES;CLOROX;1;0,00000000;1739,00
27366;"CORDOBA - (TRADICIONAL) 850";LANUS;2026-10-02;02-10-2026;30-09-2026;FAC-A0001-00343107;Venta;LAGOPUELO S.A;61816;6,00;17091,36;20680,55;PATRICIA MARIA JUAREZ;;20,00 %;26;Sabrina Pereyra;263;Sltn MataMosq Aer AccInst 6/360ml BA;2848,56;3408;"";AUTOSERVICIO;Autoservicio B;16434,00;CLAUDIO GARCIA;712,14;$;2;GRUPO AYUDIN ARGENTINA S.A;0,00000000;0,00;Contado;05-10-2026 08:47;;SELTON;CLOROX;;CLOROX;SELTON;LAGO PUELO;LIMPIEZA;;;25;JOHANA VIGIL;AXUM;;CLOROX;False;131063;0;Lista General;Autoservicio B - A;42701;01-10-2026;1638-JAVIER LINARES;CLOROX;1;0,00000000;2848,56
100672;"Centenario Uruguayo 479 1 0";LANUS;2026-10-02;02-10-2026;01-10-2026;FAC-A0001-00343109;Venta;LAGOPUELO S.A;61620;3,00;10042,50;12151,43;Zhuang Fangping;;0,00 %;24;Cecilia Gauchez;244;Aydn Bn Limp† Act Or Gat 12/500 ml;3347,50;3408;"";AUTOSERVICIO;AUTOSERVICIO;7725,00;CLAUDIO GARCIA;0,00;$;2;GRUPO AYUDIN ARGENTINA S.A;0,00000000;0,00;Efectivo;05-10-2026 08:47;;AYUDIN;CLOROX;;CLOROX;BAÒO;LAGO PUELO;LIMPIEZA;;;25;JOHANA VIGIL;AXUM;;CLOROX;False;131954;0;Lista General;AUTOSERVICIO - A;42715;01-10-2026;1638-JAVIER LINARES;CLOROX;1;0,00000000;3347,50
100672;"Centenario Uruguayo 479 1 0";LANUS;2026-10-02;02-10-2026;01-10-2026;FAC-A0001-00343109;Venta;LAGOPUELO S.A;34321;16,00;38656,80;46774,73;Zhuang Fangping;;25,00 %;24;Cecilia Gauchez;244;Poett Desinf. Frescura de Lavanda 1.8ml;2416,05;3408;"";AUTOSERVICIO;AUTOSERVICIO;39648,00;CLAUDIO GARCIA;805,35;$;2;GRUPO AYUDIN ARGENTINA S.A;0,00000000;0,00;Efectivo;05-10-2026 08:47;;POETT;CLOROX;;CLOROX;PISO;LAGO PUELO;LIMPIEZA;;;25;JOHANA VIGIL;AXUM;;CLOROX;False;131954;0;Lista General;AUTOSERVICIO - A;42715;01-10-2026;1638-JAVIER LINARES;CLOROX;1;0,00000000;2416,05
100672;"Centenario Uruguayo 479 1 0";LANUS;2026-10-02;02-10-2026;01-10-2026;FAC-A0001-00343109;Venta;LAGOPUELO S.A;34327;24,00;29535,12;35737,50;Zhuang Fangping;;25,00 %;24;Cecilia Gauchez;244;Poett Desinf. Solo para ti 900ml;1230,63;3408;"";AUTOSERVICIO;AUTOSERVICIO;31008,00;CLAUDIO GARCIA;410,21;$;2;GRUPO AYUDIN ARGENTINA S.A;0,00000000;0,00;Efectivo;05-10-2026 08:47;;POETT;CLOROX;;CLOROX;PISO;LAGO PUELO;LIMPIEZA;;;25;JOHANA VIGIL;AXUM;;CLOROX;False;131954;0;Lista General;AUTOSERVICIO - A;42715;01-10-2026;1638-JAVIER LINARES;CLOROX;1;0,00000000;1230,63
100672;"Centenario Uruguayo 479 1 0";LANUS;2026-10-02;02-10-2026;01-10-2026;FAC-A0001-00343109;Venta;LAGOPUELO S.A;34342;24,00;29535,12;35737,50;Zhuang Fangping;;25,00 %;24;Cecilia Gauchez;244;Poett Dsnf AlgrDia 12/900ml;1230,63;3408;"";AUTOSERVICIO;AUTOSERVICIO;31008,00;CLAUDIO GARCIA;410,21;$;2;GRUPO AYUDIN ARGENTINA S.A;0,00000000;0,00;Efectivo;05-10-2026 08:47;;POETT;CLOROX;;CLOROX;PISO;LAGO PUELO;LIMPIEZA;;;25;JOHANA VIGIL;AXUM;;CLOROX;False;131954;0;Lista General;AUTOSERVICIO - A;42715;01-10-2026;1638-JAVIER LINARES;CLOROX;1;0,00000000;1230,63
100672;"Centenario Uruguayo 479 1 0";LANUS;2026-10-02;02-10-2026;01-10-2026;FAC-A0001-00343109;Venta;LAGOPUELO S.A;34336;24,00;29535,12;35737,50;Zhuang Fangping;;25,00 %;24;Cecilia Gauchez;244;Poett Dsnf SuadAlg 12/900ml;1230,63;3408;"";AUTOSERVICIO;AUTOSERVICIO;31008,00;CLAUDIO GARCIA;410,21;$;2;GRUPO AYUDIN ARGENTINA S.A;0,00000000;0,00;Efectivo;05-10-2026 08:47;;POETT;CLOROX;;CLOROX;PISO;LAGO PUELO;LIMPIEZA;;;25;JOHANA VIGIL;AXUM;;CLOROX;False;131954;0;Lista General;AUTOSERVICIO - A;42715;01-10-2026;1638-JAVIER LINARES;CLOROX;1;0,00000000;1230,63
100672;"Centenario Uruguayo 479 1 0";LANUS;2026-10-02;02-10-2026;01-10-2026;FAC-A0001-00343109;Venta;LAGOPUELO S.A;34324;24,00;29535,12;35737,50;Zhuang Fangping;;25,00 %;24;Cecilia Gauchez;244;Poett Desinf. Flores de Primavera 900ml;1230,63;3408;"";AUTOSERVICIO;AUTOSERVICIO;31008,00;CLAUDIO GARCIA;410,21;$;2;GRUPO AYUDIN ARGENTINA S.A;0,00000000;0,00;Efectivo;05-10-2026 08:47;;POETT;CLOROX;;CLOROX;PISO;LAGO PUELO;LIMPIEZA;;;25;JOHANA VIGIL;AXUM;;CLOROX;False;131954;0;Lista General;AUTOSERVICIO - A;42715;01-10-2026;1638-JAVIER LINARES;CLOROX;1;0,00000000;1230,63
5140;"GRAL. OHIGGINS 1640 1640";GERLI;2026-10-02;02-10-2026;01-10-2026;FAC-A0001-00343112;Venta;LAGOPUELO S.A;17927;15,00;12735,00;15409,35;LORENA ALEJANDRA CHISCA;;20,00 %;30;Oriana Songini;304;AYDN LAVDNA OR 15/1L;849,00;3408;"";Tradicionales;Almacen;12735,00;CLAUDIO GARCIA;212,25;$;2;GRUPO AYUDIN ARGENTINA S.A;0,00000000;0,00;Efectivo;05-10-2026 08:47;;AYUDIN;CLOROX;;CLOROX;LAVANDINA;LAGO PUELO;LIMPIEZA;;;25;JOHANA VIGIL;AXUM;;CLOROX;False;132079;0;Lista General;Almacen - A;42719;01-10-2026;1638-JAVIER LINARES;CLOROX;1;0,00000000;849,00
5140;"GRAL. OHIGGINS 1640 1640";GERLI;2026-10-02;02-10-2026;01-10-2026;FAC-A0001-00343112;Venta;LAGOPUELO S.A;34324;2,00;2625,34;3176,67;LORENA ALEJANDRA CHISCA;;20,00 %;30;Oriana Songini;304;Poett Desinf. Flores de Primavera 900ml;1312,67;3408;"";Tradicionales;Almacen;2584,00;CLAUDIO GARCIA;328,17;$;2;GRUPO AYUDIN ARGENTINA S.A;0,00000000;0,00;Efectivo;05-10-2026 08:47;;POETT;CLOROX;;CLOROX;PISO;LAGO PUELO;LIMPIEZA;;;25;JOHANA VIGIL;AXUM;;CLOROX;False;132079;0;Lista General;Almacen - A;42719;01-10-2026;1638-JAVIER LINARES;CLOROX;1;0,00000000;1312,67
5140;"GRAL. OHIGGINS 1640 1640";GERLI;2026-10-02;02-10-2026;01-10-2026;FAC-A0001-00343112;Venta;LAGOPUELO S.A;34320;2,00;2625,34;3176,67;LORENA ALEJANDRA CHISCA;;20,00 %;30;Oriana Songini;304;Poett Desinf. Frescura de Lavanda 900ml;1312,67;3408;"";Tradicionales;Almacen;2584,00;CLAUDIO GARCIA;328,17;$;2;GRUPO AYUDIN ARGENTINA S.A;0,00000000;0,00;Efectivo;05-10-2026 08:47;;POETT;CLOROX;;CLOROX;PISO;LAGO PUELO;LIMPIEZA;;;25;JOHANA VIGIL;AXUM;;CLOROX;False;132079;0;Lista General;Almacen - A;42719;01-10-2026;1638-JAVIER LINARES;CLOROX;1;0,00000000;1312,67
5140;"GRAL. OHIGGINS 1640 1640";GERLI;2026-10-02;02-10-2026;01-10-2026;FAC-A0001-00343112;Venta;LAGOPUELO S.A;34327;2,00;2625,34;3176,67;LORENA ALEJANDRA CHISCA;;20,00 %;30;Oriana Songini;304;Poett Desinf. Solo para ti 900ml;1312,67;3408;"";Tradicionales;Almacen;2584,00;CLAUDIO GARCIA;328,17;$;2;GRUPO AYUDIN ARGENTINA S.A;0,00000000;0,00;Efectivo;05-10-2026 08:47;;POETT;CLOROX;;CLOROX;PISO;LAGO PUELO;LIMPIEZA;;;25;JOHANA VIGIL;AXUM;;CLOROX;False;132079;0;Lista General;Almacen - A;42719;01-10-2026;1638-JAVIER LINARES;CLOROX;1;0,00000000;1312,67
5140;"GRAL. OHIGGINS 1640 1640";GERLI;2026-10-02;02-10-2026;01-10-2026;FAC-A0001-00343112;Venta;LAGOPUELO S.A;34342;2,00;2625,34;3176,67;LORENA ALEJANDRA CHISCA;;20,00 %;30;Oriana Songini;304;Poett Dsnf AlgrDia 12/900ml;1312,67;3408;"";Tradicionales;Almacen;2584,00;CLAUDIO GARCIA;328,17;$;2;GRUPO AYUDIN ARGENTINA S.A;0,00000000;0,00;Efectivo;05-10-2026 08:47;;POETT;CLOROX;;CLOROX;PISO;LAGO PUELO;LIMPIEZA;;;25;JOHANA VIGIL;AXUM;;CLOROX;False;132079;0;Lista General;Almacen - A;42719;01-10-2026;1638-JAVIER LINARES;CLOROX;1;0,00000000;1312,67
5140;"GRAL. OHIGGINS 1640 1640";GERLI;2026-10-02;02-10-2026;01-10-2026;FAC-A0001-00343112;Venta;LAGOPUELO S.A;34334;2,00;2625,34;3176,67;LORENA ALEJANDRA CHISCA;;20,00 %;30;Oriana Songini;304;Poett Dsnf SuadBebe 12/900ml;1312,67;3408;"";Tradicionales;Almacen;2584,00;CLAUDIO GARCIA;328,17;$;2;GRUPO AYUDIN ARGENTINA S.A;0,00000000;0,00;Efectivo;05-10-2026 08:47;;POETT;CLOROX;;CLOROX;PISO;LAGO PUELO;LIMPIEZA;;;25;JOHANA VIGIL;AXUM;;CLOROX;False;132079;0;Lista General;Almacen - A;42719;01-10-2026;1638-JAVIER LINARES;CLOROX;1;0,00000000;1312,67
5140;"GRAL. OHIGGINS 1640 1640";GERLI;2026-10-02;02-10-2026;01-10-2026;FAC-A0001-00343112;Venta;LAGOPUELO S.A;36001;2,00;2625,34;3176,67;LORENA ALEJANDRA CHISCA;;20,00 %;30;Oriana Songini;304;POETT FRSC TROP 12/900;1312,67;3408;"";Tradicionales;Almacen;2584,00;CLAUDIO GARCIA;328,17;$;2;GRUPO AYUDIN ARGENTINA S.A;0,00000000;0,00;Efectivo;05-10-2026 08:47;;POETT;CLOROX;;CLOROX;PISO;LAGO PUELO;LIMPIEZA;;;25;JOHANA VIGIL;AXUM;;CLOROX;False;132079;0;Lista General;Almacen - A;42719;01-10-2026;1638-JAVIER LINARES;CLOROX;1;0,00000000;1312,67
27773;"LAS FLORES 454";WILDE;2026-10-02;02-10-2026;28-09-2026;FAC-A0001-00343116;Venta;LAGOPUELO S.A;61046;15,00;22306,05;26990,32;GABRIEL GERMAN ROSSO;;18,00 %;30;Oriana Songini;305;Aydn RopQuitMnch BlncInt 15/1l;1487,07;3409;"";Farmacias y PerfumerÌas;Perfumeria;20925,00;SIMON OLIVERA;326,43;$;2;GRUPO AYUDIN ARGENTINA S.A;0,00000000;0,00;Contado;05-10-2026 09:33;;AYUDIN;CLOROX;;CLOROX;LAVADO DE ROPA;LAGO PUELO;LIMPIEZA;;;25;JOHANA VIGIL;AXUM;;CLOROX;False;130127;0;Lista General;Perfumeria - A;42775;01-10-2026;759-GABRIEL PEREZ;CLOROX;1;0,00000000;1487,07
27773;"LAS FLORES 454";WILDE;2026-10-02;02-10-2026;28-09-2026;FAC-A0001-00343116;Venta;LAGOPUELO S.A;36003;32,00;55648,00;67334,08;GABRIEL GERMAN ROSSO;;20,00 %;30;Oriana Songini;305;AYDN LAVDNA OR 25g/l 8/2l;1739,00;3409;"";Farmacias y PerfumerÌas;Perfumeria;55648,00;SIMON OLIVERA;434,75;$;2;GRUPO AYUDIN ARGENTINA S.A;0,00000000;0,00;Contado;05-10-2026 09:33;;AYUDIN;CLOROX;;CLOROX;LAVANDINA;LAGO PUELO;LIMPIEZA;;;25;JOHANA VIGIL;AXUM;;CLOROX;False;130127;0;Lista General;Perfumeria - A;42775;01-10-2026;759-GABRIEL PEREZ;CLOROX;1;0,00000000;1739,00
27773;"LAS FLORES 454";WILDE;2026-10-02;02-10-2026;28-09-2026;FAC-A0001-00343116;Venta;LAGOPUELO S.A;17927;30,00;25470,00;30818,70;GABRIEL GERMAN ROSSO;;20,00 %;30;Oriana Songini;305;AYDN LAVDNA OR 15/1L;849,00;3409;"";Farmacias y PerfumerÌas;Perfumeria;25470,00;SIMON OLIVERA;212,25;$;2;GRUPO AYUDIN ARGENTINA S.A;0,00000000;0,00;Contado;05-10-2026 09:33;;AYUDIN;CLOROX;;CLOROX;LAVANDINA;LAGO PUELO;LIMPIEZA;;;25;JOHANA VIGIL;AXUM;;CLOROX;False;130127;0;Lista General;Perfumeria - A;42775;01-10-2026;759-GABRIEL PEREZ;CLOROX;1;0,00000000;849,00
27773;"LAS FLORES 454";WILDE;2026-10-02;02-10-2026;28-09-2026;FAC-A0001-00343116;Venta;LAGOPUELO S.A;22963;6,00;24577,80;29739,14;GABRIEL GERMAN ROSSO;;0,00 %;30;Oriana Songini;305;Tren Oxi Trig EftEspma 12/500ml         ;4096,30;3409;"";Farmacias y PerfumerÌas;Perfumeria;18906,00;SIMON OLIVERA;0,00;$;2;GRUPO AYUDIN ARGENTINA S.A;0,00000000;0,00;Contado;05-10-2026 09:33;;TRENET;CLOROX;;CLOROX;AERO POETT;LAGO PUELO;LIMPIEZA;;;25;JOHANA VIGIL;AXUM;;CLOROX;False;130127;0;Lista General;Perfumeria - A;42775;01-10-2026;759-GABRIEL PEREZ;CLOROX;1;0,00000000;4096,30
27773;"LAS FLORES 454";WILDE;2026-10-02;02-10-2026;28-09-2026;FAC-A0001-00343116;Venta;LAGOPUELO S.A;21313;12,00;23629,32;28591,48;GABRIEL GERMAN ROSSO;;10,00 %;30;Oriana Songini;305;Tren Bol 72/120ml                       ;1969,11;3409;"";Farmacias y PerfumerÌas;Perfumeria;20196,00;SIMON OLIVERA;218,79;$;2;GRUPO AYUDIN ARGENTINA S.A;0,00000000;0,00;Contado;05-10-2026 09:33;;TRENET;CLOROX;;CLOROX;LAVADO DE ROPA;LAGO PUELO;LIMPIEZA;;;25;JOHANA VIGIL;AXUM;;CLOROX;False;130127;0;Lista General;Perfumeria - A;42775;01-10-2026;759-GABRIEL PEREZ;CLOROX;1;0,00000000;1969,11
101875;"Mitre 4132 0";Villa Dominico;2026-10-02;02-10-2026;01-10-2026;FAC-A0001-00343119;Venta;LAGOPUELO S.A;36001;12,00;15752,06;19060,00;Wang Limin;;20,00 %;28;Nadia Diaz;284;POETT FRSC TROP 12/900;1312,67;3409;"";Tradicionales;Almacen;15504,00;SIMON OLIVERA;328,17;$;2;GRUPO AYUDIN ARGENTINA S.A;0,00000000;0,00;Efectivo;05-10-2026 09:33;;POETT;CLOROX;;CLOROX;PISO;LAGO PUELO;LIMPIEZA;;;25;JOHANA VIGIL;AXUM;;CLOROX;False;131580;0;Lista General;Almacen - A;42778;01-10-2026;759-GABRIEL PEREZ;CLOROX;1;0,00000000;1312,67
101875;"Mitre 4132 0";Villa Dominico;2026-10-02;02-10-2026;01-10-2026;FAC-A0001-00343119;Venta;LAGOPUELO S.A;34342;12,00;15752,06;19060,00;Wang Limin;;20,00 %;28;Nadia Diaz;284;Poett Dsnf AlgrDia 12/900ml;1312,67;3409;"";Tradicionales;Almacen;15504,00;SIMON OLIVERA;328,17;$;2;GRUPO AYUDIN ARGENTINA S.A;0,00000000;0,00;Efectivo;05-10-2026 09:33;;POETT;CLOROX;;CLOROX;PISO;LAGO PUELO;LIMPIEZA;;;25;JOHANA VIGIL;AXUM;;CLOROX;False;131580;0;Lista General;Almacen - A;42778;01-10-2026;759-GABRIEL PEREZ;CLOROX;1;0,00000000;1312,67
101875;"Mitre 4132 0";Villa Dominico;2026-10-02;02-10-2026;01-10-2026;FAC-A0001-00343119;Venta;LAGOPUELO S.A;34324;12,00;15752,06;19060,00;Wang Limin;;20,00 %;28;Nadia Diaz;284;Poett Desinf. Flores de Primavera 900ml;1312,67;3409;"";Tradicionales;Almacen;15504,00;SIMON OLIVERA;328,17;$;2;GRUPO AYUDIN ARGENTINA S.A;0,00000000;0,00;Efectivo;05-10-2026 09:33;;POETT;CLOROX;;CLOROX;PISO;LAGO PUELO;LIMPIEZA;;;25;JOHANA VIGIL;AXUM;;CLOROX;False;131580;0;Lista General;Almacen - A;42778;01-10-2026;759-GABRIEL PEREZ;CLOROX;1;0,00000000;1312,67
101875;"Mitre 4132 0";Villa Dominico;2026-10-02;02-10-2026;01-10-2026;FAC-A0001-00343119;Venta;LAGOPUELO S.A;34336;12,00;15752,06;19060,00;Wang Limin;;20,00 %;28;Nadia Diaz;284;Poett Dsnf SuadAlg 12/900ml;1312,67;3409;"";Tradicionales;Almacen;15504,00;SIMON OLIVERA;328,17;$;2;GRUPO AYUDIN ARGENTINA S.A;0,00000000;0,00;Efectivo;05-10-2026 09:33;;POETT;CLOROX;;CLOROX;PISO;LAGO PUELO;LIMPIEZA;;;25;JOHANA VIGIL;AXUM;;CLOROX;False;131580;0;Lista General;Almacen - A;42778;01-10-2026;759-GABRIEL PEREZ;CLOROX;1;0,00000000;1312,67
101875;"Mitre 4132 0";Villa Dominico;2026-10-02;02-10-2026;01-10-2026;FAC-A0001-00343119;Venta;LAGOPUELO S.A;34320;24,00;31504,13;38119,99;Wang Limin;;20,00 %;28;Nadia Diaz;284;Poett Desinf. Frescura de Lavanda 900ml;1312,67;3409;"";Tradicionales;Almacen;31008,00;SIMON OLIVERA;328,17;$;2;GRUPO AYUDIN ARGENTINA S.A;0,00000000;0,00;Efectivo;05-10-2026 09:33;;POETT;CLOROX;;CLOROX;PISO;LAGO PUELO;LIMPIEZA;;;25;JOHANA VIGIL;AXUM;;CLOROX;False;131580;0;Lista General;Almacen - A;42778;01-10-2026;759-GABRIEL PEREZ;CLOROX;1;0,00000000;1312,67
101875;"Mitre 4132 0";Villa Dominico;2026-10-02;02-10-2026;01-10-2026;FAC-A0001-00343119;Venta;LAGOPUELO S.A;34338;12,00;15752,06;19060,00;Wang Limin;;20,00 %;28;Nadia Diaz;284;Poett Dsnf MscPrmvra 12/900ml;1312,67;3409;"";Tradicionales;Almacen;15504,00;SIMON OLIVERA;328,17;$;2;GRUPO AYUDIN ARGENTINA S.A;0,00000000;0,00;Efectivo;05-10-2026 09:33;;POETT;CLOROX;;CLOROX;PISO;LAGO PUELO;LIMPIEZA;;;25;JOHANA VIGIL;AXUM;;CLOROX;False;131580;0;Lista General;Almacen - A;42778;01-10-2026;759-GABRIEL PEREZ;CLOROX;1;0,00000000;1312,67
101875;"Mitre 4132 0";Villa Dominico;2026-10-02;02-10-2026;01-10-2026;FAC-A0001-00343119;Venta;LAGOPUELO S.A;60386;12,00;15752,06;19060,00;Wang Limin;;20,00 %;28;Nadia Diaz;284;Poett EsptPly 12/900ml;1312,67;3409;"";Tradicionales;Almacen;15504,00;SIMON OLIVERA;328,17;$;2;GRUPO AYUDIN ARGENTINA S.A;0,00000000;0,00;Efectivo;05-10-2026 09:33;;POETT;CLOROX;;CLOROX;PISO;LAGO PUELO;LIMPIEZA;;;25;JOHANA VIGIL;AXUM;;CLOROX;False;131580;0;Lista General;Almacen - A;42778;01-10-2026;759-GABRIEL PEREZ;CLOROX;1;0,00000000;1312,67
101875;"Mitre 4132 0";Villa Dominico;2026-10-02;02-10-2026;01-10-2026;FAC-A0001-00343119;Venta;LAGOPUELO S.A;34334;12,00;15752,06;19060,00;Wang Limin;;20,00 %;28;Nadia Diaz;284;Poett Dsnf SuadBebe 12/900ml;1312,67;3409;"";Tradicionales;Almacen;15504,00;SIMON OLIVERA;328,17;$;2;GRUPO AYUDIN ARGENTINA S.A;0,00000000;0,00;Efectivo;05-10-2026 09:33;;POETT;CLOROX;;CLOROX;PISO;LAGO PUELO;LIMPIEZA;;;25;JOHANA VIGIL;AXUM;;CLOROX;False;131580;0;Lista General;Almacen - A;42778;01-10-2026;759-GABRIEL PEREZ;CLOROX;1;0,00000000;1312,67
102184;"Mitre 6272 0";WILDE;2026-10-02;02-10-2026;01-10-2026;FAC-A0001-00343121;Venta;LAGOPUELO S.A;17927;60,00;50940,00;61637,40;Shen Zhihao;;20,00 %;27;Samanta Dogliotti;274;AYDN LAVDNA OR 15/1L;849,00;3409;"";AUTOSERVICIO;AUTOSERVICIO;50940,00;SIMON OLIVERA;212,25;$;2;GRUPO AYUDIN ARGENTINA S.A;0,00000000;0,00;Efectivo;05-10-2026 09:33;;AYUDIN;CLOROX;;CLOROX;LAVANDINA;LAGO PUELO;LIMPIEZA;;;25;JOHANA VIGIL;AXUM;;CLOROX;False;131586;0;Lista General;AUTOSERVICIO - A;42781;01-10-2026;759-GABRIEL PEREZ;CLOROX;1;0,00000000;849,00
102184;"Mitre 6272 0";WILDE;2026-10-02;02-10-2026;01-10-2026;FAC-A0001-00343121;Venta;LAGOPUELO S.A;36003;32,00;55648,00;67334,08;Shen Zhihao;;20,00 %;27;Samanta Dogliotti;274;AYDN LAVDNA OR 25g/l 8/2l;1739,00;3409;"";AUTOSERVICIO;AUTOSERVICIO;55648,00;SIMON OLIVERA;434,75;$;2;GRUPO AYUDIN ARGENTINA S.A;0,00000000;0,00;Efectivo;05-10-2026 09:33;;AYUDIN;CLOROX;;CLOROX;LAVANDINA;LAGO PUELO;LIMPIEZA;;;25;JOHANA VIGIL;AXUM;;CLOROX;False;131586;0;Lista General;AUTOSERVICIO - A;42781;01-10-2026;759-GABRIEL PEREZ;CLOROX;1;0,00000000;1739,00
102184;"Mitre 6272 0";WILDE;2026-10-02;02-10-2026;01-10-2026;FAC-A0001-00343121;Venta;LAGOPUELO S.A;60222;15,00;17403,75;21058,54;Shen Zhihao;;15,00 %;27;Samanta Dogliotti;274;Aydn Lavda TriPod 15/1l GP2;1160,25;3409;"";AUTOSERVICIO;AUTOSERVICIO;15750,00;SIMON OLIVERA;204,75;$;2;GRUPO AYUDIN ARGENTINA S.A;0,00000000;0,00;Efectivo;05-10-2026 09:33;;AYUDIN;CLOROX;;CLOROX;LAVANDINA;LAGO PUELO;LIMPIEZA;;;25;JOHANA VIGIL;AXUM;;CLOROX;False;131586;0;Lista General;AUTOSERVICIO - A;42781;01-10-2026;759-GABRIEL PEREZ;CLOROX;1;0,00000000;1160,25
102184;"Mitre 6272 0";WILDE;2026-10-02;02-10-2026;01-10-2026;FAC-A0001-00343121;Venta;LAGOPUELO S.A;60227;8,00;18493,28;22376,87;Shen Zhihao;;15,00 %;27;Samanta Dogliotti;274;Aydn PurGlac TriPod 8/2l GP2;2311,66;3409;"";AUTOSERVICIO;AUTOSERVICIO;16736,00;SIMON OLIVERA;407,94;$;2;GRUPO AYUDIN ARGENTINA S.A;0,00000000;0,00;Efectivo;05-10-2026 09:33;;AYUDIN;CLOROX;;CLOROX;LAVANDINA;LAGO PUELO;LIMPIEZA;;;25;JOHANA VIGIL;AXUM;;CLOROX;False;131586;0;Lista General;AUTOSERVICIO - A;42781;01-10-2026;759-GABRIEL PEREZ;CLOROX;1;0,00000000;2311,66
102184;"Mitre 6272 0";WILDE;2026-10-02;02-10-2026;01-10-2026;FAC-A0001-00343121;Venta;LAGOPUELO S.A;60223;8,00;18493,28;22376,87;Shen Zhihao;;15,00 %;27;Samanta Dogliotti;274;Aydn Lavda TriPod 8/2l GP2;2311,66;3409;"";AUTOSERVICIO;AUTOSERVICIO;16736,00;SIMON OLIVERA;407,94;$;2;GRUPO AYUDIN ARGENTINA S.A;0,00000000;0,00;Efectivo;05-10-2026 09:33;;AYUDIN;CLOROX;;CLOROX;LAVANDINA;LAGO PUELO;LIMPIEZA;;;25;JOHANA VIGIL;AXUM;;CLOROX;False;131586;0;Lista General;AUTOSERVICIO - A;42781;01-10-2026;759-GABRIEL PEREZ;CLOROX;1;0,00000000;2311,66
100379;"Echeverria 1441 1 0";WILDE;2026-10-02;02-10-2026;01-10-2026;FAC-A0001-00343122;Venta;LAGOPUELO S.A;27816;12,00;26785,20;32410,09;Wang Qing;;0,00 %;26;Sabrina Pereyra;264;Poett Cnsta 12/27.5g                    ;2232,10;3409;"";AUTOSERVICIO;AUTOSERVICIO;20604,00;SIMON OLIVERA;0,00;$;2;GRUPO AYUDIN ARGENTINA S.A;0,00000000;0,00;Efectivo;05-10-2026 09:33;;POETT;CLOROX;;CLOROX;BAÒO;LAGO PUELO;LIMPIEZA;;;25;JOHANA VIGIL;AXUM;;CLOROX;False;131618;0;Lista General;AUTOSERVICIO - A;42782;01-10-2026;759-GABRIEL PEREZ;CLOROX;1;0,00000000;2232,10
108132;"Lomas De Zamora 244 0";WILDE;2026-10-02;02-10-2026;01-10-2026;FAC-A0001-00343128;Venta;LAGOPUELO S.A;61047;8,00;23682,26;28655,53;Jian Ping Zheng;;18,00 %;29;Camila Navarrete;294;Aydn RopQuitMnch BlncInt 8/2l;2960,28;3409;"";AUTOSERVICIO;AUTOSERVICIO;22216,00;SIMON OLIVERA;649,82;$;2;GRUPO AYUDIN ARGENTINA S.A;0,00000000;0,00;Efectivo;05-10-2026 09:33;;AYUDIN;CLOROX;;CLOROX;LAVADO DE ROPA;LAGO PUELO;LIMPIEZA;;;25;JOHANA VIGIL;AXUM;;CLOROX;False;131898;0;Lista General;AUTOSERVICIO - A;42795;01-10-2026;759-GABRIEL PEREZ;CLOROX;1;0,00000000;2960,28
107755;"Victor  Hugo 859 0";LANUS;2026-10-02;02-10-2026;01-10-2026;FAC-A0001-00343132;Venta;LAGOPUELO S.A;33575;6,00;11387,46;13778,83;Lin Wenfang;;0,00 %;26;Sabrina Pereyra;264;Aydn Ropa ClrViv DoyPk 16/400ml;1897,91;3409;"Venta modificada el 2026-10-01 17:37:38";AUTOSERVICIO;AUTOSERVICIO;8562,00;SIMON OLIVERA;0,00;$;2;GRUPO AYUDIN ARGENTINA S.A;0,00000000;0,00;Efectivo;05-10-2026 09:33;;AYUDIN;CLOROX;;CLOROX;LAVADO DE ROPA;LAGO PUELO;LIMPIEZA;;;25;JOHANA VIGIL;AXUM;;CLOROX;False;131918;0;Lista General;AUTOSERVICIO - A;42799;01-10-2026;759-GABRIEL PEREZ;CLOROX;1;0,00000000;1897,91
107755;"Victor  Hugo 859 0";LANUS;2026-10-02;02-10-2026;01-10-2026;FAC-A0001-00343132;Venta;LAGOPUELO S.A;32288;6,00;11037,00;13354,77;Lin Wenfang;;0,00 %;26;Sabrina Pereyra;264;Tren Oxi DoyPk 16/400ml                 ;1839,50;3409;"Venta modificada el 2026-10-01 17:37:38";AUTOSERVICIO;AUTOSERVICIO;8490,00;SIMON OLIVERA;0,00;$;2;GRUPO AYUDIN ARGENTINA S.A;0,00000000;0,00;Efectivo;05-10-2026 09:33;;TRENET;CLOROX;;CLOROX;LAVADO DE ROPA;LAGO PUELO;LIMPIEZA;;;25;JOHANA VIGIL;AXUM;;CLOROX;False;131918;0;Lista General;AUTOSERVICIO - A;42799;01-10-2026;759-GABRIEL PEREZ;CLOROX;1;0,00000000;1839,50
107755;"Victor  Hugo 859 0";LANUS;2026-10-02;02-10-2026;01-10-2026;FAC-A0001-00343132;Venta;LAGOPUELO S.A;61816;6,00;17091,36;20680,55;Lin Wenfang;;20,00 %;26;Sabrina Pereyra;264;Sltn MataMosq Aer AccInst 6/360ml BA;2848,56;3409;"Venta modificada el 2026-10-01 17:37:38";AUTOSERVICIO;AUTOSERVICIO;16434,00;SIMON OLIVERA;712,14;$;2;GRUPO AYUDIN ARGENTINA S.A;0,00000000;0,00;Efectivo;05-10-2026 09:33;;SELTON;CLOROX;;CLOROX;SELTON;LAGO PUELO;LIMPIEZA;;;25;JOHANA VIGIL;AXUM;;CLOROX;False;131918;0;Lista General;AUTOSERVICIO - A;42799;01-10-2026;759-GABRIEL PEREZ;CLOROX;1;0,00000000;2848,56
106360;"Victor Hugo 1210 0";MONTE CHINGOLO;2026-10-02;02-10-2026;01-10-2026;FAC-A0001-00343134;Venta;LAGOPUELO S.A;17927;15,00;12735,00;15409,35;KIRIAZI ELIAS ALFONSO;;20,00 %;26;Sabrina Pereyra;264;AYDN LAVDNA OR 15/1L;849,00;3409;"";Tradicionales;Almacen;12735,00;SIMON OLIVERA;212,25;$;2;GRUPO AYUDIN ARGENTINA S.A;0,00000000;0,00;Efectivo;05-10-2026 09:33;;AYUDIN;CLOROX;;CLOROX;LAVANDINA;LAGO PUELO;LIMPIEZA;;;25;JOHANA VIGIL;AXUM;;CLOROX;False;131950;0;Lista General;Almacen - A;42801;01-10-2026;759-GABRIEL PEREZ;CLOROX;1;0,00000000;849,00
106360;"Victor Hugo 1210 0";MONTE CHINGOLO;2026-10-02;02-10-2026;01-10-2026;FAC-A0001-00343134;Venta;LAGOPUELO S.A;60886;6,00;14924,13;18058,20;KIRIAZI ELIAS ALFONSO;;15,00 %;26;Sabrina Pereyra;264;Poett Aer FlrPrm ExtFrag 6/360ml;2487,36;3409;"";Tradicionales;Almacen;13506,00;SIMON OLIVERA;438,95;$;2;GRUPO AYUDIN ARGENTINA S.A;0,00000000;0,00;Efectivo;05-10-2026 09:33;;POETT;CLOROX;;CLOROX;AERO POETT;LAGO PUELO;LIMPIEZA;;;25;JOHANA VIGIL;AXUM;;CLOROX;False;131950;0;Lista General;Almacen - A;42801;01-10-2026;759-GABRIEL PEREZ;CLOROX;1;0,00000000;2487,36
106360;"Victor Hugo 1210 0";MONTE CHINGOLO;2026-10-02;02-10-2026;01-10-2026;FAC-A0001-00343134;Venta;LAGOPUELO S.A;61036;6,00;14924,13;18058,20;KIRIAZI ELIAS ALFONSO;;15,00 %;26;Sabrina Pereyra;264;Poett Aer EsptPly ExtFrag 6/360ml;2487,36;3409;"";Tradicionales;Almacen;13506,00;SIMON OLIVERA;438,95;$;2;GRUPO AYUDIN ARGENTINA S.A;0,00000000;0,00;Efectivo;05-10-2026 09:33;;POETT;CLOROX;;CLOROX;AERO POETT;LAGO PUELO;LIMPIEZA;;;25;JOHANA VIGIL;AXUM;;CLOROX;False;131950;0;Lista General;Almacen - A;42801;01-10-2026;759-GABRIEL PEREZ;CLOROX;1;0,00000000;2487,36
106360;"Victor Hugo 1210 0";MONTE CHINGOLO;2026-10-02;02-10-2026;01-10-2026;FAC-A0001-00343134;Venta;LAGOPUELO S.A;60888;6,00;14924,13;18058,20;KIRIAZI ELIAS ALFONSO;;15,00 %;26;Sabrina Pereyra;264;Poett Aer SvdAlg ExtFrag 6/360ml;2487,36;3409;"";Tradicionales;Almacen;13506,00;SIMON OLIVERA;438,95;$;2;GRUPO AYUDIN ARGENTINA S.A;0,00000000;0,00;Efectivo;05-10-2026 09:33;;POETT;CLOROX;;CLOROX;AERO POETT;LAGO PUELO;LIMPIEZA;;;25;JOHANA VIGIL;AXUM;;CLOROX;False;131950;0;Lista General;Almacen - A;42801;01-10-2026;759-GABRIEL PEREZ;CLOROX;1;0,00000000;2487,36
29531;"Av. Belgrano - (TRADICIONAL) 6002";WILDE;2026-10-02;02-10-2026;01-10-2026;FAC-A0001-00343136;Venta;LAGOPUELO S.A;61731;6,00;20145,41;24375,94;CRISTIAN ARIEL MARUCCIO;;15,00 %;29;Camila Navarrete;294;Sltn MataCuca Aer AccProl 6/360ml BA;3357,57;3409;"";AUTOSERVICIO;Autoservicio B;18516,00;SIMON OLIVERA;592,51;$;2;GRUPO AYUDIN ARGENTINA S.A;0,00000000;0,00;Contado;05-10-2026 09:33;;SELTON;CLOROX;;CLOROX;SELTON;LAGO PUELO;LIMPIEZA;;;25;JOHANA VIGIL;AXUM;;CLOROX;False;131956;0;Lista General;Autoservicio B - A;42803;01-10-2026;759-GABRIEL PEREZ;CLOROX;1;0,00000000;3357,57
29531;"Av. Belgrano - (TRADICIONAL) 6002";WILDE;2026-10-02;02-10-2026;01-10-2026;FAC-A0001-00343136;Venta;LAGOPUELO S.A;33576;3,00;5693,73;6889,41;CRISTIAN ARIEL MARUCCIO;;0,00 %;29;Camila Navarrete;294;Aydn Ropa BlncSprms DoyPk 16/400ml;1897,91;3409;"";AUTOSERVICIO;Autoservicio B;4281,00;SIMON OLIVERA;0,00;$;2;GRUPO AYUDIN ARGENTINA S.A;0,00000000;0,00;Contado;05-10-2026 09:33;;AYUDIN;CLOROX;;CLOROX;LAVADO DE ROPA;LAGO PUELO;LIMPIEZA;;;25;JOHANA VIGIL;AXUM;;CLOROX;False;131956;0;Lista General;Autoservicio B - A;42803;01-10-2026;759-GABRIEL PEREZ;CLOROX;1;0,00000000;1897,91
29531;"Av. Belgrano - (TRADICIONAL) 6002";WILDE;2026-10-02;02-10-2026;01-10-2026;FAC-A0001-00343136;Venta;LAGOPUELO S.A;33575;3,00;5693,73;6889,41;CRISTIAN ARIEL MARUCCIO;;0,00 %;29;Camila Navarrete;294;Aydn Ropa ClrViv DoyPk 16/400ml;1897,91;3409;"";AUTOSERVICIO;Autoservicio B;4281,00;SIMON OLIVERA;0,00;$;2;GRUPO AYUDIN ARGENTINA S.A;0,00000000;0,00;Contado;05-10-2026 09:33;;AYUDIN;CLOROX;;CLOROX;LAVADO DE ROPA;LAGO PUELO;LIMPIEZA;;;25;JOHANA VIGIL;AXUM;;CLOROX;False;131956;0;Lista General;Autoservicio B - A;42803;01-10-2026;759-GABRIEL PEREZ;CLOROX;1;0,00000000;1897,91
102313;"Onsari 158";WILDE;2026-10-02;02-10-2026;01-10-2026;FAC-A0001-00343138;Venta;LAGOPUELO S.A;60234;8,00;19779,23;23932,87;Fang Jinlang;;15,00 %;27;Samanta Dogliotti;274;Aydn Lavdna Gel Ctra 15/700ml GP2;2472,40;3409;"";AUTOSERVICIO;AUTOSERVICIO;17496,00;SIMON OLIVERA;436,31;$;2;GRUPO AYUDIN ARGENTINA S.A;0,00000000;0,00;Efectivo;05-10-2026 09:33;;AYUDIN;CLOROX;;CLOROX;LAVANDINA;LAGO PUELO;LIMPIEZA;;;25;JOHANA VIGIL;AXUM;;CLOROX;False;131968;0;Lista General;AUTOSERVICIO - A;42805;01-10-2026;759-GABRIEL PEREZ;CLOROX;1;0,00000000;2472,40
102313;"Onsari 158";WILDE;2026-10-02;02-10-2026;01-10-2026;FAC-A0001-00343138;Venta;LAGOPUELO S.A;60240;7,00;17306,82;20941,26;Fang Jinlang;;15,00 %;27;Samanta Dogliotti;274;Aydn Lavdna Gel Lavda EXPRT 15/700ml GP2;2472,40;3409;"";AUTOSERVICIO;AUTOSERVICIO;15309,00;SIMON OLIVERA;436,31;$;2;GRUPO AYUDIN ARGENTINA S.A;0,00000000;0,00;Efectivo;05-10-2026 09:33;;AYUDIN;CLOROX;;CLOROX;LAVANDINA;LAGO PUELO;LIMPIEZA;;;25;JOHANA VIGIL;AXUM;;CLOROX;False;131968;0;Lista General;AUTOSERVICIO - A;42805;01-10-2026;759-GABRIEL PEREZ;CLOROX;1;0,00000000;2472,40
104826;"Mitre 5772 0";WILDE;2026-10-02;02-10-2026;01-10-2026;FAC-A0001-00343139;Venta;LAGOPUELO S.A;61046;15,00;22306,05;26990,32;Zheng Jian Ping;;18,00 %;29;Camila Navarrete;294;Aydn RopQuitMnch BlncInt 15/1l;1487,07;3409;"";AUTOSERVICIO;AUTOSERVICIO;20925,00;SIMON OLIVERA;326,43;$;2;GRUPO AYUDIN ARGENTINA S.A;0,00000000;0,00;Efectivo;05-10-2026 09:33;;AYUDIN;CLOROX;;CLOROX;LAVADO DE ROPA;LAGO PUELO;LIMPIEZA;;;25;JOHANA VIGIL;AXUM;;CLOROX;False;131980;0;Lista General;AUTOSERVICIO - A;42806;01-10-2026;759-GABRIEL PEREZ;CLOROX;1;0,00000000;1487,07
104826;"Mitre 5772 0";WILDE;2026-10-02;02-10-2026;01-10-2026;FAC-A0001-00343139;Venta;LAGOPUELO S.A;60226;15,00;17403,75;21058,54;Zheng Jian Ping;;15,00 %;29;Camila Navarrete;294;Aydn PurGlac TriPod 15/1l GP2;1160,25;3409;"";AUTOSERVICIO;AUTOSERVICIO;15750,00;SIMON OLIVERA;204,75;$;2;GRUPO AYUDIN ARGENTINA S.A;0,00000000;0,00;Efectivo;05-10-2026 09:33;;AYUDIN;CLOROX;;CLOROX;LAVANDINA;LAGO PUELO;LIMPIEZA;;;25;JOHANA VIGIL;AXUM;;CLOROX;False;131980;0;Lista General;AUTOSERVICIO - A;42806;01-10-2026;759-GABRIEL PEREZ;CLOROX;1;0,00000000;1160,25
104826;"Mitre 5772 0";WILDE;2026-10-02;02-10-2026;01-10-2026;FAC-A0001-00343139;Venta;LAGOPUELO S.A;60223;8,00;18493,28;22376,87;Zheng Jian Ping;;15,00 %;29;Camila Navarrete;294;Aydn Lavda TriPod 8/2l GP2;2311,66;3409;"";AUTOSERVICIO;AUTOSERVICIO;16736,00;SIMON OLIVERA;407,94;$;2;GRUPO AYUDIN ARGENTINA S.A;0,00000000;0,00;Efectivo;05-10-2026 09:33;;AYUDIN;CLOROX;;CLOROX;LAVANDINA;LAGO PUELO;LIMPIEZA;;;25;JOHANA VIGIL;AXUM;;CLOROX;False;131980;0;Lista General;AUTOSERVICIO - A;42806;01-10-2026;759-GABRIEL PEREZ;CLOROX;1;0,00000000;2311,66
104826;"Mitre 5772 0";WILDE;2026-10-02;02-10-2026;01-10-2026;FAC-A0001-00343139;Venta;LAGOPUELO S.A;60239;15,00;37086,05;44874,12;Zheng Jian Ping;;15,00 %;29;Camila Navarrete;294;Aydn Lavdna Gel MntFrs 15/700ml GP2;2472,40;3409;"";AUTOSERVICIO;AUTOSERVICIO;32805,00;SIMON OLIVERA;436,31;$;2;GRUPO AYUDIN ARGENTINA S.A;0,00000000;0,00;Efectivo;05-10-2026 09:33;;AYUDIN;CLOROX;;CLOROX;LAVANDINA;LAGO PUELO;LIMPIEZA;;;25;JOHANA VIGIL;AXUM;;CLOROX;False;131980;0;Lista General;AUTOSERVICIO - A;42806;01-10-2026;759-GABRIEL PEREZ;CLOROX;1;0,00000000;2472,40
108424;"Salvador Soreda 4090 0";Villa Dominico;2026-10-02;02-10-2026;01-10-2026;FAC-A0001-00343140;Venta;LAGOPUELO S.A;61046;15,00;24482,25;29623,52;Caceres Cardenas Sixto;;10,00 %;28;Nadia Diaz;284;Aydn RopQuitMnch BlncInt 15/1l;1632,15;3409;"";Tradicionales;Almacen;20925,00;SIMON OLIVERA;181,35;$;2;GRUPO AYUDIN ARGENTINA S.A;0,00000000;0,00;Efectivo;05-10-2026 09:33;;AYUDIN;CLOROX;;CLOROX;LAVADO DE ROPA;LAGO PUELO;LIMPIEZA;;;25;JOHANA VIGIL;AXUM;;CLOROX;False;131983;0;Lista General;Almacen - A;42807;01-10-2026;759-GABRIEL PEREZ;CLOROX;1;0,00000000;1632,15
421;"WASHINGTON 546";Avellaneda;2026-10-02;02-10-2026;01-10-2026;FAC-A0001-00343144;Venta;LAGOPUELO S.A;60888;6,00;14924,13;18058,20;CHEN SHENQIANG;;15,00 %;28;Nadia Diaz;284;Poett Aer SvdAlg ExtFrag 6/360ml;2487,36;3409;"";AUTOSERVICIO;AUTOSERVICIO;13506,00;SIMON OLIVERA;438,95;$;2;GRUPO AYUDIN ARGENTINA S.A;0,00000000;0,00;Efectivo;05-10-2026 09:33;;POETT;CLOROX;;CLOROX;AERO POETT;LAGO PUELO;LIMPIEZA;;;25;JOHANA VIGIL;AXUM;;CLOROX;False;132070;0;Lista General;AUTOSERVICIO - A;42815;01-10-2026;759-GABRIEL PEREZ;CLOROX;1;0,00000000;2487,36
421;"WASHINGTON 546";Avellaneda;2026-10-02;02-10-2026;01-10-2026;FAC-A0001-00343144;Venta;LAGOPUELO S.A;61033;6,00;14924,13;18058,20;CHEN SHENQIANG;;15,00 %;28;Nadia Diaz;284;Poett Aer DsprtarEnrg ExtFrag 6/360ml;2487,36;3409;"";AUTOSERVICIO;AUTOSERVICIO;13506,00;SIMON OLIVERA;438,95;$;2;GRUPO AYUDIN ARGENTINA S.A;0,00000000;0,00;Efectivo;05-10-2026 09:33;;POETT;CLOROX;;CLOROX;AERO POETT;LAGO PUELO;LIMPIEZA;;;25;JOHANA VIGIL;AXUM;;CLOROX;False;132070;0;Lista General;AUTOSERVICIO - A;42815;01-10-2026;759-GABRIEL PEREZ;CLOROX;1;0,00000000;2487,36
421;"WASHINGTON 546";Avellaneda;2026-10-02;02-10-2026;01-10-2026;FAC-A0001-00343144;Venta;LAGOPUELO S.A;61620;5,00;16737,50;20252,38;CHEN SHENQIANG;;0,00 %;28;Nadia Diaz;284;Aydn Bn Limp† Act Or Gat 12/500 ml;3347,50;3409;"";AUTOSERVICIO;AUTOSERVICIO;12875,00;SIMON OLIVERA;0,00;$;2;GRUPO AYUDIN ARGENTINA S.A;0,00000000;0,00;Efectivo;05-10-2026 09:33;;AYUDIN;CLOROX;;CLOROX;BAÒO;LAGO PUELO;LIMPIEZA;;;25;JOHANA VIGIL;AXUM;;CLOROX;False;132070;0;Lista General;AUTOSERVICIO - A;42815;01-10-2026;759-GABRIEL PEREZ;CLOROX;1;0,00000000;3347,50
421;"WASHINGTON 546";Avellaneda;2026-10-02;02-10-2026;01-10-2026;FAC-A0001-00343144;Venta;LAGOPUELO S.A;32288;6,00;11037,00;13354,77;CHEN SHENQIANG;;0,00 %;28;Nadia Diaz;284;Tren Oxi DoyPk 16/400ml                 ;1839,50;3409;"";AUTOSERVICIO;AUTOSERVICIO;8490,00;SIMON OLIVERA;0,00;$;2;GRUPO AYUDIN ARGENTINA S.A;0,00000000;0,00;Efectivo;05-10-2026 09:33;;TRENET;CLOROX;;CLOROX;LAVADO DE ROPA;LAGO PUELO;LIMPIEZA;;;25;JOHANA VIGIL;AXUM;;CLOROX;False;132070;0;Lista General;AUTOSERVICIO - A;42815;01-10-2026;759-GABRIEL PEREZ;CLOROX;1;0,00000000;1839,50
421;"WASHINGTON 546";Avellaneda;2026-10-02;02-10-2026;01-10-2026;FAC-A0001-00343144;Venta;LAGOPUELO S.A;22963;3,00;12288,90;14869,57;CHEN SHENQIANG;;0,00 %;28;Nadia Diaz;284;Tren Oxi Trig EftEspma 12/500ml         ;4096,30;3409;"";AUTOSERVICIO;AUTOSERVICIO;9453,00;SIMON OLIVERA;0,00;$;2;GRUPO AYUDIN ARGENTINA S.A;0,00000000;0,00;Efectivo;05-10-2026 09:33;;TRENET;CLOROX;;CLOROX;AERO POETT;LAGO PUELO;LIMPIEZA;;;25;JOHANA VIGIL;AXUM;;CLOROX;False;132070;0;Lista General;AUTOSERVICIO - A;42815;01-10-2026;759-GABRIEL PEREZ;CLOROX;1;0,00000000;4096,30
421;"WASHINGTON 546";Avellaneda;2026-10-02;02-10-2026;01-10-2026;FAC-A0001-00343144;Venta;LAGOPUELO S.A;34324;12,00;15752,06;19060,00;CHEN SHENQIANG;;20,00 %;28;Nadia Diaz;284;Poett Desinf. Flores de Primavera 900ml;1312,67;3409;"";AUTOSERVICIO;AUTOSERVICIO;15504,00;SIMON OLIVERA;328,17;$;2;GRUPO AYUDIN ARGENTINA S.A;0,00000000;0,00;Efectivo;05-10-2026 09:33;;POETT;CLOROX;;CLOROX;PISO;LAGO PUELO;LIMPIEZA;;;25;JOHANA VIGIL;AXUM;;CLOROX;False;132070;0;Lista General;AUTOSERVICIO - A;42815;01-10-2026;759-GABRIEL PEREZ;CLOROX;1;0,00000000;1312,67
421;"WASHINGTON 546";Avellaneda;2026-10-02;02-10-2026;01-10-2026;FAC-A0001-00343144;Venta;LAGOPUELO S.A;36001;12,00;15752,06;19060,00;CHEN SHENQIANG;;20,00 %;28;Nadia Diaz;284;POETT FRSC TROP 12/900;1312,67;3409;"";AUTOSERVICIO;AUTOSERVICIO;15504,00;SIMON OLIVERA;328,17;$;2;GRUPO AYUDIN ARGENTINA S.A;0,00000000;0,00;Efectivo;05-10-2026 09:33;;POETT;CLOROX;;CLOROX;PISO;LAGO PUELO;LIMPIEZA;;;25;JOHANA VIGIL;AXUM;;CLOROX;False;132070;0;Lista General;AUTOSERVICIO - A;42815;01-10-2026;759-GABRIEL PEREZ;CLOROX;1;0,00000000;1312,67
421;"WASHINGTON 546";Avellaneda;2026-10-02;02-10-2026;01-10-2026;FAC-A0001-00343144;Venta;LAGOPUELO S.A;34327;12,00;15752,06;19060,00;CHEN SHENQIANG;;20,00 %;28;Nadia Diaz;284;Poett Desinf. Solo para ti 900ml;1312,67;3409;"";AUTOSERVICIO;AUTOSERVICIO;15504,00;SIMON OLIVERA;328,17;$;2;GRUPO AYUDIN ARGENTINA S.A;0,00000000;0,00;Efectivo;05-10-2026 09:33;;POETT;CLOROX;;CLOROX;PISO;LAGO PUELO;LIMPIEZA;;;25;JOHANA VIGIL;AXUM;;CLOROX;False;132070;0;Lista General;AUTOSERVICIO - A;42815;01-10-2026;759-GABRIEL PEREZ;CLOROX;1;0,00000000;1312,67
92;"894 4383";San Francisco Solano;2026-10-02;02-10-2026;01-10-2026;FAC-A0001-00343147;Venta;LAGOPUELO S.A;17927;15,00;12735,00;15409,35;Carnes de ternera srl;;20,00 %;056;Ezequiel Ferreira;0564;AYDN LAVDNA OR 15/1L;849,00;3412;"";ALMACEN;ALMACEN;12735,00;IVAN MONTOYA;212,25;$;2;GRUPO AYUDIN ARGENTINA S.A;0,00000000;0,00;Efectivo;06-10-2026 16:07;;AYUDIN;CLOROX;;CLOROX;LAVANDINA;LAGO PUELO;LIMPIEZA;;;300;Bruno Centurion;AXUM;;CLOROX;False;131608;0;Lista General;ALMACEN - A;42990;01-10-2026;759-GABRIEL PEREZ;CLOROX;1;0,00000000;849,00
92;"894 4383";San Francisco Solano;2026-10-02;02-10-2026;01-10-2026;FAC-A0001-00343147;Venta;LAGOPUELO S.A;36003;8,00;13912,00;16833,52;Carnes de ternera srl;;20,00 %;056;Ezequiel Ferreira;0564;AYDN LAVDNA OR 25g/l 8/2l;1739,00;3412;"";ALMACEN;ALMACEN;13912,00;IVAN MONTOYA;434,75;$;2;GRUPO AYUDIN ARGENTINA S.A;0,00000000;0,00;Efectivo;06-10-2026 16:07;;AYUDIN;CLOROX;;CLOROX;LAVANDINA;LAGO PUELO;LIMPIEZA;;;300;Bruno Centurion;AXUM;;CLOROX;False;131608;0;Lista General;ALMACEN - A;42990;01-10-2026;759-GABRIEL PEREZ;CLOROX;1;0,00000000;1739,00
92;"894 4383";San Francisco Solano;2026-10-02;02-10-2026;01-10-2026;FAC-A0001-00343147;Venta;LAGOPUELO S.A;60222;15,00;18427,50;22297,28;Carnes de ternera srl;;10,00 %;056;Ezequiel Ferreira;0564;Aydn Lavda TriPod 15/1l GP2;1228,50;3412;"";ALMACEN;ALMACEN;15750,00;IVAN MONTOYA;136,50;$;2;GRUPO AYUDIN ARGENTINA S.A;0,00000000;0,00;Efectivo;06-10-2026 16:07;;AYUDIN;CLOROX;;CLOROX;LAVANDINA;LAGO PUELO;LIMPIEZA;;;300;Bruno Centurion;AXUM;;CLOROX;False;131608;0;Lista General;ALMACEN - A;42990;01-10-2026;759-GABRIEL PEREZ;CLOROX;1;0,00000000;1228,50
92;"894 4383";San Francisco Solano;2026-10-02;02-10-2026;01-10-2026;FAC-A0001-00343147;Venta;LAGOPUELO S.A;60226;15,00;18427,50;22297,28;Carnes de ternera srl;;10,00 %;056;Ezequiel Ferreira;0564;Aydn PurGlac TriPod 15/1l GP2;1228,50;3412;"";ALMACEN;ALMACEN;15750,00;IVAN MONTOYA;136,50;$;2;GRUPO AYUDIN ARGENTINA S.A;0,00000000;0,00;Efectivo;06-10-2026 16:07;;AYUDIN;CLOROX;;CLOROX;LAVANDINA;LAGO PUELO;LIMPIEZA;;;300;Bruno Centurion;AXUM;;CLOROX;False;131608;0;Lista General;ALMACEN - A;42990;01-10-2026;759-GABRIEL PEREZ;CLOROX;1;0,00000000;1228,50
92;"894 4383";San Francisco Solano;2026-10-02;02-10-2026;01-10-2026;FAC-A0001-00343147;Venta;LAGOPUELO S.A;60223;8,00;19581,12;23693,16;Carnes de ternera srl;;10,00 %;056;Ezequiel Ferreira;0564;Aydn Lavda TriPod 8/2l GP2;2447,64;3412;"";ALMACEN;ALMACEN;16736,00;IVAN MONTOYA;271,96;$;2;GRUPO AYUDIN ARGENTINA S.A;0,00000000;0,00;Efectivo;06-10-2026 16:07;;AYUDIN;CLOROX;;CLOROX;LAVANDINA;LAGO PUELO;LIMPIEZA;;;300;Bruno Centurion;AXUM;;CLOROX;False;131608;0;Lista General;ALMACEN - A;42990;01-10-2026;759-GABRIEL PEREZ;CLOROX;1;0,00000000;2447,64
92;"894 4383";San Francisco Solano;2026-10-02;02-10-2026;01-10-2026;FAC-A0001-00343147;Venta;LAGOPUELO S.A;61047;8,00;24548,68;29703,90;Carnes de ternera srl;;15,00 %;056;Ezequiel Ferreira;0564;Aydn RopQuitMnch BlncInt 8/2l;3068,59;3412;"";ALMACEN;ALMACEN;22216,00;IVAN MONTOYA;541,52;$;2;GRUPO AYUDIN ARGENTINA S.A;0,00000000;0,00;Efectivo;06-10-2026 16:07;;AYUDIN;CLOROX;;CLOROX;LAVADO DE ROPA;LAGO PUELO;LIMPIEZA;;;300;Bruno Centurion;AXUM;;CLOROX;False;131608;0;Lista General;ALMACEN - A;42990;01-10-2026;759-GABRIEL PEREZ;CLOROX;1;0,00000000;3068,59
92;"894 4383";San Francisco Solano;2026-10-02;02-10-2026;01-10-2026;FAC-A0001-00343147;Venta;LAGOPUELO S.A;60227;8,00;19581,12;23693,16;Carnes de ternera srl;;10,00 %;056;Ezequiel Ferreira;0564;Aydn PurGlac TriPod 8/2l GP2;2447,64;3412;"";ALMACEN;ALMACEN;16736,00;IVAN MONTOYA;271,96;$;2;GRUPO AYUDIN ARGENTINA S.A;0,00000000;0,00;Efectivo;06-10-2026 16:07;;AYUDIN;CLOROX;;CLOROX;LAVANDINA;LAGO PUELO;LIMPIEZA;;;300;Bruno Centurion;AXUM;;CLOROX;False;131608;0;Lista General;ALMACEN - A;42990;01-10-2026;759-GABRIEL PEREZ;CLOROX;1;0,00000000;2447,64
92;"894 4383";San Francisco Solano;2026-10-02;02-10-2026;01-10-2026;FAC-A0001-00343147;Venta;LAGOPUELO S.A;34320;12,00;15752,06;19060,00;Carnes de ternera srl;;20,00 %;056;Ezequiel Ferreira;0564;Poett Desinf. Frescura de Lavanda 900ml;1312,67;3412;"";ALMACEN;ALMACEN;15504,00;IVAN MONTOYA;328,17;$;2;GRUPO AYUDIN ARGENTINA S.A;0,00000000;0,00;Efectivo;06-10-2026 16:07;;POETT;CLOROX;;CLOROX;PISO;LAGO PUELO;LIMPIEZA;;;300;Bruno Centurion;AXUM;;CLOROX;False;131608;0;Lista General;ALMACEN - A;42990;01-10-2026;759-GABRIEL PEREZ;CLOROX;1;0,00000000;1312,67
92;"894 4383";San Francisco Solano;2026-10-02;02-10-2026;01-10-2026;FAC-A0001-00343147;Venta;LAGOPUELO S.A;34324;12,00;15752,06;19060,00;Carnes de ternera srl;;20,00 %;056;Ezequiel Ferreira;0564;Poett Desinf. Flores de Primavera 900ml;1312,67;3412;"";ALMACEN;ALMACEN;15504,00;IVAN MONTOYA;328,17;$;2;GRUPO AYUDIN ARGENTINA S.A;0,00000000;0,00;Efectivo;06-10-2026 16:07;;POETT;CLOROX;;CLOROX;PISO;LAGO PUELO;LIMPIEZA;;;300;Bruno Centurion;AXUM;;CLOROX;False;131608;0;Lista General;ALMACEN - A;42990;01-10-2026;759-GABRIEL PEREZ;CLOROX;1;0,00000000;1312,67
92;"894 4383";San Francisco Solano;2026-10-02;02-10-2026;01-10-2026;FAC-A0001-00343147;Venta;LAGOPUELO S.A;33576;3,00;5693,73;6889,41;Carnes de ternera srl;;0,00 %;056;Ezequiel Ferreira;0564;Aydn Ropa BlncSprms DoyPk 16/400ml;1897,91;3412;"";ALMACEN;ALMACEN;4281,00;IVAN MONTOYA;0,00;$;2;GRUPO AYUDIN ARGENTINA S.A;0,00000000;0,00;Efectivo;06-10-2026 16:07;;AYUDIN;CLOROX;;CLOROX;LAVADO DE ROPA;LAGO PUELO;LIMPIEZA;;;300;Bruno Centurion;AXUM;;CLOROX;False;131608;0;Lista General;ALMACEN - A;42990;01-10-2026;759-GABRIEL PEREZ;CLOROX;1;0,00000000;1897,91
92;"894 4383";San Francisco Solano;2026-10-02;02-10-2026;01-10-2026;FAC-A0001-00343147;Venta;LAGOPUELO S.A;61816;6,00;17091,36;20680,55;Carnes de ternera srl;;20,00 %;056;Ezequiel Ferreira;0564;Sltn MataMosq Aer AccInst 6/360ml BA;2848,56;3412;"";ALMACEN;ALMACEN;16434,00;IVAN MONTOYA;712,14;$;2;GRUPO AYUDIN ARGENTINA S.A;0,00000000;0,00;Efectivo;06-10-2026 16:07;;SELTON;CLOROX;;CLOROX;SELTON;LAGO PUELO;LIMPIEZA;;;300;Bruno Centurion;AXUM;;CLOROX;False;131608;0;Lista General;ALMACEN - A;42990;01-10-2026;759-GABRIEL PEREZ;CLOROX;1;0,00000000;2848,56
3088;"AVDA GRAL MOSCONI 3973";QUILMES;2026-10-02;02-10-2026;01-10-2026;FAC-A0001-00343149;Venta;LAGOPUELO S.A;60223;16,00;36986,56;44753,74;LIN JIANKUI;;15,00 %;053;Verona Abati;0534;Aydn Lavda TriPod 8/2l GP2;2311,66;3412;"";AUTOSERVICIO;AUTOSERVICIO;33472,00;IVAN MONTOYA;407,94;$;2;GRUPO AYUDIN ARGENTINA S.A;0,00000000;0,00;Contado;06-10-2026 16:07;;AYUDIN;CLOROX;;CLOROX;LAVANDINA;LAGO PUELO;LIMPIEZA;;;300;Bruno Centurion;AXUM;;CLOROX;False;131663;0;Lista General;AUTOSERVICIO - A;42992;01-10-2026;759-GABRIEL PEREZ;CLOROX;1;0,00000000;2311,66
3088;"AVDA GRAL MOSCONI 3973";QUILMES;2026-10-02;02-10-2026;01-10-2026;FAC-A0001-00343149;Venta;LAGOPUELO S.A;60227;8,00;18493,28;22376,87;LIN JIANKUI;;15,00 %;053;Verona Abati;0534;Aydn PurGlac TriPod 8/2l GP2;2311,66;3412;"";AUTOSERVICIO;AUTOSERVICIO;16736,00;IVAN MONTOYA;407,94;$;2;GRUPO AYUDIN ARGENTINA S.A;0,00000000;0,00;Contado;06-10-2026 16:07;;AYUDIN;CLOROX;;CLOROX;LAVANDINA;LAGO PUELO;LIMPIEZA;;;300;Bruno Centurion;AXUM;;CLOROX;False;131663;0;Lista General;AUTOSERVICIO - A;42992;01-10-2026;759-GABRIEL PEREZ;CLOROX;1;0,00000000;2311,66
91;"895 4436";San Francisco Solano;2026-10-02;02-10-2026;01-10-2026;FAC-A0001-00343152;Venta;LAGOPUELO S.A;34342;6,00;7876,03;9530,00;CARNES DE TERNERA SRL;;20,00 %;056;Ezequiel Ferreira;0564;Poett Dsnf AlgrDia 12/900ml;1312,67;3412;"";ALMACEN;ALMACEN;7752,00;IVAN MONTOYA;328,17;$;2;GRUPO AYUDIN ARGENTINA S.A;0,00000000;0,00;Efectivo;06-10-2026 16:07;;POETT;CLOROX;;CLOROX;PISO;LAGO PUELO;LIMPIEZA;;;300;Bruno Centurion;AXUM;;CLOROX;False;131680;0;Lista General;ALMACEN - A;42995;01-10-2026;759-GABRIEL PEREZ;CLOROX;1;0,00000000;1312,67
91;"895 4436";San Francisco Solano;2026-10-02;02-10-2026;01-10-2026;FAC-A0001-00343152;Venta;LAGOPUELO S.A;34320;6,00;7876,03;9530,00;CARNES DE TERNERA SRL;;20,00 %;056;Ezequiel Ferreira;0564;Poett Desinf. Frescura de Lavanda 900ml;1312,67;3412;"";ALMACEN;ALMACEN;7752,00;IVAN MONTOYA;328,17;$;2;GRUPO AYUDIN ARGENTINA S.A;0,00000000;0,00;Efectivo;06-10-2026 16:07;;POETT;CLOROX;;CLOROX;PISO;LAGO PUELO;LIMPIEZA;;;300;Bruno Centurion;AXUM;;CLOROX;False;131680;0;Lista General;ALMACEN - A;42995;01-10-2026;759-GABRIEL PEREZ;CLOROX;1;0,00000000;1312,67
603;"AV LA PLATA 4559";Quilmes;2026-10-02;02-10-2026;01-10-2026;FAC-A0001-00343156;Venta;LAGOPUELO S.A;21313;6,00;13127,40;15884,15;Xia Liangmei;;0,00 %;2;Fernanda Cejas;24;Tren Bol 72/120ml                       ;2187,90;3412;"";AUTOSERVICIO;AUTOSERVICIO;10098,00;IVAN MONTOYA;0,00;$;2;GRUPO AYUDIN ARGENTINA S.A;0,00000000;0,00;Efectivo;06-10-2026 16:07;;TRENET;CLOROX;;CLOROX;LAVADO DE ROPA;LAGO PUELO;LIMPIEZA;;;25;JOHANA VIGIL;AXUM;;CLOROX;False;131737;0;Lista General;AUTOSERVICIO - A;43000;01-10-2026;759-GABRIEL PEREZ;CLOROX;1;0,00000000;2187,90
3715;"GRAL TORIBIO DE LUZURIAGA 3328";Quilmes;2026-10-02;02-10-2026;01-10-2026;FAC-A0001-00343159;Venta;LAGOPUELO S.A;17927;15,00;12257,44;14831,50;LAFUENTE MARIA LOURDES;;23,00 %;053;Verona Abati;0534;AYDN LAVDNA OR 15/1L;817,16;3412;"";ALMACEN;ALMACEN;12735,00;IVAN MONTOYA;244,09;$;2;GRUPO AYUDIN ARGENTINA S.A;0,00000000;0,00;Contado;06-10-2026 16:07;;AYUDIN;CLOROX;;CLOROX;LAVANDINA;LAGO PUELO;LIMPIEZA;;;300;Bruno Centurion;AXUM;;CLOROX;False;131819;0;Lista General;ALMACEN - A;43005;01-10-2026;759-GABRIEL PEREZ;CLOROX;1;0,00000000;817,16
3715;"GRAL TORIBIO DE LUZURIAGA 3328";Quilmes;2026-10-02;02-10-2026;01-10-2026;FAC-A0001-00343159;Venta;LAGOPUELO S.A;36003;8,00;13390,30;16202,26;LAFUENTE MARIA LOURDES;;23,00 %;053;Verona Abati;0534;AYDN LAVDNA OR 25g/l 8/2l;1673,79;3412;"";ALMACEN;ALMACEN;13912,00;IVAN MONTOYA;499,96;$;2;GRUPO AYUDIN ARGENTINA S.A;0,00000000;0,00;Contado;06-10-2026 16:07;;AYUDIN;CLOROX;;CLOROX;LAVANDINA;LAGO PUELO;LIMPIEZA;;;300;Bruno Centurion;AXUM;;CLOROX;False;131819;0;Lista General;ALMACEN - A;43005;01-10-2026;759-GABRIEL PEREZ;CLOROX;1;0,00000000;1673,79
322191;"URUGUAY 2234";EZPELETA;2026-10-02;02-10-2026;01-10-2026;FAC-A0001-00343161;Venta;LAGOPUELO S.A;61575;12,00;20950,80;25350,47;CHEN BIQING;;0,00 %;2;Fernanda Cejas;24;Aydn A.hongos Removedor Activo Doy Pack 16/450ml;1745,90;3412;"";AUTOSERVICIO;AUTOSERVICIO;16116,00;IVAN MONTOYA;0,00;$;2;GRUPO AYUDIN ARGENTINA S.A;0,00000000;0,00;Contado;06-10-2026 16:07;;AYUDIN;CLOROX;;CLOROX;BAÒO;LAGO PUELO;LIMPIEZA;;;25;JOHANA VIGIL;AXUM;;CLOROX;False;131840;0;Lista General;AUTOSERVICIO - A;43007;01-10-2026;759-GABRIEL PEREZ;CLOROX;1;0,00000000;1745,90
322191;"URUGUAY 2234";EZPELETA;2026-10-02;02-10-2026;01-10-2026;FAC-A0001-00343161;Venta;LAGOPUELO S.A;60231;15,00;24339,00;29450,19;CHEN BIQING;;0,00 %;2;Fernanda Cejas;24;Aydn A-Sp Trad 15/1l GP2;1622,60;3412;"";AUTOSERVICIO;AUTOSERVICIO;18300,00;IVAN MONTOYA;0,00;$;2;GRUPO AYUDIN ARGENTINA S.A;0,00000000;0,00;Contado;06-10-2026 16:07;;AYUDIN;CLOROX;;CLOROX;LAVANDINA;LAGO PUELO;LIMPIEZA;;;25;JOHANA VIGIL;AXUM;;CLOROX;False;131840;0;Lista General;AUTOSERVICIO - A;43007;01-10-2026;759-GABRIEL PEREZ;CLOROX;1;0,00000000;1622,60
322191;"URUGUAY 2234";EZPELETA;2026-10-02;02-10-2026;01-10-2026;FAC-A0001-00343161;Venta;LAGOPUELO S.A;33575;16,00;30366,56;36743,54;CHEN BIQING;;0,00 %;2;Fernanda Cejas;24;Aydn Ropa ClrViv DoyPk 16/400ml;1897,91;3412;"";AUTOSERVICIO;AUTOSERVICIO;22832,00;IVAN MONTOYA;0,00;$;2;GRUPO AYUDIN ARGENTINA S.A;0,00000000;0,00;Contado;06-10-2026 16:07;;AYUDIN;CLOROX;;CLOROX;LAVADO DE ROPA;LAGO PUELO;LIMPIEZA;;;25;JOHANA VIGIL;AXUM;;CLOROX;False;131840;0;Lista General;AUTOSERVICIO - A;43007;01-10-2026;759-GABRIEL PEREZ;CLOROX;1;0,00000000;1897,91
322912;"CALLE 893 5261";Quilmes;2026-10-02;02-10-2026;01-10-2026;FAC-A0001-00343166;Venta;LAGOPUELO S.A;34320;4,00;5250,69;6353,33;GORRITTI HECTOR RAUL;;20,00 %;056;Ezequiel Ferreira;0564;Poett Desinf. Frescura de Lavanda 900ml;1312,67;3412;"";ALMACEN;ALMACEN;5168,00;IVAN MONTOYA;328,17;$;2;GRUPO AYUDIN ARGENTINA S.A;0,00000000;0,00;Contado;06-10-2026 16:07;;POETT;CLOROX;;CLOROX;PISO;LAGO PUELO;LIMPIEZA;;;300;Bruno Centurion;AXUM;;CLOROX;False;131915;0;Lista General;ALMACEN - A;43016;01-10-2026;759-GABRIEL PEREZ;CLOROX;1;0,00000000;1312,67
322912;"CALLE 893 5261";Quilmes;2026-10-02;02-10-2026;01-10-2026;FAC-A0001-00343166;Venta;LAGOPUELO S.A;34324;4,00;5250,69;6353,33;GORRITTI HECTOR RAUL;;20,00 %;056;Ezequiel Ferreira;0564;Poett Desinf. Flores de Primavera 900ml;1312,67;3412;"";ALMACEN;ALMACEN;5168,00;IVAN MONTOYA;328,17;$;2;GRUPO AYUDIN ARGENTINA S.A;0,00000000;0,00;Contado;06-10-2026 16:07;;POETT;CLOROX;;CLOROX;PISO;LAGO PUELO;LIMPIEZA;;;300;Bruno Centurion;AXUM;;CLOROX;False;131915;0;Lista General;ALMACEN - A;43016;01-10-2026;759-GABRIEL PEREZ;CLOROX;1;0,00000000;1312,67
322912;"CALLE 893 5261";Quilmes;2026-10-02;02-10-2026;01-10-2026;FAC-A0001-00343166;Venta;LAGOPUELO S.A;34327;4,00;5250,69;6353,33;GORRITTI HECTOR RAUL;;20,00 %;056;Ezequiel Ferreira;0564;Poett Desinf. Solo para ti 900ml;1312,67;3412;"";ALMACEN;ALMACEN;5168,00;IVAN MONTOYA;328,17;$;2;GRUPO AYUDIN ARGENTINA S.A;0,00000000;0,00;Contado;06-10-2026 16:07;;POETT;CLOROX;;CLOROX;PISO;LAGO PUELO;LIMPIEZA;;;300;Bruno Centurion;AXUM;;CLOROX;False;131915;0;Lista General;ALMACEN - A;43016;01-10-2026;759-GABRIEL PEREZ;CLOROX;1;0,00000000;1312,67
322912;"CALLE 893 5261";Quilmes;2026-10-02;02-10-2026;01-10-2026;FAC-A0001-00343166;Venta;LAGOPUELO S.A;17927;15,00;12735,00;15409,35;GORRITTI HECTOR RAUL;;20,00 %;056;Ezequiel Ferreira;0564;AYDN LAVDNA OR 15/1L;849,00;3412;"";ALMACEN;ALMACEN;12735,00;IVAN MONTOYA;212,25;$;2;GRUPO AYUDIN ARGENTINA S.A;0,00000000;0,00;Contado;06-10-2026 16:07;;AYUDIN;CLOROX;;CLOROX;LAVANDINA;LAGO PUELO;LIMPIEZA;;;300;Bruno Centurion;AXUM;;CLOROX;False;131915;0;Lista General;ALMACEN - A;43016;01-10-2026;759-GABRIEL PEREZ;CLOROX;1;0,00000000;849,00
322912;"CALLE 893 5261";Quilmes;2026-10-02;02-10-2026;01-10-2026;FAC-A0001-00343166;Venta;LAGOPUELO S.A;60233;3,00;7417,21;8974,82;GORRITTI HECTOR RAUL;;15,00 %;056;Ezequiel Ferreira;0564;Aydn Lavdna Gel Or 15/700ml GP2;2472,40;3412;"";ALMACEN;ALMACEN;6561,00;IVAN MONTOYA;436,31;$;2;GRUPO AYUDIN ARGENTINA S.A;0,00000000;0,00;Contado;06-10-2026 16:07;;AYUDIN;CLOROX;;CLOROX;LAVANDINA;LAGO PUELO;LIMPIEZA;;;300;Bruno Centurion;AXUM;;CLOROX;False;131915;0;Lista General;ALMACEN - A;43016;01-10-2026;759-GABRIEL PEREZ;CLOROX;1;0,00000000;2472,40
4049;"URUGUAY 2344";EZPELETA;2026-10-02;02-10-2026;01-10-2026;FAC-A0001-00343169;Venta;LAGOPUELO S.A;36003;8,00;13912,00;16833,52;CLAUDIO LIMA GUILLERMO;;20,00 %;053;Verona Abati;0534;AYDN LAVDNA OR 25g/l 8/2l;1739,00;3412;"";Tradicionales;Almacen;13912,00;IVAN MONTOYA;434,75;$;2;GRUPO AYUDIN ARGENTINA S.A;0,00000000;0,00;Contado;06-10-2026 16:07;;AYUDIN;CLOROX;;CLOROX;LAVANDINA;LAGO PUELO;LIMPIEZA;;;300;Bruno Centurion;AXUM;;CLOROX;False;132010;0;Lista General;Almacen - A;43019;01-10-2026;759-GABRIEL PEREZ;CLOROX;1;0,00000000;1739,00
3075;"ESTANISLAO DEL CAMPO 4229";Quilmes;2026-10-02;02-10-2026;01-10-2026;FAC-A0001-00343170;Venta;LAGOPUELO S.A;60231;15,00;24339,00;29450,19;LI YIHANG;;0,00 %;053;Verona Abati;0534;Aydn A-Sp Trad 15/1l GP2;1622,60;3412;"";AUTOSERVICIO;AUTOSERVICIO;18300,00;IVAN MONTOYA;0,00;$;2;GRUPO AYUDIN ARGENTINA S.A;0,00000000;0,00;Contado;06-10-2026 16:07;;AYUDIN;CLOROX;;CLOROX;LAVANDINA;LAGO PUELO;LIMPIEZA;;;300;Bruno Centurion;AXUM;;CLOROX;False;132044;0;Lista General;AUTOSERVICIO - A;43022;01-10-2026;759-GABRIEL PEREZ;CLOROX;1;0,00000000;1622,60
322191;"URUGUAY 2234";EZPELETA;2026-10-02;02-10-2026;01-10-2026;FAC-A0001-00343174;Venta;LAGOPUELO S.A;61046;15,00;22306,05;26990,32;CHEN BIQING;;18,00 %;2;Fernanda Cejas;24;Aydn RopQuitMnch BlncInt 15/1l;1487,07;3412;"";AUTOSERVICIO;AUTOSERVICIO;20925,00;IVAN MONTOYA;326,43;$;2;GRUPO AYUDIN ARGENTINA S.A;0,00000000;0,00;Contado;06-10-2026 16:07;;AYUDIN;CLOROX;;CLOROX;LAVADO DE ROPA;LAGO PUELO;LIMPIEZA;;;25;JOHANA VIGIL;AXUM;;CLOROX;False;132061;0;Lista General;AUTOSERVICIO - A;43027;01-10-2026;759-GABRIEL PEREZ;CLOROX;1;0,00000000;1487,07
22525;"AV. CALCHAQUI - (TRADICIONAL) 3399";QUILMES;2026-10-02;02-10-2026;01-10-2026;FAC-A0001-00343176;Venta;LAGOPUELO S.A;60408;6,00;22886,64;27692,83;ANDREA VERONICA SALEMI;;0,00 %;3;VACANTE;34;Ayudin Ropa Blancos Supremos 15/700ml;3814,44;3412;"";KIOSCO;KIOSCO;17208,00;IVAN MONTOYA;0,00;$;2;GRUPO AYUDIN ARGENTINA S.A;0,00000000;0,00;Contado;06-10-2026 16:07;;AYUDIN;CLOROX;;CLOROX;LAVADO DE ROPA;LAGO PUELO;LIMPIEZA;;;25;JOHANA VIGIL;AXUM;;CLOROX;False;132068;0;Lista General;KIOSCO - A;43030;01-10-2026;759-GABRIEL PEREZ;CLOROX;1;0,00000000;3814,44
22525;"AV. CALCHAQUI - (TRADICIONAL) 3399";QUILMES;2026-10-02;02-10-2026;01-10-2026;FAC-A0001-00343176;Venta;LAGOPUELO S.A;60402;6,00;22886,64;27692,83;ANDREA VERONICA SALEMI;;0,00 %;3;VACANTE;34;Ayudin Ropa Colores Vivos 15/700ml;3814,44;3412;"";KIOSCO;KIOSCO;17208,00;IVAN MONTOYA;0,00;$;2;GRUPO AYUDIN ARGENTINA S.A;0,00000000;0,00;Contado;06-10-2026 16:07;;AYUDIN;CLOROX;;CLOROX;LAVADO DE ROPA;LAGO PUELO;LIMPIEZA;;;25;JOHANA VIGIL;AXUM;;CLOROX;False;132068;0;Lista General;KIOSCO - A;43030;01-10-2026;759-GABRIEL PEREZ;CLOROX;1;0,00000000;3814,44
660;"CALLE 895 4858";SAN FRANCISCO SOLANO;2026-10-02;02-10-2026;01-10-2026;FAC-A0001-00343177;Venta;LAGOPUELO S.A;60233;3,00;7417,21;8974,82;ERCEGOVIC MYRIAM ;;15,00 %;056;Ezequiel Ferreira;0564;Aydn Lavdna Gel Or 15/700ml GP2;2472,40;3412;"";ALMACEN;ALMACEN;6561,00;IVAN MONTOYA;436,31;$;2;GRUPO AYUDIN ARGENTINA S.A;0,00000000;0,00;Contado;06-10-2026 16:07;;AYUDIN;CLOROX;;CLOROX;LAVANDINA;LAGO PUELO;LIMPIEZA;;;300;Bruno Centurion;AXUM;;CLOROX;False;132086;0;Lista General;ALMACEN - A;43031;01-10-2026;759-GABRIEL PEREZ;CLOROX;1;0,00000000;2472,40
853;"RODOLFO LOPEZ 2299";QUILMES OESTE;2026-10-02;02-10-2026;30-09-2026;FAC-B0001-00018641;Venta;LAGOPUELO S.A;17927;15,00;12735,00;15409,35;ENRIQUE ANIBAL GABRIELLI;;20,00 %;054;Leonel Caruso;0543;AYDN LAVDNA OR 15/1L;849,00;3413;"";ALMACEN;ALMACEN;12735,00;HERNAN RIVERO;212,25;$;2;GRUPO AYUDIN ARGENTINA S.A;0,00000000;0,00;Contado;05-10-2026 09:30;;AYUDIN;CLOROX;;CLOROX;LAVANDINA;LAGO PUELO;LIMPIEZA;;;300;Bruno Centurion;AXUM;;CLOROX;False;131350;0;Lista General;ALMACEN - A;42752;01-10-2026;757-JUAN PABLO JUAREZ;CLOROX;1;0,00000000;849,00
4141;"893 4799";Quilmes;2026-10-02;02-10-2026;01-10-2026;FAC-B0001-00018647;Venta;LAGOPUELO S.A;34320;6,00;7876,03;9530,00;CARLOS TAVONE;;20,00 %;056;Ezequiel Ferreira;0564;Poett Desinf. Frescura de Lavanda 900ml;1312,67;3412;"";ALMACEN;ALMACEN;7752,00;IVAN MONTOYA;328,17;$;2;GRUPO AYUDIN ARGENTINA S.A;0,00000000;0,00;Contado;06-10-2026 16:07;;POETT;CLOROX;;CLOROX;PISO;LAGO PUELO;LIMPIEZA;;;300;Bruno Centurion;AXUM;;CLOROX;False;131856;0;Lista General;ALMACEN - A;43012;01-10-2026;759-GABRIEL PEREZ;CLOROX;1;0,00000000;1312,67
4141;"893 4799";Quilmes;2026-10-02;02-10-2026;01-10-2026;FAC-B0001-00018647;Venta;LAGOPUELO S.A;34324;6,00;7876,03;9530,00;CARLOS TAVONE;;20,00 %;056;Ezequiel Ferreira;0564;Poett Desinf. Flores de Primavera 900ml;1312,67;3412;"";ALMACEN;ALMACEN;7752,00;IVAN MONTOYA;328,17;$;2;GRUPO AYUDIN ARGENTINA S.A;0,00000000;0,00;Contado;06-10-2026 16:07;;POETT;CLOROX;;CLOROX;PISO;LAGO PUELO;LIMPIEZA;;;300;Bruno Centurion;AXUM;;CLOROX;False;131856;0;Lista General;ALMACEN - A;43012;01-10-2026;759-GABRIEL PEREZ;CLOROX;1;0,00000000;1312,67
4141;"893 4799";Quilmes;2026-10-02;02-10-2026;01-10-2026;FAC-B0001-00018647;Venta;LAGOPUELO S.A;34336;6,00;7876,03;9530,00;CARLOS TAVONE;;20,00 %;056;Ezequiel Ferreira;0564;Poett Dsnf SuadAlg 12/900ml;1312,67;3412;"";ALMACEN;ALMACEN;7752,00;IVAN MONTOYA;328,17;$;2;GRUPO AYUDIN ARGENTINA S.A;0,00000000;0,00;Contado;06-10-2026 16:07;;POETT;CLOROX;;CLOROX;PISO;LAGO PUELO;LIMPIEZA;;;300;Bruno Centurion;AXUM;;CLOROX;False;131856;0;Lista General;ALMACEN - A;43012;01-10-2026;759-GABRIEL PEREZ;CLOROX;1;0,00000000;1312,67
4141;"893 4799";Quilmes;2026-10-02;02-10-2026;01-10-2026;FAC-B0001-00018647;Venta;LAGOPUELO S.A;60386;6,00;7876,03;9530,00;CARLOS TAVONE;;20,00 %;056;Ezequiel Ferreira;0564;Poett EsptPly 12/900ml;1312,67;3412;"";ALMACEN;ALMACEN;7752,00;IVAN MONTOYA;328,17;$;2;GRUPO AYUDIN ARGENTINA S.A;0,00000000;0,00;Contado;06-10-2026 16:07;;POETT;CLOROX;;CLOROX;PISO;LAGO PUELO;LIMPIEZA;;;300;Bruno Centurion;AXUM;;CLOROX;False;131856;0;Lista General;ALMACEN - A;43012;01-10-2026;759-GABRIEL PEREZ;CLOROX;1;0,00000000;1312,67
4141;"893 4799";Quilmes;2026-10-02;02-10-2026;01-10-2026;FAC-B0001-00018647;Venta;LAGOPUELO S.A;36003;8,00;13912,00;16833,52;CARLOS TAVONE;;20,00 %;056;Ezequiel Ferreira;0564;AYDN LAVDNA OR 25g/l 8/2l;1739,00;3412;"";ALMACEN;ALMACEN;13912,00;IVAN MONTOYA;434,75;$;2;GRUPO AYUDIN ARGENTINA S.A;0,00000000;0,00;Contado;06-10-2026 16:07;;AYUDIN;CLOROX;;CLOROX;LAVANDINA;LAGO PUELO;LIMPIEZA;;;300;Bruno Centurion;AXUM;;CLOROX;False;131856;0;Lista General;ALMACEN - A;43012;01-10-2026;759-GABRIEL PEREZ;CLOROX;1;0,00000000;1739,00
4141;"893 4799";Quilmes;2026-10-02;02-10-2026;01-10-2026;FAC-B0001-00018647;Venta;LAGOPUELO S.A;60233;3,00;6980,90;8446,89;CARLOS TAVONE;;20,00 %;056;Ezequiel Ferreira;0564;Aydn Lavdna Gel Or 15/700ml GP2;2326,97;3412;"";ALMACEN;ALMACEN;6561,00;IVAN MONTOYA;581,74;$;2;GRUPO AYUDIN ARGENTINA S.A;0,00000000;0,00;Contado;06-10-2026 16:07;;AYUDIN;CLOROX;;CLOROX;LAVANDINA;LAGO PUELO;LIMPIEZA;;;300;Bruno Centurion;AXUM;;CLOROX;False;131856;0;Lista General;ALMACEN - A;43012;01-10-2026;759-GABRIEL PEREZ;CLOROX;1;0,00000000;2326,97
4141;"893 4799";Quilmes;2026-10-02;02-10-2026;01-10-2026;FAC-B0001-00018647;Venta;LAGOPUELO S.A;60240;3,00;6980,90;8446,89;CARLOS TAVONE;;20,00 %;056;Ezequiel Ferreira;0564;Aydn Lavdna Gel Lavda EXPRT 15/700ml GP2;2326,97;3412;"";ALMACEN;ALMACEN;6561,00;IVAN MONTOYA;581,74;$;2;GRUPO AYUDIN ARGENTINA S.A;0,00000000;0,00;Contado;06-10-2026 16:07;;AYUDIN;CLOROX;;CLOROX;LAVANDINA;LAGO PUELO;LIMPIEZA;;;300;Bruno Centurion;AXUM;;CLOROX;False;131856;0;Lista General;ALMACEN - A;43012;01-10-2026;759-GABRIEL PEREZ;CLOROX;1;0,00000000;2326,97
22911;"CALLE 894 5418";QUILMES;2026-10-02;02-10-2026;01-10-2026;FAC-B0001-00018650;Venta;LAGOPUELO S.A;34324;4,00;6563,36;7941,67;ACEVEDO ANASTACIO;;0,00 %;056;Ezequiel Ferreira;0564;Poett Desinf. Flores de Primavera 900ml;1640,84;3412;"";KIOSCO;KIOSCO;5168,00;IVAN MONTOYA;0,00;$;2;GRUPO AYUDIN ARGENTINA S.A;0,00000000;0,00;Contado;06-10-2026 16:07;;POETT;CLOROX;;CLOROX;PISO;LAGO PUELO;LIMPIEZA;;;300;Bruno Centurion;AXUM;;CLOROX;False;132026;0;Lista General;KIOSCO - A;43021;01-10-2026;759-GABRIEL PEREZ;CLOROX;1;0,00000000;1640,84
22911;"CALLE 894 5418";QUILMES;2026-10-02;02-10-2026;01-10-2026;FAC-B0001-00018650;Venta;LAGOPUELO S.A;34320;4,00;6563,36;7941,67;ACEVEDO ANASTACIO;;0,00 %;056;Ezequiel Ferreira;0564;Poett Desinf. Frescura de Lavanda 900ml;1640,84;3412;"";KIOSCO;KIOSCO;5168,00;IVAN MONTOYA;0,00;$;2;GRUPO AYUDIN ARGENTINA S.A;0,00000000;0,00;Contado;06-10-2026 16:07;;POETT;CLOROX;;CLOROX;PISO;LAGO PUELO;LIMPIEZA;;;300;Bruno Centurion;AXUM;;CLOROX;False;132026;0;Lista General;KIOSCO - A;43021;01-10-2026;759-GABRIEL PEREZ;CLOROX;1;0,00000000;1640,84
22911;"CALLE 894 5418";QUILMES;2026-10-02;02-10-2026;01-10-2026;FAC-B0001-00018650;Venta;LAGOPUELO S.A;34336;4,00;6563,36;7941,67;ACEVEDO ANASTACIO;;0,00 %;056;Ezequiel Ferreira;0564;Poett Dsnf SuadAlg 12/900ml;1640,84;3412;"";KIOSCO;KIOSCO;5168,00;IVAN MONTOYA;0,00;$;2;GRUPO AYUDIN ARGENTINA S.A;0,00000000;0,00;Contado;06-10-2026 16:07;;POETT;CLOROX;;CLOROX;PISO;LAGO PUELO;LIMPIEZA;;;300;Bruno Centurion;AXUM;;CLOROX;False;132026;0;Lista General;KIOSCO - A;43021;01-10-2026;759-GABRIEL PEREZ;CLOROX;1;0,00000000;1640,84
4025;"ECUADOR 899";EZPELETA;2026-10-02;02-10-2026;01-10-2026;FAC-B0001-00018651;Venta;LAGOPUELO S.A;34324;12,00;15752,06;19060,00;CRESPO PALMA ELEUTERIA;;20,00 %;2;Fernanda Cejas;24;Poett Desinf. Flores de Primavera 900ml;1312,67;3412;"";Tradicionales;Almacen;15504,00;IVAN MONTOYA;328,17;$;2;GRUPO AYUDIN ARGENTINA S.A;0,00000000;0,00;Contado;06-10-2026 16:07;;POETT;CLOROX;;CLOROX;PISO;LAGO PUELO;LIMPIEZA;;;25;JOHANA VIGIL;AXUM;;CLOROX;False;132123;0;Lista General;Almacen - A;43033;01-10-2026;759-GABRIEL PEREZ;CLOROX;1;0,00000000;1312,67
4025;"ECUADOR 899";EZPELETA;2026-10-02;02-10-2026;01-10-2026;FAC-B0001-00018651;Venta;LAGOPUELO S.A;34320;12,00;15752,06;19060,00;CRESPO PALMA ELEUTERIA;;20,00 %;2;Fernanda Cejas;24;Poett Desinf. Frescura de Lavanda 900ml;1312,67;3412;"";Tradicionales;Almacen;15504,00;IVAN MONTOYA;328,17;$;2;GRUPO AYUDIN ARGENTINA S.A;0,00000000;0,00;Contado;06-10-2026 16:07;;POETT;CLOROX;;CLOROX;PISO;LAGO PUELO;LIMPIEZA;;;25;JOHANA VIGIL;AXUM;;CLOROX;False;132123;0;Lista General;Almacen - A;43033;01-10-2026;759-GABRIEL PEREZ;CLOROX;1;0,00000000;1312,67
4025;"ECUADOR 899";EZPELETA;2026-10-02;02-10-2026;01-10-2026;FAC-B0001-00018651;Venta;LAGOPUELO S.A;34342;12,00;15752,06;19060,00;CRESPO PALMA ELEUTERIA;;20,00 %;2;Fernanda Cejas;24;Poett Dsnf AlgrDia 12/900ml;1312,67;3412;"";Tradicionales;Almacen;15504,00;IVAN MONTOYA;328,17;$;2;GRUPO AYUDIN ARGENTINA S.A;0,00000000;0,00;Contado;06-10-2026 16:07;;POETT;CLOROX;;CLOROX;PISO;LAGO PUELO;LIMPIEZA;;;25;JOHANA VIGIL;AXUM;;CLOROX;False;132123;0;Lista General;Almacen - A;43033;01-10-2026;759-GABRIEL PEREZ;CLOROX;1;0,00000000;1312,67
4025;"ECUADOR 899";EZPELETA;2026-10-02;02-10-2026;01-10-2026;FAC-B0001-00018651;Venta;LAGOPUELO S.A;36001;12,00;15752,06;19060,00;CRESPO PALMA ELEUTERIA;;20,00 %;2;Fernanda Cejas;24;POETT FRSC TROP 12/900;1312,67;3412;"";Tradicionales;Almacen;15504,00;IVAN MONTOYA;328,17;$;2;GRUPO AYUDIN ARGENTINA S.A;0,00000000;0,00;Contado;06-10-2026 16:07;;POETT;CLOROX;;CLOROX;PISO;LAGO PUELO;LIMPIEZA;;;25;JOHANA VIGIL;AXUM;;CLOROX;False;132123;0;Lista General;Almacen - A;43033;01-10-2026;759-GABRIEL PEREZ;CLOROX;1;0,00000000;1312,67
4025;"ECUADOR 899";EZPELETA;2026-10-02;02-10-2026;01-10-2026;FAC-B0001-00018651;Venta;LAGOPUELO S.A;34334;12,00;15752,06;19060,00;CRESPO PALMA ELEUTERIA;;20,00 %;2;Fernanda Cejas;24;Poett Dsnf SuadBebe 12/900ml;1312,67;3412;"";Tradicionales;Almacen;15504,00;IVAN MONTOYA;328,17;$;2;GRUPO AYUDIN ARGENTINA S.A;0,00000000;0,00;Contado;06-10-2026 16:07;;POETT;CLOROX;;CLOROX;PISO;LAGO PUELO;LIMPIEZA;;;25;JOHANA VIGIL;AXUM;;CLOROX;False;132123;0;Lista General;Almacen - A;43033;01-10-2026;759-GABRIEL PEREZ;CLOROX;1;0,00000000;1312,67
23002;"CALLE 833 - (TRADICIONAL) 2052";SAN FRANCISCO SOLANO;2026-10-02;02-10-2026;01-10-2026;FAC-B0001-00018652;Venta;LAGOPUELO S.A;17927;15,00;12735,00;15409,35;ALICIA BOGADO;;20,00 %;056;Ezequiel Ferreira;0564;AYDN LAVDNA OR 15/1L;849,00;3412;"";ALMACEN;ALMACEN;12735,00;IVAN MONTOYA;212,25;$;2;GRUPO AYUDIN ARGENTINA S.A;0,00000000;0,00;Contado;06-10-2026 16:07;;AYUDIN;CLOROX;;CLOROX;LAVANDINA;LAGO PUELO;LIMPIEZA;;;300;Bruno Centurion;AXUM;;CLOROX;False;132155;0;Lista General;ALMACEN - A;43037;01-10-2026;759-GABRIEL PEREZ;CLOROX;1;0,00000000;849,00
4559;"897 3236";SOLANO;2026-10-02;02-10-2026;01-10-2026;FAC-B0001-00018654;Venta;LAGOPUELO S.A;36003;8,00;17390,00;21041,90;RAMIREZ MARIA EUGENIA;;0,00 %;056;Ezequiel Ferreira;0564;AYDN LAVDNA OR 25g/l 8/2l;2173,75;3412;"";ALMACEN;ALMACEN;13912,00;IVAN MONTOYA;0,00;$;2;GRUPO AYUDIN ARGENTINA S.A;0,00000000;0,00;Contado;06-10-2026 16:07;;AYUDIN;CLOROX;;CLOROX;LAVANDINA;LAGO PUELO;LIMPIEZA;;;300;Bruno Centurion;AXUM;;CLOROX;False;132164;0;Lista General;ALMACEN - A;43041;01-10-2026;759-GABRIEL PEREZ;CLOROX;1;0,00000000;2173,75
101042;"Juan B Justo 3042 1 0";REMEDIOS DE ESCALADA;2026-10-02;01-10-2026;02-10-2026;NCR-A0001-00048820;DevoluciÛn por Rechazo;LAGOPUELO S.A;61731;-6,00;-20145,41;-24375,94;Yan Nengsheng;NO QUIERE EL CLIENTE;15,00 %;29;Camila Navarrete;293;Sltn MataCuca Aer AccProl 6/360ml BA;3357,57;3391;"";AUTOSERVICIO;AUTOSERVICIO;-18516,00;CLAUDIO GARCIA;592,51;$;2;GRUPO AYUDIN ARGENTINA S.A;0,00000000;0,00;Efectivo;02-10-2026 09:01;;SELTON;CLOROX;;CLOROX;SELTON;LAGO PUELO;LIMPIEZA;;;25;JOHANA VIGIL;Gescom;FAC-A0001-00342890;;True;132196;0;Lista General;AUTOSERVICIO - A;;01-01-2000;;CLOROX;1;0,00000000;3357,57
101042;"Juan B Justo 3042 1 0";REMEDIOS DE ESCALADA;2026-10-02;01-10-2026;02-10-2026;NCR-A0001-00048820;DevoluciÛn por Rechazo;LAGOPUELO S.A;61730;-6,00;-26795,52;-32422,58;Yan Nengsheng;NO QUIERE EL CLIENTE;0,00 %;29;Camila Navarrete;293;Sltn MataMosq Aer AccEfct 6/360ml BA;4465,92;3391;"";AUTOSERVICIO;AUTOSERVICIO;-20934,00;CLAUDIO GARCIA;0,00;$;2;GRUPO AYUDIN ARGENTINA S.A;0,00000000;0,00;Efectivo;02-10-2026 09:01;;SELTON;CLOROX;;CLOROX;SELTON;LAGO PUELO;LIMPIEZA;;;25;JOHANA VIGIL;Gescom;FAC-A0001-00342890;;True;132196;0;Lista General;AUTOSERVICIO - A;;01-01-2000;;CLOROX;1;0,00000000;4465,92
3199;"AV JUAN DOMINGO PERON 4906";SAN FRANCISCO SOLANO (QUILMES);2026-10-02;01-10-2026;02-10-2026;NCR-A0001-00048825;DevoluciÛn por Rechazo;LAGOPUELO S.A;60233;-15,00;-37086,05;-44874,12;HUANG QICHANG;NO QUIERE EL CLIENTE;15,00 %;056;Ezequiel Ferreira;0563;Aydn Lavdna Gel Or 15/700ml GP2;2472,40;3398;"";AUTOSERVICIO;AUTOSERVICIO;-32805,00;NAHUEL MONTOYA;436,31;$;2;GRUPO AYUDIN ARGENTINA S.A;0,00000000;0,00;Contado;02-10-2026 09:39;;AYUDIN;CLOROX;;CLOROX;LAVANDINA;LAGO PUELO;LIMPIEZA;;;300;Bruno Centurion;Gescom;FAC-A0001-00342835;;True;132237;0;Lista General;AUTOSERVICIO - A;;01-01-2000;;CLOROX;1;0,00000000;2472,40
3199;"AV JUAN DOMINGO PERON 4906";SAN FRANCISCO SOLANO (QUILMES);2026-10-02;01-10-2026;02-10-2026;NCR-A0001-00048825;DevoluciÛn por Rechazo;LAGOPUELO S.A;34324;-12,00;-15752,06;-19060,00;HUANG QICHANG;NO QUIERE EL CLIENTE;20,00 %;056;Ezequiel Ferreira;0563;Poett Desinf. Flores de Primavera 900ml;1312,67;3398;"";AUTOSERVICIO;AUTOSERVICIO;-15504,00;NAHUEL MONTOYA;328,17;$;2;GRUPO AYUDIN ARGENTINA S.A;0,00000000;0,00;Contado;02-10-2026 09:39;;POETT;CLOROX;;CLOROX;PISO;LAGO PUELO;LIMPIEZA;;;300;Bruno Centurion;Gescom;FAC-A0001-00342835;;True;132237;0;Lista General;AUTOSERVICIO - A;;01-01-2000;;CLOROX;1;0,00000000;1312,67
3199;"AV JUAN DOMINGO PERON 4906";SAN FRANCISCO SOLANO (QUILMES);2026-10-02;01-10-2026;02-10-2026;NCR-A0001-00048825;DevoluciÛn por Rechazo;LAGOPUELO S.A;34320;-12,00;-15752,06;-19060,00;HUANG QICHANG;NO QUIERE EL CLIENTE;20,00 %;056;Ezequiel Ferreira;0563;Poett Desinf. Frescura de Lavanda 900ml;1312,67;3398;"";AUTOSERVICIO;AUTOSERVICIO;-15504,00;NAHUEL MONTOYA;328,17;$;2;GRUPO AYUDIN ARGENTINA S.A;0,00000000;0,00;Contado;02-10-2026 09:39;;POETT;CLOROX;;CLOROX;PISO;LAGO PUELO;LIMPIEZA;;;300;Bruno Centurion;Gescom;FAC-A0001-00342835;;True;132237;0;Lista General;AUTOSERVICIO - A;;01-01-2000;;CLOROX;1;0,00000000;1312,67
6315;"AV. HUDSON 2157";Varela ;2026-10-02;01-10-2026;02-10-2026;NCR-A0001-00048826;DevoluciÛn por Rechazo;LAGOPUELO S.A;34321;-8,00;-23194,08;-28064,84;HE MINJUN;NO QUIERE EL CLIENTE;10,00 %;051;Ezequiel Valente;0513;Poett Desinf. Frescura de Lavanda 1.8ml;2899,26;3397;"";AUTOSERVICIO;AUTOSERVICIO;-19824,00;JUAN ESCOTO;322,14;$;2;GRUPO AYUDIN ARGENTINA S.A;0,00000000;0,00;Contado;02-10-2026 10:03;;POETT;CLOROX;;CLOROX;PISO;LAGO PUELO;LIMPIEZA;;;300;Bruno Centurion;Gescom;FAC-A0001-00342793;;True;132272;0;Lista General;AUTOSERVICIO - A;;01-01-2000;;CLOROX;1;0,00000000;2899,26
27918;"GABOTO - (AUTOSERVICIOS) 5666";SAN JOSE;2026-10-02;01-10-2026;02-10-2026;NCR-A0001-00048827;DevoluciÛn por Rechazo;LAGOPUELO S.A;61047;-8,00;-23682,26;-28655,53;GUAN WEI;NO HIZO PEDIDO;18,00 %;063;Daniel Martin;0632;Aydn RopQuitMnch BlncInt 8/2l;2960,28;3399;"";AUTOSERVICIO;Autoservicio A;-22216,00;SIMON OLIVERA;649,82;$;2;GRUPO AYUDIN ARGENTINA S.A;0,00000000;0,00;Contado;02-10-2026 10:25;;AYUDIN;CLOROX;;CLOROX;LAVADO DE ROPA;LAGO PUELO;LIMPIEZA;;;300;Bruno Centurion;Gescom;FAC-A0001-00342840;;True;132304;0;Lista General;Autoservicio A - A;;01-01-2000;;CLOROX;1;0,00000000;2960,28
22942;"roman bravo 477";ALTE BROWN;2026-10-02;01-10-2026;02-10-2026;NCR-B0001-00002603;DevoluciÛn por Rechazo;LAGOPUELO S.A;61816;-6,00;-17091,36;-20680,55;CALLEJAS PAULINA;NO HIZO PEDIDO;20,00 %;056;Ezequiel Ferreira;0563;Sltn MataMosq Aer AccInst 6/360ml BA;2848,56;3398;"";ALMACEN;ALMACEN;-16434,00;NAHUEL MONTOYA;712,14;$;2;GRUPO AYUDIN ARGENTINA S.A;0,00000000;0,00;Contado;02-10-2026 09:39;;SELTON;CLOROX;;CLOROX;SELTON;LAGO PUELO;LIMPIEZA;;;300;Bruno Centurion;Gescom;FAC-B0001-00018621;;True;132232;0;Lista General;ALMACEN - A;;01-01-2000;;CLOROX;1;0,00000000;2848,56
1801;"519 ESQ 529";CENTRO AGRICOLA EL PATO;2026-10-02;02-10-2026;01-10-2026;FAC-A0002-00011502;Venta;ELEBES;61576;1,00;1745,90;2112,54;CRISTIAN AMADO GUERRERO ROJAS;;0,00 %;051;Ezequiel Valente;0514;Aydn Bn Limp† Act Or DoyPk 16/450ml;1745,90;3411;"";ALMACEN;ALMACEN;1343,00;JUAN ESCOTO;0,00;$;2;GRUPO AYUDIN ARGENTINA S.A;0,00000000;0,00;Contado;05-10-2026 09:15;;AYUDIN;CLOROX;;CLOROX;BAÒO;LAGO PUELO;LIMPIEZA;;;300;Bruno Centurion;AXUM;;CLOROX;False;131573;0;Lista General;ALMACEN - A;42954;01-10-2026;58-ARON BOLLINI;CLOROX;1;0,00000000;1745,90
114;"LEOPOLDO HERRERA - 404";Florencio Varela;2026-10-02;02-10-2026;01-10-2026;FAC-A0002-00011503;Venta;ELEBES;34324;3,00;3938,02;4765,00;HERRERA GLORIA BARBARA;;20,00 %;052;Nicole Sosa;0524;Poett Desinf. Flores de Primavera 900ml;1312,67;3411;"";ALMACEN;ALMACEN;3876,00;JUAN ESCOTO;328,17;$;2;GRUPO AYUDIN ARGENTINA S.A;0,00000000;0,00;Efectivo;05-10-2026 09:15;;POETT;CLOROX;;CLOROX;PISO;LAGO PUELO;LIMPIEZA;;;300;Bruno Centurion;AXUM;;CLOROX;False;131695;0;Lista General;ALMACEN - A;42963;01-10-2026;58-ARON BOLLINI;CLOROX;1;0,00000000;1312,67
114;"LEOPOLDO HERRERA - 404";Florencio Varela;2026-10-02;02-10-2026;01-10-2026;FAC-A0002-00011503;Venta;ELEBES;34320;3,00;3938,02;4765,00;HERRERA GLORIA BARBARA;;20,00 %;052;Nicole Sosa;0524;Poett Desinf. Frescura de Lavanda 900ml;1312,67;3411;"";ALMACEN;ALMACEN;3876,00;JUAN ESCOTO;328,17;$;2;GRUPO AYUDIN ARGENTINA S.A;0,00000000;0,00;Efectivo;05-10-2026 09:15;;POETT;CLOROX;;CLOROX;PISO;LAGO PUELO;LIMPIEZA;;;300;Bruno Centurion;AXUM;;CLOROX;False;131695;0;Lista General;ALMACEN - A;42963;01-10-2026;58-ARON BOLLINI;CLOROX;1;0,00000000;1312,67
114;"LEOPOLDO HERRERA - 404";Florencio Varela;2026-10-02;02-10-2026;01-10-2026;FAC-A0002-00011503;Venta;ELEBES;34342;3,00;3938,02;4765,00;HERRERA GLORIA BARBARA;;20,00 %;052;Nicole Sosa;0524;Poett Dsnf AlgrDia 12/900ml;1312,67;3411;"";ALMACEN;ALMACEN;3876,00;JUAN ESCOTO;328,17;$;2;GRUPO AYUDIN ARGENTINA S.A;0,00000000;0,00;Efectivo;05-10-2026 09:15;;POETT;CLOROX;;CLOROX;PISO;LAGO PUELO;LIMPIEZA;;;300;Bruno Centurion;AXUM;;CLOROX;False;131695;0;Lista General;ALMACEN - A;42963;01-10-2026;58-ARON BOLLINI;CLOROX;1;0,00000000;1312,67
114;"LEOPOLDO HERRERA - 404";Florencio Varela;2026-10-02;02-10-2026;01-10-2026;FAC-A0002-00011503;Venta;ELEBES;60386;3,00;3938,02;4765,00;HERRERA GLORIA BARBARA;;20,00 %;052;Nicole Sosa;0524;Poett EsptPly 12/900ml;1312,67;3411;"";ALMACEN;ALMACEN;3876,00;JUAN ESCOTO;328,17;$;2;GRUPO AYUDIN ARGENTINA S.A;0,00000000;0,00;Efectivo;05-10-2026 09:15;;POETT;CLOROX;;CLOROX;PISO;LAGO PUELO;LIMPIEZA;;;300;Bruno Centurion;AXUM;;CLOROX;False;131695;0;Lista General;ALMACEN - A;42963;01-10-2026;58-ARON BOLLINI;CLOROX;1;0,00000000;1312,67
666;"CALLE 530 esquina 633 2989";Berazategui;2026-10-02;02-10-2026;01-10-2026;FAC-A0002-00011506;Venta;ELEBES;61575;1,00;1745,90;2112,54;GÛmez Katherine;;0,00 %;051;Ezequiel Valente;0514;Aydn A.hongos Removedor Activo Doy Pack 16/450ml;1745,90;3411;"";AUTOSERVICIO;AUTOSERVICIO;1343,00;JUAN ESCOTO;0,00;$;2;GRUPO AYUDIN ARGENTINA S.A;0,00000000;0,00;Efectivo;05-10-2026 09:15;;AYUDIN;CLOROX;;CLOROX;BAÒO;LAGO PUELO;LIMPIEZA;;;300;Bruno Centurion;AXUM;;CLOROX;False;131814;0;Lista General;AUTOSERVICIO - A;42974;01-10-2026;58-ARON BOLLINI;CLOROX;1;0,00000000;1745,90
29518;"MOLDES E/DE LA PE√‚ÄòA Y DARDO ROCHA - (AUTOSERVICIOS) 683";LLAVALLOL;2026-10-02;02-10-2026;30-09-2026;FAC-B0002-00016688;Venta;ELEBES;17927;6,00;5221,35;6317,83;ISABEL PITINOS;;18,00 %;074;Romina Baez;0743;AYDN LAVDNA OR 15/1L;870,23;3410;"";ALMACEN;ALMACEN;5094,00;MARIANO SOSA;191,03;$;2;GRUPO AYUDIN ARGENTINA S.A;0,00000000;0,00;Contado;05-10-2026 10:12;;AYUDIN;CLOROX;;CLOROX;LAVANDINA;LAGO PUELO;LIMPIEZA;;;300;Bruno Centurion;AXUM;;CLOROX;False;131069;0;Lista General;ALMACEN - A;42896;01-10-2026;5553-JORGE MONZON;CLOROX;1;0,00000000;870,23
29518;"MOLDES E/DE LA PE√‚ÄòA Y DARDO ROCHA - (AUTOSERVICIOS) 683";LLAVALLOL;2026-10-02;02-10-2026;30-09-2026;FAC-B0002-00016688;Venta;ELEBES;36003;2,00;3564,95;4313,59;ISABEL PITINOS;;18,00 %;074;Romina Baez;0743;AYDN LAVDNA OR 25g/l 8/2l;1782,48;3410;"";ALMACEN;ALMACEN;3478,00;MARIANO SOSA;391,28;$;2;GRUPO AYUDIN ARGENTINA S.A;0,00000000;0,00;Contado;05-10-2026 10:12;;AYUDIN;CLOROX;;CLOROX;LAVANDINA;LAGO PUELO;LIMPIEZA;;;300;Bruno Centurion;AXUM;;CLOROX;False;131069;0;Lista General;ALMACEN - A;42896;01-10-2026;5553-JORGE MONZON;CLOROX;1;0,00000000;1782,48
29518;"MOLDES E/DE LA PE√‚ÄòA Y DARDO ROCHA - (AUTOSERVICIOS) 683";LLAVALLOL;2026-10-02;02-10-2026;30-09-2026;FAC-B0002-00016688;Venta;ELEBES;33575;2,00;3795,82;4592,94;ISABEL PITINOS;;0,00 %;074;Romina Baez;0743;Aydn Ropa ClrViv DoyPk 16/400ml;1897,91;3410;"";ALMACEN;ALMACEN;2854,00;MARIANO SOSA;0,00;$;2;GRUPO AYUDIN ARGENTINA S.A;0,00000000;0,00;Contado;05-10-2026 10:12;;AYUDIN;CLOROX;;CLOROX;LAVADO DE ROPA;LAGO PUELO;LIMPIEZA;;;300;Bruno Centurion;AXUM;;CLOROX;False;131069;0;Lista General;ALMACEN - A;42896;01-10-2026;5553-JORGE MONZON;CLOROX;1;0,00000000;1897,91
29518;"MOLDES E/DE LA PE√‚ÄòA Y DARDO ROCHA - (AUTOSERVICIOS) 683";LLAVALLOL;2026-10-02;02-10-2026;30-09-2026;FAC-B0002-00016688;Venta;ELEBES;33576;2,00;3795,82;4592,94;ISABEL PITINOS;;0,00 %;074;Romina Baez;0743;Aydn Ropa BlncSprms DoyPk 16/400ml;1897,91;3410;"";ALMACEN;ALMACEN;2854,00;MARIANO SOSA;0,00;$;2;GRUPO AYUDIN ARGENTINA S.A;0,00000000;0,00;Contado;05-10-2026 10:12;;AYUDIN;CLOROX;;CLOROX;LAVADO DE ROPA;LAGO PUELO;LIMPIEZA;;;300;Bruno Centurion;AXUM;;CLOROX;False;131069;0;Lista General;ALMACEN - A;42896;01-10-2026;5553-JORGE MONZON;CLOROX;1;0,00000000;1897,91
27484;"Luzuriaga - (AUTOSERVICIOS) 631";LAVALLOL;2026-10-02;02-10-2026;30-09-2026;FAC-A0002-00011511;Venta;ELEBES;36027;5,00;3152,25;3814,22;Autoservicio Virginia;;0,00 %;074;Romina Baez;0743;Mort ESPON LISITA 8/12CT;630,45;3416;"";Otros;SIN SUB;2335,00;NAHUEL MONTOYA;0,00;$;2;GRUPO AYUDIN ARGENTINA S.A;0,00000000;0,00;Contado;05-10-2026 09:06;;MORTIMER;CLOROX;;CLOROX;MORTIMER;LAGO PUELO;LIMPIEZA;;;300;Bruno Centurion;AXUM;;CLOROX;False;130948;0;Lista General;SIN SUB - A;42881;01-10-2026;509-LUCAS GODOY;CLOROX;1;0,00000000;630,45
23607;"TOM¡S NOTHER 620";ADROGUE;2026-10-02;02-10-2026;01-10-2026;FAC-A0002-00011515;Venta;ELEBES;34337;3,00;9664,20;11693,68;VILLAVERDE PAULA MARIA BELEN;;0,00 %;063;Daniel Martin;0634;Poett Dsnf SuadAlg 8/1.8l;3221,40;3416;"";ALMACEN;ALMACEN;7434,00;NAHUEL MONTOYA;0,00;$;2;GRUPO AYUDIN ARGENTINA S.A;0,00000000;0,00;Contado;05-10-2026 09:06;;POETT;CLOROX;;CLOROX;PISO;LAGO PUELO;LIMPIEZA;;;300;Bruno Centurion;AXUM;;CLOROX;False;131537;0;Lista General;ALMACEN - A;42824;01-10-2026;509-LUCAS GODOY;CLOROX;1;0,00000000;3221,40
29090;"ALGARROBO - (TRADICIONAL) 390";ADROGUE;2026-10-02;02-10-2026;01-10-2026;FAC-A0002-00011518;Venta;ELEBES;34320;6,00;7580,68;9172,62;MIRIAM ROSANA COLMAN;;23,00 %;063;Daniel Martin;0634;Poett Desinf. Frescura de Lavanda 900ml;1263,45;3416;"";ALMACEN;ALMACEN;7752,00;NAHUEL MONTOYA;377,39;$;2;GRUPO AYUDIN ARGENTINA S.A;0,00000000;0,00;Contado;05-10-2026 09:06;;POETT;CLOROX;;CLOROX;PISO;LAGO PUELO;LIMPIEZA;;;300;Bruno Centurion;AXUM;;CLOROX;False;131809;0;Lista General;ALMACEN - A;42854;01-10-2026;509-LUCAS GODOY;CLOROX;1;0,00000000;1263,45
29090;"ALGARROBO - (TRADICIONAL) 390";ADROGUE;2026-10-02;02-10-2026;01-10-2026;FAC-A0002-00011518;Venta;ELEBES;34324;6,00;7580,68;9172,62;MIRIAM ROSANA COLMAN;;23,00 %;063;Daniel Martin;0634;Poett Desinf. Flores de Primavera 900ml;1263,45;3416;"";ALMACEN;ALMACEN;7752,00;NAHUEL MONTOYA;377,39;$;2;GRUPO AYUDIN ARGENTINA S.A;0,00000000;0,00;Contado;05-10-2026 09:06;;POETT;CLOROX;;CLOROX;PISO;LAGO PUELO;LIMPIEZA;;;300;Bruno Centurion;AXUM;;CLOROX;False;131809;0;Lista General;ALMACEN - A;42854;01-10-2026;509-LUCAS GODOY;CLOROX;1;0,00000000;1263,45
29090;"ALGARROBO - (TRADICIONAL) 390";ADROGUE;2026-10-02;02-10-2026;01-10-2026;FAC-A0002-00011518;Venta;ELEBES;60233;3,00;7417,21;8974,82;MIRIAM ROSANA COLMAN;;15,00 %;063;Daniel Martin;0634;Aydn Lavdna Gel Or 15/700ml GP2;2472,40;3416;"";ALMACEN;ALMACEN;6561,00;NAHUEL MONTOYA;436,31;$;2;GRUPO AYUDIN ARGENTINA S.A;0,00000000;0,00;Contado;05-10-2026 09:06;;AYUDIN;CLOROX;;CLOROX;LAVANDINA;LAGO PUELO;LIMPIEZA;;;300;Bruno Centurion;AXUM;;CLOROX;False;131809;0;Lista General;ALMACEN - A;42854;01-10-2026;509-LUCAS GODOY;CLOROX;1;0,00000000;2472,40
23442;"benigno Mac√≠as - (AUTOSERVICIOS) 310";ADROGUE;2026-10-02;02-10-2026;01-10-2026;FAC-B0002-00016690;Venta;ELEBES;36003;8,00;13912,00;16833,52;ELVIRA MATINERO;;20,00 %;062;Nahuel Martinez;0624;AYDN LAVDNA OR 25g/l 8/2l;1739,00;3416;"";ALMACEN;ALMACEN;13912,00;NAHUEL MONTOYA;434,75;$;2;GRUPO AYUDIN ARGENTINA S.A;0,00000000;0,00;Contado;05-10-2026 09:06;;AYUDIN;CLOROX;;CLOROX;LAVANDINA;LAGO PUELO;LIMPIEZA;;;300;Bruno Centurion;AXUM;;CLOROX;False;131871;0;Lista General;ALMACEN - A;42860;01-10-2026;509-LUCAS GODOY;CLOROX;1;0,00000000;1739,00
23442;"benigno Mac√≠as - (AUTOSERVICIOS) 310";ADROGUE;2026-10-02;02-10-2026;01-10-2026;FAC-B0002-00016690;Venta;ELEBES;34342;3,00;3938,02;4765,00;ELVIRA MATINERO;;20,00 %;062;Nahuel Martinez;0624;Poett Dsnf AlgrDia 12/900ml;1312,67;3416;"";ALMACEN;ALMACEN;3876,00;NAHUEL MONTOYA;328,17;$;2;GRUPO AYUDIN ARGENTINA S.A;0,00000000;0,00;Contado;05-10-2026 09:06;;POETT;CLOROX;;CLOROX;PISO;LAGO PUELO;LIMPIEZA;;;300;Bruno Centurion;AXUM;;CLOROX;False;131871;0;Lista General;ALMACEN - A;42860;01-10-2026;509-LUCAS GODOY;CLOROX;1;0,00000000;1312,67
29278;"BOUCHARD - (TRADICIONAL) 1829";LANUS;2026-10-02;02-10-2026;30-09-2026;FAC-A0002-00011523;Venta;ELEBES;17927;15,00;12735,00;15409,35;GABRIELA ALEJANDRA LARRINAGA;;20,00 %;26;Sabrina Pereyra;263;AYDN LAVDNA OR 15/1L;849,00;3408;"";ALMACEN;ALMACEN;12735,00;CLAUDIO GARCIA;212,25;$;2;GRUPO AYUDIN ARGENTINA S.A;0,00000000;0,00;Contado;05-10-2026 08:47;;AYUDIN;CLOROX;;CLOROX;LAVANDINA;LAGO PUELO;LIMPIEZA;;;25;JOHANA VIGIL;AXUM;;CLOROX;False;130938;0;Lista General;ALMACEN - A;42699;01-10-2026;1638-JAVIER LINARES;CLOROX;1;0,00000000;849,00
106137;"Salta 669 0";LANUS;2026-10-02;02-10-2026;30-09-2026;FAC-A0002-00011524;Venta;ELEBES;33575;6,00;11387,46;13778,83;Sol Radiante Srl;;0,00 %;26;Sabrina Pereyra;263;Aydn Ropa ClrViv DoyPk 16/400ml;1897,91;3408;"";Tradicionales;Almacen;8562,00;CLAUDIO GARCIA;0,00;$;2;GRUPO AYUDIN ARGENTINA S.A;0,00000000;0,00;Efectivo;05-10-2026 08:47;;AYUDIN;CLOROX;;CLOROX;LAVADO DE ROPA;LAGO PUELO;LIMPIEZA;;;25;JOHANA VIGIL;AXUM;;CLOROX;False;131079;0;Lista General;Almacen - A;42702;01-10-2026;1638-JAVIER LINARES;CLOROX;1;0,00000000;1897,91
106137;"Salta 669 0";LANUS;2026-10-02;02-10-2026;30-09-2026;FAC-A0002-00011524;Venta;ELEBES;33576;6,00;11387,46;13778,83;Sol Radiante Srl;;0,00 %;26;Sabrina Pereyra;263;Aydn Ropa BlncSprms DoyPk 16/400ml;1897,91;3408;"";Tradicionales;Almacen;8562,00;CLAUDIO GARCIA;0,00;$;2;GRUPO AYUDIN ARGENTINA S.A;0,00000000;0,00;Efectivo;05-10-2026 08:47;;AYUDIN;CLOROX;;CLOROX;LAVADO DE ROPA;LAGO PUELO;LIMPIEZA;;;25;JOHANA VIGIL;AXUM;;CLOROX;False;131079;0;Lista General;Almacen - A;42702;01-10-2026;1638-JAVIER LINARES;CLOROX;1;0,00000000;1897,91
104153;"Caxaraville 5782 1 0";WILDE;2026-10-02;02-10-2026;01-10-2026;FAC-A0002-00011530;Venta;ELEBES;17927;5,00;5306,25;6420,56;Alegre Nancy Edith;;0,00 %;24;Cecilia Gauchez;244;AYDN LAVDNA OR 15/1L;1061,25;3408;"";Tradicionales;Almacen;4245,00;CLAUDIO GARCIA;0,00;$;2;GRUPO AYUDIN ARGENTINA S.A;0,00000000;0,00;Efectivo;05-10-2026 08:47;;AYUDIN;CLOROX;;CLOROX;LAVANDINA;LAGO PUELO;LIMPIEZA;;;25;JOHANA VIGIL;AXUM;;CLOROX;False;131543;0;Lista General;Almacen - A;42711;01-10-2026;1638-JAVIER LINARES;CLOROX;1;0,00000000;1061,25
106966;"VIctor Hugo 1469 0";WILDE;2026-10-02;02-10-2026;01-10-2026;FAC-B0006-00000259;Venta;Empresa LAGOPUELO;34336;6,00;7876,03;9530,00;Villa Elias Raul;;20,00 %;26;Sabrina Pereyra;264;Poett Dsnf SuadAlg 12/900ml;1312,67;3409;"Venta modificada el 2026-10-01 13:23:38";KIOSCO;KIOSCO;7752,00;SIMON OLIVERA;328,17;$;2;GRUPO AYUDIN ARGENTINA S.A;0,00000000;0,00;Efectivo;05-10-2026 09:33;;POETT;CLOROX;;CLOROX;PISO;LAGO PUELO;LIMPIEZA;;;25;JOHANA VIGIL;AXUM;;CLOROX;False;131630;0;Lista General;KIOSCO - A;42783;01-10-2026;759-GABRIEL PEREZ;CLOROX;1;0,00000000;1312,67
106966;"VIctor Hugo 1469 0";WILDE;2026-10-02;02-10-2026;01-10-2026;FAC-B0006-00000259;Venta;Empresa LAGOPUELO;34334;6,00;7876,03;9530,00;Villa Elias Raul;;20,00 %;26;Sabrina Pereyra;264;Poett Dsnf SuadBebe 12/900ml;1312,67;3409;"Venta modificada el 2026-10-01 13:23:38";KIOSCO;KIOSCO;7752,00;SIMON OLIVERA;328,17;$;2;GRUPO AYUDIN ARGENTINA S.A;0,00000000;0,00;Efectivo;05-10-2026 09:33;;POETT;CLOROX;;CLOROX;PISO;LAGO PUELO;LIMPIEZA;;;25;JOHANA VIGIL;AXUM;;CLOROX;False;131630;0;Lista General;KIOSCO - A;42783;01-10-2026;759-GABRIEL PEREZ;CLOROX;1;0,00000000;1312,67
106966;"VIctor Hugo 1469 0";WILDE;2026-10-02;02-10-2026;01-10-2026;FAC-B0006-00000259;Venta;Empresa LAGOPUELO;17927;15,00;12735,00;15409,35;Villa Elias Raul;;20,00 %;26;Sabrina Pereyra;264;AYDN LAVDNA OR 15/1L;849,00;3409;"Venta modificada el 2026-10-01 13:23:38";KIOSCO;KIOSCO;12735,00;SIMON OLIVERA;212,25;$;2;GRUPO AYUDIN ARGENTINA S.A;0,00000000;0,00;Efectivo;05-10-2026 09:33;;AYUDIN;CLOROX;;CLOROX;LAVANDINA;LAGO PUELO;LIMPIEZA;;;25;JOHANA VIGIL;AXUM;;CLOROX;False;131630;0;Lista General;KIOSCO - A;42783;01-10-2026;759-GABRIEL PEREZ;CLOROX;1;0,00000000;849,00
103452;"Carabella Entre san Lorenzo y pedernera 4046";VILLA DOMINICO;2026-10-02;02-10-2026;01-10-2026;FAC-B0006-00000260;Venta;Empresa LAGOPUELO;34320;3,00;3938,02;4765,00;Guillermo Paredes;;20,00 %;28;Nadia Diaz;284;Poett Desinf. Frescura de Lavanda 900ml;1312,67;3409;"Venta modificada el 2026-10-01 13:54:14";Tradicionales;Almacen;3876,00;SIMON OLIVERA;328,17;$;2;GRUPO AYUDIN ARGENTINA S.A;0,00000000;0,00;Efectivo;05-10-2026 09:33;;POETT;CLOROX;;CLOROX;PISO;LAGO PUELO;LIMPIEZA;;;25;JOHANA VIGIL;AXUM;;CLOROX;False;131670;0;Lista General;Almacen - A;42785;01-10-2026;759-GABRIEL PEREZ;CLOROX;1;0,00000000;1312,67
103452;"Carabella Entre san Lorenzo y pedernera 4046";VILLA DOMINICO;2026-10-02;02-10-2026;01-10-2026;FAC-B0006-00000260;Venta;Empresa LAGOPUELO;34324;3,00;3938,02;4765,00;Guillermo Paredes;;20,00 %;28;Nadia Diaz;284;Poett Desinf. Flores de Primavera 900ml;1312,67;3409;"Venta modificada el 2026-10-01 13:54:14";Tradicionales;Almacen;3876,00;SIMON OLIVERA;328,17;$;2;GRUPO AYUDIN ARGENTINA S.A;0,00000000;0,00;Efectivo;05-10-2026 09:33;;POETT;CLOROX;;CLOROX;PISO;LAGO PUELO;LIMPIEZA;;;25;JOHANA VIGIL;AXUM;;CLOROX;False;131670;0;Lista General;Almacen - A;42785;01-10-2026;759-GABRIEL PEREZ;CLOROX;1;0,00000000;1312,67
103452;"Carabella Entre san Lorenzo y pedernera 4046";VILLA DOMINICO;2026-10-02;02-10-2026;01-10-2026;FAC-B0006-00000260;Venta;Empresa LAGOPUELO;34327;3,00;3938,02;4765,00;Guillermo Paredes;;20,00 %;28;Nadia Diaz;284;Poett Desinf. Solo para ti 900ml;1312,67;3409;"Venta modificada el 2026-10-01 13:54:14";Tradicionales;Almacen;3876,00;SIMON OLIVERA;328,17;$;2;GRUPO AYUDIN ARGENTINA S.A;0,00000000;0,00;Efectivo;05-10-2026 09:33;;POETT;CLOROX;;CLOROX;PISO;LAGO PUELO;LIMPIEZA;;;25;JOHANA VIGIL;AXUM;;CLOROX;False;131670;0;Lista General;Almacen - A;42785;01-10-2026;759-GABRIEL PEREZ;CLOROX;1;0,00000000;1312,67
103452;"Carabella Entre san Lorenzo y pedernera 4046";VILLA DOMINICO;2026-10-02;02-10-2026;01-10-2026;FAC-B0006-00000260;Venta;Empresa LAGOPUELO;34334;3,00;3938,02;4765,00;Guillermo Paredes;;20,00 %;28;Nadia Diaz;284;Poett Dsnf SuadBebe 12/900ml;1312,67;3409;"Venta modificada el 2026-10-01 13:54:14";Tradicionales;Almacen;3876,00;SIMON OLIVERA;328,17;$;2;GRUPO AYUDIN ARGENTINA S.A;0,00000000;0,00;Efectivo;05-10-2026 09:33;;POETT;CLOROX;;CLOROX;PISO;LAGO PUELO;LIMPIEZA;;;25;JOHANA VIGIL;AXUM;;CLOROX;False;131670;0;Lista General;Almacen - A;42785;01-10-2026;759-GABRIEL PEREZ;CLOROX;1;0,00000000;1312,67
105428;"Nazar 258";GERLI;2026-10-02;02-10-2026;01-10-2026;FAC-A0006-00000237;Venta;Empresa LAGOPUELO;60886;6,00;14924,13;18058,20;Zhuan Yucai;;15,00 %;30;Oriana Songini;304;Poett Aer FlrPrm ExtFrag 6/360ml;2487,36;3408;"Venta modificada el 2026-10-02 06:14:10";Tradicionales;Almacen;13506,00;CLAUDIO GARCIA;438,95;$;2;GRUPO AYUDIN ARGENTINA S.A;0,00000000;0,00;Efectivo;05-10-2026 08:47;;POETT;CLOROX;;CLOROX;AERO POETT;LAGO PUELO;LIMPIEZA;;;25;JOHANA VIGIL;AXUM;;CLOROX;False;131902;0;Lista General;Almacen - A;42714;01-10-2026;1638-JAVIER LINARES;CLOROX;1;0,00000000;2487,36
105428;"Nazar 258";GERLI;2026-10-02;02-10-2026;01-10-2026;FAC-A0006-00000237;Venta;Empresa LAGOPUELO;50090;6,00;14924,13;18058,20;Zhuan Yucai;;15,00 %;30;Oriana Songini;304;Poett Aer Huellitas 6/360ml;2487,36;3408;"Venta modificada el 2026-10-02 06:14:10";Tradicionales;Almacen;13506,00;CLAUDIO GARCIA;438,95;$;2;GRUPO AYUDIN ARGENTINA S.A;0,00000000;0,00;Efectivo;05-10-2026 08:47;;POETT;CLOROX;;CLOROX;AERO POETT;LAGO PUELO;LIMPIEZA;;;25;JOHANA VIGIL;AXUM;;CLOROX;False;131902;0;Lista General;Almacen - A;42714;01-10-2026;1638-JAVIER LINARES;CLOROX;1;0,00000000;2487,36
105428;"Nazar 258";GERLI;2026-10-02;02-10-2026;01-10-2026;FAC-A0006-00000237;Venta;Empresa LAGOPUELO;60888;6,00;14924,13;18058,20;Zhuan Yucai;;15,00 %;30;Oriana Songini;304;Poett Aer SvdAlg ExtFrag 6/360ml;2487,36;3408;"Venta modificada el 2026-10-02 06:14:10";Tradicionales;Almacen;13506,00;CLAUDIO GARCIA;438,95;$;2;GRUPO AYUDIN ARGENTINA S.A;0,00000000;0,00;Efectivo;05-10-2026 08:47;;POETT;CLOROX;;CLOROX;AERO POETT;LAGO PUELO;LIMPIEZA;;;25;JOHANA VIGIL;AXUM;;CLOROX;False;131902;0;Lista General;Almacen - A;42714;01-10-2026;1638-JAVIER LINARES;CLOROX;1;0,00000000;2487,36
105428;"Nazar 258";GERLI;2026-10-02;02-10-2026;01-10-2026;FAC-A0006-00000237;Venta;Empresa LAGOPUELO;60887;6,00;14924,13;18058,20;Zhuan Yucai;;15,00 %;30;Oriana Songini;304;Poett Aer SvdBb ExtFrag 6/360ml;2487,36;3408;"Venta modificada el 2026-10-02 06:14:10";Tradicionales;Almacen;13506,00;CLAUDIO GARCIA;438,95;$;2;GRUPO AYUDIN ARGENTINA S.A;0,00000000;0,00;Efectivo;05-10-2026 08:47;;POETT;CLOROX;;CLOROX;AERO POETT;LAGO PUELO;LIMPIEZA;;;25;JOHANA VIGIL;AXUM;;CLOROX;False;131902;0;Lista General;Almacen - A;42714;01-10-2026;1638-JAVIER LINARES;CLOROX;1;0,00000000;2487,36
2472;"Calle 126 N 2322";Berazategui;2026-10-05;05-10-2026;01-10-2026;FAC-A0001-00343194;Venta;LAGOPUELO S.A;34324;6,00;7876,03;9530,00;CAUMO IVANA;;20,00 %;4;Selene Pawlikowski;44;Poett Desinf. Flores de Primavera 900ml;1312,67;3431;"";ALMACEN;ALMACEN;7752,00;JUAN ESCOTO;328,17;$;2;GRUPO AYUDIN ARGENTINA S.A;0,00000000;0,00;Contado;06-10-2026 08:29;;POETT;CLOROX;;CLOROX;PISO;LAGO PUELO;LIMPIEZA;;;25;JOHANA VIGIL;AXUM;;CLOROX;False;131690;0;Lista General;ALMACEN - A;43411;02-10-2026;509-LUCAS GODOY;CLOROX;1;0,00000000;1312,67
2472;"Calle 126 N 2322";Berazategui;2026-10-05;05-10-2026;01-10-2026;FAC-A0001-00343194;Venta;LAGOPUELO S.A;34320;6,00;7876,03;9530,00;CAUMO IVANA;;20,00 %;4;Selene Pawlikowski;44;Poett Desinf. Frescura de Lavanda 900ml;1312,67;3431;"";ALMACEN;ALMACEN;7752,00;JUAN ESCOTO;328,17;$;2;GRUPO AYUDIN ARGENTINA S.A;0,00000000;0,00;Contado;06-10-2026 08:29;;POETT;CLOROX;;CLOROX;PISO;LAGO PUELO;LIMPIEZA;;;25;JOHANA VIGIL;AXUM;;CLOROX;False;131690;0;Lista General;ALMACEN - A;43411;02-10-2026;509-LUCAS GODOY;CLOROX;1;0,00000000;1312,67
2472;"Calle 126 N 2322";Berazategui;2026-10-05;05-10-2026;01-10-2026;FAC-A0001-00343194;Venta;LAGOPUELO S.A;34336;6,00;7876,03;9530,00;CAUMO IVANA;;20,00 %;4;Selene Pawlikowski;44;Poett Dsnf SuadAlg 12/900ml;1312,67;3431;"";ALMACEN;ALMACEN;7752,00;JUAN ESCOTO;328,17;$;2;GRUPO AYUDIN ARGENTINA S.A;0,00000000;0,00;Contado;06-10-2026 08:29;;POETT;CLOROX;;CLOROX;PISO;LAGO PUELO;LIMPIEZA;;;25;JOHANA VIGIL;AXUM;;CLOROX;False;131690;0;Lista General;ALMACEN - A;43411;02-10-2026;509-LUCAS GODOY;CLOROX;1;0,00000000;1312,67
2472;"Calle 126 N 2322";Berazategui;2026-10-05;05-10-2026;01-10-2026;FAC-A0001-00343194;Venta;LAGOPUELO S.A;34327;6,00;7876,03;9530,00;CAUMO IVANA;;20,00 %;4;Selene Pawlikowski;44;Poett Desinf. Solo para ti 900ml;1312,67;3431;"";ALMACEN;ALMACEN;7752,00;JUAN ESCOTO;328,17;$;2;GRUPO AYUDIN ARGENTINA S.A;0,00000000;0,00;Contado;06-10-2026 08:29;;POETT;CLOROX;;CLOROX;PISO;LAGO PUELO;LIMPIEZA;;;25;JOHANA VIGIL;AXUM;;CLOROX;False;131690;0;Lista General;ALMACEN - A;43411;02-10-2026;509-LUCAS GODOY;CLOROX;1;0,00000000;1312,67
268;"CALLE 1149 1571";Florencio Varela;2026-10-05;05-10-2026;02-10-2026;FAC-A0001-00343198;Venta;LAGOPUELO S.A;17927;30,00;25470,00;30818,70;FLORENTINO MIGUEL VICTOR;;20,00 %;051;Ezequiel Valente;0515;AYDN LAVDNA OR 15/1L;849,00;3431;"";AUTOSERVICIO;AUTOSERVICIO;25470,00;JUAN ESCOTO;212,25;$;2;GRUPO AYUDIN ARGENTINA S.A;0,00000000;0,00;Efectivo;06-10-2026 08:29;;AYUDIN;CLOROX;;CLOROX;LAVANDINA;LAGO PUELO;LIMPIEZA;;;300;Bruno Centurion;AXUM;;CLOROX;False;132330;0;Lista General;AUTOSERVICIO - A;43418;02-10-2026;509-LUCAS GODOY;CLOROX;1;0,00000000;849,00
268;"CALLE 1149 1571";Florencio Varela;2026-10-05;05-10-2026;02-10-2026;FAC-A0001-00343198;Venta;LAGOPUELO S.A;60222;15,00;18427,50;22297,28;FLORENTINO MIGUEL VICTOR;;10,00 %;051;Ezequiel Valente;0515;Aydn Lavda TriPod 15/1l GP2;1228,50;3431;"";AUTOSERVICIO;AUTOSERVICIO;15750,00;JUAN ESCOTO;136,50;$;2;GRUPO AYUDIN ARGENTINA S.A;0,00000000;0,00;Efectivo;06-10-2026 08:29;;AYUDIN;CLOROX;;CLOROX;LAVANDINA;LAGO PUELO;LIMPIEZA;;;300;Bruno Centurion;AXUM;;CLOROX;False;132330;0;Lista General;AUTOSERVICIO - A;43418;02-10-2026;509-LUCAS GODOY;CLOROX;1;0,00000000;1228,50
268;"CALLE 1149 1571";Florencio Varela;2026-10-05;05-10-2026;02-10-2026;FAC-A0001-00343198;Venta;LAGOPUELO S.A;60226;15,00;18427,50;22297,28;FLORENTINO MIGUEL VICTOR;;10,00 %;051;Ezequiel Valente;0515;Aydn PurGlac TriPod 15/1l GP2;1228,50;3431;"";AUTOSERVICIO;AUTOSERVICIO;15750,00;JUAN ESCOTO;136,50;$;2;GRUPO AYUDIN ARGENTINA S.A;0,00000000;0,00;Efectivo;06-10-2026 08:29;;AYUDIN;CLOROX;;CLOROX;LAVANDINA;LAGO PUELO;LIMPIEZA;;;300;Bruno Centurion;AXUM;;CLOROX;False;132330;0;Lista General;AUTOSERVICIO - A;43418;02-10-2026;509-LUCAS GODOY;CLOROX;1;0,00000000;1228,50
268;"CALLE 1149 1571";Florencio Varela;2026-10-05;05-10-2026;02-10-2026;FAC-A0001-00343198;Venta;LAGOPUELO S.A;60231;15,00;21905,10;26505,17;FLORENTINO MIGUEL VICTOR;;10,00 %;051;Ezequiel Valente;0515;Aydn A-Sp Trad 15/1l GP2;1460,34;3431;"";AUTOSERVICIO;AUTOSERVICIO;18300,00;JUAN ESCOTO;162,26;$;2;GRUPO AYUDIN ARGENTINA S.A;0,00000000;0,00;Efectivo;06-10-2026 08:29;;AYUDIN;CLOROX;;CLOROX;LAVANDINA;LAGO PUELO;LIMPIEZA;;;300;Bruno Centurion;AXUM;;CLOROX;False;132330;0;Lista General;AUTOSERVICIO - A;43418;02-10-2026;509-LUCAS GODOY;CLOROX;1;0,00000000;1460,34
6502;"Calle 1149 NUMERO 1134";FLORENCIO VARELA;2026-10-05;05-10-2026;02-10-2026;FAC-A0001-00343200;Venta;LAGOPUELO S.A;60233;15,00;34904,52;42234,47;LIN ZHUANG;;20,00 %;051;Ezequiel Valente;0515;Aydn Lavdna Gel Or 15/700ml GP2;2326,97;3431;"";AUTOSERVICIO;AUTOSERVICIO;32805,00;JUAN ESCOTO;581,74;$;2;GRUPO AYUDIN ARGENTINA S.A;0,00000000;0,00;Contado;06-10-2026 08:29;;AYUDIN;CLOROX;;CLOROX;LAVANDINA;LAGO PUELO;LIMPIEZA;;;300;Bruno Centurion;AXUM;;CLOROX;False;132363;0;Lista General;AUTOSERVICIO - A;43420;02-10-2026;509-LUCAS GODOY;CLOROX;1;0,00000000;2326,97
6502;"Calle 1149 NUMERO 1134";FLORENCIO VARELA;2026-10-05;05-10-2026;02-10-2026;FAC-A0001-00343200;Venta;LAGOPUELO S.A;60239;15,00;34904,52;42234,47;LIN ZHUANG;;20,00 %;051;Ezequiel Valente;0515;Aydn Lavdna Gel MntFrs 15/700ml GP2;2326,97;3431;"";AUTOSERVICIO;AUTOSERVICIO;32805,00;JUAN ESCOTO;581,74;$;2;GRUPO AYUDIN ARGENTINA S.A;0,00000000;0,00;Contado;06-10-2026 08:29;;AYUDIN;CLOROX;;CLOROX;LAVANDINA;LAGO PUELO;LIMPIEZA;;;300;Bruno Centurion;AXUM;;CLOROX;False;132363;0;Lista General;AUTOSERVICIO - A;43420;02-10-2026;509-LUCAS GODOY;CLOROX;1;0,00000000;2326,97
6502;"Calle 1149 NUMERO 1134";FLORENCIO VARELA;2026-10-05;05-10-2026;02-10-2026;FAC-A0001-00343200;Venta;LAGOPUELO S.A;60240;15,00;34904,52;42234,47;LIN ZHUANG;;20,00 %;051;Ezequiel Valente;0515;Aydn Lavdna Gel Lavda EXPRT 15/700ml GP2;2326,97;3431;"";AUTOSERVICIO;AUTOSERVICIO;32805,00;JUAN ESCOTO;581,74;$;2;GRUPO AYUDIN ARGENTINA S.A;0,00000000;0,00;Contado;06-10-2026 08:29;;AYUDIN;CLOROX;;CLOROX;LAVANDINA;LAGO PUELO;LIMPIEZA;;;300;Bruno Centurion;AXUM;;CLOROX;False;132363;0;Lista General;AUTOSERVICIO - A;43420;02-10-2026;509-LUCAS GODOY;CLOROX;1;0,00000000;2326,97
249;"CALLE 1149 1019";Florencio Varela;2026-10-05;05-10-2026;02-10-2026;FAC-A0001-00343202;Venta;LAGOPUELO S.A;17927;15,00;15918,75;19261,69;VERON IRMA JACQUELINE;;0,00 %;051;Ezequiel Valente;0515;AYDN LAVDNA OR 15/1L;1061,25;3431;"";ALMACEN;ALMACEN;12735,00;JUAN ESCOTO;0,00;$;2;GRUPO AYUDIN ARGENTINA S.A;0,00000000;0,00;Efectivo;06-10-2026 08:29;;AYUDIN;CLOROX;;CLOROX;LAVANDINA;LAGO PUELO;LIMPIEZA;;;300;Bruno Centurion;AXUM;;CLOROX;False;132443;0;Lista General;ALMACEN - A;43424;02-10-2026;509-LUCAS GODOY;CLOROX;1;0,00000000;1061,25
13118;"CALLE 455 E/ 413 Y 413 A 0";BERAZATEGUI;2026-10-05;05-10-2026;02-10-2026;FAC-A0001-00343204;Venta;LAGOPUELO S.A;34324;4,00;6563,36;7941,67;ABREVAR FD S.A.;;0,00 %;052;Nicole Sosa;0525;Poett Desinf. Flores de Primavera 900ml;1640,84;3431;"";AUTOSERVICIO;AUTOSERVICIO;5168,00;JUAN ESCOTO;0,00;$;2;GRUPO AYUDIN ARGENTINA S.A;0,00000000;0,00;Contado;06-10-2026 08:29;;POETT;CLOROX;;CLOROX;PISO;LAGO PUELO;LIMPIEZA;;;300;Bruno Centurion;AXUM;;CLOROX;False;132509;0;Lista General;AUTOSERVICIO - A;43426;02-10-2026;509-LUCAS GODOY;CLOROX;1;0,00000000;1640,84
13118;"CALLE 455 E/ 413 Y 413 A 0";BERAZATEGUI;2026-10-05;05-10-2026;02-10-2026;FAC-A0001-00343204;Venta;LAGOPUELO S.A;34320;4,00;6563,36;7941,67;ABREVAR FD S.A.;;0,00 %;052;Nicole Sosa;0525;Poett Desinf. Frescura de Lavanda 900ml;1640,84;3431;"";AUTOSERVICIO;AUTOSERVICIO;5168,00;JUAN ESCOTO;0,00;$;2;GRUPO AYUDIN ARGENTINA S.A;0,00000000;0,00;Contado;06-10-2026 08:29;;POETT;CLOROX;;CLOROX;PISO;LAGO PUELO;LIMPIEZA;;;300;Bruno Centurion;AXUM;;CLOROX;False;132509;0;Lista General;AUTOSERVICIO - A;43426;02-10-2026;509-LUCAS GODOY;CLOROX;1;0,00000000;1640,84
13118;"CALLE 455 E/ 413 Y 413 A 0";BERAZATEGUI;2026-10-05;05-10-2026;02-10-2026;FAC-A0001-00343204;Venta;LAGOPUELO S.A;34336;4,00;6563,36;7941,67;ABREVAR FD S.A.;;0,00 %;052;Nicole Sosa;0525;Poett Dsnf SuadAlg 12/900ml;1640,84;3431;"";AUTOSERVICIO;AUTOSERVICIO;5168,00;JUAN ESCOTO;0,00;$;2;GRUPO AYUDIN ARGENTINA S.A;0,00000000;0,00;Contado;06-10-2026 08:29;;POETT;CLOROX;;CLOROX;PISO;LAGO PUELO;LIMPIEZA;;;300;Bruno Centurion;AXUM;;CLOROX;False;132509;0;Lista General;AUTOSERVICIO - A;43426;02-10-2026;509-LUCAS GODOY;CLOROX;1;0,00000000;1640,84
13118;"CALLE 455 E/ 413 Y 413 A 0";BERAZATEGUI;2026-10-05;05-10-2026;02-10-2026;FAC-A0001-00343204;Venta;LAGOPUELO S.A;32288;3,00;5518,50;6677,39;ABREVAR FD S.A.;;0,00 %;052;Nicole Sosa;0525;Tren Oxi DoyPk 16/400ml                 ;1839,50;3431;"";AUTOSERVICIO;AUTOSERVICIO;4245,00;JUAN ESCOTO;0,00;$;2;GRUPO AYUDIN ARGENTINA S.A;0,00000000;0,00;Contado;06-10-2026 08:29;;TRENET;CLOROX;;CLOROX;LAVADO DE ROPA;LAGO PUELO;LIMPIEZA;;;300;Bruno Centurion;AXUM;;CLOROX;False;132509;0;Lista General;AUTOSERVICIO - A;43426;02-10-2026;509-LUCAS GODOY;CLOROX;1;0,00000000;1839,50
13118;"CALLE 455 E/ 413 Y 413 A 0";BERAZATEGUI;2026-10-05;05-10-2026;02-10-2026;FAC-A0001-00343204;Venta;LAGOPUELO S.A;21770;5,00;18697,50;22623,98;ABREVAR FD S.A.;;0,00 %;052;Nicole Sosa;0525;Mort PnMultus Clr3 20/3ct               ;3739,50;3431;"";AUTOSERVICIO;AUTOSERVICIO;13850,00;JUAN ESCOTO;0,00;$;2;GRUPO AYUDIN ARGENTINA S.A;0,00000000;0,00;Contado;06-10-2026 08:29;;MORTIMER;CLOROX;;CLOROX;MORTIMER;LAGO PUELO;LIMPIEZA;;;300;Bruno Centurion;AXUM;;CLOROX;False;132509;0;Lista General;AUTOSERVICIO - A;43426;02-10-2026;509-LUCAS GODOY;CLOROX;1;0,00000000;3739,50
2780;"Calle 457 N∞ 1561";Berazategui;2026-10-05;05-10-2026;02-10-2026;FAC-A0001-00343205;Venta;LAGOPUELO S.A;60408;6,00;22886,64;27692,83;WANG HUANG ;;0,00 %;052;Nicole Sosa;0525;Ayudin Ropa Blancos Supremos 15/700ml;3814,44;3431;"";AUTOSERVICIO;AUTOSERVICIO;17208,00;JUAN ESCOTO;0,00;$;2;GRUPO AYUDIN ARGENTINA S.A;0,00000000;0,00;Contado;06-10-2026 08:29;;AYUDIN;CLOROX;;CLOROX;LAVADO DE ROPA;LAGO PUELO;LIMPIEZA;;;300;Bruno Centurion;AXUM;;CLOROX;False;132596;0;Lista General;AUTOSERVICIO - A;43427;02-10-2026;509-LUCAS GODOY;CLOROX;1;0,00000000;3814,44
6260;"Calle 1155 N∞ 2607";Varela ;2026-10-05;05-10-2026;02-10-2026;FAC-A0001-00343206;Venta;LAGOPUELO S.A;32288;16,00;26488,80;32051,45;WEI ZHONGSHENG ;;10,00 %;051;Ezequiel Valente;0515;Tren Oxi DoyPk 16/400ml                 ;1655,55;3431;"";AUTOSERVICIO;AUTOSERVICIO;22640,00;JUAN ESCOTO;183,95;$;2;GRUPO AYUDIN ARGENTINA S.A;0,00000000;0,00;Contado;06-10-2026 08:29;;TRENET;CLOROX;;CLOROX;LAVADO DE ROPA;LAGO PUELO;LIMPIEZA;;;300;Bruno Centurion;AXUM;;CLOROX;False;132602;0;Lista General;AUTOSERVICIO - A;43428;02-10-2026;509-LUCAS GODOY;CLOROX;1;0,00000000;1655,55
6260;"Calle 1155 N∞ 2607";Varela ;2026-10-05;05-10-2026;02-10-2026;FAC-A0001-00343206;Venta;LAGOPUELO S.A;61576;16,00;25140,96;30420,56;WEI ZHONGSHENG ;;10,00 %;051;Ezequiel Valente;0515;Aydn Bn Limp† Act Or DoyPk 16/450ml;1571,31;3431;"";AUTOSERVICIO;AUTOSERVICIO;21488,00;JUAN ESCOTO;174,59;$;2;GRUPO AYUDIN ARGENTINA S.A;0,00000000;0,00;Contado;06-10-2026 08:29;;AYUDIN;CLOROX;;CLOROX;BAÒO;LAGO PUELO;LIMPIEZA;;;300;Bruno Centurion;AXUM;;CLOROX;False;132602;0;Lista General;AUTOSERVICIO - A;43428;02-10-2026;509-LUCAS GODOY;CLOROX;1;0,00000000;1571,31
6260;"Calle 1155 N∞ 2607";Varela ;2026-10-05;05-10-2026;02-10-2026;FAC-A0001-00343206;Venta;LAGOPUELO S.A;61577;16,00;21378,24;25867,67;WEI ZHONGSHENG ;;10,00 %;051;Ezequiel Valente;0515;Aydn Coc† Pod Act Or† DoyPk 16/450ml;1336,14;3431;"";AUTOSERVICIO;AUTOSERVICIO;18272,00;JUAN ESCOTO;148,46;$;2;GRUPO AYUDIN ARGENTINA S.A;0,00000000;0,00;Contado;06-10-2026 08:29;;AYUDIN;CLOROX;;CLOROX;COCINA;LAGO PUELO;LIMPIEZA;;;300;Bruno Centurion;AXUM;;CLOROX;False;132602;0;Lista General;AUTOSERVICIO - A;43428;02-10-2026;509-LUCAS GODOY;CLOROX;1;0,00000000;1336,14
23678;"A. RIVERO - (AUTOSERVICIOS) 129";ESTEBAN ECHEVERR√¬çA;2026-10-05;05-10-2026;30-09-2026;FAC-A0001-00343208;Venta;LAGOPUELO S.A;61046;15,00;23122,13;27977,77;ZHEN XIANG;;15,00 %;064;Karina Fernandez;0643;Aydn RopQuitMnch BlncInt 15/1l;1541,48;3429;"";AUTOSERVICIO;Autoservicio A;20925,00;SIMON OLIVERA;272,03;$;2;GRUPO AYUDIN ARGENTINA S.A;0,00000000;0,00;Contado;06-10-2026 15:41;;AYUDIN;CLOROX;;CLOROX;LAVADO DE ROPA;LAGO PUELO;LIMPIEZA;;;300;Bruno Centurion;AXUM;;CLOROX;False;131038;0;Lista General;Autoservicio A - A;43235;02-10-2026;509-LUCAS GODOY;CLOROX;1;0,00000000;1541,48
23678;"A. RIVERO - (AUTOSERVICIOS) 129";ESTEBAN ECHEVERR√¬çA;2026-10-05;05-10-2026;30-09-2026;FAC-A0001-00343208;Venta;LAGOPUELO S.A;34320;24,00;29535,12;35737,50;ZHEN XIANG;;25,00 %;064;Karina Fernandez;0643;Poett Desinf. Frescura de Lavanda 900ml;1230,63;3429;"";AUTOSERVICIO;Autoservicio A;31008,00;SIMON OLIVERA;410,21;$;2;GRUPO AYUDIN ARGENTINA S.A;0,00000000;0,00;Contado;06-10-2026 15:41;;POETT;CLOROX;;CLOROX;PISO;LAGO PUELO;LIMPIEZA;;;300;Bruno Centurion;AXUM;;CLOROX;False;131038;0;Lista General;Autoservicio A - A;43235;02-10-2026;509-LUCAS GODOY;CLOROX;1;0,00000000;1230,63
23678;"A. RIVERO - (AUTOSERVICIOS) 129";ESTEBAN ECHEVERR√¬çA;2026-10-05;05-10-2026;30-09-2026;FAC-A0001-00343208;Venta;LAGOPUELO S.A;34336;12,00;14767,56;17868,75;ZHEN XIANG;;25,00 %;064;Karina Fernandez;0643;Poett Dsnf SuadAlg 12/900ml;1230,63;3429;"";AUTOSERVICIO;Autoservicio A;15504,00;SIMON OLIVERA;410,21;$;2;GRUPO AYUDIN ARGENTINA S.A;0,00000000;0,00;Contado;06-10-2026 15:41;;POETT;CLOROX;;CLOROX;PISO;LAGO PUELO;LIMPIEZA;;;300;Bruno Centurion;AXUM;;CLOROX;False;131038;0;Lista General;Autoservicio A - A;43235;02-10-2026;509-LUCAS GODOY;CLOROX;1;0,00000000;1230,63
23678;"A. RIVERO - (AUTOSERVICIOS) 129";ESTEBAN ECHEVERR√¬çA;2026-10-05;05-10-2026;30-09-2026;FAC-A0001-00343208;Venta;LAGOPUELO S.A;60386;24,00;29535,12;35737,50;ZHEN XIANG;;25,00 %;064;Karina Fernandez;0643;Poett EsptPly 12/900ml;1230,63;3429;"";AUTOSERVICIO;Autoservicio A;31008,00;SIMON OLIVERA;410,21;$;2;GRUPO AYUDIN ARGENTINA S.A;0,00000000;0,00;Contado;06-10-2026 15:41;;POETT;CLOROX;;CLOROX;PISO;LAGO PUELO;LIMPIEZA;;;300;Bruno Centurion;AXUM;;CLOROX;False;131038;0;Lista General;Autoservicio A - A;43235;02-10-2026;509-LUCAS GODOY;CLOROX;1;0,00000000;1230,63
23678;"A. RIVERO - (AUTOSERVICIOS) 129";ESTEBAN ECHEVERR√¬çA;2026-10-05;05-10-2026;30-09-2026;FAC-A0001-00343208;Venta;LAGOPUELO S.A;36001;24,00;29535,12;35737,50;ZHEN XIANG;;25,00 %;064;Karina Fernandez;0643;POETT FRSC TROP 12/900;1230,63;3429;"";AUTOSERVICIO;Autoservicio A;31008,00;SIMON OLIVERA;410,21;$;2;GRUPO AYUDIN ARGENTINA S.A;0,00000000;0,00;Contado;06-10-2026 15:41;;POETT;CLOROX;;CLOROX;PISO;LAGO PUELO;LIMPIEZA;;;300;Bruno Centurion;AXUM;;CLOROX;False;131038;0;Lista General;Autoservicio A - A;43235;02-10-2026;509-LUCAS GODOY;CLOROX;1;0,00000000;1230,63
23678;"A. RIVERO - (AUTOSERVICIOS) 129";ESTEBAN ECHEVERR√¬çA;2026-10-05;05-10-2026;30-09-2026;FAC-A0001-00343208;Venta;LAGOPUELO S.A;34327;12,00;14767,56;17868,75;ZHEN XIANG;;25,00 %;064;Karina Fernandez;0643;Poett Desinf. Solo para ti 900ml;1230,63;3429;"";AUTOSERVICIO;Autoservicio A;15504,00;SIMON OLIVERA;410,21;$;2;GRUPO AYUDIN ARGENTINA S.A;0,00000000;0,00;Contado;06-10-2026 15:41;;POETT;CLOROX;;CLOROX;PISO;LAGO PUELO;LIMPIEZA;;;300;Bruno Centurion;AXUM;;CLOROX;False;131038;0;Lista General;Autoservicio A - A;43235;02-10-2026;509-LUCAS GODOY;CLOROX;1;0,00000000;1230,63
23699;"BRUZONE 845";ESTEBAN ECHEVERR√¬çA;2026-10-05;05-10-2026;01-10-2026;FAC-A0001-00343213;Venta;LAGOPUELO S.A;60234;6,00;14834,42;17949,65;HUANG RUIHUANG;;15,00 %;064;Karina Fernandez;0644;Aydn Lavdna Gel Ctra 15/700ml GP2;2472,40;3429;"";AUTOSERVICIO;Autoservicio A;13122,00;SIMON OLIVERA;436,31;$;2;GRUPO AYUDIN ARGENTINA S.A;0,00000000;0,00;Contado;06-10-2026 15:41;;AYUDIN;CLOROX;;CLOROX;LAVANDINA;LAGO PUELO;LIMPIEZA;;;300;Bruno Centurion;AXUM;;CLOROX;False;131944;0;Lista General;Autoservicio A - A;43254;02-10-2026;509-LUCAS GODOY;CLOROX;1;0,00000000;2472,40
4039;"JOSE HERNANDEZ 344";LLAVALLOL;2026-10-05;05-10-2026;02-10-2026;FAC-A0001-00343217;Venta;LAGOPUELO S.A;34320;12,00;14767,56;17868,75;CHEN YU TIAN;;25,00 %;063;Daniel Martin;0635;Poett Desinf. Frescura de Lavanda 900ml;1230,63;3429;"";AUTOSERVICIO;Autoservicio A;15504,00;SIMON OLIVERA;410,21;$;2;GRUPO AYUDIN ARGENTINA S.A;0,00000000;0,00;Contado;06-10-2026 15:41;;POETT;CLOROX;;CLOROX;PISO;LAGO PUELO;LIMPIEZA;;;300;Bruno Centurion;AXUM;;CLOROX;False;132262;0;Lista General;Autoservicio A - A;43259;02-10-2026;509-LUCAS GODOY;CLOROX;1;0,00000000;1230,63
4039;"JOSE HERNANDEZ 344";LLAVALLOL;2026-10-05;05-10-2026;02-10-2026;FAC-A0001-00343217;Venta;LAGOPUELO S.A;34327;12,00;14767,56;17868,75;CHEN YU TIAN;;25,00 %;063;Daniel Martin;0635;Poett Desinf. Solo para ti 900ml;1230,63;3429;"";AUTOSERVICIO;Autoservicio A;15504,00;SIMON OLIVERA;410,21;$;2;GRUPO AYUDIN ARGENTINA S.A;0,00000000;0,00;Contado;06-10-2026 15:41;;POETT;CLOROX;;CLOROX;PISO;LAGO PUELO;LIMPIEZA;;;300;Bruno Centurion;AXUM;;CLOROX;False;132262;0;Lista General;Autoservicio A - A;43259;02-10-2026;509-LUCAS GODOY;CLOROX;1;0,00000000;1230,63
4039;"JOSE HERNANDEZ 344";LLAVALLOL;2026-10-05;05-10-2026;02-10-2026;FAC-A0001-00343217;Venta;LAGOPUELO S.A;34334;12,00;14767,56;17868,75;CHEN YU TIAN;;25,00 %;063;Daniel Martin;0635;Poett Dsnf SuadBebe 12/900ml;1230,63;3429;"";AUTOSERVICIO;Autoservicio A;15504,00;SIMON OLIVERA;410,21;$;2;GRUPO AYUDIN ARGENTINA S.A;0,00000000;0,00;Contado;06-10-2026 15:41;;POETT;CLOROX;;CLOROX;PISO;LAGO PUELO;LIMPIEZA;;;300;Bruno Centurion;AXUM;;CLOROX;False;132262;0;Lista General;Autoservicio A - A;43259;02-10-2026;509-LUCAS GODOY;CLOROX;1;0,00000000;1230,63
4039;"JOSE HERNANDEZ 344";LLAVALLOL;2026-10-05;05-10-2026;02-10-2026;FAC-A0001-00343217;Venta;LAGOPUELO S.A;34324;12,00;14767,56;17868,75;CHEN YU TIAN;;25,00 %;063;Daniel Martin;0635;Poett Desinf. Flores de Primavera 900ml;1230,63;3429;"";AUTOSERVICIO;Autoservicio A;15504,00;SIMON OLIVERA;410,21;$;2;GRUPO AYUDIN ARGENTINA S.A;0,00000000;0,00;Contado;06-10-2026 15:41;;POETT;CLOROX;;CLOROX;PISO;LAGO PUELO;LIMPIEZA;;;300;Bruno Centurion;AXUM;;CLOROX;False;132262;0;Lista General;Autoservicio A - A;43259;02-10-2026;509-LUCAS GODOY;CLOROX;1;0,00000000;1230,63
4039;"JOSE HERNANDEZ 344";LLAVALLOL;2026-10-05;05-10-2026;02-10-2026;FAC-A0001-00343217;Venta;LAGOPUELO S.A;34342;12,00;14767,56;17868,75;CHEN YU TIAN;;25,00 %;063;Daniel Martin;0635;Poett Dsnf AlgrDia 12/900ml;1230,63;3429;"";AUTOSERVICIO;Autoservicio A;15504,00;SIMON OLIVERA;410,21;$;2;GRUPO AYUDIN ARGENTINA S.A;0,00000000;0,00;Contado;06-10-2026 15:41;;POETT;CLOROX;;CLOROX;PISO;LAGO PUELO;LIMPIEZA;;;300;Bruno Centurion;AXUM;;CLOROX;False;132262;0;Lista General;Autoservicio A - A;43259;02-10-2026;509-LUCAS GODOY;CLOROX;1;0,00000000;1230,63
4039;"JOSE HERNANDEZ 344";LLAVALLOL;2026-10-05;05-10-2026;02-10-2026;FAC-A0001-00343217;Venta;LAGOPUELO S.A;36001;12,00;14767,56;17868,75;CHEN YU TIAN;;25,00 %;063;Daniel Martin;0635;POETT FRSC TROP 12/900;1230,63;3429;"";AUTOSERVICIO;Autoservicio A;15504,00;SIMON OLIVERA;410,21;$;2;GRUPO AYUDIN ARGENTINA S.A;0,00000000;0,00;Contado;06-10-2026 15:41;;POETT;CLOROX;;CLOROX;PISO;LAGO PUELO;LIMPIEZA;;;300;Bruno Centurion;AXUM;;CLOROX;False;132262;0;Lista General;Autoservicio A - A;43259;02-10-2026;509-LUCAS GODOY;CLOROX;1;0,00000000;1230,63
4039;"JOSE HERNANDEZ 344";LLAVALLOL;2026-10-05;05-10-2026;02-10-2026;FAC-A0001-00343217;Venta;LAGOPUELO S.A;34321;8,00;19328,40;23387,36;CHEN YU TIAN;;25,00 %;063;Daniel Martin;0635;Poett Desinf. Frescura de Lavanda 1.8ml;2416,05;3429;"";AUTOSERVICIO;Autoservicio A;19824,00;SIMON OLIVERA;805,35;$;2;GRUPO AYUDIN ARGENTINA S.A;0,00000000;0,00;Contado;06-10-2026 15:41;;POETT;CLOROX;;CLOROX;PISO;LAGO PUELO;LIMPIEZA;;;300;Bruno Centurion;AXUM;;CLOROX;False;132262;0;Lista General;Autoservicio A - A;43259;02-10-2026;509-LUCAS GODOY;CLOROX;1;0,00000000;2416,05
29392;"UCRANIA 524";LLAVALLOL;2026-10-05;05-10-2026;02-10-2026;FAC-A0001-00343220;Venta;LAGOPUELO S.A;17927;75,00;61287,19;74157,50;yan han;;23,00 %;063;Daniel Martin;0635;AYDN LAVDNA OR 15/1L;817,16;3429;"";AUTOSERVICIO;Autoservicio A;63675,00;SIMON OLIVERA;244,09;$;2;GRUPO AYUDIN ARGENTINA S.A;0,00000000;0,00;Contado;06-10-2026 15:41;;AYUDIN;CLOROX;;CLOROX;LAVANDINA;LAGO PUELO;LIMPIEZA;;;300;Bruno Centurion;AXUM;;CLOROX;False;132282;0;Lista General;Autoservicio A - A;43262;02-10-2026;509-LUCAS GODOY;CLOROX;1;0,00000000;817,16
5778;"GRAL RODRIGUEZ 398";MONTE GRANDE;2026-10-05;05-10-2026;02-10-2026;FAC-A0001-00343223;Venta;LAGOPUELO S.A;60237;15,00;37086,05;44874,12;Chen Dylan;;15,00 %;064;Karina Fernandez;0645;Aydn Lavdna Gel Flr 15/700ml GP2;2472,40;3429;"";AUTOSERVICIO;Autoservicio A;32805,00;SIMON OLIVERA;436,31;$;2;GRUPO AYUDIN ARGENTINA S.A;0,00000000;0,00;Contado;06-10-2026 15:41;;AYUDIN;CLOROX;;CLOROX;LAVANDINA;LAGO PUELO;LIMPIEZA;;;300;Bruno Centurion;AXUM;;CLOROX;False;132370;0;Lista General;Autoservicio A - A;43266;02-10-2026;509-LUCAS GODOY;CLOROX;1;0,00000000;2472,40
5778;"GRAL RODRIGUEZ 398";MONTE GRANDE;2026-10-05;05-10-2026;02-10-2026;FAC-A0001-00343223;Venta;LAGOPUELO S.A;61577;16,00;22565,92;27304,76;Chen Dylan;;5,00 %;064;Karina Fernandez;0645;Aydn Coc† Pod Act Or† DoyPk 16/450ml;1410,37;3429;"";AUTOSERVICIO;Autoservicio A;18272,00;SIMON OLIVERA;74,23;$;2;GRUPO AYUDIN ARGENTINA S.A;0,00000000;0,00;Contado;06-10-2026 15:41;;AYUDIN;CLOROX;;CLOROX;COCINA;LAGO PUELO;LIMPIEZA;;;300;Bruno Centurion;AXUM;;CLOROX;False;132370;0;Lista General;Autoservicio A - A;43266;02-10-2026;509-LUCAS GODOY;CLOROX;1;0,00000000;1410,37
5559;"MERCEDES 1363";LLAVALLOL;2026-10-05;05-10-2026;02-10-2026;FAC-A0001-00343226;Venta;LAGOPUELO S.A;61814;6,00;26415,00;31962,15;SAIMEI CHEN;;0,00 %;063;Daniel Martin;0635;Sltn MataMosq Aer s/OlrQmc 6/360ml BA;4402,50;3429;"";AUTOSERVICIO;Autoservicio A;21132,00;SIMON OLIVERA;0,00;$;2;GRUPO AYUDIN ARGENTINA S.A;0,00000000;0,00;Contado;06-10-2026 15:41;;SELTON;CLOROX;;CLOROX;SELTON;LAGO PUELO;LIMPIEZA;;;300;Bruno Centurion;AXUM;;CLOROX;False;132376;0;Lista General;Autoservicio A - A;43270;02-10-2026;509-LUCAS GODOY;CLOROX;1;0,00000000;4402,50
23469;"GUATAMBU 480";BURZACO;2026-10-05;05-10-2026;02-10-2026;FAC-A0001-00343229;Venta;LAGOPUELO S.A;50087;2,00;8197,20;9918,61;WANG MIN;;0,00 %;063;Daniel Martin;0635;Poett Frgnz Huellitas 12/250ml AR;4098,60;3429;"";AUTOSERVICIO;Autoservicio A;6072,00;SIMON OLIVERA;0,00;$;2;GRUPO AYUDIN ARGENTINA S.A;0,00000000;0,00;Contado;06-10-2026 15:41;;POETT;CLOROX;;CLOROX;AERO POETT;LAGO PUELO;LIMPIEZA;;;300;Bruno Centurion;AXUM;;CLOROX;False;132472;0;Lista General;Autoservicio A - A;43275;02-10-2026;509-LUCAS GODOY;CLOROX;1;0,00000000;4098,60
23469;"GUATAMBU 480";BURZACO;2026-10-05;05-10-2026;02-10-2026;FAC-A0001-00343229;Venta;LAGOPUELO S.A;19860;2,00;8197,20;9918,61;WANG MIN;;0,00 %;063;Daniel Martin;0635;Poett Frgnz FrsRoc 12/250ml AR          ;4098,60;3429;"";AUTOSERVICIO;Autoservicio A;6072,00;SIMON OLIVERA;0,00;$;2;GRUPO AYUDIN ARGENTINA S.A;0,00000000;0,00;Contado;06-10-2026 15:41;;POETT;CLOROX;;CLOROX;AERO POETT;LAGO PUELO;LIMPIEZA;;;300;Bruno Centurion;AXUM;;CLOROX;False;132472;0;Lista General;Autoservicio A - A;43275;02-10-2026;509-LUCAS GODOY;CLOROX;1;0,00000000;4098,60
23469;"GUATAMBU 480";BURZACO;2026-10-05;05-10-2026;02-10-2026;FAC-A0001-00343229;Venta;LAGOPUELO S.A;19861;2,00;8197,20;9918,61;WANG MIN;;0,00 %;063;Daniel Martin;0635;Poett Frgnz Suad Alg 12/250ml AR        ;4098,60;3429;"";AUTOSERVICIO;Autoservicio A;6072,00;SIMON OLIVERA;0,00;$;2;GRUPO AYUDIN ARGENTINA S.A;0,00000000;0,00;Contado;06-10-2026 15:41;;POETT;CLOROX;;CLOROX;AERO POETT;LAGO PUELO;LIMPIEZA;;;300;Bruno Centurion;AXUM;;CLOROX;False;132472;0;Lista General;Autoservicio A - A;43275;02-10-2026;509-LUCAS GODOY;CLOROX;1;0,00000000;4098,60
23469;"GUATAMBU 480";BURZACO;2026-10-05;05-10-2026;02-10-2026;FAC-A0001-00343229;Venta;LAGOPUELO S.A;17927;30,00;25470,00;30818,70;WANG MIN;;20,00 %;063;Daniel Martin;0635;AYDN LAVDNA OR 15/1L;849,00;3429;"";AUTOSERVICIO;Autoservicio A;25470,00;SIMON OLIVERA;212,25;$;2;GRUPO AYUDIN ARGENTINA S.A;0,00000000;0,00;Contado;06-10-2026 15:41;;AYUDIN;CLOROX;;CLOROX;LAVANDINA;LAGO PUELO;LIMPIEZA;;;300;Bruno Centurion;AXUM;;CLOROX;False;132472;0;Lista General;Autoservicio A - A;43275;02-10-2026;509-LUCAS GODOY;CLOROX;1;0,00000000;849,00
23469;"GUATAMBU 480";BURZACO;2026-10-05;05-10-2026;02-10-2026;FAC-A0001-00343229;Venta;LAGOPUELO S.A;36003;16,00;27824,00;33667,04;WANG MIN;;20,00 %;063;Daniel Martin;0635;AYDN LAVDNA OR 25g/l 8/2l;1739,00;3429;"";AUTOSERVICIO;Autoservicio A;27824,00;SIMON OLIVERA;434,75;$;2;GRUPO AYUDIN ARGENTINA S.A;0,00000000;0,00;Contado;06-10-2026 15:41;;AYUDIN;CLOROX;;CLOROX;LAVANDINA;LAGO PUELO;LIMPIEZA;;;300;Bruno Centurion;AXUM;;CLOROX;False;132472;0;Lista General;Autoservicio A - A;43275;02-10-2026;509-LUCAS GODOY;CLOROX;1;0,00000000;1739,00
23624;"RAMON SANTAMARINA - (AUTOSERVICIOS) 1148";MONTE GRANDE;2026-10-05;05-10-2026;02-10-2026;FAC-A0001-00343231;Venta;LAGOPUELO S.A;36012;1,00;1688,85;2043,51;SUPER ECO S.R.L.;;0,00 %;064;Karina Fernandez;0645;Selton espirales 48x 12u;1688,85;3429;"";AUTOSERVICIO;Autoservicio A;1251,00;SIMON OLIVERA;0,00;$;2;GRUPO AYUDIN ARGENTINA S.A;0,00000000;0,00;Contado;06-10-2026 15:41;;SELTON;CLOROX;;CLOROX;SELTON;LAGO PUELO;LIMPIEZA;;;300;Bruno Centurion;AXUM;;CLOROX;False;132527;0;Lista General;Autoservicio A - A;43277;02-10-2026;509-LUCAS GODOY;CLOROX;1;0,00000000;1688,85
23627;"LEANDRO N ALEM 1246";Esteban EcheverrÌa;2026-10-05;05-10-2026;02-10-2026;FAC-A0001-00343232;Venta;LAGOPUELO S.A;61046;15,00;22306,05;26990,32;HUANG ZIJIAO;;18,00 %;064;Karina Fernandez;0645;Aydn RopQuitMnch BlncInt 15/1l;1487,07;3429;"";AUTOSERVICIO;Autoservicio A;20925,00;SIMON OLIVERA;326,43;$;2;GRUPO AYUDIN ARGENTINA S.A;0,00000000;0,00;Contado;06-10-2026 15:41;;AYUDIN;CLOROX;;CLOROX;LAVADO DE ROPA;LAGO PUELO;LIMPIEZA;;;300;Bruno Centurion;AXUM;;CLOROX;False;132555;0;Lista General;Autoservicio A - A;43279;02-10-2026;509-LUCAS GODOY;CLOROX;1;0,00000000;1487,07
23633;"LINIERS 421";ESTEBAN ECHEVERR√¬çA;2026-10-05;05-10-2026;02-10-2026;FAC-A0001-00343233;Venta;LAGOPUELO S.A;34324;24,00;29535,12;35737,50;GOMEZ ADEMIR;;25,00 %;064;Karina Fernandez;0645;Poett Desinf. Flores de Primavera 900ml;1230,63;3429;"";KIOSCO;KIOSCO;31008,00;SIMON OLIVERA;410,21;$;2;GRUPO AYUDIN ARGENTINA S.A;0,00000000;0,00;Contado;06-10-2026 15:41;;POETT;CLOROX;;CLOROX;PISO;LAGO PUELO;LIMPIEZA;;;300;Bruno Centurion;AXUM;;CLOROX;False;132643;0;Lista General;KIOSCO - A;43280;02-10-2026;509-LUCAS GODOY;CLOROX;1;0,00000000;1230,63
23633;"LINIERS 421";ESTEBAN ECHEVERR√¬çA;2026-10-05;05-10-2026;02-10-2026;FAC-A0001-00343233;Venta;LAGOPUELO S.A;34320;24,00;29535,12;35737,50;GOMEZ ADEMIR;;25,00 %;064;Karina Fernandez;0645;Poett Desinf. Frescura de Lavanda 900ml;1230,63;3429;"";KIOSCO;KIOSCO;31008,00;SIMON OLIVERA;410,21;$;2;GRUPO AYUDIN ARGENTINA S.A;0,00000000;0,00;Contado;06-10-2026 15:41;;POETT;CLOROX;;CLOROX;PISO;LAGO PUELO;LIMPIEZA;;;300;Bruno Centurion;AXUM;;CLOROX;False;132643;0;Lista General;KIOSCO - A;43280;02-10-2026;509-LUCAS GODOY;CLOROX;1;0,00000000;1230,63
23633;"LINIERS 421";ESTEBAN ECHEVERR√¬çA;2026-10-05;05-10-2026;02-10-2026;FAC-A0001-00343233;Venta;LAGOPUELO S.A;34327;24,00;29535,12;35737,50;GOMEZ ADEMIR;;25,00 %;064;Karina Fernandez;0645;Poett Desinf. Solo para ti 900ml;1230,63;3429;"";KIOSCO;KIOSCO;31008,00;SIMON OLIVERA;410,21;$;2;GRUPO AYUDIN ARGENTINA S.A;0,00000000;0,00;Contado;06-10-2026 15:41;;POETT;CLOROX;;CLOROX;PISO;LAGO PUELO;LIMPIEZA;;;300;Bruno Centurion;AXUM;;CLOROX;False;132643;0;Lista General;KIOSCO - A;43280;02-10-2026;509-LUCAS GODOY;CLOROX;1;0,00000000;1230,63
23633;"LINIERS 421";ESTEBAN ECHEVERR√¬çA;2026-10-05;05-10-2026;02-10-2026;FAC-A0001-00343233;Venta;LAGOPUELO S.A;34338;24,00;29535,12;35737,50;GOMEZ ADEMIR;;25,00 %;064;Karina Fernandez;0645;Poett Dsnf MscPrmvra 12/900ml;1230,63;3429;"";KIOSCO;KIOSCO;31008,00;SIMON OLIVERA;410,21;$;2;GRUPO AYUDIN ARGENTINA S.A;0,00000000;0,00;Contado;06-10-2026 15:41;;POETT;CLOROX;;CLOROX;PISO;LAGO PUELO;LIMPIEZA;;;300;Bruno Centurion;AXUM;;CLOROX;False;132643;0;Lista General;KIOSCO - A;43280;02-10-2026;509-LUCAS GODOY;CLOROX;1;0,00000000;1230,63
23633;"LINIERS 421";ESTEBAN ECHEVERR√¬çA;2026-10-05;05-10-2026;02-10-2026;FAC-A0001-00343233;Venta;LAGOPUELO S.A;34336;12,00;14767,56;17868,75;GOMEZ ADEMIR;;25,00 %;064;Karina Fernandez;0645;Poett Dsnf SuadAlg 12/900ml;1230,63;3429;"";KIOSCO;KIOSCO;15504,00;SIMON OLIVERA;410,21;$;2;GRUPO AYUDIN ARGENTINA S.A;0,00000000;0,00;Contado;06-10-2026 15:41;;POETT;CLOROX;;CLOROX;PISO;LAGO PUELO;LIMPIEZA;;;300;Bruno Centurion;AXUM;;CLOROX;False;132643;0;Lista General;KIOSCO - A;43280;02-10-2026;509-LUCAS GODOY;CLOROX;1;0,00000000;1230,63
23633;"LINIERS 421";ESTEBAN ECHEVERR√¬çA;2026-10-05;05-10-2026;02-10-2026;FAC-A0001-00343233;Venta;LAGOPUELO S.A;34334;12,00;14767,56;17868,75;GOMEZ ADEMIR;;25,00 %;064;Karina Fernandez;0645;Poett Dsnf SuadBebe 12/900ml;1230,63;3429;"";KIOSCO;KIOSCO;15504,00;SIMON OLIVERA;410,21;$;2;GRUPO AYUDIN ARGENTINA S.A;0,00000000;0,00;Contado;06-10-2026 15:41;;POETT;CLOROX;;CLOROX;PISO;LAGO PUELO;LIMPIEZA;;;300;Bruno Centurion;AXUM;;CLOROX;False;132643;0;Lista General;KIOSCO - A;43280;02-10-2026;509-LUCAS GODOY;CLOROX;1;0,00000000;1230,63
23633;"LINIERS 421";ESTEBAN ECHEVERR√¬çA;2026-10-05;05-10-2026;02-10-2026;FAC-A0001-00343233;Venta;LAGOPUELO S.A;36001;12,00;14767,56;17868,75;GOMEZ ADEMIR;;25,00 %;064;Karina Fernandez;0645;POETT FRSC TROP 12/900;1230,63;3429;"";KIOSCO;KIOSCO;15504,00;SIMON OLIVERA;410,21;$;2;GRUPO AYUDIN ARGENTINA S.A;0,00000000;0,00;Contado;06-10-2026 15:41;;POETT;CLOROX;;CLOROX;PISO;LAGO PUELO;LIMPIEZA;;;300;Bruno Centurion;AXUM;;CLOROX;False;132643;0;Lista General;KIOSCO - A;43280;02-10-2026;509-LUCAS GODOY;CLOROX;1;0,00000000;1230,63
23633;"LINIERS 421";ESTEBAN ECHEVERR√¬çA;2026-10-05;05-10-2026;02-10-2026;FAC-A0001-00343233;Venta;LAGOPUELO S.A;60386;24,00;29535,12;35737,50;GOMEZ ADEMIR;;25,00 %;064;Karina Fernandez;0645;Poett EsptPly 12/900ml;1230,63;3429;"";KIOSCO;KIOSCO;31008,00;SIMON OLIVERA;410,21;$;2;GRUPO AYUDIN ARGENTINA S.A;0,00000000;0,00;Contado;06-10-2026 15:41;;POETT;CLOROX;;CLOROX;PISO;LAGO PUELO;LIMPIEZA;;;300;Bruno Centurion;AXUM;;CLOROX;False;132643;0;Lista General;KIOSCO - A;43280;02-10-2026;509-LUCAS GODOY;CLOROX;1;0,00000000;1230,63
23633;"LINIERS 421";ESTEBAN ECHEVERR√¬çA;2026-10-05;05-10-2026;02-10-2026;FAC-A0001-00343233;Venta;LAGOPUELO S.A;34342;24,00;29535,12;35737,50;GOMEZ ADEMIR;;25,00 %;064;Karina Fernandez;0645;Poett Dsnf AlgrDia 12/900ml;1230,63;3429;"";KIOSCO;KIOSCO;31008,00;SIMON OLIVERA;410,21;$;2;GRUPO AYUDIN ARGENTINA S.A;0,00000000;0,00;Contado;06-10-2026 15:41;;POETT;CLOROX;;CLOROX;PISO;LAGO PUELO;LIMPIEZA;;;300;Bruno Centurion;AXUM;;CLOROX;False;132643;0;Lista General;KIOSCO - A;43280;02-10-2026;509-LUCAS GODOY;CLOROX;1;0,00000000;1230,63
27539;"Lamadrid - (AUTOSERVICIOS) 1246";LOMAS DE ZAMORA;2026-10-05;05-10-2026;01-10-2026;FAC-A0001-00343235;Venta;LAGOPUELO S.A;32288;16,00;29432,00;35612,72;Wu fenggin;;0,00 %;074;Romina Baez;0744;Tren Oxi DoyPk 16/400ml                 ;1839,50;3427;"";AUTOSERVICIO;Autoservicio A;22640,00;NAHUEL MONTOYA;0,00;$;2;GRUPO AYUDIN ARGENTINA S.A;0,00000000;0,00;Contado;07-10-2026 08:19;;TRENET;CLOROX;;CLOROX;LAVADO DE ROPA;LAGO PUELO;LIMPIEZA;;;300;Bruno Centurion;AXUM;;CLOROX;False;131656;0;Lista General;Autoservicio A - A;43357;02-10-2026;5553-JORGE MONZON;CLOROX;1;0,00000000;1839,50
27539;"Lamadrid - (AUTOSERVICIOS) 1246";LOMAS DE ZAMORA;2026-10-05;05-10-2026;01-10-2026;FAC-A0001-00343235;Venta;LAGOPUELO S.A;61046;15,00;22306,05;26990,32;Wu fenggin;;18,00 %;074;Romina Baez;0744;Aydn RopQuitMnch BlncInt 15/1l;1487,07;3427;"";AUTOSERVICIO;Autoservicio A;20925,00;NAHUEL MONTOYA;326,43;$;2;GRUPO AYUDIN ARGENTINA S.A;0,00000000;0,00;Contado;07-10-2026 08:19;;AYUDIN;CLOROX;;CLOROX;LAVADO DE ROPA;LAGO PUELO;LIMPIEZA;;;300;Bruno Centurion;AXUM;;CLOROX;False;131656;0;Lista General;Autoservicio A - A;43357;02-10-2026;5553-JORGE MONZON;CLOROX;1;0,00000000;1487,07
27539;"Lamadrid - (AUTOSERVICIOS) 1246";LOMAS DE ZAMORA;2026-10-05;05-10-2026;01-10-2026;FAC-A0001-00343235;Venta;LAGOPUELO S.A;50001;6,00;11712,60;14172,25;Wu fenggin;;0,00 %;074;Romina Baez;0744;Trenet Power Pr QuitManchas 24/120gr;1952,10;3427;"";AUTOSERVICIO;Autoservicio A;8676,00;NAHUEL MONTOYA;0,00;$;2;GRUPO AYUDIN ARGENTINA S.A;0,00000000;0,00;Contado;07-10-2026 08:19;;TRENET;CLOROX;;CLOROX;LAVADO DE ROPA;LAGO PUELO;LIMPIEZA;;;300;Bruno Centurion;AXUM;;CLOROX;False;131656;0;Lista General;Autoservicio A - A;43357;02-10-2026;5553-JORGE MONZON;CLOROX;1;0,00000000;1952,10
5542;"RIGLOS - (Almacen) 818";TEMPERLEY;2026-10-05;05-10-2026;01-10-2026;FAC-A0001-00343239;Venta;LAGOPUELO S.A;17927;15,00;12735,00;15409,35;FRANCISCO ROMEO;;20,00 %;074;Romina Baez;0744;AYDN LAVDNA OR 15/1L;849,00;3427;"";ALMACEN;ALMACEN;12735,00;NAHUEL MONTOYA;212,25;$;2;GRUPO AYUDIN ARGENTINA S.A;0,00000000;0,00;Contado;07-10-2026 08:19;;AYUDIN;CLOROX;;CLOROX;LAVANDINA;LAGO PUELO;LIMPIEZA;;;300;Bruno Centurion;AXUM;;CLOROX;False;132016;0;Lista General;ALMACEN - A;43364;02-10-2026;5553-JORGE MONZON;CLOROX;1;0,00000000;849,00
3967;"BARCELO E/ROJAS Y BARILARI - (Large Format) 366";BANFIELD;2026-10-05;05-10-2026;02-10-2026;FAC-A0001-00343245;Venta;LAGOPUELO S.A;61620;3,00;9540,38;11543,85;CHENGDONG LIN;;5,00 %;074;Romina Baez;0745;Aydn Bn Limp† Act Or Gat 12/500 ml;3180,13;3427;"Venta modificada el 2026-10-02 17:57:51";AUTOSERVICIO;Autoservicio A;7725,00;NAHUEL MONTOYA;167,38;$;2;GRUPO AYUDIN ARGENTINA S.A;0,00000000;0,00;Contado;07-10-2026 08:19;;AYUDIN;CLOROX;;CLOROX;BAÒO;LAGO PUELO;LIMPIEZA;;;300;Bruno Centurion;AXUM;;CLOROX;False;132467;0;Lista General;Autoservicio A - A;43378;02-10-2026;5553-JORGE MONZON;CLOROX;1;0,00000000;3180,13
3967;"BARCELO E/ROJAS Y BARILARI - (Large Format) 366";BANFIELD;2026-10-05;05-10-2026;02-10-2026;FAC-A0001-00343245;Venta;LAGOPUELO S.A;61621;3,00;8184,35;9903,06;CHENGDONG LIN;;5,00 %;074;Romina Baez;0745;Aydn Coc† Pod Act Or† Gat 12/500ml;2728,12;3427;"Venta modificada el 2026-10-02 17:57:51";AUTOSERVICIO;Autoservicio A;6627,00;NAHUEL MONTOYA;143,59;$;2;GRUPO AYUDIN ARGENTINA S.A;0,00000000;0,00;Contado;07-10-2026 08:19;;AYUDIN;CLOROX;;CLOROX;COCINA;LAGO PUELO;LIMPIEZA;;;300;Bruno Centurion;AXUM;;CLOROX;False;132467;0;Lista General;Autoservicio A - A;43378;02-10-2026;5553-JORGE MONZON;CLOROX;1;0,00000000;2728,12
3967;"BARCELO E/ROJAS Y BARILARI - (Large Format) 366";BANFIELD;2026-10-05;05-10-2026;02-10-2026;FAC-A0001-00343245;Venta;LAGOPUELO S.A;33575;16,00;28848,23;34906,36;CHENGDONG LIN;;5,00 %;074;Romina Baez;0745;Aydn Ropa ClrViv DoyPk 16/400ml;1803,01;3427;"Venta modificada el 2026-10-02 17:57:51";AUTOSERVICIO;Autoservicio A;22832,00;NAHUEL MONTOYA;94,90;$;2;GRUPO AYUDIN ARGENTINA S.A;0,00000000;0,00;Contado;07-10-2026 08:19;;AYUDIN;CLOROX;;CLOROX;LAVADO DE ROPA;LAGO PUELO;LIMPIEZA;;;300;Bruno Centurion;AXUM;;CLOROX;False;132467;0;Lista General;Autoservicio A - A;43378;02-10-2026;5553-JORGE MONZON;CLOROX;1;0,00000000;1803,01
3967;"BARCELO E/ROJAS Y BARILARI - (Large Format) 366";BANFIELD;2026-10-05;05-10-2026;02-10-2026;FAC-A0001-00343245;Venta;LAGOPUELO S.A;33576;16,00;28848,23;34906,36;CHENGDONG LIN;;5,00 %;074;Romina Baez;0745;Aydn Ropa BlncSprms DoyPk 16/400ml;1803,01;3427;"Venta modificada el 2026-10-02 17:57:51";AUTOSERVICIO;Autoservicio A;22832,00;NAHUEL MONTOYA;94,90;$;2;GRUPO AYUDIN ARGENTINA S.A;0,00000000;0,00;Contado;07-10-2026 08:19;;AYUDIN;CLOROX;;CLOROX;LAVADO DE ROPA;LAGO PUELO;LIMPIEZA;;;300;Bruno Centurion;AXUM;;CLOROX;False;132467;0;Lista General;Autoservicio A - A;43378;02-10-2026;5553-JORGE MONZON;CLOROX;1;0,00000000;1803,01
27413;"Capdevilla - (AUTOSERVICIOS) 2045";BANFIELD;2026-10-05;05-10-2026;02-10-2026;FAC-A0001-00343248;Venta;LAGOPUELO S.A;17927;15,00;12735,00;15409,35;YU CHAORONG;;20,00 %;073;Florencia Cubilla;0735;AYDN LAVDNA OR 15/1L;849,00;3427;"";AUTOSERVICIO;Autoservicio B;12735,00;NAHUEL MONTOYA;212,25;$;2;GRUPO AYUDIN ARGENTINA S.A;0,00000000;0,00;Contado;07-10-2026 08:19;;AYUDIN;CLOROX;;CLOROX;LAVANDINA;LAGO PUELO;LIMPIEZA;;;300;Bruno Centurion;AXUM;;CLOROX;False;132492;0;Lista General;Autoservicio B - A;43381;02-10-2026;5553-JORGE MONZON;CLOROX;1;0,00000000;849,00
27409;"Derqui - (AUTOSERVICIOS) 1325";LOMAS DE ZAMORA;2026-10-05;05-10-2026;02-10-2026;FAC-A0001-00343251;Venta;LAGOPUELO S.A;61730;6,00;26795,52;32422,58;Yau Yuping;;0,00 %;073;Florencia Cubilla;0735;Sltn MataMosq Aer AccEfct 6/360ml BA;4465,92;3427;"";AUTOSERVICIO;Autoservicio B;20934,00;NAHUEL MONTOYA;0,00;$;2;GRUPO AYUDIN ARGENTINA S.A;0,00000000;0,00;Contado;07-10-2026 08:19;;SELTON;CLOROX;;CLOROX;SELTON;LAGO PUELO;LIMPIEZA;;;300;Bruno Centurion;AXUM;;CLOROX;False;132529;0;Lista General;Autoservicio B - A;43384;02-10-2026;5553-JORGE MONZON;CLOROX;1;0,00000000;4465,92
27409;"Derqui - (AUTOSERVICIOS) 1325";LOMAS DE ZAMORA;2026-10-05;05-10-2026;02-10-2026;FAC-A0001-00343251;Venta;LAGOPUELO S.A;61814;6,00;22452,75;27167,83;Yau Yuping;;15,00 %;073;Florencia Cubilla;0735;Sltn MataMosq Aer s/OlrQmc 6/360ml BA;3742,13;3427;"";AUTOSERVICIO;Autoservicio B;21132,00;NAHUEL MONTOYA;660,38;$;2;GRUPO AYUDIN ARGENTINA S.A;0,00000000;0,00;Contado;07-10-2026 08:19;;SELTON;CLOROX;;CLOROX;SELTON;LAGO PUELO;LIMPIEZA;;;300;Bruno Centurion;AXUM;;CLOROX;False;132529;0;Lista General;Autoservicio B - A;43384;02-10-2026;5553-JORGE MONZON;CLOROX;1;0,00000000;3742,13
27848;"ARMESTI - (AUTOSERVICIOS) 4163";TEMPERLEY;2026-10-05;05-10-2026;02-10-2026;FAC-A0001-00343255;Venta;LAGOPUELO S.A;17927;15,00;12735,00;15409,35;CHEN LIYING;;20,00 %;074;Romina Baez;0745;AYDN LAVDNA OR 15/1L;849,00;3427;"";AUTOSERVICIO;Autoservicio A;12735,00;NAHUEL MONTOYA;212,25;$;2;GRUPO AYUDIN ARGENTINA S.A;0,00000000;0,00;Contado;07-10-2026 08:19;;AYUDIN;CLOROX;;CLOROX;LAVANDINA;LAGO PUELO;LIMPIEZA;;;300;Bruno Centurion;AXUM;;CLOROX;False;132556;0;Lista General;Autoservicio A - A;43388;02-10-2026;5553-JORGE MONZON;CLOROX;1;0,00000000;849,00
27848;"ARMESTI - (AUTOSERVICIOS) 4163";TEMPERLEY;2026-10-05;05-10-2026;02-10-2026;FAC-A0001-00343255;Venta;LAGOPUELO S.A;36003;8,00;13912,00;16833,52;CHEN LIYING;;20,00 %;074;Romina Baez;0745;AYDN LAVDNA OR 25g/l 8/2l;1739,00;3427;"";AUTOSERVICIO;Autoservicio A;13912,00;NAHUEL MONTOYA;434,75;$;2;GRUPO AYUDIN ARGENTINA S.A;0,00000000;0,00;Contado;07-10-2026 08:19;;AYUDIN;CLOROX;;CLOROX;LAVANDINA;LAGO PUELO;LIMPIEZA;;;300;Bruno Centurion;AXUM;;CLOROX;False;132556;0;Lista General;Autoservicio A - A;43388;02-10-2026;5553-JORGE MONZON;CLOROX;1;0,00000000;1739,00
27848;"ARMESTI - (AUTOSERVICIOS) 4163";TEMPERLEY;2026-10-05;05-10-2026;02-10-2026;FAC-A0001-00343255;Venta;LAGOPUELO S.A;61046;15,00;22306,05;26990,32;CHEN LIYING;;18,00 %;074;Romina Baez;0745;Aydn RopQuitMnch BlncInt 15/1l;1487,07;3427;"";AUTOSERVICIO;Autoservicio A;20925,00;NAHUEL MONTOYA;326,43;$;2;GRUPO AYUDIN ARGENTINA S.A;0,00000000;0,00;Contado;07-10-2026 08:19;;AYUDIN;CLOROX;;CLOROX;LAVADO DE ROPA;LAGO PUELO;LIMPIEZA;;;300;Bruno Centurion;AXUM;;CLOROX;False;132556;0;Lista General;Autoservicio A - A;43388;02-10-2026;5553-JORGE MONZON;CLOROX;1;0,00000000;1487,07
27848;"ARMESTI - (AUTOSERVICIOS) 4163";TEMPERLEY;2026-10-05;05-10-2026;02-10-2026;FAC-A0001-00343255;Venta;LAGOPUELO S.A;60233;6,00;14834,42;17949,65;CHEN LIYING;;15,00 %;074;Romina Baez;0745;Aydn Lavdna Gel Or 15/700ml GP2;2472,40;3427;"";AUTOSERVICIO;Autoservicio A;13122,00;NAHUEL MONTOYA;436,31;$;2;GRUPO AYUDIN ARGENTINA S.A;0,00000000;0,00;Contado;07-10-2026 08:19;;AYUDIN;CLOROX;;CLOROX;LAVANDINA;LAGO PUELO;LIMPIEZA;;;300;Bruno Centurion;AXUM;;CLOROX;False;132556;0;Lista General;Autoservicio A - A;43388;02-10-2026;5553-JORGE MONZON;CLOROX;1;0,00000000;2472,40
27848;"ARMESTI - (AUTOSERVICIOS) 4163";TEMPERLEY;2026-10-05;05-10-2026;02-10-2026;FAC-A0001-00343255;Venta;LAGOPUELO S.A;60239;6,00;14834,42;17949,65;CHEN LIYING;;15,00 %;074;Romina Baez;0745;Aydn Lavdna Gel MntFrs 15/700ml GP2;2472,40;3427;"";AUTOSERVICIO;Autoservicio A;13122,00;NAHUEL MONTOYA;436,31;$;2;GRUPO AYUDIN ARGENTINA S.A;0,00000000;0,00;Contado;07-10-2026 08:19;;AYUDIN;CLOROX;;CLOROX;LAVANDINA;LAGO PUELO;LIMPIEZA;;;300;Bruno Centurion;AXUM;;CLOROX;False;132556;0;Lista General;Autoservicio A - A;43388;02-10-2026;5553-JORGE MONZON;CLOROX;1;0,00000000;2472,40
27848;"ARMESTI - (AUTOSERVICIOS) 4163";TEMPERLEY;2026-10-05;05-10-2026;02-10-2026;FAC-A0001-00343255;Venta;LAGOPUELO S.A;60240;6,00;14834,42;17949,65;CHEN LIYING;;15,00 %;074;Romina Baez;0745;Aydn Lavdna Gel Lavda EXPRT 15/700ml GP2;2472,40;3427;"";AUTOSERVICIO;Autoservicio A;13122,00;NAHUEL MONTOYA;436,31;$;2;GRUPO AYUDIN ARGENTINA S.A;0,00000000;0,00;Contado;07-10-2026 08:19;;AYUDIN;CLOROX;;CLOROX;LAVANDINA;LAGO PUELO;LIMPIEZA;;;300;Bruno Centurion;AXUM;;CLOROX;False;132556;0;Lista General;Autoservicio A - A;43388;02-10-2026;5553-JORGE MONZON;CLOROX;1;0,00000000;2472,40
27592;"CAAGUAZU SUR 457";Lomas de Zamora;2026-10-05;05-10-2026;02-10-2026;FAC-A0001-00343258;Venta;LAGOPUELO S.A;61046;15,00;22306,05;26990,32;Lin Liquan;;18,00 %;074;Romina Baez;0745;Aydn RopQuitMnch BlncInt 15/1l;1487,07;3427;"";AUTOSERVICIO;Autoservicio B;20925,00;NAHUEL MONTOYA;326,43;$;2;GRUPO AYUDIN ARGENTINA S.A;0,00000000;0,00;Contado;07-10-2026 08:19;;AYUDIN;CLOROX;;CLOROX;LAVADO DE ROPA;LAGO PUELO;LIMPIEZA;;;300;Bruno Centurion;AXUM;;CLOROX;False;132650;0;Lista General;Autoservicio B - C;43392;02-10-2026;5553-JORGE MONZON;CLOROX;1;0,00000000;1487,07
27591;"YERBAL 543";Lomas de Zamora;2026-10-05;05-10-2026;02-10-2026;FAC-A0001-00343261;Venta;LAGOPUELO S.A;61046;15,00;22306,05;26990,32;Chen Xiuxia;;18,00 %;074;Romina Baez;0745;Aydn RopQuitMnch BlncInt 15/1l;1487,07;3427;"";AUTOSERVICIO;Autoservicio B;20925,00;NAHUEL MONTOYA;326,43;$;2;GRUPO AYUDIN ARGENTINA S.A;0,00000000;0,00;Contado;07-10-2026 08:19;;AYUDIN;CLOROX;;CLOROX;LAVADO DE ROPA;LAGO PUELO;LIMPIEZA;;;300;Bruno Centurion;AXUM;;CLOROX;False;132709;0;Lista General;Autoservicio B - C;43395;02-10-2026;5553-JORGE MONZON;CLOROX;1;0,00000000;1487,07
27591;"YERBAL 543";Lomas de Zamora;2026-10-05;05-10-2026;02-10-2026;FAC-A0001-00343261;Venta;LAGOPUELO S.A;60226;15,00;17403,75;21058,54;Chen Xiuxia;;15,00 %;074;Romina Baez;0745;Aydn PurGlac TriPod 15/1l GP2;1160,25;3427;"";AUTOSERVICIO;Autoservicio B;15750,00;NAHUEL MONTOYA;204,75;$;2;GRUPO AYUDIN ARGENTINA S.A;0,00000000;0,00;Contado;07-10-2026 08:19;;AYUDIN;CLOROX;;CLOROX;LAVANDINA;LAGO PUELO;LIMPIEZA;;;300;Bruno Centurion;AXUM;;CLOROX;False;132709;0;Lista General;Autoservicio B - C;43395;02-10-2026;5553-JORGE MONZON;CLOROX;1;0,00000000;1160,25
29230;"YERBAL - 937";TEMPERLEY;2026-10-05;05-10-2026;02-10-2026;FAC-A0001-00343263;Venta;LAGOPUELO S.A;36003;40,00;66951,50;81011,32;SHAOBIN CHEN;;23,00 %;074;Romina Baez;0745;AYDN LAVDNA OR 25g/l 8/2l;1673,79;3427;"";AUTOSERVICIO;Autoservicio A;69560,00;NAHUEL MONTOYA;499,96;$;2;GRUPO AYUDIN ARGENTINA S.A;0,00000000;0,00;Contado;07-10-2026 08:19;;AYUDIN;CLOROX;;CLOROX;LAVANDINA;LAGO PUELO;LIMPIEZA;;;300;Bruno Centurion;AXUM;;CLOROX;False;132737;0;Lista General;Autoservicio A - A;43397;02-10-2026;5553-JORGE MONZON;CLOROX;1;0,00000000;1673,79
27979;"MU√‚ÄòOZ ASPIRI - (TRADICIONAL) 3628";SAN JOSE;2026-10-05;05-10-2026;02-10-2026;FAC-A0001-00343267;Venta;LAGOPUELO S.A;36003;16,00;27824,00;33667,04;LAURA ELBA ELIZABETH LESTRADA;;20,00 %;074;Romina Baez;0745;AYDN LAVDNA OR 25g/l 8/2l;1739,00;3427;"";ALMACEN;ALMACEN;27824,00;NAHUEL MONTOYA;434,75;$;2;GRUPO AYUDIN ARGENTINA S.A;0,00000000;0,00;Contado;07-10-2026 08:19;;AYUDIN;CLOROX;;CLOROX;LAVANDINA;LAGO PUELO;LIMPIEZA;;;300;Bruno Centurion;AXUM;;CLOROX;False;132754;0;Lista General;ALMACEN - A;43401;02-10-2026;5553-JORGE MONZON;CLOROX;1;0,00000000;1739,00
27402;"Cabrera - (AUTOSERVICIOS) 445";BANFIELD;2026-10-05;05-10-2026;02-10-2026;FAC-A0001-00343273;Venta;LAGOPUELO S.A;60233;15,00;34904,52;42234,47;YE FENGYU;;20,00 %;073;Florencia Cubilla;0735;Aydn Lavdna Gel Or 15/700ml GP2;2326,97;3427;"";AUTOSERVICIO;Autoservicio B;32805,00;NAHUEL MONTOYA;581,74;$;2;GRUPO AYUDIN ARGENTINA S.A;0,00000000;0,00;Contado;07-10-2026 08:19;;AYUDIN;CLOROX;;CLOROX;LAVANDINA;LAGO PUELO;LIMPIEZA;;;300;Bruno Centurion;AXUM;;CLOROX;False;132760;0;Lista General;Autoservicio B - A;43407;02-10-2026;5553-JORGE MONZON;CLOROX;1;0,00000000;2326,97
27402;"Cabrera - (AUTOSERVICIOS) 445";BANFIELD;2026-10-05;05-10-2026;02-10-2026;FAC-A0001-00343273;Venta;LAGOPUELO S.A;60234;15,00;34904,52;42234,47;YE FENGYU;;20,00 %;073;Florencia Cubilla;0735;Aydn Lavdna Gel Ctra 15/700ml GP2;2326,97;3427;"";AUTOSERVICIO;Autoservicio B;32805,00;NAHUEL MONTOYA;581,74;$;2;GRUPO AYUDIN ARGENTINA S.A;0,00000000;0,00;Contado;07-10-2026 08:19;;AYUDIN;CLOROX;;CLOROX;LAVANDINA;LAGO PUELO;LIMPIEZA;;;300;Bruno Centurion;AXUM;;CLOROX;False;132760;0;Lista General;Autoservicio B - A;43407;02-10-2026;5553-JORGE MONZON;CLOROX;1;0,00000000;2326,97
27402;"Cabrera - (AUTOSERVICIOS) 445";BANFIELD;2026-10-05;05-10-2026;02-10-2026;FAC-A0001-00343273;Venta;LAGOPUELO S.A;60237;15,00;34904,52;42234,47;YE FENGYU;;20,00 %;073;Florencia Cubilla;0735;Aydn Lavdna Gel Flr 15/700ml GP2;2326,97;3427;"";AUTOSERVICIO;Autoservicio B;32805,00;NAHUEL MONTOYA;581,74;$;2;GRUPO AYUDIN ARGENTINA S.A;0,00000000;0,00;Contado;07-10-2026 08:19;;AYUDIN;CLOROX;;CLOROX;LAVANDINA;LAGO PUELO;LIMPIEZA;;;300;Bruno Centurion;AXUM;;CLOROX;False;132760;0;Lista General;Autoservicio B - A;43407;02-10-2026;5553-JORGE MONZON;CLOROX;1;0,00000000;2326,97
27402;"Cabrera - (AUTOSERVICIOS) 445";BANFIELD;2026-10-05;05-10-2026;02-10-2026;FAC-A0001-00343273;Venta;LAGOPUELO S.A;60239;15,00;34904,52;42234,47;YE FENGYU;;20,00 %;073;Florencia Cubilla;0735;Aydn Lavdna Gel MntFrs 15/700ml GP2;2326,97;3427;"";AUTOSERVICIO;Autoservicio B;32805,00;NAHUEL MONTOYA;581,74;$;2;GRUPO AYUDIN ARGENTINA S.A;0,00000000;0,00;Contado;07-10-2026 08:19;;AYUDIN;CLOROX;;CLOROX;LAVANDINA;LAGO PUELO;LIMPIEZA;;;300;Bruno Centurion;AXUM;;CLOROX;False;132760;0;Lista General;Autoservicio B - A;43407;02-10-2026;5553-JORGE MONZON;CLOROX;1;0,00000000;2326,97
27402;"Cabrera - (AUTOSERVICIOS) 445";BANFIELD;2026-10-05;05-10-2026;02-10-2026;FAC-A0001-00343273;Venta;LAGOPUELO S.A;60240;15,00;34904,52;42234,47;YE FENGYU;;20,00 %;073;Florencia Cubilla;0735;Aydn Lavdna Gel Lavda EXPRT 15/700ml GP2;2326,97;3427;"";AUTOSERVICIO;Autoservicio B;32805,00;NAHUEL MONTOYA;581,74;$;2;GRUPO AYUDIN ARGENTINA S.A;0,00000000;0,00;Contado;07-10-2026 08:19;;AYUDIN;CLOROX;;CLOROX;LAVANDINA;LAGO PUELO;LIMPIEZA;;;300;Bruno Centurion;AXUM;;CLOROX;False;132760;0;Lista General;Autoservicio B - A;43407;02-10-2026;5553-JORGE MONZON;CLOROX;1;0,00000000;2326,97
27402;"Cabrera - (AUTOSERVICIOS) 445";BANFIELD;2026-10-05;05-10-2026;02-10-2026;FAC-A0001-00343274;Venta;LAGOPUELO S.A;36012;48,00;81064,80;98088,41;YE FENGYU;;0,00 %;073;Florencia Cubilla;0735;Selton espirales 48x 12u;1688,85;3427;"";AUTOSERVICIO;Autoservicio B;60048,00;NAHUEL MONTOYA;0,00;$;2;GRUPO AYUDIN ARGENTINA S.A;0,00000000;0,00;Contado;07-10-2026 08:19;;SELTON;CLOROX;;CLOROX;SELTON;LAGO PUELO;LIMPIEZA;;;300;Bruno Centurion;AXUM;;CLOROX;False;132764;0;Lista General;Autoservicio B - A;43408;02-10-2026;5553-JORGE MONZON;CLOROX;1;0,00000000;1688,85
27402;"Cabrera - (AUTOSERVICIOS) 445";BANFIELD;2026-10-05;05-10-2026;02-10-2026;FAC-A0001-00343274;Venta;LAGOPUELO S.A;50060;5,00;8444,25;10217,54;YE FENGYU;;0,00 %;073;Florencia Cubilla;0735;Selton espirales violeta 48x12u;1688,85;3427;"";AUTOSERVICIO;Autoservicio B;6255,00;NAHUEL MONTOYA;0,00;$;2;GRUPO AYUDIN ARGENTINA S.A;0,00000000;0,00;Contado;07-10-2026 08:19;;SELTON;CLOROX;;CLOROX;SELTON;LAGO PUELO;LIMPIEZA;;;300;Bruno Centurion;AXUM;;CLOROX;False;132764;0;Lista General;Autoservicio B - A;43408;02-10-2026;5553-JORGE MONZON;CLOROX;1;0,00000000;1688,85
107816;"12 De Octubre 615 0";CRUCESITA;2026-10-05;05-10-2026;02-10-2026;FAC-A0001-00343276;Venta;LAGOPUELO S.A;61730;12,00;42872,83;51876,13;Supermercado Lucky;;20,00 %;29;Camila Navarrete;295;Sltn MataMosq Aer AccEfct 6/360ml BA;3572,74;3426;"";AUTOSERVICIO;AUTOSERVICIO;41868,00;HERNAN RIVERO;893,18;$;2;GRUPO AYUDIN ARGENTINA S.A;0,00000000;0,00;Efectivo;06-10-2026 09:23;;SELTON;CLOROX;;CLOROX;SELTON;LAGO PUELO;LIMPIEZA;;;25;JOHANA VIGIL;AXUM;;CLOROX;False;132496;0;Lista General;AUTOSERVICIO - A;43474;02-10-2026;5553-JORGE MONZON;CLOROX;1;0,00000000;3572,74
107816;"12 De Octubre 615 0";CRUCESITA;2026-10-05;05-10-2026;02-10-2026;FAC-A0001-00343276;Venta;LAGOPUELO S.A;60227;8,00;18493,28;22376,87;Supermercado Lucky;;15,00 %;29;Camila Navarrete;295;Aydn PurGlac TriPod 8/2l GP2;2311,66;3426;"";AUTOSERVICIO;AUTOSERVICIO;16736,00;HERNAN RIVERO;407,94;$;2;GRUPO AYUDIN ARGENTINA S.A;0,00000000;0,00;Efectivo;06-10-2026 09:23;;AYUDIN;CLOROX;;CLOROX;LAVANDINA;LAGO PUELO;LIMPIEZA;;;25;JOHANA VIGIL;AXUM;;CLOROX;False;132496;0;Lista General;AUTOSERVICIO - A;43474;02-10-2026;5553-JORGE MONZON;CLOROX;1;0,00000000;2311,66
5172;"L N ALEM E/GONGORA Y R.CABO VERDE - (TRADICIONAL) 2037";DOCK SUD;2026-10-05;05-10-2026;02-10-2026;FAC-A0001-00343278;Venta;LAGOPUELO S.A;60886;6,00;14924,13;18058,20;RU-LIN (JOSE LUIS LIBRETTI);;15,00 %;29;Camila Navarrete;295;Poett Aer FlrPrm ExtFrag 6/360ml;2487,36;3426;"";AUTOSERVICIO;Autoservicio B;13506,00;HERNAN RIVERO;438,95;$;2;GRUPO AYUDIN ARGENTINA S.A;0,00000000;0,00;Contado;06-10-2026 09:23;;POETT;CLOROX;;CLOROX;AERO POETT;LAGO PUELO;LIMPIEZA;;;25;JOHANA VIGIL;AXUM;;CLOROX;False;132536;0;Lista General;Autoservicio B - A;43479;02-10-2026;5553-JORGE MONZON;CLOROX;1;0,00000000;2487,36
5172;"L N ALEM E/GONGORA Y R.CABO VERDE - (TRADICIONAL) 2037";DOCK SUD;2026-10-05;05-10-2026;02-10-2026;FAC-A0001-00343278;Venta;LAGOPUELO S.A;60386;3,00;3938,02;4765,00;RU-LIN (JOSE LUIS LIBRETTI);;20,00 %;29;Camila Navarrete;295;Poett EsptPly 12/900ml;1312,67;3426;"";AUTOSERVICIO;Autoservicio B;3876,00;HERNAN RIVERO;328,17;$;2;GRUPO AYUDIN ARGENTINA S.A;0,00000000;0,00;Contado;06-10-2026 09:23;;POETT;CLOROX;;CLOROX;PISO;LAGO PUELO;LIMPIEZA;;;25;JOHANA VIGIL;AXUM;;CLOROX;False;132536;0;Lista General;Autoservicio B - A;43479;02-10-2026;5553-JORGE MONZON;CLOROX;1;0,00000000;1312,67
5172;"L N ALEM E/GONGORA Y R.CABO VERDE - (TRADICIONAL) 2037";DOCK SUD;2026-10-05;05-10-2026;02-10-2026;FAC-A0001-00343278;Venta;LAGOPUELO S.A;34320;3,00;3938,02;4765,00;RU-LIN (JOSE LUIS LIBRETTI);;20,00 %;29;Camila Navarrete;295;Poett Desinf. Frescura de Lavanda 900ml;1312,67;3426;"";AUTOSERVICIO;Autoservicio B;3876,00;HERNAN RIVERO;328,17;$;2;GRUPO AYUDIN ARGENTINA S.A;0,00000000;0,00;Contado;06-10-2026 09:23;;POETT;CLOROX;;CLOROX;PISO;LAGO PUELO;LIMPIEZA;;;25;JOHANA VIGIL;AXUM;;CLOROX;False;132536;0;Lista General;Autoservicio B - A;43479;02-10-2026;5553-JORGE MONZON;CLOROX;1;0,00000000;1312,67
5172;"L N ALEM E/GONGORA Y R.CABO VERDE - (TRADICIONAL) 2037";DOCK SUD;2026-10-05;05-10-2026;02-10-2026;FAC-A0001-00343278;Venta;LAGOPUELO S.A;34334;3,00;3938,02;4765,00;RU-LIN (JOSE LUIS LIBRETTI);;20,00 %;29;Camila Navarrete;295;Poett Dsnf SuadBebe 12/900ml;1312,67;3426;"";AUTOSERVICIO;Autoservicio B;3876,00;HERNAN RIVERO;328,17;$;2;GRUPO AYUDIN ARGENTINA S.A;0,00000000;0,00;Contado;06-10-2026 09:23;;POETT;CLOROX;;CLOROX;PISO;LAGO PUELO;LIMPIEZA;;;25;JOHANA VIGIL;AXUM;;CLOROX;False;132536;0;Lista General;Autoservicio B - A;43479;02-10-2026;5553-JORGE MONZON;CLOROX;1;0,00000000;1312,67
5172;"L N ALEM E/GONGORA Y R.CABO VERDE - (TRADICIONAL) 2037";DOCK SUD;2026-10-05;05-10-2026;02-10-2026;FAC-A0001-00343278;Venta;LAGOPUELO S.A;34336;3,00;3938,02;4765,00;RU-LIN (JOSE LUIS LIBRETTI);;20,00 %;29;Camila Navarrete;295;Poett Dsnf SuadAlg 12/900ml;1312,67;3426;"";AUTOSERVICIO;Autoservicio B;3876,00;HERNAN RIVERO;328,17;$;2;GRUPO AYUDIN ARGENTINA S.A;0,00000000;0,00;Contado;06-10-2026 09:23;;POETT;CLOROX;;CLOROX;PISO;LAGO PUELO;LIMPIEZA;;;25;JOHANA VIGIL;AXUM;;CLOROX;False;132536;0;Lista General;Autoservicio B - A;43479;02-10-2026;5553-JORGE MONZON;CLOROX;1;0,00000000;1312,67
5646;"ING. HUERGO - (TRADITIONAL TRADE) 1312";DOCK SUD;2026-10-05;05-10-2026;02-10-2026;FAC-A0001-00343280;Venta;LAGOPUELO S.A;17927;75,00;79593,75;96308,44;MARIA LUISA MAMANI FLORES;;0,00 %;29;Camila Navarrete;295;AYDN LAVDNA OR 15/1L;1061,25;3426;"";AUTOSERVICIO;Autoservicio B;63675,00;HERNAN RIVERO;0,00;$;2;GRUPO AYUDIN ARGENTINA S.A;0,00000000;0,00;Contado;06-10-2026 09:23;;AYUDIN;CLOROX;;CLOROX;LAVANDINA;LAGO PUELO;LIMPIEZA;;;25;JOHANA VIGIL;AXUM;;CLOROX;False;132581;0;Lista General;Autoservicio B - A;43482;02-10-2026;5553-JORGE MONZON;CLOROX;1;0,00000000;1061,25
5646;"ING. HUERGO - (TRADITIONAL TRADE) 1312";DOCK SUD;2026-10-05;05-10-2026;02-10-2026;FAC-A0001-00343280;Venta;LAGOPUELO S.A;34320;12,00;19690,08;23825,00;MARIA LUISA MAMANI FLORES;;0,00 %;29;Camila Navarrete;295;Poett Desinf. Frescura de Lavanda 900ml;1640,84;3426;"";AUTOSERVICIO;Autoservicio B;15504,00;HERNAN RIVERO;0,00;$;2;GRUPO AYUDIN ARGENTINA S.A;0,00000000;0,00;Contado;06-10-2026 09:23;;POETT;CLOROX;;CLOROX;PISO;LAGO PUELO;LIMPIEZA;;;25;JOHANA VIGIL;AXUM;;CLOROX;False;132581;0;Lista General;Autoservicio B - A;43482;02-10-2026;5553-JORGE MONZON;CLOROX;1;0,00000000;1640,84
5646;"ING. HUERGO - (TRADITIONAL TRADE) 1312";DOCK SUD;2026-10-05;05-10-2026;02-10-2026;FAC-A0001-00343280;Venta;LAGOPUELO S.A;34334;12,00;19690,08;23825,00;MARIA LUISA MAMANI FLORES;;0,00 %;29;Camila Navarrete;295;Poett Dsnf SuadBebe 12/900ml;1640,84;3426;"";AUTOSERVICIO;Autoservicio B;15504,00;HERNAN RIVERO;0,00;$;2;GRUPO AYUDIN ARGENTINA S.A;0,00000000;0,00;Contado;06-10-2026 09:23;;POETT;CLOROX;;CLOROX;PISO;LAGO PUELO;LIMPIEZA;;;25;JOHANA VIGIL;AXUM;;CLOROX;False;132581;0;Lista General;Autoservicio B - A;43482;02-10-2026;5553-JORGE MONZON;CLOROX;1;0,00000000;1640,84
5646;"ING. HUERGO - (TRADITIONAL TRADE) 1312";DOCK SUD;2026-10-05;05-10-2026;02-10-2026;FAC-A0001-00343280;Venta;LAGOPUELO S.A;36001;12,00;19690,08;23825,00;MARIA LUISA MAMANI FLORES;;0,00 %;29;Camila Navarrete;295;POETT FRSC TROP 12/900;1640,84;3426;"";AUTOSERVICIO;Autoservicio B;15504,00;HERNAN RIVERO;0,00;$;2;GRUPO AYUDIN ARGENTINA S.A;0,00000000;0,00;Contado;06-10-2026 09:23;;POETT;CLOROX;;CLOROX;PISO;LAGO PUELO;LIMPIEZA;;;25;JOHANA VIGIL;AXUM;;CLOROX;False;132581;0;Lista General;Autoservicio B - A;43482;02-10-2026;5553-JORGE MONZON;CLOROX;1;0,00000000;1640,84
5646;"ING. HUERGO - (TRADITIONAL TRADE) 1312";DOCK SUD;2026-10-05;05-10-2026;02-10-2026;FAC-A0001-00343280;Venta;LAGOPUELO S.A;34336;12,00;19690,08;23825,00;MARIA LUISA MAMANI FLORES;;0,00 %;29;Camila Navarrete;295;Poett Dsnf SuadAlg 12/900ml;1640,84;3426;"";AUTOSERVICIO;Autoservicio B;15504,00;HERNAN RIVERO;0,00;$;2;GRUPO AYUDIN ARGENTINA S.A;0,00000000;0,00;Contado;06-10-2026 09:23;;POETT;CLOROX;;CLOROX;PISO;LAGO PUELO;LIMPIEZA;;;25;JOHANA VIGIL;AXUM;;CLOROX;False;132581;0;Lista General;Autoservicio B - A;43482;02-10-2026;5553-JORGE MONZON;CLOROX;1;0,00000000;1640,84
5646;"ING. HUERGO - (TRADITIONAL TRADE) 1312";DOCK SUD;2026-10-05;05-10-2026;02-10-2026;FAC-A0001-00343280;Venta;LAGOPUELO S.A;34324;12,00;19690,08;23825,00;MARIA LUISA MAMANI FLORES;;0,00 %;29;Camila Navarrete;295;Poett Desinf. Flores de Primavera 900ml;1640,84;3426;"";AUTOSERVICIO;Autoservicio B;15504,00;HERNAN RIVERO;0,00;$;2;GRUPO AYUDIN ARGENTINA S.A;0,00000000;0,00;Contado;06-10-2026 09:23;;POETT;CLOROX;;CLOROX;PISO;LAGO PUELO;LIMPIEZA;;;25;JOHANA VIGIL;AXUM;;CLOROX;False;132581;0;Lista General;Autoservicio B - A;43482;02-10-2026;5553-JORGE MONZON;CLOROX;1;0,00000000;1640,84
100680;"Brandsen 1672 0";Crucecita;2026-10-05;05-10-2026;02-10-2026;FAC-A0001-00343281;Venta;LAGOPUELO S.A;61046;15,00;22306,05;26990,32;Weng Minghui;;18,00 %;27;Samanta Dogliotti;275;Aydn RopQuitMnch BlncInt 15/1l;1487,07;3426;"";Tradicionales;Almacen;20925,00;HERNAN RIVERO;326,43;$;2;GRUPO AYUDIN ARGENTINA S.A;0,00000000;0,00;Efectivo;06-10-2026 09:23;;AYUDIN;CLOROX;;CLOROX;LAVADO DE ROPA;LAGO PUELO;LIMPIEZA;;;25;JOHANA VIGIL;AXUM;;CLOROX;False;132608;0;Lista General;Almacen - A;43483;02-10-2026;5553-JORGE MONZON;CLOROX;1;0,00000000;1487,07
100680;"Brandsen 1672 0";Crucecita;2026-10-05;05-10-2026;02-10-2026;FAC-A0001-00343281;Venta;LAGOPUELO S.A;61047;8,00;23682,26;28655,53;Weng Minghui;;18,00 %;27;Samanta Dogliotti;275;Aydn RopQuitMnch BlncInt 8/2l;2960,28;3426;"";Tradicionales;Almacen;22216,00;HERNAN RIVERO;649,82;$;2;GRUPO AYUDIN ARGENTINA S.A;0,00000000;0,00;Efectivo;06-10-2026 09:23;;AYUDIN;CLOROX;;CLOROX;LAVADO DE ROPA;LAGO PUELO;LIMPIEZA;;;25;JOHANA VIGIL;AXUM;;CLOROX;False;132608;0;Lista General;Almacen - A;43483;02-10-2026;5553-JORGE MONZON;CLOROX;1;0,00000000;2960,28
101155;"Mitre 311 0";Avellaneda;2026-10-05;05-10-2026;02-10-2026;FAC-A0001-00343285;Venta;LAGOPUELO S.A;60222;30,00;34807,50;42117,08;Chen Xingtong;;15,00 %;29;Camila Navarrete;295;Aydn Lavda TriPod 15/1l GP2;1160,25;3426;"";AUTOSERVICIO;AUTOSERVICIO;31500,00;HERNAN RIVERO;204,75;$;2;GRUPO AYUDIN ARGENTINA S.A;0,00000000;0,00;Efectivo;06-10-2026 09:23;;AYUDIN;CLOROX;;CLOROX;LAVANDINA;LAGO PUELO;LIMPIEZA;;;25;JOHANA VIGIL;AXUM;;CLOROX;False;132637;0;Lista General;AUTOSERVICIO - A;43490;02-10-2026;5553-JORGE MONZON;CLOROX;1;0,00000000;1160,25
101155;"Mitre 311 0";Avellaneda;2026-10-05;05-10-2026;02-10-2026;FAC-A0001-00343285;Venta;LAGOPUELO S.A;61046;15,00;22306,05;26990,32;Chen Xingtong;;18,00 %;29;Camila Navarrete;295;Aydn RopQuitMnch BlncInt 15/1l;1487,07;3426;"";AUTOSERVICIO;AUTOSERVICIO;20925,00;HERNAN RIVERO;326,43;$;2;GRUPO AYUDIN ARGENTINA S.A;0,00000000;0,00;Efectivo;06-10-2026 09:23;;AYUDIN;CLOROX;;CLOROX;LAVADO DE ROPA;LAGO PUELO;LIMPIEZA;;;25;JOHANA VIGIL;AXUM;;CLOROX;False;132637;0;Lista General;AUTOSERVICIO - A;43490;02-10-2026;5553-JORGE MONZON;CLOROX;1;0,00000000;1487,07
29505;"25 DE MAYO E/RUIZ E IRALA - (AUTOSERVICIOS) 1061";DOCK SUD;2026-10-05;05-10-2026;02-10-2026;FAC-A0001-00343288;Venta;LAGOPUELO S.A;36003;104,00;165031,10;199687,63;LAS 3 NI—AS;;27,00 %;29;Camila Navarrete;295;AYDN LAVDNA OR 25g/l 8/2l;1586,84;3426;"";AUTOSERVICIO;Autoservicio B;180856,00;HERNAN RIVERO;586,91;$;2;GRUPO AYUDIN ARGENTINA S.A;0,00000000;0,00;Contado;06-10-2026 09:23;;AYUDIN;CLOROX;;CLOROX;LAVANDINA;LAGO PUELO;LIMPIEZA;;;25;JOHANA VIGIL;AXUM;;CLOROX;False;132685;0;Lista General;Autoservicio B - A;43495;02-10-2026;5553-JORGE MONZON;CLOROX;1;0,00000000;1586,84
29505;"25 DE MAYO E/RUIZ E IRALA - (AUTOSERVICIOS) 1061";DOCK SUD;2026-10-05;05-10-2026;02-10-2026;FAC-A0001-00343288;Venta;LAGOPUELO S.A;17927;180,00;139448,25;168732,38;LAS 3 NI—AS;;27,00 %;29;Camila Navarrete;295;AYDN LAVDNA OR 15/1L;774,71;3426;"";AUTOSERVICIO;Autoservicio B;152820,00;HERNAN RIVERO;286,54;$;2;GRUPO AYUDIN ARGENTINA S.A;0,00000000;0,00;Contado;06-10-2026 09:23;;AYUDIN;CLOROX;;CLOROX;LAVANDINA;LAGO PUELO;LIMPIEZA;;;25;JOHANA VIGIL;AXUM;;CLOROX;False;132685;0;Lista General;Autoservicio B - A;43495;02-10-2026;5553-JORGE MONZON;CLOROX;1;0,00000000;774,71
101334;"San Martin 845 0";Avellaneda;2026-10-05;05-10-2026;02-10-2026;FAC-A0001-00343290;Venta;LAGOPUELO S.A;17927;15,00;13530,94;16372,43;Silvia Gomez;;15,00 %;28;Nadia Diaz;285;AYDN LAVDNA OR 15/1L;902,06;3426;"Venta modificada el 2026-10-02 18:24:42";AUTOSERVICIO;AUTOSERVICIO;12735,00;HERNAN RIVERO;159,19;$;2;GRUPO AYUDIN ARGENTINA S.A;0,00000000;0,00;Efectivo;06-10-2026 09:23;;AYUDIN;CLOROX;;CLOROX;LAVANDINA;LAGO PUELO;LIMPIEZA;;;25;JOHANA VIGIL;AXUM;;CLOROX;False;132702;0;Lista General;AUTOSERVICIO - A;43498;02-10-2026;5553-JORGE MONZON;CLOROX;1;0,00000000;902,06
27622;"PIAGGIO - (PERFUMERIA) 110";AVELLANEDA;2026-10-05;05-10-2026;02-10-2026;FAC-A0001-00343292;Venta;LAGOPUELO S.A;36003;16,00;27824,00;33667,04;MATHIAS URIEL HERMIDA;;20,00 %;28;Nadia Diaz;285;AYDN LAVDNA OR 25g/l 8/2l;1739,00;3426;"";Farmacias y PerfumerÌas;Perfumeria;27824,00;HERNAN RIVERO;434,75;$;2;GRUPO AYUDIN ARGENTINA S.A;0,00000000;0,00;Contado;06-10-2026 09:23;;AYUDIN;CLOROX;;CLOROX;LAVANDINA;LAGO PUELO;LIMPIEZA;;;25;JOHANA VIGIL;AXUM;;CLOROX;False;132727;0;Lista General;Perfumeria - A;43500;02-10-2026;5553-JORGE MONZON;CLOROX;1;0,00000000;1739,00
27622;"PIAGGIO - (PERFUMERIA) 110";AVELLANEDA;2026-10-05;05-10-2026;02-10-2026;FAC-A0001-00343292;Venta;LAGOPUELO S.A;17927;15,00;12735,00;15409,35;MATHIAS URIEL HERMIDA;;20,00 %;28;Nadia Diaz;285;AYDN LAVDNA OR 15/1L;849,00;3426;"";Farmacias y PerfumerÌas;Perfumeria;12735,00;HERNAN RIVERO;212,25;$;2;GRUPO AYUDIN ARGENTINA S.A;0,00000000;0,00;Contado;06-10-2026 09:23;;AYUDIN;CLOROX;;CLOROX;LAVANDINA;LAGO PUELO;LIMPIEZA;;;25;JOHANA VIGIL;AXUM;;CLOROX;False;132727;0;Lista General;Perfumeria - A;43500;02-10-2026;5553-JORGE MONZON;CLOROX;1;0,00000000;849,00
27622;"PIAGGIO - (PERFUMERIA) 110";AVELLANEDA;2026-10-05;05-10-2026;02-10-2026;FAC-A0001-00343292;Venta;LAGOPUELO S.A;34320;12,00;15752,06;19060,00;MATHIAS URIEL HERMIDA;;20,00 %;28;Nadia Diaz;285;Poett Desinf. Frescura de Lavanda 900ml;1312,67;3426;"";Farmacias y PerfumerÌas;Perfumeria;15504,00;HERNAN RIVERO;328,17;$;2;GRUPO AYUDIN ARGENTINA S.A;0,00000000;0,00;Contado;06-10-2026 09:23;;POETT;CLOROX;;CLOROX;PISO;LAGO PUELO;LIMPIEZA;;;25;JOHANA VIGIL;AXUM;;CLOROX;False;132727;0;Lista General;Perfumeria - A;43500;02-10-2026;5553-JORGE MONZON;CLOROX;1;0,00000000;1312,67
27622;"PIAGGIO - (PERFUMERIA) 110";AVELLANEDA;2026-10-05;05-10-2026;02-10-2026;FAC-A0001-00343292;Venta;LAGOPUELO S.A;34342;12,00;15752,06;19060,00;MATHIAS URIEL HERMIDA;;20,00 %;28;Nadia Diaz;285;Poett Dsnf AlgrDia 12/900ml;1312,67;3426;"";Farmacias y PerfumerÌas;Perfumeria;15504,00;HERNAN RIVERO;328,17;$;2;GRUPO AYUDIN ARGENTINA S.A;0,00000000;0,00;Contado;06-10-2026 09:23;;POETT;CLOROX;;CLOROX;PISO;LAGO PUELO;LIMPIEZA;;;25;JOHANA VIGIL;AXUM;;CLOROX;False;132727;0;Lista General;Perfumeria - A;43500;02-10-2026;5553-JORGE MONZON;CLOROX;1;0,00000000;1312,67
27678;"LAS FLORES 593";WILDE;2026-10-05;05-10-2026;02-10-2026;FAC-A0001-00343298;Venta;LAGOPUELO S.A;34320;24,00;30322,72;36690,50;JUAN MANUEL CORRALES;;23,00 %;30;Oriana Songini;305;Poett Desinf. Frescura de Lavanda 900ml;1263,45;3425;"";Farmacias y PerfumerÌas;Perfumeria;31008,00;MARIANO SOSA;377,39;$;2;GRUPO AYUDIN ARGENTINA S.A;0,00000000;0,00;Contado;06-10-2026 15:32;;POETT;CLOROX;;CLOROX;PISO;LAGO PUELO;LIMPIEZA;;;25;JOHANA VIGIL;AXUM;;CLOROX;False;132231;0;Lista General;Perfumeria - A;43284;02-10-2026;757-JUAN PABLO JUAREZ;CLOROX;1;0,00000000;1263,45
27678;"LAS FLORES 593";WILDE;2026-10-05;05-10-2026;02-10-2026;FAC-A0001-00343298;Venta;LAGOPUELO S.A;34324;12,00;15161,36;18345,25;JUAN MANUEL CORRALES;;23,00 %;30;Oriana Songini;305;Poett Desinf. Flores de Primavera 900ml;1263,45;3425;"";Farmacias y PerfumerÌas;Perfumeria;15504,00;MARIANO SOSA;377,39;$;2;GRUPO AYUDIN ARGENTINA S.A;0,00000000;0,00;Contado;06-10-2026 15:32;;POETT;CLOROX;;CLOROX;PISO;LAGO PUELO;LIMPIEZA;;;25;JOHANA VIGIL;AXUM;;CLOROX;False;132231;0;Lista General;Perfumeria - A;43284;02-10-2026;757-JUAN PABLO JUAREZ;CLOROX;1;0,00000000;1263,45
27678;"LAS FLORES 593";WILDE;2026-10-05;05-10-2026;02-10-2026;FAC-A0001-00343298;Venta;LAGOPUELO S.A;34336;12,00;15161,36;18345,25;JUAN MANUEL CORRALES;;23,00 %;30;Oriana Songini;305;Poett Dsnf SuadAlg 12/900ml;1263,45;3425;"";Farmacias y PerfumerÌas;Perfumeria;15504,00;MARIANO SOSA;377,39;$;2;GRUPO AYUDIN ARGENTINA S.A;0,00000000;0,00;Contado;06-10-2026 15:32;;POETT;CLOROX;;CLOROX;PISO;LAGO PUELO;LIMPIEZA;;;25;JOHANA VIGIL;AXUM;;CLOROX;False;132231;0;Lista General;Perfumeria - A;43284;02-10-2026;757-JUAN PABLO JUAREZ;CLOROX;1;0,00000000;1263,45
27678;"LAS FLORES 593";WILDE;2026-10-05;05-10-2026;02-10-2026;FAC-A0001-00343298;Venta;LAGOPUELO S.A;34342;12,00;15161,36;18345,25;JUAN MANUEL CORRALES;;23,00 %;30;Oriana Songini;305;Poett Dsnf AlgrDia 12/900ml;1263,45;3425;"";Farmacias y PerfumerÌas;Perfumeria;15504,00;MARIANO SOSA;377,39;$;2;GRUPO AYUDIN ARGENTINA S.A;0,00000000;0,00;Contado;06-10-2026 15:32;;POETT;CLOROX;;CLOROX;PISO;LAGO PUELO;LIMPIEZA;;;25;JOHANA VIGIL;AXUM;;CLOROX;False;132231;0;Lista General;Perfumeria - A;43284;02-10-2026;757-JUAN PABLO JUAREZ;CLOROX;1;0,00000000;1263,45
27678;"LAS FLORES 593";WILDE;2026-10-05;05-10-2026;02-10-2026;FAC-A0001-00343298;Venta;LAGOPUELO S.A;50090;6,00;14924,13;18058,20;JUAN MANUEL CORRALES;;15,00 %;30;Oriana Songini;305;Poett Aer Huellitas 6/360ml;2487,36;3425;"";Farmacias y PerfumerÌas;Perfumeria;13506,00;MARIANO SOSA;438,95;$;2;GRUPO AYUDIN ARGENTINA S.A;0,00000000;0,00;Contado;06-10-2026 15:32;;POETT;CLOROX;;CLOROX;AERO POETT;LAGO PUELO;LIMPIEZA;;;25;JOHANA VIGIL;AXUM;;CLOROX;False;132231;0;Lista General;Perfumeria - A;43284;02-10-2026;757-JUAN PABLO JUAREZ;CLOROX;1;0,00000000;2487,36
27678;"LAS FLORES 593";WILDE;2026-10-05;05-10-2026;02-10-2026;FAC-A0001-00343298;Venta;LAGOPUELO S.A;60888;6,00;14924,13;18058,20;JUAN MANUEL CORRALES;;15,00 %;30;Oriana Songini;305;Poett Aer SvdAlg ExtFrag 6/360ml;2487,36;3425;"";Farmacias y PerfumerÌas;Perfumeria;13506,00;MARIANO SOSA;438,95;$;2;GRUPO AYUDIN ARGENTINA S.A;0,00000000;0,00;Contado;06-10-2026 15:32;;POETT;CLOROX;;CLOROX;AERO POETT;LAGO PUELO;LIMPIEZA;;;25;JOHANA VIGIL;AXUM;;CLOROX;False;132231;0;Lista General;Perfumeria - A;43284;02-10-2026;757-JUAN PABLO JUAREZ;CLOROX;1;0,00000000;2487,36
27773;"LAS FLORES 454";WILDE;2026-10-05;05-10-2026;02-10-2026;FAC-A0001-00343300;Venta;LAGOPUELO S.A;61576;16,00;26537,68;32110,59;GABRIEL GERMAN ROSSO;;5,00 %;30;Oriana Songini;305;Aydn Bn Limp† Act Or DoyPk 16/450ml;1658,61;3425;"";Farmacias y PerfumerÌas;Perfumeria;21488,00;MARIANO SOSA;87,30;$;2;GRUPO AYUDIN ARGENTINA S.A;0,00000000;0,00;Contado;06-10-2026 15:32;;AYUDIN;CLOROX;;CLOROX;BAÒO;LAGO PUELO;LIMPIEZA;;;25;JOHANA VIGIL;AXUM;;CLOROX;False;132256;0;Lista General;Perfumeria - A;43288;02-10-2026;757-JUAN PABLO JUAREZ;CLOROX;1;0,00000000;1658,61
27773;"LAS FLORES 454";WILDE;2026-10-05;05-10-2026;02-10-2026;FAC-A0001-00343300;Venta;LAGOPUELO S.A;61577;16,00;22565,92;27304,76;GABRIEL GERMAN ROSSO;;5,00 %;30;Oriana Songini;305;Aydn Coc† Pod Act Or† DoyPk 16/450ml;1410,37;3425;"";Farmacias y PerfumerÌas;Perfumeria;18272,00;MARIANO SOSA;74,23;$;2;GRUPO AYUDIN ARGENTINA S.A;0,00000000;0,00;Contado;06-10-2026 15:32;;AYUDIN;CLOROX;;CLOROX;COCINA;LAGO PUELO;LIMPIEZA;;;25;JOHANA VIGIL;AXUM;;CLOROX;False;132256;0;Lista General;Perfumeria - A;43288;02-10-2026;757-JUAN PABLO JUAREZ;CLOROX;1;0,00000000;1410,37
27773;"LAS FLORES 454";WILDE;2026-10-05;05-10-2026;02-10-2026;FAC-A0001-00343300;Venta;LAGOPUELO S.A;22057;12,00;18928,56;22903,56;GABRIEL GERMAN ROSSO;;0,00 %;30;Oriana Songini;305;Pluz Pino 12/900ml;1577,38;3425;"";Farmacias y PerfumerÌas;Perfumeria;14232,00;MARIANO SOSA;0,00;$;2;GRUPO AYUDIN ARGENTINA S.A;0,00000000;0,00;Contado;06-10-2026 15:32;;PINO LUZ;CLOROX;;CLOROX;PISO;LAGO PUELO;LIMPIEZA;;;25;JOHANA VIGIL;AXUM;;CLOROX;False;132256;0;Lista General;Perfumeria - A;43288;02-10-2026;757-JUAN PABLO JUAREZ;CLOROX;1;0,00000000;1577,38
27773;"LAS FLORES 454";WILDE;2026-10-05;05-10-2026;02-10-2026;FAC-A0001-00343300;Venta;LAGOPUELO S.A;36003;24,00;41736,00;50500,56;GABRIEL GERMAN ROSSO;;20,00 %;30;Oriana Songini;305;AYDN LAVDNA OR 25g/l 8/2l;1739,00;3425;"";Farmacias y PerfumerÌas;Perfumeria;41736,00;MARIANO SOSA;434,75;$;2;GRUPO AYUDIN ARGENTINA S.A;0,00000000;0,00;Contado;06-10-2026 15:32;;AYUDIN;CLOROX;;CLOROX;LAVANDINA;LAGO PUELO;LIMPIEZA;;;25;JOHANA VIGIL;AXUM;;CLOROX;False;132256;0;Lista General;Perfumeria - A;43288;02-10-2026;757-JUAN PABLO JUAREZ;CLOROX;1;0,00000000;1739,00
108025;"Bah√≠a Blanca 709 0";Wilde;2026-10-05;05-10-2026;02-10-2026;FAC-A0001-00343302;Venta;LAGOPUELO S.A;21313;12,00;26254,80;31768,31;Gilmar Veizaga;;0,00 %;30;Oriana Songini;305;Tren Bol 72/120ml                       ;2187,90;3425;"";Tradicionales;Almacen;20196,00;MARIANO SOSA;0,00;$;2;GRUPO AYUDIN ARGENTINA S.A;0,00000000;0,00;Efectivo;06-10-2026 15:32;;TRENET;CLOROX;;CLOROX;LAVADO DE ROPA;LAGO PUELO;LIMPIEZA;;;25;JOHANA VIGIL;AXUM;;CLOROX;False;132297;0;Lista General;Almacen - A;43289;02-10-2026;757-JUAN PABLO JUAREZ;CLOROX;1;0,00000000;2187,90
108025;"Bah√≠a Blanca 709 0";Wilde;2026-10-05;05-10-2026;02-10-2026;FAC-A0001-00343302;Venta;LAGOPUELO S.A;18098;24,00;36482,40;44143,70;Gilmar Veizaga;;0,00 %;30;Oriana Songini;305;Mort Esp DobCara 4/24c                  ;1520,10;3425;"";Tradicionales;Almacen;27024,00;MARIANO SOSA;0,00;$;2;GRUPO AYUDIN ARGENTINA S.A;0,00000000;0,00;Efectivo;06-10-2026 15:32;;MORTIMER;CLOROX;;CLOROX;MORTIMER;LAGO PUELO;LIMPIEZA;;;25;JOHANA VIGIL;AXUM;;CLOROX;False;132297;0;Lista General;Almacen - A;43289;02-10-2026;757-JUAN PABLO JUAREZ;CLOROX;1;0,00000000;1520,10
106031;"Anatole Frence 820 0";Sarandi;2026-10-05;05-10-2026;02-10-2026;FAC-A0001-00343304;Venta;LAGOPUELO S.A;36003;8,00;13912,00;16833,52;Borrero Carlos;;20,00 %;26;Sabrina Pereyra;265;AYDN LAVDNA OR 25g/l 8/2l;1739,00;3425;"";Tradicionales;Almacen;13912,00;MARIANO SOSA;434,75;$;2;GRUPO AYUDIN ARGENTINA S.A;0,00000000;0,00;Efectivo;06-10-2026 15:32;;AYUDIN;CLOROX;;CLOROX;LAVANDINA;LAGO PUELO;LIMPIEZA;;;25;JOHANA VIGIL;AXUM;;CLOROX;False;132408;0;Lista General;Almacen - A;43293;02-10-2026;757-JUAN PABLO JUAREZ;CLOROX;1;0,00000000;1739,00
27705;"AV BARTOLOME MITRE 2323";AVELLANEDA;2026-10-05;05-10-2026;02-10-2026;FAC-A0001-00343307;Venta;LAGOPUELO S.A;36003;56,00;93732,10;113415,84;RAUL MANUEL PEREZ;;23,00 %;26;Sabrina Pereyra;265;AYDN LAVDNA OR 25g/l 8/2l;1673,79;3425;"";Farmacias y PerfumerÌas;Perfumeria;97384,00;MARIANO SOSA;499,96;$;2;GRUPO AYUDIN ARGENTINA S.A;0,00000000;0,00;Contado;06-10-2026 15:32;;AYUDIN;CLOROX;;CLOROX;LAVANDINA;LAGO PUELO;LIMPIEZA;;;25;JOHANA VIGIL;AXUM;;CLOROX;False;132553;0;Lista General;Perfumeria - A;43297;02-10-2026;757-JUAN PABLO JUAREZ;CLOROX;1;0,00000000;1673,79
27705;"AV BARTOLOME MITRE 2323";AVELLANEDA;2026-10-05;05-10-2026;02-10-2026;FAC-A0001-00343307;Venta;LAGOPUELO S.A;17927;45,00;38205,00;46228,05;RAUL MANUEL PEREZ;;20,00 %;26;Sabrina Pereyra;265;AYDN LAVDNA OR 15/1L;849,00;3425;"";Farmacias y PerfumerÌas;Perfumeria;38205,00;MARIANO SOSA;212,25;$;2;GRUPO AYUDIN ARGENTINA S.A;0,00000000;0,00;Contado;06-10-2026 15:32;;AYUDIN;CLOROX;;CLOROX;LAVANDINA;LAGO PUELO;LIMPIEZA;;;25;JOHANA VIGIL;AXUM;;CLOROX;False;132553;0;Lista General;Perfumeria - A;43297;02-10-2026;757-JUAN PABLO JUAREZ;CLOROX;1;0,00000000;849,00
29346;"LACARRA - (PERFUMERIA) 1622";GERLI;2026-10-05;05-10-2026;02-10-2026;FAC-A0001-00343308;Venta;LAGOPUELO S.A;17927;225,00;174310,31;210915,48;MABEL REY;;27,00 %;24;Cecilia Gauchez;245;AYDN LAVDNA OR 15/1L;774,71;3425;"";Farmacias y PerfumerÌas;Perfumeria;191025,00;MARIANO SOSA;286,54;$;2;GRUPO AYUDIN ARGENTINA S.A;0,00000000;0,00;Contado;06-10-2026 15:32;;AYUDIN;CLOROX;;CLOROX;LAVANDINA;LAGO PUELO;LIMPIEZA;;;25;JOHANA VIGIL;AXUM;;CLOROX;False;132570;0;Lista General;Perfumeria - A;43298;02-10-2026;757-JUAN PABLO JUAREZ;CLOROX;1;0,00000000;774,71
29346;"LACARRA - (PERFUMERIA) 1622";GERLI;2026-10-05;05-10-2026;02-10-2026;FAC-A0001-00343308;Venta;LAGOPUELO S.A;36003;120,00;190420,50;230408,81;MABEL REY;;27,00 %;24;Cecilia Gauchez;245;AYDN LAVDNA OR 25g/l 8/2l;1586,84;3425;"";Farmacias y PerfumerÌas;Perfumeria;208680,00;MARIANO SOSA;586,91;$;2;GRUPO AYUDIN ARGENTINA S.A;0,00000000;0,00;Contado;06-10-2026 15:32;;AYUDIN;CLOROX;;CLOROX;LAVANDINA;LAGO PUELO;LIMPIEZA;;;25;JOHANA VIGIL;AXUM;;CLOROX;False;132570;0;Lista General;Perfumeria - A;43298;02-10-2026;757-JUAN PABLO JUAREZ;CLOROX;1;0,00000000;1586,84
29346;"LACARRA - (PERFUMERIA) 1622";GERLI;2026-10-05;05-10-2026;02-10-2026;FAC-A0001-00343308;Venta;LAGOPUELO S.A;60222;30,00;32760,00;39639,60;MABEL REY;;20,00 %;24;Cecilia Gauchez;245;Aydn Lavda TriPod 15/1l GP2;1092,00;3425;"";Farmacias y PerfumerÌas;Perfumeria;31500,00;MARIANO SOSA;273,00;$;2;GRUPO AYUDIN ARGENTINA S.A;0,00000000;0,00;Contado;06-10-2026 15:32;;AYUDIN;CLOROX;;CLOROX;LAVANDINA;LAGO PUELO;LIMPIEZA;;;25;JOHANA VIGIL;AXUM;;CLOROX;False;132570;0;Lista General;Perfumeria - A;43298;02-10-2026;757-JUAN PABLO JUAREZ;CLOROX;1;0,00000000;1092,00
29346;"LACARRA - (PERFUMERIA) 1622";GERLI;2026-10-05;05-10-2026;02-10-2026;FAC-A0001-00343308;Venta;LAGOPUELO S.A;60226;30,00;32760,00;39639,60;MABEL REY;;20,00 %;24;Cecilia Gauchez;245;Aydn PurGlac TriPod 15/1l GP2;1092,00;3425;"";Farmacias y PerfumerÌas;Perfumeria;31500,00;MARIANO SOSA;273,00;$;2;GRUPO AYUDIN ARGENTINA S.A;0,00000000;0,00;Contado;06-10-2026 15:32;;AYUDIN;CLOROX;;CLOROX;LAVANDINA;LAGO PUELO;LIMPIEZA;;;25;JOHANA VIGIL;AXUM;;CLOROX;False;132570;0;Lista General;Perfumeria - A;43298;02-10-2026;757-JUAN PABLO JUAREZ;CLOROX;1;0,00000000;1092,00
917;"RAMON FRANCO 6175";WILDE;2026-10-05;05-10-2026;02-10-2026;FAC-A0001-00343311;Venta;LAGOPUELO S.A;24649;1,00;1383,20;1673,67;YAMILA CORRADO;;0,00 %;30;Oriana Songini;305;Poett PastDesod 12/25g GP2;1383,20;3425;"";KIOSCO;KIOSCO;1064,00;MARIANO SOSA;0,00;$;2;GRUPO AYUDIN ARGENTINA S.A;0,00000000;0,00;Contado;06-10-2026 15:32;;POETT;CLOROX;;CLOROX;BAÒO;LAGO PUELO;LIMPIEZA;;;25;JOHANA VIGIL;AXUM;;CLOROX;False;132712;0;Lista General;KIOSCO - A;43303;02-10-2026;757-JUAN PABLO JUAREZ;CLOROX;1;0,00000000;1383,20
917;"RAMON FRANCO 6175";WILDE;2026-10-05;05-10-2026;02-10-2026;FAC-A0001-00343311;Venta;LAGOPUELO S.A;24648;2,00;2766,40;3347,34;YAMILA CORRADO;;0,00 %;30;Oriana Songini;305;Poett PastDesod Lavda 12/25g GP2;1383,20;3425;"";KIOSCO;KIOSCO;2128,00;MARIANO SOSA;0,00;$;2;GRUPO AYUDIN ARGENTINA S.A;0,00000000;0,00;Contado;06-10-2026 15:32;;POETT;CLOROX;;CLOROX;BAÒO;LAGO PUELO;LIMPIEZA;;;25;JOHANA VIGIL;AXUM;;CLOROX;False;132712;0;Lista General;KIOSCO - A;43303;02-10-2026;757-JUAN PABLO JUAREZ;CLOROX;1;0,00000000;1383,20
101197;"Brandsen 3484 0";Sarandi;2026-10-05;05-10-2026;02-10-2026;FAC-A0001-00343312;Venta;LAGOPUELO S.A;61621;3,00;8615,10;10424,27;Chen Ying;;0,00 %;26;Sabrina Pereyra;265;Aydn Coc† Pod Act Or† Gat 12/500ml;2871,70;3425;"";Tradicionales;Almacen;6627,00;MARIANO SOSA;0,00;$;2;GRUPO AYUDIN ARGENTINA S.A;0,00000000;0,00;Efectivo;06-10-2026 15:32;;AYUDIN;CLOROX;;CLOROX;COCINA;LAGO PUELO;LIMPIEZA;;;25;JOHANA VIGIL;AXUM;;CLOROX;False;132728;0;Lista General;Almacen - A;43305;02-10-2026;757-JUAN PABLO JUAREZ;CLOROX;1;0,00000000;2871,70
1070;"AV. 14 2450";Berazategui;2026-10-05;05-10-2026;01-10-2026;FAC-A0001-00343317;Venta;LAGOPUELO S.A;60231;15,00;24339,00;29450,19;ESQUIVARIZA SRL ††††;;0,00 %;5;Eliana Huber;54;Aydn A-Sp Trad 15/1l GP2;1622,60;3428;"";AUTOSERVICIO;AUTOSERVICIO;18300,00;CLAUDIO GARCIA;0,00;$;2;GRUPO AYUDIN ARGENTINA S.A;0,00000000;0,00;Contado;06-10-2026 08:59;;AYUDIN;CLOROX;;CLOROX;LAVANDINA;LAGO PUELO;LIMPIEZA;;;25;JOHANA VIGIL;AXUM;;CLOROX;False;131600;0;Lista General;AUTOSERVICIO - A;43507;02-10-2026;757-JUAN PABLO JUAREZ;CLOROX;1;0,00000000;1622,60
1070;"AV. 14 2450";Berazategui;2026-10-05;05-10-2026;01-10-2026;FAC-A0001-00343317;Venta;LAGOPUELO S.A;61046;15,00;27202,50;32915,03;ESQUIVARIZA SRL ††††;;0,00 %;5;Eliana Huber;54;Aydn RopQuitMnch BlncInt 15/1l;1813,50;3428;"";AUTOSERVICIO;AUTOSERVICIO;20925,00;CLAUDIO GARCIA;0,00;$;2;GRUPO AYUDIN ARGENTINA S.A;0,00000000;0,00;Contado;06-10-2026 08:59;;AYUDIN;CLOROX;;CLOROX;LAVADO DE ROPA;LAGO PUELO;LIMPIEZA;;;25;JOHANA VIGIL;AXUM;;CLOROX;False;131600;0;Lista General;AUTOSERVICIO - A;43507;02-10-2026;757-JUAN PABLO JUAREZ;CLOROX;1;0,00000000;1813,50
1070;"AV. 14 2450";Berazategui;2026-10-05;05-10-2026;01-10-2026;FAC-A0001-00343317;Venta;LAGOPUELO S.A;60888;6,00;17557,80;21244,94;ESQUIVARIZA SRL ††††;;0,00 %;5;Eliana Huber;54;Poett Aer SvdAlg ExtFrag 6/360ml;2926,30;3428;"";AUTOSERVICIO;AUTOSERVICIO;13506,00;CLAUDIO GARCIA;0,00;$;2;GRUPO AYUDIN ARGENTINA S.A;0,00000000;0,00;Contado;06-10-2026 08:59;;POETT;CLOROX;;CLOROX;AERO POETT;LAGO PUELO;LIMPIEZA;;;25;JOHANA VIGIL;AXUM;;CLOROX;False;131600;0;Lista General;AUTOSERVICIO - A;43507;02-10-2026;757-JUAN PABLO JUAREZ;CLOROX;1;0,00000000;2926,30
1070;"AV. 14 2450";Berazategui;2026-10-05;05-10-2026;01-10-2026;FAC-A0001-00343317;Venta;LAGOPUELO S.A;60885;6,00;17557,80;21244,94;ESQUIVARIZA SRL ††††;;0,00 %;5;Eliana Huber;54;Poett Aer FlrLavda ExtFrag 6/360ml;2926,30;3428;"";AUTOSERVICIO;AUTOSERVICIO;13506,00;CLAUDIO GARCIA;0,00;$;2;GRUPO AYUDIN ARGENTINA S.A;0,00000000;0,00;Contado;06-10-2026 08:59;;POETT;CLOROX;;CLOROX;AERO POETT;LAGO PUELO;LIMPIEZA;;;25;JOHANA VIGIL;AXUM;;CLOROX;False;131600;0;Lista General;AUTOSERVICIO - A;43507;02-10-2026;757-JUAN PABLO JUAREZ;CLOROX;1;0,00000000;2926,30
1070;"AV. 14 2450";Berazategui;2026-10-05;05-10-2026;01-10-2026;FAC-A0001-00343317;Venta;LAGOPUELO S.A;61033;6,00;17557,80;21244,94;ESQUIVARIZA SRL ††††;;0,00 %;5;Eliana Huber;54;Poett Aer DsprtarEnrg ExtFrag 6/360ml;2926,30;3428;"";AUTOSERVICIO;AUTOSERVICIO;13506,00;CLAUDIO GARCIA;0,00;$;2;GRUPO AYUDIN ARGENTINA S.A;0,00000000;0,00;Contado;06-10-2026 08:59;;POETT;CLOROX;;CLOROX;AERO POETT;LAGO PUELO;LIMPIEZA;;;25;JOHANA VIGIL;AXUM;;CLOROX;False;131600;0;Lista General;AUTOSERVICIO - A;43507;02-10-2026;757-JUAN PABLO JUAREZ;CLOROX;1;0,00000000;2926,30
29245;"BOMBERO VOL V SENZABELLO - 144 1310";FLORENCIO VARELA;2026-10-05;05-10-2026;01-10-2026;FAC-A0001-00343322;Venta;LAGOPUELO S.A;17927;15,00;12735,00;15409,35;SILVIO OSCAR PEREIRA;;20,00 %;6;Nieves Alegre;64;AYDN LAVDNA OR 15/1L;849,00;3428;"";Otros;Articulo de limpieza;12735,00;CLAUDIO GARCIA;212,25;$;2;GRUPO AYUDIN ARGENTINA S.A;0,00000000;0,00;Contado;06-10-2026 08:59;;AYUDIN;CLOROX;;CLOROX;LAVANDINA;LAGO PUELO;LIMPIEZA;;;25;JOHANA VIGIL;AXUM;;CLOROX;False;131764;0;Lista General;Articulo de limpieza - A;43514;02-10-2026;757-JUAN PABLO JUAREZ;CLOROX;1;0,00000000;849,00
399;"AV 14 2603";Berazategui;2026-10-05;05-10-2026;01-10-2026;FAC-A0001-00343324;Venta;LAGOPUELO S.A;24648;12,00;16598,40;20084,06;Mario peÒaranda llanos;;0,00 %;5;Eliana Huber;54;Poett PastDesod Lavda 12/25g GP2;1383,20;3428;"";AUTOSERVICIO;AUTOSERVICIO;12768,00;CLAUDIO GARCIA;0,00;$;2;GRUPO AYUDIN ARGENTINA S.A;0,00000000;0,00;Efectivo;06-10-2026 08:59;;POETT;CLOROX;;CLOROX;BAÒO;LAGO PUELO;LIMPIEZA;;;25;JOHANA VIGIL;AXUM;;CLOROX;False;131789;0;Lista General;AUTOSERVICIO - A;43516;02-10-2026;757-JUAN PABLO JUAREZ;CLOROX;1;0,00000000;1383,20
399;"AV 14 2603";Berazategui;2026-10-05;05-10-2026;01-10-2026;FAC-A0001-00343324;Venta;LAGOPUELO S.A;24649;12,00;16598,40;20084,06;Mario peÒaranda llanos;;0,00 %;5;Eliana Huber;54;Poett PastDesod 12/25g GP2;1383,20;3428;"";AUTOSERVICIO;AUTOSERVICIO;12768,00;CLAUDIO GARCIA;0,00;$;2;GRUPO AYUDIN ARGENTINA S.A;0,00000000;0,00;Efectivo;06-10-2026 08:59;;POETT;CLOROX;;CLOROX;BAÒO;LAGO PUELO;LIMPIEZA;;;25;JOHANA VIGIL;AXUM;;CLOROX;False;131789;0;Lista General;AUTOSERVICIO - A;43516;02-10-2026;757-JUAN PABLO JUAREZ;CLOROX;1;0,00000000;1383,20
5155;"ISLAS ORCADAS 2417";FLORENCIO VARELA;2026-10-05;05-10-2026;01-10-2026;FAC-A0001-00343327;Venta;LAGOPUELO S.A;17927;15,00;12735,00;15409,35;GUTIERREZ FLORENCIA;;20,00 %;6;Nieves Alegre;64;AYDN LAVDNA OR 15/1L;849,00;3428;"";AUTOSERVICIO;AUTOSERVICIO;12735,00;CLAUDIO GARCIA;212,25;$;2;GRUPO AYUDIN ARGENTINA S.A;0,00000000;0,00;Contado;06-10-2026 08:59;;AYUDIN;CLOROX;;CLOROX;LAVANDINA;LAGO PUELO;LIMPIEZA;;;25;JOHANA VIGIL;AXUM;;CLOROX;False;131827;0;Lista General;AUTOSERVICIO - A;43519;02-10-2026;757-JUAN PABLO JUAREZ;CLOROX;1;0,00000000;849,00
1081;"AV. 14 2353";Berazategui;2026-10-05;05-10-2026;01-10-2026;FAC-A0001-00343329;Venta;LAGOPUELO S.A;61620;3,00;10042,50;12151,43;RUGGIERI A. LILIANA††††††††;;0,00 %;5;Eliana Huber;54;Aydn Bn Limp† Act Or Gat 12/500 ml;3347,50;3428;"";AUTOSERVICIO;AUTOSERVICIO;7725,00;CLAUDIO GARCIA;0,00;$;2;GRUPO AYUDIN ARGENTINA S.A;0,00000000;0,00;Contado;06-10-2026 08:59;;AYUDIN;CLOROX;;CLOROX;BAÒO;LAGO PUELO;LIMPIEZA;;;25;JOHANA VIGIL;AXUM;;CLOROX;False;131865;0;Lista General;AUTOSERVICIO - A;43521;02-10-2026;757-JUAN PABLO JUAREZ;CLOROX;1;0,00000000;3347,50
1081;"AV. 14 2353";Berazategui;2026-10-05;05-10-2026;01-10-2026;FAC-A0001-00343329;Venta;LAGOPUELO S.A;60239;3,00;7417,21;8974,82;RUGGIERI A. LILIANA††††††††;;15,00 %;5;Eliana Huber;54;Aydn Lavdna Gel MntFrs 15/700ml GP2;2472,40;3428;"";AUTOSERVICIO;AUTOSERVICIO;6561,00;CLAUDIO GARCIA;436,31;$;2;GRUPO AYUDIN ARGENTINA S.A;0,00000000;0,00;Contado;06-10-2026 08:59;;AYUDIN;CLOROX;;CLOROX;LAVANDINA;LAGO PUELO;LIMPIEZA;;;25;JOHANA VIGIL;AXUM;;CLOROX;False;131865;0;Lista General;AUTOSERVICIO - A;43521;02-10-2026;757-JUAN PABLO JUAREZ;CLOROX;1;0,00000000;2472,40
1081;"AV. 14 2353";Berazategui;2026-10-05;05-10-2026;01-10-2026;FAC-A0001-00343329;Venta;LAGOPUELO S.A;60237;3,00;7417,21;8974,82;RUGGIERI A. LILIANA††††††††;;15,00 %;5;Eliana Huber;54;Aydn Lavdna Gel Flr 15/700ml GP2;2472,40;3428;"";AUTOSERVICIO;AUTOSERVICIO;6561,00;CLAUDIO GARCIA;436,31;$;2;GRUPO AYUDIN ARGENTINA S.A;0,00000000;0,00;Contado;06-10-2026 08:59;;AYUDIN;CLOROX;;CLOROX;LAVANDINA;LAGO PUELO;LIMPIEZA;;;25;JOHANA VIGIL;AXUM;;CLOROX;False;131865;0;Lista General;AUTOSERVICIO - A;43521;02-10-2026;757-JUAN PABLO JUAREZ;CLOROX;1;0,00000000;2472,40
1081;"AV. 14 2353";Berazategui;2026-10-05;05-10-2026;01-10-2026;FAC-A0001-00343329;Venta;LAGOPUELO S.A;61373;3,00;5627,70;6809,52;RUGGIERI A. LILIANA††††††††;;0,00 %;5;Eliana Huber;54;Aydn LimpDsnf Lavda 12/900ml;1875,90;3428;"";AUTOSERVICIO;AUTOSERVICIO;4329,00;CLAUDIO GARCIA;0,00;$;2;GRUPO AYUDIN ARGENTINA S.A;0,00000000;0,00;Contado;06-10-2026 08:59;;AYUDIN;CLOROX;;CLOROX;PISO;LAGO PUELO;LIMPIEZA;;;25;JOHANA VIGIL;AXUM;;CLOROX;False;131865;0;Lista General;AUTOSERVICIO - A;43521;02-10-2026;757-JUAN PABLO JUAREZ;CLOROX;1;0,00000000;1875,90
1081;"AV. 14 2353";Berazategui;2026-10-05;05-10-2026;01-10-2026;FAC-A0001-00343329;Venta;LAGOPUELO S.A;36003;8,00;13912,00;16833,52;RUGGIERI A. LILIANA††††††††;;20,00 %;5;Eliana Huber;54;AYDN LAVDNA OR 25g/l 8/2l;1739,00;3428;"";AUTOSERVICIO;AUTOSERVICIO;13912,00;CLAUDIO GARCIA;434,75;$;2;GRUPO AYUDIN ARGENTINA S.A;0,00000000;0,00;Contado;06-10-2026 08:59;;AYUDIN;CLOROX;;CLOROX;LAVANDINA;LAGO PUELO;LIMPIEZA;;;25;JOHANA VIGIL;AXUM;;CLOROX;False;131865;0;Lista General;AUTOSERVICIO - A;43521;02-10-2026;757-JUAN PABLO JUAREZ;CLOROX;1;0,00000000;1739,00
23031;"juan de la cruz contreras 437";FLORENCIO VARELA;2026-10-05;05-10-2026;01-10-2026;FAC-A0001-00343332;Venta;LAGOPUELO S.A;17927;30,00;25470,00;30818,70;YU ZHIYING;;20,00 %;6;Nieves Alegre;64;AYDN LAVDNA OR 15/1L;849,00;3428;"";AUTOSERVICIO;Autoservicio A;25470,00;CLAUDIO GARCIA;212,25;$;2;GRUPO AYUDIN ARGENTINA S.A;0,00000000;0,00;Contado;06-10-2026 08:59;;AYUDIN;CLOROX;;CLOROX;LAVANDINA;LAGO PUELO;LIMPIEZA;;;25;JOHANA VIGIL;AXUM;;CLOROX;False;131881;0;Lista General;Autoservicio A - A;43524;02-10-2026;757-JUAN PABLO JUAREZ;CLOROX;1;0,00000000;849,00
5203;"ALMAFUERTE 550";FLORENCIO VARELA;2026-10-05;05-10-2026;01-10-2026;FAC-A0001-00343337;Venta;LAGOPUELO S.A;33576;16,00;30366,56;36743,54;WENG XIAOLI;;0,00 %;6;Nieves Alegre;64;Aydn Ropa BlncSprms DoyPk 16/400ml;1897,91;3428;"";AUTOSERVICIO;AUTOSERVICIO;22832,00;CLAUDIO GARCIA;0,00;$;2;GRUPO AYUDIN ARGENTINA S.A;0,00000000;0,00;Contado;06-10-2026 08:59;;AYUDIN;CLOROX;;CLOROX;LAVADO DE ROPA;LAGO PUELO;LIMPIEZA;;;25;JOHANA VIGIL;AXUM;;CLOROX;False;132019;0;Lista General;AUTOSERVICIO - A;43532;02-10-2026;757-JUAN PABLO JUAREZ;CLOROX;1;0,00000000;1897,91
5203;"ALMAFUERTE 550";FLORENCIO VARELA;2026-10-05;05-10-2026;01-10-2026;FAC-A0001-00343337;Venta;LAGOPUELO S.A;60237;15,00;43630,65;52793,09;WENG XIAOLI;;0,00 %;6;Nieves Alegre;64;Aydn Lavdna Gel Flr 15/700ml GP2;2908,71;3428;"";AUTOSERVICIO;AUTOSERVICIO;32805,00;CLAUDIO GARCIA;0,00;$;2;GRUPO AYUDIN ARGENTINA S.A;0,00000000;0,00;Contado;06-10-2026 08:59;;AYUDIN;CLOROX;;CLOROX;LAVANDINA;LAGO PUELO;LIMPIEZA;;;25;JOHANA VIGIL;AXUM;;CLOROX;False;132019;0;Lista General;AUTOSERVICIO - A;43532;02-10-2026;757-JUAN PABLO JUAREZ;CLOROX;1;0,00000000;2908,71
5203;"ALMAFUERTE 550";FLORENCIO VARELA;2026-10-05;05-10-2026;01-10-2026;FAC-A0001-00343337;Venta;LAGOPUELO S.A;60240;15,00;43630,65;52793,09;WENG XIAOLI;;0,00 %;6;Nieves Alegre;64;Aydn Lavdna Gel Lavda EXPRT 15/700ml GP2;2908,71;3428;"";AUTOSERVICIO;AUTOSERVICIO;32805,00;CLAUDIO GARCIA;0,00;$;2;GRUPO AYUDIN ARGENTINA S.A;0,00000000;0,00;Contado;06-10-2026 08:59;;AYUDIN;CLOROX;;CLOROX;LAVANDINA;LAGO PUELO;LIMPIEZA;;;25;JOHANA VIGIL;AXUM;;CLOROX;False;132019;0;Lista General;AUTOSERVICIO - A;43532;02-10-2026;757-JUAN PABLO JUAREZ;CLOROX;1;0,00000000;2908,71
5203;"ALMAFUERTE 550";FLORENCIO VARELA;2026-10-05;05-10-2026;01-10-2026;FAC-A0001-00343337;Venta;LAGOPUELO S.A;60239;15,00;43630,65;52793,09;WENG XIAOLI;;0,00 %;6;Nieves Alegre;64;Aydn Lavdna Gel MntFrs 15/700ml GP2;2908,71;3428;"";AUTOSERVICIO;AUTOSERVICIO;32805,00;CLAUDIO GARCIA;0,00;$;2;GRUPO AYUDIN ARGENTINA S.A;0,00000000;0,00;Contado;06-10-2026 08:59;;AYUDIN;CLOROX;;CLOROX;LAVANDINA;LAGO PUELO;LIMPIEZA;;;25;JOHANA VIGIL;AXUM;;CLOROX;False;132019;0;Lista General;AUTOSERVICIO - A;43532;02-10-2026;757-JUAN PABLO JUAREZ;CLOROX;1;0,00000000;2908,71
5203;"ALMAFUERTE 550";FLORENCIO VARELA;2026-10-05;05-10-2026;01-10-2026;FAC-A0001-00343337;Venta;LAGOPUELO S.A;60223;16,00;43513,60;52651,46;WENG XIAOLI;;0,00 %;6;Nieves Alegre;64;Aydn Lavda TriPod 8/2l GP2;2719,60;3428;"";AUTOSERVICIO;AUTOSERVICIO;33472,00;CLAUDIO GARCIA;0,00;$;2;GRUPO AYUDIN ARGENTINA S.A;0,00000000;0,00;Contado;06-10-2026 08:59;;AYUDIN;CLOROX;;CLOROX;LAVANDINA;LAGO PUELO;LIMPIEZA;;;25;JOHANA VIGIL;AXUM;;CLOROX;False;132019;0;Lista General;AUTOSERVICIO - A;43532;02-10-2026;757-JUAN PABLO JUAREZ;CLOROX;1;0,00000000;2719,60
5203;"ALMAFUERTE 550";FLORENCIO VARELA;2026-10-05;05-10-2026;01-10-2026;FAC-A0001-00343337;Venta;LAGOPUELO S.A;60227;16,00;43513,60;52651,46;WENG XIAOLI;;0,00 %;6;Nieves Alegre;64;Aydn PurGlac TriPod 8/2l GP2;2719,60;3428;"";AUTOSERVICIO;AUTOSERVICIO;33472,00;CLAUDIO GARCIA;0,00;$;2;GRUPO AYUDIN ARGENTINA S.A;0,00000000;0,00;Contado;06-10-2026 08:59;;AYUDIN;CLOROX;;CLOROX;LAVANDINA;LAGO PUELO;LIMPIEZA;;;25;JOHANA VIGIL;AXUM;;CLOROX;False;132019;0;Lista General;AUTOSERVICIO - A;43532;02-10-2026;757-JUAN PABLO JUAREZ;CLOROX;1;0,00000000;2719,60
5460;"LUIS BRAILLE 1809";FLORENCIO VARELA;2026-10-05;05-10-2026;02-10-2026;FAC-A0001-00343339;Venta;LAGOPUELO S.A;60239;3,00;7417,21;8974,82;WENG LIQIONG††††;;15,00 %;6;Nieves Alegre;65;Aydn Lavdna Gel MntFrs 15/700ml GP2;2472,40;3428;"";AUTOSERVICIO;AUTOSERVICIO;6561,00;CLAUDIO GARCIA;436,31;$;2;GRUPO AYUDIN ARGENTINA S.A;0,00000000;0,00;Contado;06-10-2026 08:59;;AYUDIN;CLOROX;;CLOROX;LAVANDINA;LAGO PUELO;LIMPIEZA;;;25;JOHANA VIGIL;AXUM;;CLOROX;False;132340;0;Lista General;AUTOSERVICIO - A;43560;02-10-2026;757-JUAN PABLO JUAREZ;CLOROX;1;0,00000000;2472,40
5460;"LUIS BRAILLE 1809";FLORENCIO VARELA;2026-10-05;05-10-2026;02-10-2026;FAC-A0001-00343339;Venta;LAGOPUELO S.A;60237;3,00;7417,21;8974,82;WENG LIQIONG††††;;15,00 %;6;Nieves Alegre;65;Aydn Lavdna Gel Flr 15/700ml GP2;2472,40;3428;"";AUTOSERVICIO;AUTOSERVICIO;6561,00;CLAUDIO GARCIA;436,31;$;2;GRUPO AYUDIN ARGENTINA S.A;0,00000000;0,00;Contado;06-10-2026 08:59;;AYUDIN;CLOROX;;CLOROX;LAVANDINA;LAGO PUELO;LIMPIEZA;;;25;JOHANA VIGIL;AXUM;;CLOROX;False;132340;0;Lista General;AUTOSERVICIO - A;43560;02-10-2026;757-JUAN PABLO JUAREZ;CLOROX;1;0,00000000;2472,40
5460;"LUIS BRAILLE 1809";FLORENCIO VARELA;2026-10-05;05-10-2026;02-10-2026;FAC-A0001-00343339;Venta;LAGOPUELO S.A;60233;3,00;7417,21;8974,82;WENG LIQIONG††††;;15,00 %;6;Nieves Alegre;65;Aydn Lavdna Gel Or 15/700ml GP2;2472,40;3428;"";AUTOSERVICIO;AUTOSERVICIO;6561,00;CLAUDIO GARCIA;436,31;$;2;GRUPO AYUDIN ARGENTINA S.A;0,00000000;0,00;Contado;06-10-2026 08:59;;AYUDIN;CLOROX;;CLOROX;LAVANDINA;LAGO PUELO;LIMPIEZA;;;25;JOHANA VIGIL;AXUM;;CLOROX;False;132340;0;Lista General;AUTOSERVICIO - A;43560;02-10-2026;757-JUAN PABLO JUAREZ;CLOROX;1;0,00000000;2472,40
1050;"AV. 7 1549";Berazategui;2026-10-05;05-10-2026;02-10-2026;FAC-A0001-00343347;Venta;LAGOPUELO S.A;17927;15,00;12735,00;15409,35;TEJERA RAMON REINALDO††††††;;20,00 %;4;Selene Pawlikowski;45;AYDN LAVDNA OR 15/1L;849,00;3428;"";AUTOSERVICIO;AUTOSERVICIO;12735,00;CLAUDIO GARCIA;212,25;$;2;GRUPO AYUDIN ARGENTINA S.A;0,00000000;0,00;Contado;06-10-2026 08:59;;AYUDIN;CLOROX;;CLOROX;LAVANDINA;LAGO PUELO;LIMPIEZA;;;25;JOHANA VIGIL;AXUM;;CLOROX;False;132447;0;Lista General;AUTOSERVICIO - A;43542;02-10-2026;757-JUAN PABLO JUAREZ;CLOROX;1;0,00000000;849,00
1050;"AV. 7 1549";Berazategui;2026-10-05;05-10-2026;02-10-2026;FAC-A0001-00343347;Venta;LAGOPUELO S.A;60222;15,00;17403,75;21058,54;TEJERA RAMON REINALDO††††††;;15,00 %;4;Selene Pawlikowski;45;Aydn Lavda TriPod 15/1l GP2;1160,25;3428;"";AUTOSERVICIO;AUTOSERVICIO;15750,00;CLAUDIO GARCIA;204,75;$;2;GRUPO AYUDIN ARGENTINA S.A;0,00000000;0,00;Contado;06-10-2026 08:59;;AYUDIN;CLOROX;;CLOROX;LAVANDINA;LAGO PUELO;LIMPIEZA;;;25;JOHANA VIGIL;AXUM;;CLOROX;False;132447;0;Lista General;AUTOSERVICIO - A;43542;02-10-2026;757-JUAN PABLO JUAREZ;CLOROX;1;0,00000000;1160,25
1027;"CALLE 4 1495";BERAZATEGUI;2026-10-05;05-10-2026;02-10-2026;FAC-A0001-00343349;Venta;LAGOPUELO S.A;34320;12,00;19690,08;23825,00;MACIEL AMARILLA BLANCA NIEVE;;0,00 %;5;Eliana Huber;55;Poett Desinf. Frescura de Lavanda 900ml;1640,84;3428;"";AUTOSERVICIO;AUTOSERVICIO;15504,00;CLAUDIO GARCIA;0,00;$;2;GRUPO AYUDIN ARGENTINA S.A;0,00000000;0,00;Contado;06-10-2026 08:59;;POETT;CLOROX;;CLOROX;PISO;LAGO PUELO;LIMPIEZA;;;25;JOHANA VIGIL;AXUM;;CLOROX;False;132455;0;Lista General;AUTOSERVICIO - A;43544;02-10-2026;757-JUAN PABLO JUAREZ;CLOROX;1;0,00000000;1640,84
1027;"CALLE 4 1495";BERAZATEGUI;2026-10-05;05-10-2026;02-10-2026;FAC-A0001-00343349;Venta;LAGOPUELO S.A;34336;12,00;19690,08;23825,00;MACIEL AMARILLA BLANCA NIEVE;;0,00 %;5;Eliana Huber;55;Poett Dsnf SuadAlg 12/900ml;1640,84;3428;"";AUTOSERVICIO;AUTOSERVICIO;15504,00;CLAUDIO GARCIA;0,00;$;2;GRUPO AYUDIN ARGENTINA S.A;0,00000000;0,00;Contado;06-10-2026 08:59;;POETT;CLOROX;;CLOROX;PISO;LAGO PUELO;LIMPIEZA;;;25;JOHANA VIGIL;AXUM;;CLOROX;False;132455;0;Lista General;AUTOSERVICIO - A;43544;02-10-2026;757-JUAN PABLO JUAREZ;CLOROX;1;0,00000000;1640,84
1027;"CALLE 4 1495";BERAZATEGUI;2026-10-05;05-10-2026;02-10-2026;FAC-A0001-00343349;Venta;LAGOPUELO S.A;34324;12,00;19690,08;23825,00;MACIEL AMARILLA BLANCA NIEVE;;0,00 %;5;Eliana Huber;55;Poett Desinf. Flores de Primavera 900ml;1640,84;3428;"";AUTOSERVICIO;AUTOSERVICIO;15504,00;CLAUDIO GARCIA;0,00;$;2;GRUPO AYUDIN ARGENTINA S.A;0,00000000;0,00;Contado;06-10-2026 08:59;;POETT;CLOROX;;CLOROX;PISO;LAGO PUELO;LIMPIEZA;;;25;JOHANA VIGIL;AXUM;;CLOROX;False;132455;0;Lista General;AUTOSERVICIO - A;43544;02-10-2026;757-JUAN PABLO JUAREZ;CLOROX;1;0,00000000;1640,84
6360;"CAMINO GRAL. BELGRANO 5517";Varela ;2026-10-05;05-10-2026;02-10-2026;FAC-A0001-00343350;Venta;LAGOPUELO S.A;33576;6,00;11387,46;13778,83;LIN CHENGYANG ;;0,00 %;6;Nieves Alegre;65;Aydn Ropa BlncSprms DoyPk 16/400ml;1897,91;3428;"";AUTOSERVICIO;AUTOSERVICIO;8562,00;CLAUDIO GARCIA;0,00;$;2;GRUPO AYUDIN ARGENTINA S.A;0,00000000;0,00;Contado;06-10-2026 08:59;;AYUDIN;CLOROX;;CLOROX;LAVADO DE ROPA;LAGO PUELO;LIMPIEZA;;;25;JOHANA VIGIL;AXUM;;CLOROX;False;132593;0;Lista General;AUTOSERVICIO - A;43554;02-10-2026;757-JUAN PABLO JUAREZ;CLOROX;1;0,00000000;1897,91
6360;"CAMINO GRAL. BELGRANO 5517";Varela ;2026-10-05;05-10-2026;02-10-2026;FAC-A0001-00343350;Venta;LAGOPUELO S.A;33577;6,00;18808,86;22758,72;LIN CHENGYANG ;;0,00 %;6;Nieves Alegre;65;Aydn Ropa ClrViv DoyPk 12/650ml;3134,81;3428;"";AUTOSERVICIO;AUTOSERVICIO;14142,00;CLAUDIO GARCIA;0,00;$;2;GRUPO AYUDIN ARGENTINA S.A;0,00000000;0,00;Contado;06-10-2026 08:59;;AYUDIN;CLOROX;;CLOROX;LAVADO DE ROPA;LAGO PUELO;LIMPIEZA;;;25;JOHANA VIGIL;AXUM;;CLOROX;False;132593;0;Lista General;AUTOSERVICIO - A;43554;02-10-2026;757-JUAN PABLO JUAREZ;CLOROX;1;0,00000000;3134,81
6360;"CAMINO GRAL. BELGRANO 5517";Varela ;2026-10-05;05-10-2026;02-10-2026;FAC-A0001-00343350;Venta;LAGOPUELO S.A;61046;15,00;23122,13;27977,77;LIN CHENGYANG ;;15,00 %;6;Nieves Alegre;65;Aydn RopQuitMnch BlncInt 15/1l;1541,48;3428;"";AUTOSERVICIO;AUTOSERVICIO;20925,00;CLAUDIO GARCIA;272,03;$;2;GRUPO AYUDIN ARGENTINA S.A;0,00000000;0,00;Contado;06-10-2026 08:59;;AYUDIN;CLOROX;;CLOROX;LAVADO DE ROPA;LAGO PUELO;LIMPIEZA;;;25;JOHANA VIGIL;AXUM;;CLOROX;False;132593;0;Lista General;AUTOSERVICIO - A;43554;02-10-2026;757-JUAN PABLO JUAREZ;CLOROX;1;0,00000000;1541,48
6360;"CAMINO GRAL. BELGRANO 5517";Varela ;2026-10-05;05-10-2026;02-10-2026;FAC-A0001-00343350;Venta;LAGOPUELO S.A;61047;8,00;24548,68;29703,90;LIN CHENGYANG ;;15,00 %;6;Nieves Alegre;65;Aydn RopQuitMnch BlncInt 8/2l;3068,59;3428;"";AUTOSERVICIO;AUTOSERVICIO;22216,00;CLAUDIO GARCIA;541,52;$;2;GRUPO AYUDIN ARGENTINA S.A;0,00000000;0,00;Contado;06-10-2026 08:59;;AYUDIN;CLOROX;;CLOROX;LAVADO DE ROPA;LAGO PUELO;LIMPIEZA;;;25;JOHANA VIGIL;AXUM;;CLOROX;False;132593;0;Lista General;AUTOSERVICIO - A;43554;02-10-2026;757-JUAN PABLO JUAREZ;CLOROX;1;0,00000000;3068,59
6360;"CAMINO GRAL. BELGRANO 5517";Varela ;2026-10-05;05-10-2026;02-10-2026;FAC-A0001-00343350;Venta;LAGOPUELO S.A;60222;15,00;17403,75;21058,54;LIN CHENGYANG ;;15,00 %;6;Nieves Alegre;65;Aydn Lavda TriPod 15/1l GP2;1160,25;3428;"";AUTOSERVICIO;AUTOSERVICIO;15750,00;CLAUDIO GARCIA;204,75;$;2;GRUPO AYUDIN ARGENTINA S.A;0,00000000;0,00;Contado;06-10-2026 08:59;;AYUDIN;CLOROX;;CLOROX;LAVANDINA;LAGO PUELO;LIMPIEZA;;;25;JOHANA VIGIL;AXUM;;CLOROX;False;132593;0;Lista General;AUTOSERVICIO - A;43554;02-10-2026;757-JUAN PABLO JUAREZ;CLOROX;1;0,00000000;1160,25
6360;"CAMINO GRAL. BELGRANO 5517";Varela ;2026-10-05;05-10-2026;02-10-2026;FAC-A0001-00343350;Venta;LAGOPUELO S.A;60231;15,00;24339,00;29450,19;LIN CHENGYANG ;;0,00 %;6;Nieves Alegre;65;Aydn A-Sp Trad 15/1l GP2;1622,60;3428;"";AUTOSERVICIO;AUTOSERVICIO;18300,00;CLAUDIO GARCIA;0,00;$;2;GRUPO AYUDIN ARGENTINA S.A;0,00000000;0,00;Contado;06-10-2026 08:59;;AYUDIN;CLOROX;;CLOROX;LAVANDINA;LAGO PUELO;LIMPIEZA;;;25;JOHANA VIGIL;AXUM;;CLOROX;False;132593;0;Lista General;AUTOSERVICIO - A;43554;02-10-2026;757-JUAN PABLO JUAREZ;CLOROX;1;0,00000000;1622,60
5014;"AV FCIO VARELA 2055";QUILMES;2026-10-05;05-10-2026;02-10-2026;FAC-A0001-00343353;Venta;LAGOPUELO S.A;18098;3,00;4560,30;5517,96;HUANG ZHAORUI;;0,00 %;5;Eliana Huber;55;Mort Esp DobCara 4/24c                  ;1520,10;3428;"";AUTOSERVICIO;AUTOSERVICIO;3378,00;CLAUDIO GARCIA;0,00;$;2;GRUPO AYUDIN ARGENTINA S.A;0,00000000;0,00;Contado;06-10-2026 08:59;;MORTIMER;CLOROX;;CLOROX;MORTIMER;LAGO PUELO;LIMPIEZA;;;25;JOHANA VIGIL;AXUM;;CLOROX;False;132639;0;Lista General;AUTOSERVICIO - A;43549;02-10-2026;757-JUAN PABLO JUAREZ;CLOROX;1;0,00000000;1520,10
22337;"CALLE 779 - (AUTOSERVICIOS) 138";BERAZATEGUI;2026-10-05;05-10-2026;30-09-2026;FAC-A0001-00343355;Venta;LAGOPUELO S.A;17927;15,00;12735,00;15409,35;Andurell Melany Belen;;20,00 %;4;Selene Pawlikowski;43;AYDN LAVDNA OR 15/1L;849,00;3430;"";AUTOSERVICIO;Autoservicio B;12735,00;LEONARDO SANTA CRUZ;212,25;$;2;GRUPO AYUDIN ARGENTINA S.A;0,00000000;0,00;Contado;06-10-2026 11:13;;AYUDIN;CLOROX;;CLOROX;LAVANDINA;LAGO PUELO;LIMPIEZA;;;25;JOHANA VIGIL;AXUM;;CLOROX;False;131036;0;Lista General;Autoservicio B - A;43434;02-10-2026;759-GABRIEL PEREZ;CLOROX;1;0,00000000;849,00
22337;"CALLE 779 - (AUTOSERVICIOS) 138";BERAZATEGUI;2026-10-05;05-10-2026;30-09-2026;FAC-A0001-00343355;Venta;LAGOPUELO S.A;60222;15,00;17403,75;21058,54;Andurell Melany Belen;;15,00 %;4;Selene Pawlikowski;43;Aydn Lavda TriPod 15/1l GP2;1160,25;3430;"";AUTOSERVICIO;Autoservicio B;15750,00;LEONARDO SANTA CRUZ;204,75;$;2;GRUPO AYUDIN ARGENTINA S.A;0,00000000;0,00;Contado;06-10-2026 11:13;;AYUDIN;CLOROX;;CLOROX;LAVANDINA;LAGO PUELO;LIMPIEZA;;;25;JOHANA VIGIL;AXUM;;CLOROX;False;131036;0;Lista General;Autoservicio B - A;43434;02-10-2026;759-GABRIEL PEREZ;CLOROX;1;0,00000000;1160,25
1183;"Calle 131 A 1833";BERAZATEGUI;2026-10-05;05-10-2026;30-09-2026;FAC-A0001-00343356;Venta;LAGOPUELO S.A;17927;15,00;12735,00;15409,35;MARCIANESI MARIA LAURA†††††;;20,00 %;4;Selene Pawlikowski;43;AYDN LAVDNA OR 15/1L;849,00;3430;"";ALMACEN;ALMACEN;12735,00;LEONARDO SANTA CRUZ;212,25;$;2;GRUPO AYUDIN ARGENTINA S.A;0,00000000;0,00;Contado;06-10-2026 11:13;;AYUDIN;CLOROX;;CLOROX;LAVANDINA;LAGO PUELO;LIMPIEZA;;;25;JOHANA VIGIL;AXUM;;CLOROX;False;131087;0;Lista General;ALMACEN - A;43435;02-10-2026;759-GABRIEL PEREZ;CLOROX;1;0,00000000;849,00
1183;"Calle 131 A 1833";BERAZATEGUI;2026-10-05;05-10-2026;30-09-2026;FAC-A0001-00343356;Venta;LAGOPUELO S.A;36003;8,00;13912,00;16833,52;MARCIANESI MARIA LAURA†††††;;20,00 %;4;Selene Pawlikowski;43;AYDN LAVDNA OR 25g/l 8/2l;1739,00;3430;"";ALMACEN;ALMACEN;13912,00;LEONARDO SANTA CRUZ;434,75;$;2;GRUPO AYUDIN ARGENTINA S.A;0,00000000;0,00;Contado;06-10-2026 11:13;;AYUDIN;CLOROX;;CLOROX;LAVANDINA;LAGO PUELO;LIMPIEZA;;;25;JOHANA VIGIL;AXUM;;CLOROX;False;131087;0;Lista General;ALMACEN - A;43435;02-10-2026;759-GABRIEL PEREZ;CLOROX;1;0,00000000;1739,00
3010;"MARMOL 216";Quilmes;2026-10-05;05-10-2026;02-10-2026;FAC-A0001-00343360;Venta;LAGOPUELO S.A;33577;6,00;18808,86;22758,72;C.R.C.M S.R.L;;0,00 %;054;Leonel Caruso;0545;Aydn Ropa ClrViv DoyPk 12/650ml;3134,81;3430;"";AUTOSERVICIO;AUTOSERVICIO;14142,00;LEONARDO SANTA CRUZ;0,00;$;2;GRUPO AYUDIN ARGENTINA S.A;0,00000000;0,00;Contado;06-10-2026 11:13;;AYUDIN;CLOROX;;CLOROX;LAVADO DE ROPA;LAGO PUELO;LIMPIEZA;;;300;Bruno Centurion;AXUM;;CLOROX;False;132250;0;Lista General;AUTOSERVICIO - A;43444;02-10-2026;759-GABRIEL PEREZ;CLOROX;1;0,00000000;3134,81
3161;"AVDA CENTENARIO 4463";Quilmes;2026-10-05;05-10-2026;02-10-2026;FAC-A0001-00343361;Venta;LAGOPUELO S.A;32288;16,00;29432,00;35612,72;SANCHEZ JIMENES MARIA EUGENIA;;0,00 %;053;Verona Abati;0535;Tren Oxi DoyPk 16/400ml                 ;1839,50;3430;"";AUTOSERVICIO;AUTOSERVICIO;22640,00;LEONARDO SANTA CRUZ;0,00;$;2;GRUPO AYUDIN ARGENTINA S.A;0,00000000;0,00;Contado;06-10-2026 11:13;;TRENET;CLOROX;;CLOROX;LAVADO DE ROPA;LAGO PUELO;LIMPIEZA;;;300;Bruno Centurion;AXUM;;CLOROX;False;132351;0;Lista General;AUTOSERVICIO - A;43449;02-10-2026;759-GABRIEL PEREZ;CLOROX;1;0,00000000;1839,50
3161;"AVDA CENTENARIO 4463";Quilmes;2026-10-05;05-10-2026;02-10-2026;FAC-A0001-00343361;Venta;LAGOPUELO S.A;50001;6,00;11712,60;14172,25;SANCHEZ JIMENES MARIA EUGENIA;;0,00 %;053;Verona Abati;0535;Trenet Power Pr QuitManchas 24/120gr;1952,10;3430;"";AUTOSERVICIO;AUTOSERVICIO;8676,00;LEONARDO SANTA CRUZ;0,00;$;2;GRUPO AYUDIN ARGENTINA S.A;0,00000000;0,00;Contado;06-10-2026 11:13;;TRENET;CLOROX;;CLOROX;LAVADO DE ROPA;LAGO PUELO;LIMPIEZA;;;300;Bruno Centurion;AXUM;;CLOROX;False;132351;0;Lista General;AUTOSERVICIO - A;43449;02-10-2026;759-GABRIEL PEREZ;CLOROX;1;0,00000000;1952,10
3161;"AVDA CENTENARIO 4463";Quilmes;2026-10-05;05-10-2026;02-10-2026;FAC-A0001-00343361;Venta;LAGOPUELO S.A;33576;16,00;30366,56;36743,54;SANCHEZ JIMENES MARIA EUGENIA;;0,00 %;053;Verona Abati;0535;Aydn Ropa BlncSprms DoyPk 16/400ml;1897,91;3430;"";AUTOSERVICIO;AUTOSERVICIO;22832,00;LEONARDO SANTA CRUZ;0,00;$;2;GRUPO AYUDIN ARGENTINA S.A;0,00000000;0,00;Contado;06-10-2026 11:13;;AYUDIN;CLOROX;;CLOROX;LAVADO DE ROPA;LAGO PUELO;LIMPIEZA;;;300;Bruno Centurion;AXUM;;CLOROX;False;132351;0;Lista General;AUTOSERVICIO - A;43449;02-10-2026;759-GABRIEL PEREZ;CLOROX;1;0,00000000;1897,91
22385;"CHILE - 242";EZPELETA ESTE;2026-10-05;05-10-2026;02-10-2026;FAC-A0001-00343365;Venta;LAGOPUELO S.A;61816;6,00;17091,36;20680,55;MARIA JOSE ZANOTTI Y TESON;;20,00 %;053;Verona Abati;0535;Sltn MataMosq Aer AccInst 6/360ml BA;2848,56;3430;"";Farmacias y PerfumerÌas;Perfumeria;16434,00;LEONARDO SANTA CRUZ;712,14;$;2;GRUPO AYUDIN ARGENTINA S.A;0,00000000;0,00;Contado;06-10-2026 11:13;;SELTON;CLOROX;;CLOROX;SELTON;LAGO PUELO;LIMPIEZA;;;300;Bruno Centurion;AXUM;;CLOROX;False;132541;0;Lista General;Perfumeria - A;43451;02-10-2026;759-GABRIEL PEREZ;CLOROX;1;0,00000000;2848,56
22385;"CHILE - 242";EZPELETA ESTE;2026-10-05;05-10-2026;02-10-2026;FAC-A0001-00343365;Venta;LAGOPUELO S.A;50060;16,00;25670,52;31061,33;MARIA JOSE ZANOTTI Y TESON;;5,00 %;053;Verona Abati;0535;Selton espirales violeta 48x12u;1604,41;3430;"";Farmacias y PerfumerÌas;Perfumeria;20016,00;LEONARDO SANTA CRUZ;84,44;$;2;GRUPO AYUDIN ARGENTINA S.A;0,00000000;0,00;Contado;06-10-2026 11:13;;SELTON;CLOROX;;CLOROX;SELTON;LAGO PUELO;LIMPIEZA;;;300;Bruno Centurion;AXUM;;CLOROX;False;132541;0;Lista General;Perfumeria - A;43451;02-10-2026;759-GABRIEL PEREZ;CLOROX;1;0,00000000;1604,41
22385;"CHILE - 242";EZPELETA ESTE;2026-10-05;05-10-2026;02-10-2026;FAC-A0001-00343365;Venta;LAGOPUELO S.A;36012;12,00;19252,89;23296,00;MARIA JOSE ZANOTTI Y TESON;;5,00 %;053;Verona Abati;0535;Selton espirales 48x 12u;1604,41;3430;"";Farmacias y PerfumerÌas;Perfumeria;15012,00;LEONARDO SANTA CRUZ;84,44;$;2;GRUPO AYUDIN ARGENTINA S.A;0,00000000;0,00;Contado;06-10-2026 11:13;;SELTON;CLOROX;;CLOROX;SELTON;LAGO PUELO;LIMPIEZA;;;300;Bruno Centurion;AXUM;;CLOROX;False;132541;0;Lista General;Perfumeria - A;43451;02-10-2026;759-GABRIEL PEREZ;CLOROX;1;0,00000000;1604,41
22385;"CHILE - 242";EZPELETA ESTE;2026-10-05;05-10-2026;02-10-2026;FAC-A0001-00343365;Venta;LAGOPUELO S.A;24648;12,00;16598,40;20084,06;MARIA JOSE ZANOTTI Y TESON;;0,00 %;053;Verona Abati;0535;Poett PastDesod Lavda 12/25g GP2;1383,20;3430;"";Farmacias y PerfumerÌas;Perfumeria;12768,00;LEONARDO SANTA CRUZ;0,00;$;2;GRUPO AYUDIN ARGENTINA S.A;0,00000000;0,00;Contado;06-10-2026 11:13;;POETT;CLOROX;;CLOROX;BAÒO;LAGO PUELO;LIMPIEZA;;;300;Bruno Centurion;AXUM;;CLOROX;False;132541;0;Lista General;Perfumeria - A;43451;02-10-2026;759-GABRIEL PEREZ;CLOROX;1;0,00000000;1383,20
3144;"EMILIO ZOLA 1653";QUILMES;2026-10-05;05-10-2026;02-10-2026;FAC-A0001-00343367;Venta;LAGOPUELO S.A;61577;6,00;8907,60;10778,20;Wang Lixiang;;0,00 %;054;Leonel Caruso;0545;Aydn Coc† Pod Act Or† DoyPk 16/450ml;1484,60;3430;"";AUTOSERVICIO;AUTOSERVICIO;6852,00;LEONARDO SANTA CRUZ;0,00;$;2;GRUPO AYUDIN ARGENTINA S.A;0,00000000;0,00;Contado;06-10-2026 11:13;;AYUDIN;CLOROX;;CLOROX;COCINA;LAGO PUELO;LIMPIEZA;;;300;Bruno Centurion;AXUM;;CLOROX;False;132543;0;Lista General;AUTOSERVICIO - A;43453;02-10-2026;759-GABRIEL PEREZ;CLOROX;1;0,00000000;1484,60
24055;"EMILIO ZOLA 1571";QUILMES;2026-10-05;05-10-2026;02-10-2026;FAC-A0001-00343368;Venta;LAGOPUELO S.A;17927;15,00;15918,75;19261,69;VANINA COCRE;;0,00 %;054;Leonel Caruso;0545;AYDN LAVDNA OR 15/1L;1061,25;3430;"";ALMACEN;ALMACEN;12735,00;LEONARDO SANTA CRUZ;0,00;$;2;GRUPO AYUDIN ARGENTINA S.A;0,00000000;0,00;Contado;06-10-2026 11:13;;AYUDIN;CLOROX;;CLOROX;LAVANDINA;LAGO PUELO;LIMPIEZA;;;300;Bruno Centurion;AXUM;;CLOROX;False;132568;0;Lista General;ALMACEN - A;43454;02-10-2026;759-GABRIEL PEREZ;CLOROX;1;0,00000000;1061,25
28093;"AV HIPOLITO YRIGOYEN 19231";LONGCHAMPS;2026-10-05;05-10-2026;02-10-2026;FAC-A0001-00343377;Venta;LAGOPUELO S.A;17927;750,00;557156,25;674159,06;MI CABA—A;;30,00 %;062;Nahuel Martinez;0622;AYDN LAVDNA OR 15/1L;742,88;3433;"";MAYORISTA;MAYORISTA;636750,00;WALTER JANIUK;318,38;$;2;GRUPO AYUDIN ARGENTINA S.A;0,00000000;0,00;7 dÌas fecha de factura;06-10-2026 08:52;;AYUDIN;CLOROX;;CLOROX;LAVANDINA;LAGO PUELO;LIMPIEZA;;;300;Bruno Centurion;AXUM;;CLOROX;False;132192;0;Lista General;MAYORISTA - A;43193;02-10-2026;759-GABRIEL PEREZ;CLOROX;1;0,00000000;742,88
28093;"AV HIPOLITO YRIGOYEN 19231";LONGCHAMPS;2026-10-05;05-10-2026;02-10-2026;FAC-A0001-00343377;Venta;LAGOPUELO S.A;36003;400,00;608650,00;736466,50;MI CABA—A;;30,00 %;062;Nahuel Martinez;0622;AYDN LAVDNA OR 25g/l 8/2l;1521,63;3433;"";MAYORISTA;MAYORISTA;695600,00;WALTER JANIUK;652,13;$;2;GRUPO AYUDIN ARGENTINA S.A;0,00000000;0,00;7 dÌas fecha de factura;06-10-2026 08:52;;AYUDIN;CLOROX;;CLOROX;LAVANDINA;LAGO PUELO;LIMPIEZA;;;300;Bruno Centurion;AXUM;;CLOROX;False;132192;0;Lista General;MAYORISTA - A;43193;02-10-2026;759-GABRIEL PEREZ;CLOROX;1;0,00000000;1521,63
23288;"Dr. Jos√© Alberto Kellertas - (AUTOSERVICIOS) 347";LONGCHAMPS;2026-10-05;05-10-2026;02-10-2026;FAC-A0001-00343379;Venta;LAGOPUELO S.A;61620;4,00;13390,00;16201,90;CHEN JUAN;;0,00 %;062;Nahuel Martinez;0625;Aydn Bn Limp† Act Or Gat 12/500 ml;3347,50;3433;"";Otros;SIN SUB;10300,00;WALTER JANIUK;0,00;$;2;GRUPO AYUDIN ARGENTINA S.A;0,00000000;0,00;Contado;06-10-2026 08:52;;AYUDIN;CLOROX;;CLOROX;BAÒO;LAGO PUELO;LIMPIEZA;;;300;Bruno Centurion;AXUM;;CLOROX;False;132209;0;Lista General;SIN SUB - A;43196;02-10-2026;759-GABRIEL PEREZ;CLOROX;1;0,00000000;3347,50
878;"san martin 1266";Longchamps;2026-10-05;05-10-2026;02-10-2026;FAC-A0001-00343389;Venta;LAGOPUELO S.A;60233;5,00;12362,02;14958,04;Chen Dami;;15,00 %;062;Nahuel Martinez;0625;Aydn Lavdna Gel Or 15/700ml GP2;2472,40;3433;"";AUTOSERVICIO;AUTOSERVICIO;10935,00;WALTER JANIUK;436,31;$;2;GRUPO AYUDIN ARGENTINA S.A;0,00000000;0,00;Contado;06-10-2026 08:52;;AYUDIN;CLOROX;;CLOROX;LAVANDINA;LAGO PUELO;LIMPIEZA;;;300;Bruno Centurion;AXUM;;CLOROX;False;132486;0;Lista General;AUTOSERVICIO - A;43213;02-10-2026;759-GABRIEL PEREZ;CLOROX;1;0,00000000;2472,40
878;"san martin 1266";Longchamps;2026-10-05;05-10-2026;02-10-2026;FAC-A0001-00343389;Venta;LAGOPUELO S.A;60234;5,00;12362,02;14958,04;Chen Dami;;15,00 %;062;Nahuel Martinez;0625;Aydn Lavdna Gel Ctra 15/700ml GP2;2472,40;3433;"";AUTOSERVICIO;AUTOSERVICIO;10935,00;WALTER JANIUK;436,31;$;2;GRUPO AYUDIN ARGENTINA S.A;0,00000000;0,00;Contado;06-10-2026 08:52;;AYUDIN;CLOROX;;CLOROX;LAVANDINA;LAGO PUELO;LIMPIEZA;;;300;Bruno Centurion;AXUM;;CLOROX;False;132486;0;Lista General;AUTOSERVICIO - A;43213;02-10-2026;759-GABRIEL PEREZ;CLOROX;1;0,00000000;2472,40
878;"san martin 1266";Longchamps;2026-10-05;05-10-2026;02-10-2026;FAC-A0001-00343389;Venta;LAGOPUELO S.A;60237;5,00;12362,02;14958,04;Chen Dami;;15,00 %;062;Nahuel Martinez;0625;Aydn Lavdna Gel Flr 15/700ml GP2;2472,40;3433;"";AUTOSERVICIO;AUTOSERVICIO;10935,00;WALTER JANIUK;436,31;$;2;GRUPO AYUDIN ARGENTINA S.A;0,00000000;0,00;Contado;06-10-2026 08:52;;AYUDIN;CLOROX;;CLOROX;LAVANDINA;LAGO PUELO;LIMPIEZA;;;300;Bruno Centurion;AXUM;;CLOROX;False;132486;0;Lista General;AUTOSERVICIO - A;43213;02-10-2026;759-GABRIEL PEREZ;CLOROX;1;0,00000000;2472,40
878;"san martin 1266";Longchamps;2026-10-05;05-10-2026;02-10-2026;FAC-A0001-00343389;Venta;LAGOPUELO S.A;60239;5,00;12362,02;14958,04;Chen Dami;;15,00 %;062;Nahuel Martinez;0625;Aydn Lavdna Gel MntFrs 15/700ml GP2;2472,40;3433;"";AUTOSERVICIO;AUTOSERVICIO;10935,00;WALTER JANIUK;436,31;$;2;GRUPO AYUDIN ARGENTINA S.A;0,00000000;0,00;Contado;06-10-2026 08:52;;AYUDIN;CLOROX;;CLOROX;LAVANDINA;LAGO PUELO;LIMPIEZA;;;300;Bruno Centurion;AXUM;;CLOROX;False;132486;0;Lista General;AUTOSERVICIO - A;43213;02-10-2026;759-GABRIEL PEREZ;CLOROX;1;0,00000000;2472,40
878;"san martin 1266";Longchamps;2026-10-05;05-10-2026;02-10-2026;FAC-A0001-00343389;Venta;LAGOPUELO S.A;60240;5,00;12362,02;14958,04;Chen Dami;;15,00 %;062;Nahuel Martinez;0625;Aydn Lavdna Gel Lavda EXPRT 15/700ml GP2;2472,40;3433;"";AUTOSERVICIO;AUTOSERVICIO;10935,00;WALTER JANIUK;436,31;$;2;GRUPO AYUDIN ARGENTINA S.A;0,00000000;0,00;Contado;06-10-2026 08:52;;AYUDIN;CLOROX;;CLOROX;LAVANDINA;LAGO PUELO;LIMPIEZA;;;300;Bruno Centurion;AXUM;;CLOROX;False;132486;0;Lista General;AUTOSERVICIO - A;43213;02-10-2026;759-GABRIEL PEREZ;CLOROX;1;0,00000000;2472,40
878;"san martin 1266";Longchamps;2026-10-05;05-10-2026;02-10-2026;FAC-A0001-00343389;Venta;LAGOPUELO S.A;60222;15,00;17403,75;21058,54;Chen Dami;;15,00 %;062;Nahuel Martinez;0625;Aydn Lavda TriPod 15/1l GP2;1160,25;3433;"";AUTOSERVICIO;AUTOSERVICIO;15750,00;WALTER JANIUK;204,75;$;2;GRUPO AYUDIN ARGENTINA S.A;0,00000000;0,00;Contado;06-10-2026 08:52;;AYUDIN;CLOROX;;CLOROX;LAVANDINA;LAGO PUELO;LIMPIEZA;;;300;Bruno Centurion;AXUM;;CLOROX;False;132486;0;Lista General;AUTOSERVICIO - A;43213;02-10-2026;759-GABRIEL PEREZ;CLOROX;1;0,00000000;1160,25
878;"san martin 1266";Longchamps;2026-10-05;05-10-2026;02-10-2026;FAC-A0001-00343389;Venta;LAGOPUELO S.A;61620;5,00;16737,50;20252,38;Chen Dami;;0,00 %;062;Nahuel Martinez;0625;Aydn Bn Limp† Act Or Gat 12/500 ml;3347,50;3433;"";AUTOSERVICIO;AUTOSERVICIO;12875,00;WALTER JANIUK;0,00;$;2;GRUPO AYUDIN ARGENTINA S.A;0,00000000;0,00;Contado;06-10-2026 08:52;;AYUDIN;CLOROX;;CLOROX;BAÒO;LAGO PUELO;LIMPIEZA;;;300;Bruno Centurion;AXUM;;CLOROX;False;132486;0;Lista General;AUTOSERVICIO - A;43213;02-10-2026;759-GABRIEL PEREZ;CLOROX;1;0,00000000;3347,50
23279;"Provincia de Buenos Aires - (AUTOSERVICIOS) 1160";LONGCHAMPS;2026-10-05;05-10-2026;02-10-2026;FAC-A0001-00343390;Venta;LAGOPUELO S.A;36003;16,00;27824,00;33667,04;YAN XIAPING;;20,00 %;062;Nahuel Martinez;0625;AYDN LAVDNA OR 25g/l 8/2l;1739,00;3433;"Venta modificada el 2026-10-02 17:01:44";AUTOSERVICIO;Autoservicio A;27824,00;WALTER JANIUK;434,75;$;2;GRUPO AYUDIN ARGENTINA S.A;0,00000000;0,00;Contado;06-10-2026 08:52;;AYUDIN;CLOROX;;CLOROX;LAVANDINA;LAGO PUELO;LIMPIEZA;;;300;Bruno Centurion;AXUM;;CLOROX;False;132502;0;Lista General;Autoservicio A - A;43214;02-10-2026;759-GABRIEL PEREZ;CLOROX;1;0,00000000;1739,00
23279;"Provincia de Buenos Aires - (AUTOSERVICIOS) 1160";LONGCHAMPS;2026-10-05;05-10-2026;02-10-2026;FAC-A0001-00343390;Venta;LAGOPUELO S.A;34320;12,00;15161,36;18345,25;YAN XIAPING;;23,00 %;062;Nahuel Martinez;0625;Poett Desinf. Frescura de Lavanda 900ml;1263,45;3433;"Venta modificada el 2026-10-02 17:01:44";AUTOSERVICIO;Autoservicio A;15504,00;WALTER JANIUK;377,39;$;2;GRUPO AYUDIN ARGENTINA S.A;0,00000000;0,00;Contado;06-10-2026 08:52;;POETT;CLOROX;;CLOROX;PISO;LAGO PUELO;LIMPIEZA;;;300;Bruno Centurion;AXUM;;CLOROX;False;132502;0;Lista General;Autoservicio A - A;43214;02-10-2026;759-GABRIEL PEREZ;CLOROX;1;0,00000000;1263,45
23279;"Provincia de Buenos Aires - (AUTOSERVICIOS) 1160";LONGCHAMPS;2026-10-05;05-10-2026;02-10-2026;FAC-A0001-00343390;Venta;LAGOPUELO S.A;34324;12,00;15161,36;18345,25;YAN XIAPING;;23,00 %;062;Nahuel Martinez;0625;Poett Desinf. Flores de Primavera 900ml;1263,45;3433;"Venta modificada el 2026-10-02 17:01:44";AUTOSERVICIO;Autoservicio A;15504,00;WALTER JANIUK;377,39;$;2;GRUPO AYUDIN ARGENTINA S.A;0,00000000;0,00;Contado;06-10-2026 08:52;;POETT;CLOROX;;CLOROX;PISO;LAGO PUELO;LIMPIEZA;;;300;Bruno Centurion;AXUM;;CLOROX;False;132502;0;Lista General;Autoservicio A - A;43214;02-10-2026;759-GABRIEL PEREZ;CLOROX;1;0,00000000;1263,45
23279;"Provincia de Buenos Aires - (AUTOSERVICIOS) 1160";LONGCHAMPS;2026-10-05;05-10-2026;02-10-2026;FAC-A0001-00343390;Venta;LAGOPUELO S.A;34334;12,00;15161,36;18345,25;YAN XIAPING;;23,00 %;062;Nahuel Martinez;0625;Poett Dsnf SuadBebe 12/900ml;1263,45;3433;"Venta modificada el 2026-10-02 17:01:44";AUTOSERVICIO;Autoservicio A;15504,00;WALTER JANIUK;377,39;$;2;GRUPO AYUDIN ARGENTINA S.A;0,00000000;0,00;Contado;06-10-2026 08:52;;POETT;CLOROX;;CLOROX;PISO;LAGO PUELO;LIMPIEZA;;;300;Bruno Centurion;AXUM;;CLOROX;False;132502;0;Lista General;Autoservicio A - A;43214;02-10-2026;759-GABRIEL PEREZ;CLOROX;1;0,00000000;1263,45
23279;"Provincia de Buenos Aires - (AUTOSERVICIOS) 1160";LONGCHAMPS;2026-10-05;05-10-2026;02-10-2026;FAC-A0001-00343390;Venta;LAGOPUELO S.A;60386;12,00;15161,36;18345,25;YAN XIAPING;;23,00 %;062;Nahuel Martinez;0625;Poett EsptPly 12/900ml;1263,45;3433;"Venta modificada el 2026-10-02 17:01:44";AUTOSERVICIO;Autoservicio A;15504,00;WALTER JANIUK;377,39;$;2;GRUPO AYUDIN ARGENTINA S.A;0,00000000;0,00;Contado;06-10-2026 08:52;;POETT;CLOROX;;CLOROX;PISO;LAGO PUELO;LIMPIEZA;;;300;Bruno Centurion;AXUM;;CLOROX;False;132502;0;Lista General;Autoservicio A - A;43214;02-10-2026;759-GABRIEL PEREZ;CLOROX;1;0,00000000;1263,45
23279;"Provincia de Buenos Aires - (AUTOSERVICIOS) 1160";LONGCHAMPS;2026-10-05;05-10-2026;02-10-2026;FAC-A0001-00343390;Venta;LAGOPUELO S.A;34336;12,00;15161,36;18345,25;YAN XIAPING;;23,00 %;062;Nahuel Martinez;0625;Poett Dsnf SuadAlg 12/900ml;1263,45;3433;"Venta modificada el 2026-10-02 17:01:44";AUTOSERVICIO;Autoservicio A;15504,00;WALTER JANIUK;377,39;$;2;GRUPO AYUDIN ARGENTINA S.A;0,00000000;0,00;Contado;06-10-2026 08:52;;POETT;CLOROX;;CLOROX;PISO;LAGO PUELO;LIMPIEZA;;;300;Bruno Centurion;AXUM;;CLOROX;False;132502;0;Lista General;Autoservicio A - A;43214;02-10-2026;759-GABRIEL PEREZ;CLOROX;1;0,00000000;1263,45
23292;"Av. Pres. Hipolito Yrigoyen - (AUTOSERVICIOS) 17365";LONGCHAMPS;2026-10-05;05-10-2026;02-10-2026;FAC-A0001-00343393;Venta;LAGOPUELO S.A;34342;12,00;15752,06;19060,00;HUANG EVELYN;;20,00 %;062;Nahuel Martinez;0625;Poett Dsnf AlgrDia 12/900ml;1312,67;3433;"";AUTOSERVICIO;Autoservicio A;15504,00;WALTER JANIUK;328,17;$;2;GRUPO AYUDIN ARGENTINA S.A;0,00000000;0,00;Contado;06-10-2026 08:52;;POETT;CLOROX;;CLOROX;PISO;LAGO PUELO;LIMPIEZA;;;300;Bruno Centurion;AXUM;;CLOROX;False;132569;0;Lista General;Autoservicio A - A;43217;02-10-2026;759-GABRIEL PEREZ;CLOROX;1;0,00000000;1312,67
23292;"Av. Pres. Hipolito Yrigoyen - (AUTOSERVICIOS) 17365";LONGCHAMPS;2026-10-05;05-10-2026;02-10-2026;FAC-A0001-00343393;Venta;LAGOPUELO S.A;21313;3,00;6563,70;7942,08;HUANG EVELYN;;0,00 %;062;Nahuel Martinez;0625;Tren Bol 72/120ml                       ;2187,90;3433;"";AUTOSERVICIO;Autoservicio A;5049,00;WALTER JANIUK;0,00;$;2;GRUPO AYUDIN ARGENTINA S.A;0,00000000;0,00;Contado;06-10-2026 08:52;;TRENET;CLOROX;;CLOROX;LAVADO DE ROPA;LAGO PUELO;LIMPIEZA;;;300;Bruno Centurion;AXUM;;CLOROX;False;132569;0;Lista General;Autoservicio A - A;43217;02-10-2026;759-GABRIEL PEREZ;CLOROX;1;0,00000000;2187,90
23292;"Av. Pres. Hipolito Yrigoyen - (AUTOSERVICIOS) 17365";LONGCHAMPS;2026-10-05;05-10-2026;02-10-2026;FAC-A0001-00343393;Venta;LAGOPUELO S.A;32288;3,00;5518,50;6677,39;HUANG EVELYN;;0,00 %;062;Nahuel Martinez;0625;Tren Oxi DoyPk 16/400ml                 ;1839,50;3433;"";AUTOSERVICIO;Autoservicio A;4245,00;WALTER JANIUK;0,00;$;2;GRUPO AYUDIN ARGENTINA S.A;0,00000000;0,00;Contado;06-10-2026 08:52;;TRENET;CLOROX;;CLOROX;LAVADO DE ROPA;LAGO PUELO;LIMPIEZA;;;300;Bruno Centurion;AXUM;;CLOROX;False;132569;0;Lista General;Autoservicio A - A;43217;02-10-2026;759-GABRIEL PEREZ;CLOROX;1;0,00000000;1839,50
23292;"Av. Pres. Hipolito Yrigoyen - (AUTOSERVICIOS) 17365";LONGCHAMPS;2026-10-05;05-10-2026;02-10-2026;FAC-A0001-00343393;Venta;LAGOPUELO S.A;61620;3,00;10042,50;12151,43;HUANG EVELYN;;0,00 %;062;Nahuel Martinez;0625;Aydn Bn Limp† Act Or Gat 12/500 ml;3347,50;3433;"";AUTOSERVICIO;Autoservicio A;7725,00;WALTER JANIUK;0,00;$;2;GRUPO AYUDIN ARGENTINA S.A;0,00000000;0,00;Contado;06-10-2026 08:52;;AYUDIN;CLOROX;;CLOROX;BAÒO;LAGO PUELO;LIMPIEZA;;;300;Bruno Centurion;AXUM;;CLOROX;False;132569;0;Lista General;Autoservicio A - A;43217;02-10-2026;759-GABRIEL PEREZ;CLOROX;1;0,00000000;3347,50
23292;"Av. Pres. Hipolito Yrigoyen - (AUTOSERVICIOS) 17365";LONGCHAMPS;2026-10-05;05-10-2026;02-10-2026;FAC-A0001-00343393;Venta;LAGOPUELO S.A;36003;16,00;27824,00;33667,04;HUANG EVELYN;;20,00 %;062;Nahuel Martinez;0625;AYDN LAVDNA OR 25g/l 8/2l;1739,00;3433;"";AUTOSERVICIO;Autoservicio A;27824,00;WALTER JANIUK;434,75;$;2;GRUPO AYUDIN ARGENTINA S.A;0,00000000;0,00;Contado;06-10-2026 08:52;;AYUDIN;CLOROX;;CLOROX;LAVANDINA;LAGO PUELO;LIMPIEZA;;;300;Bruno Centurion;AXUM;;CLOROX;False;132569;0;Lista General;Autoservicio A - A;43217;02-10-2026;759-GABRIEL PEREZ;CLOROX;1;0,00000000;1739,00
23292;"Av. Pres. Hipolito Yrigoyen - (AUTOSERVICIOS) 17365";LONGCHAMPS;2026-10-05;05-10-2026;02-10-2026;FAC-A0001-00343393;Venta;LAGOPUELO S.A;60223;8,00;18493,28;22376,87;HUANG EVELYN;;15,00 %;062;Nahuel Martinez;0625;Aydn Lavda TriPod 8/2l GP2;2311,66;3433;"";AUTOSERVICIO;Autoservicio A;16736,00;WALTER JANIUK;407,94;$;2;GRUPO AYUDIN ARGENTINA S.A;0,00000000;0,00;Contado;06-10-2026 08:52;;AYUDIN;CLOROX;;CLOROX;LAVANDINA;LAGO PUELO;LIMPIEZA;;;300;Bruno Centurion;AXUM;;CLOROX;False;132569;0;Lista General;Autoservicio A - A;43217;02-10-2026;759-GABRIEL PEREZ;CLOROX;1;0,00000000;2311,66
23292;"Av. Pres. Hipolito Yrigoyen - (AUTOSERVICIOS) 17365";LONGCHAMPS;2026-10-05;05-10-2026;02-10-2026;FAC-A0001-00343393;Venta;LAGOPUELO S.A;17927;30,00;25470,00;30818,70;HUANG EVELYN;;20,00 %;062;Nahuel Martinez;0625;AYDN LAVDNA OR 15/1L;849,00;3433;"";AUTOSERVICIO;Autoservicio A;25470,00;WALTER JANIUK;212,25;$;2;GRUPO AYUDIN ARGENTINA S.A;0,00000000;0,00;Contado;06-10-2026 08:52;;AYUDIN;CLOROX;;CLOROX;LAVANDINA;LAGO PUELO;LIMPIEZA;;;300;Bruno Centurion;AXUM;;CLOROX;False;132569;0;Lista General;Autoservicio A - A;43217;02-10-2026;759-GABRIEL PEREZ;CLOROX;1;0,00000000;849,00
23947;"ZUVIRIA - 727";MONTE GRANDE;2026-10-05;05-10-2026;01-10-2026;FAC-B0001-00018659;Venta;LAGOPUELO S.A;17927;15,00;12735,00;15409,35;ZUNILDA CASCO RAMIREZ;;20,00 %;064;Karina Fernandez;0644;AYDN LAVDNA OR 15/1L;849,00;3429;"";ALMACEN;ALMACEN;12735,00;SIMON OLIVERA;212,25;$;2;GRUPO AYUDIN ARGENTINA S.A;0,00000000;0,00;Contado;06-10-2026 15:41;;AYUDIN;CLOROX;;CLOROX;LAVANDINA;LAGO PUELO;LIMPIEZA;;;300;Bruno Centurion;AXUM;;CLOROX;False;131828;0;Lista General;ALMACEN - A;43245;02-10-2026;509-LUCAS GODOY;CLOROX;1;0,00000000;849,00
3985;"JOAQUIN V GONZALEZ 998";MONTE GRANDE;2026-10-05;05-10-2026;01-10-2026;FAC-B0001-00018663;Venta;LAGOPUELO S.A;33929;6,00;22704,30;27472,20;Lee pei hua;;0,00 %;064;Karina Fernandez;0644;Poett Frgnz SuadAlg DoyPk 12/250ml;3784,05;3429;"";AUTOSERVICIO;Autoservicio A;16818,00;SIMON OLIVERA;0,00;$;2;GRUPO AYUDIN ARGENTINA S.A;0,00000000;0,00;Contado;06-10-2026 15:41;;POETT;CLOROX;;CLOROX;AERO POETT;LAGO PUELO;LIMPIEZA;;;300;Bruno Centurion;AXUM;;CLOROX;False;131874;0;Lista General;Autoservicio A - A;43249;02-10-2026;509-LUCAS GODOY;CLOROX;1;0,00000000;3784,05
3985;"JOAQUIN V GONZALEZ 998";MONTE GRANDE;2026-10-05;05-10-2026;01-10-2026;FAC-B0001-00018663;Venta;LAGOPUELO S.A;60228;3,00;16419,00;19866,99;Lee pei hua;;0,00 %;064;Karina Fernandez;0644;Aydn PurGlac TriPod 3/4l GP2;5473,00;3429;"";AUTOSERVICIO;Autoservicio A;12630,00;SIMON OLIVERA;0,00;$;2;GRUPO AYUDIN ARGENTINA S.A;0,00000000;0,00;Contado;06-10-2026 15:41;;AYUDIN;CLOROX;;CLOROX;LAVANDINA;LAGO PUELO;LIMPIEZA;;;300;Bruno Centurion;AXUM;;CLOROX;False;131874;0;Lista General;Autoservicio A - A;43249;02-10-2026;509-LUCAS GODOY;CLOROX;1;0,00000000;5473,00
3985;"JOAQUIN V GONZALEZ 998";MONTE GRANDE;2026-10-05;05-10-2026;01-10-2026;FAC-B0001-00018663;Venta;LAGOPUELO S.A;60227;8,00;18493,28;22376,87;Lee pei hua;;15,00 %;064;Karina Fernandez;0644;Aydn PurGlac TriPod 8/2l GP2;2311,66;3429;"";AUTOSERVICIO;Autoservicio A;16736,00;SIMON OLIVERA;407,94;$;2;GRUPO AYUDIN ARGENTINA S.A;0,00000000;0,00;Contado;06-10-2026 15:41;;AYUDIN;CLOROX;;CLOROX;LAVANDINA;LAGO PUELO;LIMPIEZA;;;300;Bruno Centurion;AXUM;;CLOROX;False;131874;0;Lista General;Autoservicio A - A;43249;02-10-2026;509-LUCAS GODOY;CLOROX;1;0,00000000;2311,66
3985;"JOAQUIN V GONZALEZ 998";MONTE GRANDE;2026-10-05;05-10-2026;01-10-2026;FAC-B0001-00018663;Venta;LAGOPUELO S.A;60240;15,00;37086,05;44874,12;Lee pei hua;;15,00 %;064;Karina Fernandez;0644;Aydn Lavdna Gel Lavda EXPRT 15/700ml GP2;2472,40;3429;"";AUTOSERVICIO;Autoservicio A;32805,00;SIMON OLIVERA;436,31;$;2;GRUPO AYUDIN ARGENTINA S.A;0,00000000;0,00;Contado;06-10-2026 15:41;;AYUDIN;CLOROX;;CLOROX;LAVANDINA;LAGO PUELO;LIMPIEZA;;;300;Bruno Centurion;AXUM;;CLOROX;False;131874;0;Lista General;Autoservicio A - A;43249;02-10-2026;509-LUCAS GODOY;CLOROX;1;0,00000000;2472,40
23989;"GARZON - (KIOSCOS/MAXI) 1458";MONTE GRANDE;2026-10-05;05-10-2026;02-10-2026;FAC-B0001-00018665;Venta;LAGOPUELO S.A;36001;4,00;6563,36;7941,67;LAURA ARAMBURU;;0,00 %;064;Karina Fernandez;0645;POETT FRSC TROP 12/900;1640,84;3429;"";KIOSCO;KIOSCO;5168,00;SIMON OLIVERA;0,00;$;2;GRUPO AYUDIN ARGENTINA S.A;0,00000000;0,00;Contado;06-10-2026 15:41;;POETT;CLOROX;;CLOROX;PISO;LAGO PUELO;LIMPIEZA;;;300;Bruno Centurion;AXUM;;CLOROX;False;132683;0;Lista General;KIOSCO - A;43281;02-10-2026;509-LUCAS GODOY;CLOROX;1;0,00000000;1640,84
23989;"GARZON - (KIOSCOS/MAXI) 1458";MONTE GRANDE;2026-10-05;05-10-2026;02-10-2026;FAC-B0001-00018665;Venta;LAGOPUELO S.A;34334;4,00;6563,36;7941,67;LAURA ARAMBURU;;0,00 %;064;Karina Fernandez;0645;Poett Dsnf SuadBebe 12/900ml;1640,84;3429;"";KIOSCO;KIOSCO;5168,00;SIMON OLIVERA;0,00;$;2;GRUPO AYUDIN ARGENTINA S.A;0,00000000;0,00;Contado;06-10-2026 15:41;;POETT;CLOROX;;CLOROX;PISO;LAGO PUELO;LIMPIEZA;;;300;Bruno Centurion;AXUM;;CLOROX;False;132683;0;Lista General;KIOSCO - A;43281;02-10-2026;509-LUCAS GODOY;CLOROX;1;0,00000000;1640,84
29072;"CERRITO 2399";TEMPERLEY;2026-10-05;05-10-2026;02-10-2026;FAC-B0001-00018666;Venta;LAGOPUELO S.A;17927;15,00;12735,00;15409,35;FACUNDO TRINIDAD;;20,00 %;074;Romina Baez;0745;AYDN LAVDNA OR 15/1L;849,00;3427;"";AUTOSERVICIO;Autoservicio B;12735,00;NAHUEL MONTOYA;212,25;$;2;GRUPO AYUDIN ARGENTINA S.A;0,00000000;0,00;Contado;07-10-2026 08:19;;AYUDIN;CLOROX;;CLOROX;LAVANDINA;LAGO PUELO;LIMPIEZA;;;300;Bruno Centurion;AXUM;;CLOROX;False;132223;0;Lista General;Autoservicio B - A;43367;02-10-2026;5553-JORGE MONZON;CLOROX;1;0,00000000;849,00
29072;"CERRITO 2399";TEMPERLEY;2026-10-05;05-10-2026;02-10-2026;FAC-B0001-00018666;Venta;LAGOPUELO S.A;36003;8,00;13912,00;16833,52;FACUNDO TRINIDAD;;20,00 %;074;Romina Baez;0745;AYDN LAVDNA OR 25g/l 8/2l;1739,00;3427;"";AUTOSERVICIO;Autoservicio B;13912,00;NAHUEL MONTOYA;434,75;$;2;GRUPO AYUDIN ARGENTINA S.A;0,00000000;0,00;Contado;07-10-2026 08:19;;AYUDIN;CLOROX;;CLOROX;LAVANDINA;LAGO PUELO;LIMPIEZA;;;300;Bruno Centurion;AXUM;;CLOROX;False;132223;0;Lista General;Autoservicio B - A;43367;02-10-2026;5553-JORGE MONZON;CLOROX;1;0,00000000;1739,00
4043;"SANTA FE 1494";EZPELETA;2026-10-05;05-10-2026;02-10-2026;FAC-B0001-00018676;Venta;LAGOPUELO S.A;17927;15,00;12735,00;15409,35;PINEDA FABIANA;;20,00 %;2;Fernanda Cejas;25;AYDN LAVDNA OR 15/1L;849,00;3430;"";Tradicionales;Almacen;12735,00;LEONARDO SANTA CRUZ;212,25;$;2;GRUPO AYUDIN ARGENTINA S.A;0,00000000;0,00;Contado;06-10-2026 11:13;;AYUDIN;CLOROX;;CLOROX;LAVANDINA;LAGO PUELO;LIMPIEZA;;;25;JOHANA VIGIL;AXUM;;CLOROX;False;132345;0;Lista General;Almacen - A;43448;02-10-2026;759-GABRIEL PEREZ;CLOROX;1;0,00000000;849,00
4043;"SANTA FE 1494";EZPELETA;2026-10-05;05-10-2026;02-10-2026;FAC-B0001-00018676;Venta;LAGOPUELO S.A;36004;3,00;11919,34;14422,40;PINEDA FABIANA;;12,00 %;2;Fernanda Cejas;25;AYDN LAVDNA OR 25 g/l 3/4l;3973,11;3430;"";Tradicionales;Almacen;10419,00;LEONARDO SANTA CRUZ;541,79;$;2;GRUPO AYUDIN ARGENTINA S.A;0,00000000;0,00;Contado;06-10-2026 11:13;;AYUDIN;CLOROX;;CLOROX;LAVANDINA;LAGO PUELO;LIMPIEZA;;;25;JOHANA VIGIL;AXUM;;CLOROX;False;132345;0;Lista General;Almacen - A;43448;02-10-2026;759-GABRIEL PEREZ;CLOROX;1;0,00000000;3973,11
4936;"EMILIO ZOLA 1571";EZPELETA ESTE;2026-10-05;05-10-2026;02-10-2026;FAC-B0001-00018677;Venta;LAGOPUELO S.A;17927;15,00;12735,00;15409,35;CROCE VANINA;;20,00 %;054;Leonel Caruso;0545;AYDN LAVDNA OR 15/1L;849,00;3430;"";Tradicionales;Almacen;12735,00;LEONARDO SANTA CRUZ;212,25;$;2;GRUPO AYUDIN ARGENTINA S.A;0,00000000;0,00;Contado;06-10-2026 11:13;;AYUDIN;CLOROX;;CLOROX;LAVANDINA;LAGO PUELO;LIMPIEZA;;;300;Bruno Centurion;AXUM;;CLOROX;False;132675;0;Lista General;Almacen - A;43462;02-10-2026;759-GABRIEL PEREZ;CLOROX;1;0,00000000;849,00
100672;"Centenario Uruguayo 479 1 0";LANUS;2026-10-05;02-10-2026;05-10-2026;NCR-A0001-00048830;DevoluciÛn por Rechazo;LAGOPUELO S.A;34321;-16,00;-38656,80;-46774,73;Zhuang Fangping;NO HIZO PEDIDO;25,00 %;24;Cecilia Gauchez;244;Poett Desinf. Frescura de Lavanda 1.8ml;2416,05;3408;"";AUTOSERVICIO;AUTOSERVICIO;-39648,00;CLAUDIO GARCIA;805,35;$;2;GRUPO AYUDIN ARGENTINA S.A;0,00000000;0,00;Efectivo;05-10-2026 08:47;;POETT;CLOROX;;CLOROX;PISO;LAGO PUELO;LIMPIEZA;;;25;JOHANA VIGIL;Gescom;FAC-A0001-00343109;;True;132806;0;Lista General;AUTOSERVICIO - A;;01-01-2000;;CLOROX;1;0,00000000;2416,05
23597;"Carlos Morel - (AUTOSERVICIOS) 317";BURZACO;2026-10-05;02-10-2026;05-10-2026;NCR-A0001-00048832;DevoluciÛn por Rechazo;LAGOPUELO S.A;60226;-15,00;-17403,75;-21058,54;ZHU SHAOBIN;NO QUIERE EL CLIENTE;15,00 %;063;Daniel Martin;0634;Aydn PurGlac TriPod 15/1l GP2;1160,25;3416;"";AUTOSERVICIO;Autoservicio A;-15750,00;NAHUEL MONTOYA;204,75;$;2;GRUPO AYUDIN ARGENTINA S.A;0,00000000;0,00;Contado;05-10-2026 09:06;;AYUDIN;CLOROX;;CLOROX;LAVANDINA;LAGO PUELO;LIMPIEZA;;;300;Bruno Centurion;Gescom;FAC-A0001-00343098;;True;132814;0;Lista General;Autoservicio A - A;;01-01-2000;;CLOROX;1;0,00000000;1160,25
3320;"ESTANISLAO DEL CAMPO 2174";Quilmes;2026-10-05;02-10-2026;05-10-2026;NCR-A0001-00048834;DevoluciÛn por Rechazo;LAGOPUELO S.A;50087;-12,00;-49183,20;-59511,67;GUAN XIONG ;NO QUIERE EL CLIENTE;0,00 %;054;Leonel Caruso;0544;Poett Frgnz Huellitas 12/250ml AR;4098,60;3413;"";AUTOSERVICIO;AUTOSERVICIO;-36432,00;HERNAN RIVERO;0,00;$;2;GRUPO AYUDIN ARGENTINA S.A;0,00000000;0,00;Contado;05-10-2026 09:30;;POETT;CLOROX;;CLOROX;AERO POETT;LAGO PUELO;LIMPIEZA;;;300;Bruno Centurion;Gescom;FAC-A0001-00342983;;True;132844;0;Lista General;AUTOSERVICIO - A;;01-01-2000;;CLOROX;1;0,00000000;4098,60
41;"12 DE OCTUBRE 4778";Quilmes;2026-10-05;02-10-2026;05-10-2026;NCR-A0001-00048836;DevoluciÛn por Rechazo;LAGOPUELO S.A;33576;-6,00;-11387,46;-13778,83;Maria Elsa ayala MartÌnez;NO QUIERE EL CLIENTE;0,00 %;053;Verona Abati;0533;Aydn Ropa BlncSprms DoyPk 16/400ml;1897,91;3413;"";ALMACEN;ALMACEN;-8562,00;HERNAN RIVERO;0,00;$;2;GRUPO AYUDIN ARGENTINA S.A;0,00000000;0,00;Efectivo;05-10-2026 09:30;;AYUDIN;CLOROX;;CLOROX;LAVADO DE ROPA;LAGO PUELO;LIMPIEZA;;;300;Bruno Centurion;Gescom;FAC-A0001-00342951;;True;132846;0;Lista General;ALMACEN - A;;01-01-2000;;CLOROX;1;0,00000000;1897,91
108132;"Lomas De Zamora 244 0";WILDE;2026-10-05;02-10-2026;05-10-2026;NCR-A0001-00048837;DevoluciÛn por Rechazo;LAGOPUELO S.A;61047;-8,00;-23682,26;-28655,53;Jian Ping Zheng;ERROR DE PREVENTA;18,00 %;29;Camila Navarrete;294;Aydn RopQuitMnch BlncInt 8/2l;2960,28;3409;"";AUTOSERVICIO;AUTOSERVICIO;-22216,00;SIMON OLIVERA;649,82;$;2;GRUPO AYUDIN ARGENTINA S.A;0,00000000;0,00;Efectivo;05-10-2026 09:33;;AYUDIN;CLOROX;;CLOROX;LAVADO DE ROPA;LAGO PUELO;LIMPIEZA;;;25;JOHANA VIGIL;Gescom;FAC-A0001-00343128;;True;132855;0;Lista General;AUTOSERVICIO - A;;01-01-2000;;CLOROX;1;0,00000000;2960,28
107755;"Victor  Hugo 859 0";LANUS;2026-10-05;02-10-2026;05-10-2026;NCR-A0001-00048838;DevoluciÛn por Rechazo;LAGOPUELO S.A;33575;-1,00;-1897,91;-2296,47;Lin Wenfang;ROTO;0,00 %;26;Sabrina Pereyra;264;Aydn Ropa ClrViv DoyPk 16/400ml;1897,91;3409;"";AUTOSERVICIO;AUTOSERVICIO;-1427,00;SIMON OLIVERA;0,00;$;2;GRUPO AYUDIN ARGENTINA S.A;0,00000000;0,00;Efectivo;05-10-2026 09:33;;AYUDIN;CLOROX;;CLOROX;LAVADO DE ROPA;LAGO PUELO;LIMPIEZA;;;25;JOHANA VIGIL;Gescom;FAC-A0001-00343132;;True;132862;0;Lista General;AUTOSERVICIO - A;;01-01-2000;;CLOROX;1;0,00000000;1897,91
421;"WASHINGTON 546";Avellaneda;2026-10-05;02-10-2026;05-10-2026;NCR-A0001-00048839;DevoluciÛn por Rechazo;LAGOPUELO S.A;32288;-1,00;-1839,50;-2225,80;CHEN SHENQIANG;ROTO;0,00 %;28;Nadia Diaz;284;Tren Oxi DoyPk 16/400ml                 ;1839,50;3409;"";AUTOSERVICIO;AUTOSERVICIO;-1415,00;SIMON OLIVERA;0,00;$;2;GRUPO AYUDIN ARGENTINA S.A;0,00000000;0,00;Efectivo;05-10-2026 09:33;;TRENET;CLOROX;;CLOROX;LAVADO DE ROPA;LAGO PUELO;LIMPIEZA;;;25;JOHANA VIGIL;Gescom;FAC-A0001-00343144;;True;132863;0;Lista General;AUTOSERVICIO - A;;01-01-2000;;CLOROX;1;0,00000000;1839,50
27620;"San Joaquin - (AUTOSERVICIOS) 321";TURDERA;2026-10-05;02-10-2026;05-10-2026;NCR-A0001-00048842;DevoluciÛn por Rechazo;LAGOPUELO S.A;61577;-8,00;-11282,96;-13652,38;XIONGBIN LIN;NO HIZO PEDIDO;5,00 %;074;Romina Baez;0743;Aydn Coc† Pod Act Or† DoyPk 16/450ml;1410,37;3410;"";AUTOSERVICIO;Autoservicio A;-9136,00;MARIANO SOSA;74,23;$;2;GRUPO AYUDIN ARGENTINA S.A;0,00000000;0,00;Contado;05-10-2026 10:12;;AYUDIN;CLOROX;;CLOROX;COCINA;LAGO PUELO;LIMPIEZA;;;300;Bruno Centurion;Gescom;FAC-A0001-00343030;;True;132904;0;Lista General;Autoservicio A - A;;01-01-2000;;CLOROX;1;0,00000000;1410,37
28053;"LUZURIAGA - (AUTOSERVICIOS) 490";LLAVALLOL;2026-10-05;02-10-2026;05-10-2026;NCR-A0001-00048845;DevoluciÛn por Rechazo;LAGOPUELO S.A;61577;-6,00;-8462,22;-10239,29;SEBASTIAN COSME ROMERO;NO QUIERE EL CLIENTE;5,00 %;074;Romina Baez;0743;Aydn Coc† Pod Act Or† DoyPk 16/450ml;1410,37;3410;"";ALMACEN;ALMACEN;-6852,00;MARIANO SOSA;74,23;$;2;GRUPO AYUDIN ARGENTINA S.A;0,00000000;0,00;Contado;05-10-2026 10:12;;AYUDIN;CLOROX;;CLOROX;COCINA;LAGO PUELO;LIMPIEZA;;;300;Bruno Centurion;Gescom;FAC-A0001-00343014;;True;132927;0;Lista General;ALMACEN - A;;01-01-2000;;CLOROX;1;0,00000000;1410,37
323025;"BARTOLOME MITRE 654";FLORENCIO VARELA;2026-10-05;01-10-2026;05-10-2026;NCR-A0001-00048848;DevoluciÛn por Rechazo;LAGOPUELO S.A;18098;-12,00;-13680,90;-16553,89;WENG FENGMEI;RECHAZA, MUY CARO;25,00 %;6;Nieves Alegre;63;Mort Esp DobCara 4/24c                  ;1140,08;3392;"";AUTOSERVICIO;AUTOSERVICIO;-13512,00;WALTER JANIUK;380,03;$;2;GRUPO AYUDIN ARGENTINA S.A;0,00000000;0,00;Contado;05-10-2026 13:39;;MORTIMER;CLOROX;;CLOROX;MORTIMER;LAGO PUELO;LIMPIEZA;;;25;JOHANA VIGIL;Gescom;FAC-A0001-00342927;;True;133326;0;Lista General;AUTOSERVICIO - A;;01-01-2000;;CLOROX;1;0,00000000;1140,08
31637;"GRISNTEIN 3049";FLORENCIO VARELA;2026-10-05;01-10-2026;05-10-2026;NCR-B0001-00002607;DevoluciÛn por Rechazo;LAGOPUELO S.A;33575;-6,00;-10818,09;-13089,89;FILIBERTO BALTAZAR;SIN DINERO;5,00 %;6;Nieves Alegre;63;Aydn Ropa ClrViv DoyPk 16/400ml;1803,01;3392;"";AUTOSERVICIO;AUTOSERVICIO;-8562,00;WALTER JANIUK;94,90;$;2;GRUPO AYUDIN ARGENTINA S.A;0,00000000;0,00;Contado;05-10-2026 13:39;;AYUDIN;CLOROX;;CLOROX;LAVADO DE ROPA;LAGO PUELO;LIMPIEZA;;;25;JOHANA VIGIL;Gescom;FAC-B0001-00018639;;True;133328;0;Lista General;AUTOSERVICIO - A;;01-01-2000;;CLOROX;1;0,00000000;1803,01
2384;"Calle 417 490 ESQ 454";Berazategui;2026-10-05;05-10-2026;02-10-2026;FAC-B0006-00000263;Venta;Empresa LAGOPUELO;34324;6,00;7876,03;9530,00;ROLDAN JOSE;;20,00 %;052;Nicole Sosa;0525;Poett Desinf. Flores de Primavera 900ml;1312,67;3431;"Venta modificada el 2026-10-02 13:55:06";ALMACEN;ALMACEN;7752,00;JUAN ESCOTO;328,17;$;2;GRUPO AYUDIN ARGENTINA S.A;0,00000000;0,00;Contado;06-10-2026 08:29;;POETT;CLOROX;;CLOROX;PISO;LAGO PUELO;LIMPIEZA;;;300;Bruno Centurion;AXUM;;CLOROX;False;132624;0;Lista General;ALMACEN - A;43431;02-10-2026;509-LUCAS GODOY;CLOROX;1;0,00000000;1312,67
2384;"Calle 417 490 ESQ 454";Berazategui;2026-10-05;05-10-2026;02-10-2026;FAC-B0006-00000263;Venta;Empresa LAGOPUELO;34320;6,00;7876,03;9530,00;ROLDAN JOSE;;20,00 %;052;Nicole Sosa;0525;Poett Desinf. Frescura de Lavanda 900ml;1312,67;3431;"Venta modificada el 2026-10-02 13:55:06";ALMACEN;ALMACEN;7752,00;JUAN ESCOTO;328,17;$;2;GRUPO AYUDIN ARGENTINA S.A;0,00000000;0,00;Contado;06-10-2026 08:29;;POETT;CLOROX;;CLOROX;PISO;LAGO PUELO;LIMPIEZA;;;300;Bruno Centurion;AXUM;;CLOROX;False;132624;0;Lista General;ALMACEN - A;43431;02-10-2026;509-LUCAS GODOY;CLOROX;1;0,00000000;1312,67
23864;"CALLE 1209 3100";INGENIERO ALLAN;2026-10-05;05-10-2026;02-10-2026;FAC-B0002-00016743;Venta;ELEBES;34320;12,00;15752,06;19060,00;SEBASTIAN RIVERO;;20,00 %;051;Ezequiel Valente;0515;Poett Desinf. Frescura de Lavanda 900ml;1312,67;3431;"";MAYORISTA;MAYORISTA;15504,00;JUAN ESCOTO;328,17;$;2;GRUPO AYUDIN ARGENTINA S.A;0,00000000;0,00;Contado;06-10-2026 08:29;;POETT;CLOROX;;CLOROX;PISO;LAGO PUELO;LIMPIEZA;;;300;Bruno Centurion;AXUM;;CLOROX;False;132291;0;Lista General;MAYORISTA - A;43415;02-10-2026;509-LUCAS GODOY;CLOROX;1;0,00000000;1312,67
23864;"CALLE 1209 3100";INGENIERO ALLAN;2026-10-05;05-10-2026;02-10-2026;FAC-B0002-00016743;Venta;ELEBES;17927;15,00;12735,00;15409,35;SEBASTIAN RIVERO;;20,00 %;051;Ezequiel Valente;0515;AYDN LAVDNA OR 15/1L;849,00;3431;"";MAYORISTA;MAYORISTA;12735,00;JUAN ESCOTO;212,25;$;2;GRUPO AYUDIN ARGENTINA S.A;0,00000000;0,00;Contado;06-10-2026 08:29;;AYUDIN;CLOROX;;CLOROX;LAVANDINA;LAGO PUELO;LIMPIEZA;;;300;Bruno Centurion;AXUM;;CLOROX;False;132291;0;Lista General;MAYORISTA - A;43415;02-10-2026;509-LUCAS GODOY;CLOROX;1;0,00000000;849,00
23864;"CALLE 1209 3100";INGENIERO ALLAN;2026-10-05;05-10-2026;02-10-2026;FAC-B0002-00016743;Venta;ELEBES;61046;8,00;12331,80;14921,48;SEBASTIAN RIVERO;;15,00 %;051;Ezequiel Valente;0515;Aydn RopQuitMnch BlncInt 15/1l;1541,48;3431;"";MAYORISTA;MAYORISTA;11160,00;JUAN ESCOTO;272,03;$;2;GRUPO AYUDIN ARGENTINA S.A;0,00000000;0,00;Contado;06-10-2026 08:29;;AYUDIN;CLOROX;;CLOROX;LAVADO DE ROPA;LAGO PUELO;LIMPIEZA;;;300;Bruno Centurion;AXUM;;CLOROX;False;132291;0;Lista General;MAYORISTA - A;43415;02-10-2026;509-LUCAS GODOY;CLOROX;1;0,00000000;1541,48
23723;"NUEVA ESCOCIA - (KIOSCOS/MAXI) 1223";LUIS GUILLON;2026-10-05;05-10-2026;01-10-2026;FAC-A0002-00011554;Venta;ELEBES;61575;5,00;8293,03;10034,56;CORONADO CARLOS;;5,00 %;064;Karina Fernandez;0644;Aydn A.hongos Removedor Activo Doy Pack 16/450ml;1658,61;3429;"";ALMACEN;ALMACEN;6715,00;SIMON OLIVERA;87,30;$;2;GRUPO AYUDIN ARGENTINA S.A;0,00000000;0,00;Contado;06-10-2026 15:41;;AYUDIN;CLOROX;;CLOROX;BAÒO;LAGO PUELO;LIMPIEZA;;;300;Bruno Centurion;AXUM;;CLOROX;False;131711;0;Lista General;ALMACEN - A;43241;02-10-2026;509-LUCAS GODOY;CLOROX;1;0,00000000;1658,61
29057;"JURAMENTO - (TRADICIONAL) 1445";TEMPERLEY;2026-10-05;05-10-2026;01-10-2026;FAC-B0006-00000266;Venta;Empresa LAGOPUELO;34320;2,00;2789,43;3375,21;ELEUTERIA PEREZ;;15,00 %;074;Romina Baez;0744;Poett Desinf. Frescura de Lavanda 900ml;1394,71;3427;"Venta modificada el 2026-10-01 14:03:24";ALMACEN;ALMACEN;2584,00;NAHUEL MONTOYA;246,13;$;2;GRUPO AYUDIN ARGENTINA S.A;0,00000000;0,00;Contado;07-10-2026 08:19;;POETT;CLOROX;;CLOROX;PISO;LAGO PUELO;LIMPIEZA;;;300;Bruno Centurion;AXUM;;CLOROX;False;132106;0;Lista General;ALMACEN - A;43365;02-10-2026;5553-JORGE MONZON;CLOROX;1;0,00000000;1394,71
29057;"JURAMENTO - (TRADICIONAL) 1445";TEMPERLEY;2026-10-05;05-10-2026;01-10-2026;FAC-B0006-00000266;Venta;Empresa LAGOPUELO;34324;2,00;2789,43;3375,21;ELEUTERIA PEREZ;;15,00 %;074;Romina Baez;0744;Poett Desinf. Flores de Primavera 900ml;1394,71;3427;"Venta modificada el 2026-10-01 14:03:24";ALMACEN;ALMACEN;2584,00;NAHUEL MONTOYA;246,13;$;2;GRUPO AYUDIN ARGENTINA S.A;0,00000000;0,00;Contado;07-10-2026 08:19;;POETT;CLOROX;;CLOROX;PISO;LAGO PUELO;LIMPIEZA;;;300;Bruno Centurion;AXUM;;CLOROX;False;132106;0;Lista General;ALMACEN - A;43365;02-10-2026;5553-JORGE MONZON;CLOROX;1;0,00000000;1394,71
29057;"JURAMENTO - (TRADICIONAL) 1445";TEMPERLEY;2026-10-05;05-10-2026;01-10-2026;FAC-B0006-00000266;Venta;Empresa LAGOPUELO;34336;2,00;2789,43;3375,21;ELEUTERIA PEREZ;;15,00 %;074;Romina Baez;0744;Poett Dsnf SuadAlg 12/900ml;1394,71;3427;"Venta modificada el 2026-10-01 14:03:24";ALMACEN;ALMACEN;2584,00;NAHUEL MONTOYA;246,13;$;2;GRUPO AYUDIN ARGENTINA S.A;0,00000000;0,00;Contado;07-10-2026 08:19;;POETT;CLOROX;;CLOROX;PISO;LAGO PUELO;LIMPIEZA;;;300;Bruno Centurion;AXUM;;CLOROX;False;132106;0;Lista General;ALMACEN - A;43365;02-10-2026;5553-JORGE MONZON;CLOROX;1;0,00000000;1394,71
29057;"JURAMENTO - (TRADICIONAL) 1445";TEMPERLEY;2026-10-05;05-10-2026;01-10-2026;FAC-B0006-00000266;Venta;Empresa LAGOPUELO;17927;6,00;5412,38;6548,97;ELEUTERIA PEREZ;;15,00 %;074;Romina Baez;0744;AYDN LAVDNA OR 15/1L;902,06;3427;"Venta modificada el 2026-10-01 14:03:24";ALMACEN;ALMACEN;5094,00;NAHUEL MONTOYA;159,19;$;2;GRUPO AYUDIN ARGENTINA S.A;0,00000000;0,00;Contado;07-10-2026 08:19;;AYUDIN;CLOROX;;CLOROX;LAVANDINA;LAGO PUELO;LIMPIEZA;;;300;Bruno Centurion;AXUM;;CLOROX;False;132106;0;Lista General;ALMACEN - A;43365;02-10-2026;5553-JORGE MONZON;CLOROX;1;0,00000000;902,06
27330;"ADOLFO ALSINA 266";AVELLANEDA;2026-10-05;05-10-2026;02-10-2026;FAC-A0002-00011560;Venta;ELEBES;22963;3,00;12288,90;14869,57;LEONOR PACO PALOMINO;;0,00 %;28;Nadia Diaz;285;Tren Oxi Trig EftEspma 12/500ml         ;4096,30;3426;"";ALMACEN;ALMACEN;9453,00;HERNAN RIVERO;0,00;$;2;GRUPO AYUDIN ARGENTINA S.A;0,00000000;0,00;Contado;06-10-2026 09:23;;TRENET;CLOROX;;CLOROX;AERO POETT;LAGO PUELO;LIMPIEZA;;;25;JOHANA VIGIL;AXUM;;CLOROX;False;132620;0;Lista General;ALMACEN - A;43486;02-10-2026;5553-JORGE MONZON;CLOROX;1;0,00000000;4096,30
29362;"ACHA - (PERFUMERIA) 533";SARANDI;2026-10-05;05-10-2026;02-10-2026;FAC-A0006-00000241;Venta;Empresa LAGOPUELO;36003;8,00;13912,00;16833,52;VIVIANA ROSA FERNANDEZ;;20,00 %;26;Sabrina Pereyra;265;AYDN LAVDNA OR 25g/l 8/2l;1739,00;3425;"Venta modificada el 2026-10-02 11:49:00";Otros;Articulo de limpieza;13912,00;MARIANO SOSA;434,75;$;2;GRUPO AYUDIN ARGENTINA S.A;0,00000000;0,00;Contado;06-10-2026 15:32;;AYUDIN;CLOROX;;CLOROX;LAVANDINA;LAGO PUELO;LIMPIEZA;;;25;JOHANA VIGIL;AXUM;;CLOROX;False;132247;0;Lista General;Articulo de limpieza - A;43285;02-10-2026;757-JUAN PABLO JUAREZ;CLOROX;1;0,00000000;1739,00
5926;"CNO. GRAL. BELGRANO 965 965";GERLI;2026-10-05;05-10-2026;02-10-2026;FAC-A0002-00011564;Venta;ELEBES;36012;12,00;20266,20;24522,10;ROSANA DIAZ;;0,00 %;24;Cecilia Gauchez;245;Selton espirales 48x 12u;1688,85;3425;"";Tradicionales;Almacen;15012,00;MARIANO SOSA;0,00;$;2;GRUPO AYUDIN ARGENTINA S.A;0,00000000;0,00;Efectivo;06-10-2026 15:32;;SELTON;CLOROX;;CLOROX;SELTON;LAGO PUELO;LIMPIEZA;;;25;JOHANA VIGIL;AXUM;;CLOROX;False;132714;0;Lista General;Almacen - A;43304;02-10-2026;757-JUAN PABLO JUAREZ;CLOROX;1;0,00000000;1688,85
5926;"CNO. GRAL. BELGRANO 965 965";GERLI;2026-10-05;05-10-2026;02-10-2026;FAC-A0002-00011564;Venta;ELEBES;34320;6,00;7876,03;9530,00;ROSANA DIAZ;;20,00 %;24;Cecilia Gauchez;245;Poett Desinf. Frescura de Lavanda 900ml;1312,67;3425;"";Tradicionales;Almacen;7752,00;MARIANO SOSA;328,17;$;2;GRUPO AYUDIN ARGENTINA S.A;0,00000000;0,00;Efectivo;06-10-2026 15:32;;POETT;CLOROX;;CLOROX;PISO;LAGO PUELO;LIMPIEZA;;;25;JOHANA VIGIL;AXUM;;CLOROX;False;132714;0;Lista General;Almacen - A;43304;02-10-2026;757-JUAN PABLO JUAREZ;CLOROX;1;0,00000000;1312,67
5926;"CNO. GRAL. BELGRANO 965 965";GERLI;2026-10-05;05-10-2026;02-10-2026;FAC-A0002-00011564;Venta;ELEBES;34342;6,00;7876,03;9530,00;ROSANA DIAZ;;20,00 %;24;Cecilia Gauchez;245;Poett Dsnf AlgrDia 12/900ml;1312,67;3425;"";Tradicionales;Almacen;7752,00;MARIANO SOSA;328,17;$;2;GRUPO AYUDIN ARGENTINA S.A;0,00000000;0,00;Efectivo;06-10-2026 15:32;;POETT;CLOROX;;CLOROX;PISO;LAGO PUELO;LIMPIEZA;;;25;JOHANA VIGIL;AXUM;;CLOROX;False;132714;0;Lista General;Almacen - A;43304;02-10-2026;757-JUAN PABLO JUAREZ;CLOROX;1;0,00000000;1312,67
5926;"CNO. GRAL. BELGRANO 965 965";GERLI;2026-10-05;05-10-2026;02-10-2026;FAC-A0002-00011564;Venta;ELEBES;61816;6,00;21364,20;25850,68;ROSANA DIAZ;;0,00 %;24;Cecilia Gauchez;245;Sltn MataMosq Aer AccInst 6/360ml BA;3560,70;3425;"";Tradicionales;Almacen;16434,00;MARIANO SOSA;0,00;$;2;GRUPO AYUDIN ARGENTINA S.A;0,00000000;0,00;Efectivo;06-10-2026 15:32;;SELTON;CLOROX;;CLOROX;SELTON;LAGO PUELO;LIMPIEZA;;;25;JOHANA VIGIL;AXUM;;CLOROX;False;132714;0;Lista General;Almacen - A;43304;02-10-2026;757-JUAN PABLO JUAREZ;CLOROX;1;0,00000000;3560,70
1084;"CALLE 116 1585";BERAZATEGUI;2026-10-05;05-10-2026;01-10-2026;FAC-B0002-00016752;Venta;ELEBES;17927;15,00;12735,00;15409,35;INCO MAICO†††††††††††††††††;;20,00 %;5;Eliana Huber;54;AYDN LAVDNA OR 15/1L;849,00;3428;"";ALMACEN;ALMACEN;12735,00;CLAUDIO GARCIA;212,25;$;2;GRUPO AYUDIN ARGENTINA S.A;0,00000000;0,00;Contado;06-10-2026 08:59;;AYUDIN;CLOROX;;CLOROX;LAVANDINA;LAGO PUELO;LIMPIEZA;;;25;JOHANA VIGIL;AXUM;;CLOROX;False;132093;0;Lista General;ALMACEN - A;43534;02-10-2026;757-JUAN PABLO JUAREZ;CLOROX;1;0,00000000;849,00
1084;"CALLE 116 1585";BERAZATEGUI;2026-10-05;05-10-2026;01-10-2026;FAC-B0002-00016752;Venta;ELEBES;61577;3,00;4231,11;5119,64;INCO MAICO†††††††††††††††††;;5,00 %;5;Eliana Huber;54;Aydn Coc† Pod Act Or† DoyPk 16/450ml;1410,37;3428;"";ALMACEN;ALMACEN;3426,00;CLAUDIO GARCIA;74,23;$;2;GRUPO AYUDIN ARGENTINA S.A;0,00000000;0,00;Contado;06-10-2026 08:59;;AYUDIN;CLOROX;;CLOROX;COCINA;LAGO PUELO;LIMPIEZA;;;25;JOHANA VIGIL;AXUM;;CLOROX;False;132093;0;Lista General;ALMACEN - A;43534;02-10-2026;757-JUAN PABLO JUAREZ;CLOROX;1;0,00000000;1410,37
2717;"GORRITI 850";FLORENCIO VARELA;2026-10-05;05-10-2026;02-10-2026;FAC-B0002-00016754;Venta;ELEBES;36012;48,00;81064,80;98088,41;EDUARDO ALBERTO CACERES;;0,00 %;6;Nieves Alegre;65;Selton espirales 48x 12u;1688,85;3428;"";ALMACEN;ALMACEN;60048,00;CLAUDIO GARCIA;0,00;$;2;GRUPO AYUDIN ARGENTINA S.A;0,00000000;0,00;Contado;06-10-2026 08:59;;SELTON;CLOROX;;CLOROX;SELTON;LAGO PUELO;LIMPIEZA;;;25;JOHANA VIGIL;AXUM;;CLOROX;False;132343;0;Lista General;ALMACEN - A;43563;02-10-2026;757-JUAN PABLO JUAREZ;CLOROX;1;0,00000000;1688,85
285;"CALLE 114 387";Berazategui;2026-10-05;05-10-2026;02-10-2026;FAC-B0002-00016757;Venta;ELEBES;61816;5,00;14242,80;17233,79;ZURITA MIRTA;;20,00 %;5;Eliana Huber;55;Sltn MataMosq Aer AccInst 6/360ml BA;2848,56;3428;"";ALMACEN;ALMACEN;13695,00;CLAUDIO GARCIA;712,14;$;2;GRUPO AYUDIN ARGENTINA S.A;0,00000000;0,00;Efectivo;06-10-2026 08:59;;SELTON;CLOROX;;CLOROX;SELTON;LAGO PUELO;LIMPIEZA;;;25;JOHANA VIGIL;AXUM;;CLOROX;False;132478;0;Lista General;ALMACEN - A;43546;02-10-2026;757-JUAN PABLO JUAREZ;CLOROX;1;0,00000000;2848,56
285;"CALLE 114 387";Berazategui;2026-10-05;05-10-2026;02-10-2026;FAC-B0002-00016757;Venta;ELEBES;17927;4,00;4245,00;5136,45;ZURITA MIRTA;;0,00 %;5;Eliana Huber;55;AYDN LAVDNA OR 15/1L;1061,25;3428;"";ALMACEN;ALMACEN;3396,00;CLAUDIO GARCIA;0,00;$;2;GRUPO AYUDIN ARGENTINA S.A;0,00000000;0,00;Efectivo;06-10-2026 08:59;;AYUDIN;CLOROX;;CLOROX;LAVANDINA;LAGO PUELO;LIMPIEZA;;;25;JOHANA VIGIL;AXUM;;CLOROX;False;132478;0;Lista General;ALMACEN - A;43546;02-10-2026;757-JUAN PABLO JUAREZ;CLOROX;1;0,00000000;1061,25
1743;"CALLE 2 502";BERAZATEGUI;2026-10-05;05-10-2026;02-10-2026;FAC-B0002-00016760;Venta;ELEBES;34327;3,00;3938,02;4765,00;OJEDA MARIA;;20,00 %;5;Eliana Huber;55;Poett Desinf. Solo para ti 900ml;1312,67;3428;"";KIOSCO;KIOSCO;3876,00;CLAUDIO GARCIA;328,17;$;2;GRUPO AYUDIN ARGENTINA S.A;0,00000000;0,00;Contado;06-10-2026 08:59;;POETT;CLOROX;;CLOROX;PISO;LAGO PUELO;LIMPIEZA;;;25;JOHANA VIGIL;AXUM;;CLOROX;False;132720;0;Lista General;KIOSCO - A;43552;02-10-2026;757-JUAN PABLO JUAREZ;CLOROX;1;0,00000000;1312,67
1743;"CALLE 2 502";BERAZATEGUI;2026-10-05;05-10-2026;02-10-2026;FAC-B0002-00016760;Venta;ELEBES;34334;3,00;3938,02;4765,00;OJEDA MARIA;;20,00 %;5;Eliana Huber;55;Poett Dsnf SuadBebe 12/900ml;1312,67;3428;"";KIOSCO;KIOSCO;3876,00;CLAUDIO GARCIA;328,17;$;2;GRUPO AYUDIN ARGENTINA S.A;0,00000000;0,00;Contado;06-10-2026 08:59;;POETT;CLOROX;;CLOROX;PISO;LAGO PUELO;LIMPIEZA;;;25;JOHANA VIGIL;AXUM;;CLOROX;False;132720;0;Lista General;KIOSCO - A;43552;02-10-2026;757-JUAN PABLO JUAREZ;CLOROX;1;0,00000000;1312,67
1743;"CALLE 2 502";BERAZATEGUI;2026-10-05;05-10-2026;02-10-2026;FAC-B0002-00016760;Venta;ELEBES;34338;3,00;3938,02;4765,00;OJEDA MARIA;;20,00 %;5;Eliana Huber;55;Poett Dsnf MscPrmvra 12/900ml;1312,67;3428;"";KIOSCO;KIOSCO;3876,00;CLAUDIO GARCIA;328,17;$;2;GRUPO AYUDIN ARGENTINA S.A;0,00000000;0,00;Contado;06-10-2026 08:59;;POETT;CLOROX;;CLOROX;PISO;LAGO PUELO;LIMPIEZA;;;25;JOHANA VIGIL;AXUM;;CLOROX;False;132720;0;Lista General;KIOSCO - A;43552;02-10-2026;757-JUAN PABLO JUAREZ;CLOROX;1;0,00000000;1312,67
1743;"CALLE 2 502";BERAZATEGUI;2026-10-05;05-10-2026;02-10-2026;FAC-B0002-00016760;Venta;ELEBES;61036;2,00;4974,71;6019,40;OJEDA MARIA;;15,00 %;5;Eliana Huber;55;Poett Aer EsptPly ExtFrag 6/360ml;2487,36;3428;"";KIOSCO;KIOSCO;4502,00;CLAUDIO GARCIA;438,95;$;2;GRUPO AYUDIN ARGENTINA S.A;0,00000000;0,00;Contado;06-10-2026 08:59;;POETT;CLOROX;;CLOROX;AERO POETT;LAGO PUELO;LIMPIEZA;;;25;JOHANA VIGIL;AXUM;;CLOROX;False;132720;0;Lista General;KIOSCO - A;43552;02-10-2026;757-JUAN PABLO JUAREZ;CLOROX;1;0,00000000;2487,36
1743;"CALLE 2 502";BERAZATEGUI;2026-10-05;05-10-2026;02-10-2026;FAC-B0002-00016760;Venta;ELEBES;61035;2,00;4974,71;6019,40;OJEDA MARIA;;15,00 %;5;Eliana Huber;55;Poett Aer AlgrDia ExtFrag 6/360ml;2487,36;3428;"";KIOSCO;KIOSCO;4502,00;CLAUDIO GARCIA;438,95;$;2;GRUPO AYUDIN ARGENTINA S.A;0,00000000;0,00;Contado;06-10-2026 08:59;;POETT;CLOROX;;CLOROX;AERO POETT;LAGO PUELO;LIMPIEZA;;;25;JOHANA VIGIL;AXUM;;CLOROX;False;132720;0;Lista General;KIOSCO - A;43552;02-10-2026;757-JUAN PABLO JUAREZ;CLOROX;1;0,00000000;2487,36
1743;"CALLE 2 502";BERAZATEGUI;2026-10-05;05-10-2026;02-10-2026;FAC-B0002-00016760;Venta;ELEBES;60886;2,00;4974,71;6019,40;OJEDA MARIA;;15,00 %;5;Eliana Huber;55;Poett Aer FlrPrm ExtFrag 6/360ml;2487,36;3428;"";KIOSCO;KIOSCO;4502,00;CLAUDIO GARCIA;438,95;$;2;GRUPO AYUDIN ARGENTINA S.A;0,00000000;0,00;Contado;06-10-2026 08:59;;POETT;CLOROX;;CLOROX;AERO POETT;LAGO PUELO;LIMPIEZA;;;25;JOHANA VIGIL;AXUM;;CLOROX;False;132720;0;Lista General;KIOSCO - A;43552;02-10-2026;757-JUAN PABLO JUAREZ;CLOROX;1;0,00000000;2487,36
1743;"CALLE 2 502";BERAZATEGUI;2026-10-05;05-10-2026;02-10-2026;FAC-B0002-00016760;Venta;ELEBES;17927;6,00;6367,50;7704,68;OJEDA MARIA;;0,00 %;5;Eliana Huber;55;AYDN LAVDNA OR 15/1L;1061,25;3428;"";KIOSCO;KIOSCO;5094,00;CLAUDIO GARCIA;0,00;$;2;GRUPO AYUDIN ARGENTINA S.A;0,00000000;0,00;Contado;06-10-2026 08:59;;AYUDIN;CLOROX;;CLOROX;LAVANDINA;LAGO PUELO;LIMPIEZA;;;25;JOHANA VIGIL;AXUM;;CLOROX;False;132720;0;Lista General;KIOSCO - A;43552;02-10-2026;757-JUAN PABLO JUAREZ;CLOROX;1;0,00000000;1061,25
1743;"CALLE 2 502";BERAZATEGUI;2026-10-05;05-10-2026;02-10-2026;FAC-B0002-00016760;Venta;ELEBES;34342;3,00;3938,02;4765,00;OJEDA MARIA;;20,00 %;5;Eliana Huber;55;Poett Dsnf AlgrDia 12/900ml;1312,67;3428;"";KIOSCO;KIOSCO;3876,00;CLAUDIO GARCIA;328,17;$;2;GRUPO AYUDIN ARGENTINA S.A;0,00000000;0,00;Contado;06-10-2026 08:59;;POETT;CLOROX;;CLOROX;PISO;LAGO PUELO;LIMPIEZA;;;25;JOHANA VIGIL;AXUM;;CLOROX;False;132720;0;Lista General;KIOSCO - A;43552;02-10-2026;757-JUAN PABLO JUAREZ;CLOROX;1;0,00000000;1312,67
23042;"CONSTITUCION DE N 33 E/CONTRERAS Y ALBERDI - (PERFUMERIA) 1853";FLORENCIO VARELA;2026-10-05;05-10-2026;01-10-2026;FAC-A0006-00000242;Venta;Empresa LAGOPUELO;17927;30,00;25470,00;30818,70;GRACIELA HEREDIA;;20,00 %;6;Nieves Alegre;64;AYDN LAVDNA OR 15/1L;849,00;3428;"Venta modificada el 2026-10-01 12:49:42";Otros;Articulo de limpieza;25470,00;CLAUDIO GARCIA;212,25;$;2;GRUPO AYUDIN ARGENTINA S.A;0,00000000;0,00;Contado;06-10-2026 08:59;;AYUDIN;CLOROX;;CLOROX;LAVANDINA;LAGO PUELO;LIMPIEZA;;;25;JOHANA VIGIL;AXUM;;CLOROX;False;131662;0;Lista General;Articulo de limpieza - A;43510;02-10-2026;757-JUAN PABLO JUAREZ;CLOROX;1;0,00000000;849,00
321087;"AV 14 1282";Varela ;2026-10-05;05-10-2026;01-10-2026;FAC-A0006-00000243;Venta;Empresa LAGOPUELO;34320;3,00;3938,02;4765,00;JAUREGUY JOSE MARIO;;20,00 %;5;Eliana Huber;54;Poett Desinf. Frescura de Lavanda 900ml;1312,67;3428;"";ALMACEN;ALMACEN;3876,00;CLAUDIO GARCIA;328,17;$;2;GRUPO AYUDIN ARGENTINA S.A;0,00000000;0,00;Contado;06-10-2026 08:59;;POETT;CLOROX;;CLOROX;PISO;LAGO PUELO;LIMPIEZA;;;25;JOHANA VIGIL;AXUM;;CLOROX;False;132001;0;Lista General;ALMACEN - A;43529;02-10-2026;757-JUAN PABLO JUAREZ;CLOROX;1;0,00000000;1312,67
321087;"AV 14 1282";Varela ;2026-10-05;05-10-2026;01-10-2026;FAC-A0006-00000243;Venta;Empresa LAGOPUELO;34336;3,00;3938,02;4765,00;JAUREGUY JOSE MARIO;;20,00 %;5;Eliana Huber;54;Poett Dsnf SuadAlg 12/900ml;1312,67;3428;"";ALMACEN;ALMACEN;3876,00;CLAUDIO GARCIA;328,17;$;2;GRUPO AYUDIN ARGENTINA S.A;0,00000000;0,00;Contado;06-10-2026 08:59;;POETT;CLOROX;;CLOROX;PISO;LAGO PUELO;LIMPIEZA;;;25;JOHANA VIGIL;AXUM;;CLOROX;False;132001;0;Lista General;ALMACEN - A;43529;02-10-2026;757-JUAN PABLO JUAREZ;CLOROX;1;0,00000000;1312,67
321087;"AV 14 1282";Varela ;2026-10-05;05-10-2026;01-10-2026;FAC-A0006-00000243;Venta;Empresa LAGOPUELO;34334;3,00;3938,02;4765,00;JAUREGUY JOSE MARIO;;20,00 %;5;Eliana Huber;54;Poett Dsnf SuadBebe 12/900ml;1312,67;3428;"";ALMACEN;ALMACEN;3876,00;CLAUDIO GARCIA;328,17;$;2;GRUPO AYUDIN ARGENTINA S.A;0,00000000;0,00;Contado;06-10-2026 08:59;;POETT;CLOROX;;CLOROX;PISO;LAGO PUELO;LIMPIEZA;;;25;JOHANA VIGIL;AXUM;;CLOROX;False;132001;0;Lista General;ALMACEN - A;43529;02-10-2026;757-JUAN PABLO JUAREZ;CLOROX;1;0,00000000;1312,67
321087;"AV 14 1282";Varela ;2026-10-05;05-10-2026;01-10-2026;FAC-A0006-00000243;Venta;Empresa LAGOPUELO;34342;3,00;3938,02;4765,00;JAUREGUY JOSE MARIO;;20,00 %;5;Eliana Huber;54;Poett Dsnf AlgrDia 12/900ml;1312,67;3428;"";ALMACEN;ALMACEN;3876,00;CLAUDIO GARCIA;328,17;$;2;GRUPO AYUDIN ARGENTINA S.A;0,00000000;0,00;Contado;06-10-2026 08:59;;POETT;CLOROX;;CLOROX;PISO;LAGO PUELO;LIMPIEZA;;;25;JOHANA VIGIL;AXUM;;CLOROX;False;132001;0;Lista General;ALMACEN - A;43529;02-10-2026;757-JUAN PABLO JUAREZ;CLOROX;1;0,00000000;1312,67
321087;"AV 14 1282";Varela ;2026-10-05;05-10-2026;01-10-2026;FAC-A0006-00000243;Venta;Empresa LAGOPUELO;22057;6,00;9464,28;11451,78;JAUREGUY JOSE MARIO;;0,00 %;5;Eliana Huber;54;Pluz Pino 12/900ml;1577,38;3428;"";ALMACEN;ALMACEN;7116,00;CLAUDIO GARCIA;0,00;$;2;GRUPO AYUDIN ARGENTINA S.A;0,00000000;0,00;Contado;06-10-2026 08:59;;PINO LUZ;CLOROX;;CLOROX;PISO;LAGO PUELO;LIMPIEZA;;;25;JOHANA VIGIL;AXUM;;CLOROX;False;132001;0;Lista General;ALMACEN - A;43529;02-10-2026;757-JUAN PABLO JUAREZ;CLOROX;1;0,00000000;1577,38
2717;"GORRITI 850";FLORENCIO VARELA;2026-10-05;05-10-2026;02-10-2026;FAC-B0006-00000267;Venta;Empresa LAGOPUELO;17927;15,00;12735,00;15409,35;EDUARDO ALBERTO CACERES;;20,00 %;6;Nieves Alegre;65;AYDN LAVDNA OR 15/1L;849,00;3428;"Venta modificada el 2026-10-02 13:40:59";ALMACEN;ALMACEN;12735,00;CLAUDIO GARCIA;212,25;$;2;GRUPO AYUDIN ARGENTINA S.A;0,00000000;0,00;Contado;06-10-2026 08:59;;AYUDIN;CLOROX;;CLOROX;LAVANDINA;LAGO PUELO;LIMPIEZA;;;25;JOHANA VIGIL;AXUM;;CLOROX;False;132352;0;Lista General;ALMACEN - A;43564;02-10-2026;757-JUAN PABLO JUAREZ;CLOROX;1;0,00000000;849,00
2387;"Calle 133 ESQ. 4";Berazategui;2026-10-05;05-10-2026;30-09-2026;FAC-B0002-00016766;Venta;ELEBES;34324;4,00;5250,69;6353,33;GAMBOA BETIANA;;20,00 %;4;Selene Pawlikowski;43;Poett Desinf. Flores de Primavera 900ml;1312,67;3430;"";ALMACEN;ALMACEN;5168,00;LEONARDO SANTA CRUZ;328,17;$;2;GRUPO AYUDIN ARGENTINA S.A;0,00000000;0,00;Contado;06-10-2026 11:13;;POETT;CLOROX;;CLOROX;PISO;LAGO PUELO;LIMPIEZA;;;25;JOHANA VIGIL;AXUM;;CLOROX;False;131439;0;Lista General;ALMACEN - A;43439;02-10-2026;759-GABRIEL PEREZ;CLOROX;1;0,00000000;1312,67
2387;"Calle 133 ESQ. 4";Berazategui;2026-10-05;05-10-2026;30-09-2026;FAC-B0002-00016766;Venta;ELEBES;17927;15,00;12735,00;15409,35;GAMBOA BETIANA;;20,00 %;4;Selene Pawlikowski;43;AYDN LAVDNA OR 15/1L;849,00;3430;"";ALMACEN;ALMACEN;12735,00;LEONARDO SANTA CRUZ;212,25;$;2;GRUPO AYUDIN ARGENTINA S.A;0,00000000;0,00;Contado;06-10-2026 11:13;;AYUDIN;CLOROX;;CLOROX;LAVANDINA;LAGO PUELO;LIMPIEZA;;;25;JOHANA VIGIL;AXUM;;CLOROX;False;131439;0;Lista General;ALMACEN - A;43439;02-10-2026;759-GABRIEL PEREZ;CLOROX;1;0,00000000;849,00
2387;"Calle 133 ESQ. 4";Berazategui;2026-10-05;05-10-2026;30-09-2026;FAC-B0002-00016766;Venta;ELEBES;34320;4,00;5250,69;6353,33;GAMBOA BETIANA;;20,00 %;4;Selene Pawlikowski;43;Poett Desinf. Frescura de Lavanda 900ml;1312,67;3430;"";ALMACEN;ALMACEN;5168,00;LEONARDO SANTA CRUZ;328,17;$;2;GRUPO AYUDIN ARGENTINA S.A;0,00000000;0,00;Contado;06-10-2026 11:13;;POETT;CLOROX;;CLOROX;PISO;LAGO PUELO;LIMPIEZA;;;25;JOHANA VIGIL;AXUM;;CLOROX;False;131439;0;Lista General;ALMACEN - A;43439;02-10-2026;759-GABRIEL PEREZ;CLOROX;1;0,00000000;1312,67
2387;"Calle 133 ESQ. 4";Berazategui;2026-10-05;05-10-2026;30-09-2026;FAC-B0002-00016766;Venta;ELEBES;34336;4,00;5250,69;6353,33;GAMBOA BETIANA;;20,00 %;4;Selene Pawlikowski;43;Poett Dsnf SuadAlg 12/900ml;1312,67;3430;"";ALMACEN;ALMACEN;5168,00;LEONARDO SANTA CRUZ;328,17;$;2;GRUPO AYUDIN ARGENTINA S.A;0,00000000;0,00;Contado;06-10-2026 11:13;;POETT;CLOROX;;CLOROX;PISO;LAGO PUELO;LIMPIEZA;;;25;JOHANA VIGIL;AXUM;;CLOROX;False;131439;0;Lista General;ALMACEN - A;43439;02-10-2026;759-GABRIEL PEREZ;CLOROX;1;0,00000000;1312,67
23096;"MIGUEL CANE - (KIOSCOS/MAXI) 1105";GLEW;2026-10-05;05-10-2026;02-10-2026;FAC-B0006-00000271;Venta;Empresa LAGOPUELO;18026;3,00;7714,20;9334,18;NAIR FEDERICO;;0,00 %;061;Nailah Guzman;0615;Aydn Dsnf PstWC 36/16g                  ;2571,40;3433;"Venta modificada el 2026-10-02 12:30:36";KIOSCO;KIOSCO;5934,00;WALTER JANIUK;0,00;$;2;GRUPO AYUDIN ARGENTINA S.A;0,00000000;0,00;Contado;06-10-2026 08:52;;AYUDIN;CLOROX;;CLOROX;COCINA;LAGO PUELO;LIMPIEZA;;;300;Bruno Centurion;AXUM;;CLOROX;False;132576;0;Lista General;KIOSCO - A;43221;02-10-2026;759-GABRIEL PEREZ;CLOROX;1;0,00000000;2571,40
668;"Cortez 12";Avellaneda;2026-10-05;05-10-2026;02-10-2026;FAC-A0006-00000247;Venta;Empresa LAGOPUELO;34320;4,00;5250,69;6353,33;AlmacÈn Tatiana;;20,00 %;26;Sabrina Pereyra;265;Poett Desinf. Frescura de Lavanda 900ml;1312,67;3424;"Venta modificada el 2026-10-02 11:44:52";ALMACEN;ALMACEN;5168,00;Marcos Sanchez;328,17;$;2;GRUPO AYUDIN ARGENTINA S.A;0,00000000;0,00;Efectivo;06-10-2026 07:35;;POETT;CLOROX;;CLOROX;PISO;LAGO PUELO;LIMPIEZA;;;25;JOHANA VIGIL;AXUM;;CLOROX;False;132276;0;Lista General;ALMACEN - A;43089;02-10-2026;5553-JORGE MONZON;CLOROX;1;0,00000000;1312,67
668;"Cortez 12";Avellaneda;2026-10-05;05-10-2026;02-10-2026;FAC-A0006-00000247;Venta;Empresa LAGOPUELO;34324;4,00;5250,69;6353,33;AlmacÈn Tatiana;;20,00 %;26;Sabrina Pereyra;265;Poett Desinf. Flores de Primavera 900ml;1312,67;3424;"Venta modificada el 2026-10-02 11:44:52";ALMACEN;ALMACEN;5168,00;Marcos Sanchez;328,17;$;2;GRUPO AYUDIN ARGENTINA S.A;0,00000000;0,00;Efectivo;06-10-2026 07:35;;POETT;CLOROX;;CLOROX;PISO;LAGO PUELO;LIMPIEZA;;;25;JOHANA VIGIL;AXUM;;CLOROX;False;132276;0;Lista General;ALMACEN - A;43089;02-10-2026;5553-JORGE MONZON;CLOROX;1;0,00000000;1312,67
668;"Cortez 12";Avellaneda;2026-10-05;05-10-2026;02-10-2026;FAC-A0006-00000247;Venta;Empresa LAGOPUELO;60386;4,00;5250,69;6353,33;AlmacÈn Tatiana;;20,00 %;26;Sabrina Pereyra;265;Poett EsptPly 12/900ml;1312,67;3424;"Venta modificada el 2026-10-02 11:44:52";ALMACEN;ALMACEN;5168,00;Marcos Sanchez;328,17;$;2;GRUPO AYUDIN ARGENTINA S.A;0,00000000;0,00;Efectivo;06-10-2026 07:35;;POETT;CLOROX;;CLOROX;PISO;LAGO PUELO;LIMPIEZA;;;25;JOHANA VIGIL;AXUM;;CLOROX;False;132276;0;Lista General;ALMACEN - A;43089;02-10-2026;5553-JORGE MONZON;CLOROX;1;0,00000000;1312,67
29518;"MOLDES E/DE LA PE√‚ÄòA Y DARDO ROCHA - (AUTOSERVICIOS) 683";LLAVALLOL;2026-10-05;02-10-2026;05-10-2026;NCR-B0002-00005646;DevoluciÛn por Rechazo;ELEBES;33576;-2,00;-3795,82;-4592,94;ISABEL PITINOS;ROTO;0,00 %;074;Romina Baez;0743;Aydn Ropa BlncSprms DoyPk 16/400ml;1897,91;3410;"";ALMACEN;ALMACEN;-2854,00;MARIANO SOSA;0,00;$;2;GRUPO AYUDIN ARGENTINA S.A;0,00000000;0,00;Contado;05-10-2026 10:12;;AYUDIN;CLOROX;;CLOROX;LAVADO DE ROPA;LAGO PUELO;LIMPIEZA;;;300;Bruno Centurion;Gescom;FAC-B0002-00016688;;True;132934;0;Lista General;ALMACEN - A;;01-01-2000;;CLOROX;1;0,00000000;1897,91
313;"CALLE 151 1234";Berazategui;2026-10-05;02-10-2026;02-10-2026;FAC-B0002-00016780;Venta;ELEBES;17927;1,00;955,13;1155,70;BRUNO CENTURION;;10,00 %;16;VENDEDOR DEPOSITO;201;AYDN LAVDNA OR 15/1L;955,13;3414;"";Empleados;Empleados;849,00;PEDIDOS INTERNOS;106,13;$;2;GRUPO AYUDIN ARGENTINA S.A;0,00000000;0,00;7 dÌas fecha de factura;;;AYUDIN;CLOROX;;CLOROX;LAVANDINA;LAGO PUELO;LIMPIEZA;;;;;Gescom;;;False;132257;1;Lista General;Empleados - A;44130;06-10-2026;13-PREPARADOR 1;CLOROX;1;0,00000000;955,13
2100;"Calle 142B N 3150";Berazategui;2026-10-06;06-10-2026;05-10-2026;FAC-A0001-00343410;Venta;LAGOPUELO S.A;17927;15,00;12735,00;15409,35;COZZARIN ESTELA ELIZABETH;;20,00 %;4;Selene Pawlikowski;41;AYDN LAVDNA OR 15/1L;849,00;3443;"";AUTOSERVICIO;AUTOSERVICIO;12735,00;JUAN ESCOTO;212,25;$;2;GRUPO AYUDIN ARGENTINA S.A;0,00000000;0,00;Contado;07-10-2026 08:13;;AYUDIN;CLOROX;;CLOROX;LAVANDINA;LAGO PUELO;LIMPIEZA;;;25;JOHANA VIGIL;AXUM;;CLOROX;False;132823;0;Lista General;AUTOSERVICIO - A;43813;05-10-2026;757-JUAN PABLO JUAREZ;CLOROX;1;0,00000000;849,00
2100;"Calle 142B N 3150";Berazategui;2026-10-06;06-10-2026;05-10-2026;FAC-A0001-00343410;Venta;LAGOPUELO S.A;36003;8,00;13912,00;16833,52;COZZARIN ESTELA ELIZABETH;;20,00 %;4;Selene Pawlikowski;41;AYDN LAVDNA OR 25g/l 8/2l;1739,00;3443;"";AUTOSERVICIO;AUTOSERVICIO;13912,00;JUAN ESCOTO;434,75;$;2;GRUPO AYUDIN ARGENTINA S.A;0,00000000;0,00;Contado;07-10-2026 08:13;;AYUDIN;CLOROX;;CLOROX;LAVANDINA;LAGO PUELO;LIMPIEZA;;;25;JOHANA VIGIL;AXUM;;CLOROX;False;132823;0;Lista General;AUTOSERVICIO - A;43813;05-10-2026;757-JUAN PABLO JUAREZ;CLOROX;1;0,00000000;1739,00
2100;"Calle 142B N 3150";Berazategui;2026-10-06;06-10-2026;05-10-2026;FAC-A0001-00343410;Venta;LAGOPUELO S.A;34320;12,00;15752,06;19060,00;COZZARIN ESTELA ELIZABETH;;20,00 %;4;Selene Pawlikowski;41;Poett Desinf. Frescura de Lavanda 900ml;1312,67;3443;"";AUTOSERVICIO;AUTOSERVICIO;15504,00;JUAN ESCOTO;328,17;$;2;GRUPO AYUDIN ARGENTINA S.A;0,00000000;0,00;Contado;07-10-2026 08:13;;POETT;CLOROX;;CLOROX;PISO;LAGO PUELO;LIMPIEZA;;;25;JOHANA VIGIL;AXUM;;CLOROX;False;132823;0;Lista General;AUTOSERVICIO - A;43813;05-10-2026;757-JUAN PABLO JUAREZ;CLOROX;1;0,00000000;1312,67
2100;"Calle 142B N 3150";Berazategui;2026-10-06;06-10-2026;05-10-2026;FAC-A0001-00343410;Venta;LAGOPUELO S.A;34334;12,00;15752,06;19060,00;COZZARIN ESTELA ELIZABETH;;20,00 %;4;Selene Pawlikowski;41;Poett Dsnf SuadBebe 12/900ml;1312,67;3443;"";AUTOSERVICIO;AUTOSERVICIO;15504,00;JUAN ESCOTO;328,17;$;2;GRUPO AYUDIN ARGENTINA S.A;0,00000000;0,00;Contado;07-10-2026 08:13;;POETT;CLOROX;;CLOROX;PISO;LAGO PUELO;LIMPIEZA;;;25;JOHANA VIGIL;AXUM;;CLOROX;False;132823;0;Lista General;AUTOSERVICIO - A;43813;05-10-2026;757-JUAN PABLO JUAREZ;CLOROX;1;0,00000000;1312,67
2100;"Calle 142B N 3150";Berazategui;2026-10-06;06-10-2026;05-10-2026;FAC-A0001-00343410;Venta;LAGOPUELO S.A;18098;12,00;18241,20;22071,85;COZZARIN ESTELA ELIZABETH;;0,00 %;4;Selene Pawlikowski;41;Mort Esp DobCara 4/24c                  ;1520,10;3443;"";AUTOSERVICIO;AUTOSERVICIO;13512,00;JUAN ESCOTO;0,00;$;2;GRUPO AYUDIN ARGENTINA S.A;0,00000000;0,00;Contado;07-10-2026 08:13;;MORTIMER;CLOROX;;CLOROX;MORTIMER;LAGO PUELO;LIMPIEZA;;;25;JOHANA VIGIL;AXUM;;CLOROX;False;132823;0;Lista General;AUTOSERVICIO - A;43813;05-10-2026;757-JUAN PABLO JUAREZ;CLOROX;1;0,00000000;1520,10
1225;"Calle 137 Y AV. EVA PERON 1";Berazategui;2026-10-06;06-10-2026;05-10-2026;FAC-A0001-00343414;Venta;LAGOPUELO S.A;17927;150,00;127350,00;154093,50;SUPERMERCADOS LOS ANGELES SA†††††††††;;20,00 %;051;Ezequiel Valente;0511;AYDN LAVDNA OR 15/1L;849,00;3443;"Venta modificada el 2026-10-05 17:15:52";AUTOSERVICIO;AUTOSERVICIO;127350,00;JUAN ESCOTO;212,25;$;2;GRUPO AYUDIN ARGENTINA S.A;0,00000000;0,00;Contado;07-10-2026 08:13;;AYUDIN;CLOROX;;CLOROX;LAVANDINA;LAGO PUELO;LIMPIEZA;;;300;Bruno Centurion;AXUM;;CLOROX;False;132901;0;Lista General;AUTOSERVICIO - A;43817;05-10-2026;757-JUAN PABLO JUAREZ;CLOROX;1;0,00000000;849,00
1225;"Calle 137 Y AV. EVA PERON 1";Berazategui;2026-10-06;06-10-2026;05-10-2026;FAC-A0001-00343414;Venta;LAGOPUELO S.A;36003;80,00;139120,00;168335,20;SUPERMERCADOS LOS ANGELES SA†††††††††;;20,00 %;051;Ezequiel Valente;0511;AYDN LAVDNA OR 25g/l 8/2l;1739,00;3443;"Venta modificada el 2026-10-05 17:15:52";AUTOSERVICIO;AUTOSERVICIO;139120,00;JUAN ESCOTO;434,75;$;2;GRUPO AYUDIN ARGENTINA S.A;0,00000000;0,00;Contado;07-10-2026 08:13;;AYUDIN;CLOROX;;CLOROX;LAVANDINA;LAGO PUELO;LIMPIEZA;;;300;Bruno Centurion;AXUM;;CLOROX;False;132901;0;Lista General;AUTOSERVICIO - A;43817;05-10-2026;757-JUAN PABLO JUAREZ;CLOROX;1;0,00000000;1739,00
1225;"Calle 137 Y AV. EVA PERON 1";Berazategui;2026-10-06;06-10-2026;05-10-2026;FAC-A0001-00343414;Venta;LAGOPUELO S.A;36004;15,00;60951,15;73750,89;SUPERMERCADOS LOS ANGELES SA†††††††††;;10,00 %;051;Ezequiel Valente;0511;AYDN LAVDNA OR 25 g/l 3/4l;4063,41;3443;"Venta modificada el 2026-10-05 17:15:52";AUTOSERVICIO;AUTOSERVICIO;52095,00;JUAN ESCOTO;451,49;$;2;GRUPO AYUDIN ARGENTINA S.A;0,00000000;0,00;Contado;07-10-2026 08:13;;AYUDIN;CLOROX;;CLOROX;LAVANDINA;LAGO PUELO;LIMPIEZA;;;300;Bruno Centurion;AXUM;;CLOROX;False;132901;0;Lista General;AUTOSERVICIO - A;43817;05-10-2026;757-JUAN PABLO JUAREZ;CLOROX;1;0,00000000;4063,41
1225;"Calle 137 Y AV. EVA PERON 1";Berazategui;2026-10-06;06-10-2026;05-10-2026;FAC-A0001-00343414;Venta;LAGOPUELO S.A;60227;24,00;58743,36;71079,47;SUPERMERCADOS LOS ANGELES SA†††††††††;;10,00 %;051;Ezequiel Valente;0511;Aydn PurGlac TriPod 8/2l GP2;2447,64;3443;"Venta modificada el 2026-10-05 17:15:52";AUTOSERVICIO;AUTOSERVICIO;50208,00;JUAN ESCOTO;271,96;$;2;GRUPO AYUDIN ARGENTINA S.A;0,00000000;0,00;Contado;07-10-2026 08:13;;AYUDIN;CLOROX;;CLOROX;LAVANDINA;LAGO PUELO;LIMPIEZA;;;300;Bruno Centurion;AXUM;;CLOROX;False;132901;0;Lista General;AUTOSERVICIO - A;43817;05-10-2026;757-JUAN PABLO JUAREZ;CLOROX;1;0,00000000;2447,64
1225;"Calle 137 Y AV. EVA PERON 1";Berazategui;2026-10-06;06-10-2026;05-10-2026;FAC-A0001-00343414;Venta;LAGOPUELO S.A;60228;15,00;73885,50;89401,46;SUPERMERCADOS LOS ANGELES SA†††††††††;;10,00 %;051;Ezequiel Valente;0511;Aydn PurGlac TriPod 3/4l GP2;4925,70;3443;"Venta modificada el 2026-10-05 17:15:52";AUTOSERVICIO;AUTOSERVICIO;63150,00;JUAN ESCOTO;547,30;$;2;GRUPO AYUDIN ARGENTINA S.A;0,00000000;0,00;Contado;07-10-2026 08:13;;AYUDIN;CLOROX;;CLOROX;LAVANDINA;LAGO PUELO;LIMPIEZA;;;300;Bruno Centurion;AXUM;;CLOROX;False;132901;0;Lista General;AUTOSERVICIO - A;43817;05-10-2026;757-JUAN PABLO JUAREZ;CLOROX;1;0,00000000;4925,70
1225;"Calle 137 Y AV. EVA PERON 1";Berazategui;2026-10-06;06-10-2026;05-10-2026;FAC-A0001-00343414;Venta;LAGOPUELO S.A;60233;15,00;37086,05;44874,12;SUPERMERCADOS LOS ANGELES SA†††††††††;;15,00 %;051;Ezequiel Valente;0511;Aydn Lavdna Gel Or 15/700ml GP2;2472,40;3443;"Venta modificada el 2026-10-05 17:15:52";AUTOSERVICIO;AUTOSERVICIO;32805,00;JUAN ESCOTO;436,31;$;2;GRUPO AYUDIN ARGENTINA S.A;0,00000000;0,00;Contado;07-10-2026 08:13;;AYUDIN;CLOROX;;CLOROX;LAVANDINA;LAGO PUELO;LIMPIEZA;;;300;Bruno Centurion;AXUM;;CLOROX;False;132901;0;Lista General;AUTOSERVICIO - A;43817;05-10-2026;757-JUAN PABLO JUAREZ;CLOROX;1;0,00000000;2472,40
1225;"Calle 137 Y AV. EVA PERON 1";Berazategui;2026-10-06;06-10-2026;05-10-2026;FAC-A0001-00343414;Venta;LAGOPUELO S.A;60239;15,00;37086,05;44874,12;SUPERMERCADOS LOS ANGELES SA†††††††††;;15,00 %;051;Ezequiel Valente;0511;Aydn Lavdna Gel MntFrs 15/700ml GP2;2472,40;3443;"Venta modificada el 2026-10-05 17:15:52";AUTOSERVICIO;AUTOSERVICIO;32805,00;JUAN ESCOTO;436,31;$;2;GRUPO AYUDIN ARGENTINA S.A;0,00000000;0,00;Contado;07-10-2026 08:13;;AYUDIN;CLOROX;;CLOROX;LAVANDINA;LAGO PUELO;LIMPIEZA;;;300;Bruno Centurion;AXUM;;CLOROX;False;132901;0;Lista General;AUTOSERVICIO - A;43817;05-10-2026;757-JUAN PABLO JUAREZ;CLOROX;1;0,00000000;2472,40
1225;"Calle 137 Y AV. EVA PERON 1";Berazategui;2026-10-06;06-10-2026;05-10-2026;FAC-A0001-00343414;Venta;LAGOPUELO S.A;34324;24,00;31504,13;38119,99;SUPERMERCADOS LOS ANGELES SA†††††††††;;20,00 %;051;Ezequiel Valente;0511;Poett Desinf. Flores de Primavera 900ml;1312,67;3443;"Venta modificada el 2026-10-05 17:15:52";AUTOSERVICIO;AUTOSERVICIO;31008,00;JUAN ESCOTO;328,17;$;2;GRUPO AYUDIN ARGENTINA S.A;0,00000000;0,00;Contado;07-10-2026 08:13;;POETT;CLOROX;;CLOROX;PISO;LAGO PUELO;LIMPIEZA;;;300;Bruno Centurion;AXUM;;CLOROX;False;132901;0;Lista General;AUTOSERVICIO - A;43817;05-10-2026;757-JUAN PABLO JUAREZ;CLOROX;1;0,00000000;1312,67
1225;"Calle 137 Y AV. EVA PERON 1";Berazategui;2026-10-06;06-10-2026;05-10-2026;FAC-A0001-00343414;Venta;LAGOPUELO S.A;34327;12,00;15752,06;19060,00;SUPERMERCADOS LOS ANGELES SA†††††††††;;20,00 %;051;Ezequiel Valente;0511;Poett Desinf. Solo para ti 900ml;1312,67;3443;"Venta modificada el 2026-10-05 17:15:52";AUTOSERVICIO;AUTOSERVICIO;15504,00;JUAN ESCOTO;328,17;$;2;GRUPO AYUDIN ARGENTINA S.A;0,00000000;0,00;Contado;07-10-2026 08:13;;POETT;CLOROX;;CLOROX;PISO;LAGO PUELO;LIMPIEZA;;;300;Bruno Centurion;AXUM;;CLOROX;False;132901;0;Lista General;AUTOSERVICIO - A;43817;05-10-2026;757-JUAN PABLO JUAREZ;CLOROX;1;0,00000000;1312,67
1225;"Calle 137 Y AV. EVA PERON 1";Berazategui;2026-10-06;06-10-2026;05-10-2026;FAC-A0001-00343414;Venta;LAGOPUELO S.A;34334;24,00;31504,13;38119,99;SUPERMERCADOS LOS ANGELES SA†††††††††;;20,00 %;051;Ezequiel Valente;0511;Poett Dsnf SuadBebe 12/900ml;1312,67;3443;"Venta modificada el 2026-10-05 17:15:52";AUTOSERVICIO;AUTOSERVICIO;31008,00;JUAN ESCOTO;328,17;$;2;GRUPO AYUDIN ARGENTINA S.A;0,00000000;0,00;Contado;07-10-2026 08:13;;POETT;CLOROX;;CLOROX;PISO;LAGO PUELO;LIMPIEZA;;;300;Bruno Centurion;AXUM;;CLOROX;False;132901;0;Lista General;AUTOSERVICIO - A;43817;05-10-2026;757-JUAN PABLO JUAREZ;CLOROX;1;0,00000000;1312,67
1225;"Calle 137 Y AV. EVA PERON 1";Berazategui;2026-10-06;06-10-2026;05-10-2026;FAC-A0001-00343414;Venta;LAGOPUELO S.A;34336;10,00;13126,72;15883,33;SUPERMERCADOS LOS ANGELES SA†††††††††;;20,00 %;051;Ezequiel Valente;0511;Poett Dsnf SuadAlg 12/900ml;1312,67;3443;"Venta modificada el 2026-10-05 17:15:52";AUTOSERVICIO;AUTOSERVICIO;12920,00;JUAN ESCOTO;328,17;$;2;GRUPO AYUDIN ARGENTINA S.A;0,00000000;0,00;Contado;07-10-2026 08:13;;POETT;CLOROX;;CLOROX;PISO;LAGO PUELO;LIMPIEZA;;;300;Bruno Centurion;AXUM;;CLOROX;False;132901;0;Lista General;AUTOSERVICIO - A;43817;05-10-2026;757-JUAN PABLO JUAREZ;CLOROX;1;0,00000000;1312,67
1225;"Calle 137 Y AV. EVA PERON 1";Berazategui;2026-10-06;06-10-2026;05-10-2026;FAC-A0001-00343414;Venta;LAGOPUELO S.A;34342;24,00;31504,13;38119,99;SUPERMERCADOS LOS ANGELES SA†††††††††;;20,00 %;051;Ezequiel Valente;0511;Poett Dsnf AlgrDia 12/900ml;1312,67;3443;"Venta modificada el 2026-10-05 17:15:52";AUTOSERVICIO;AUTOSERVICIO;31008,00;JUAN ESCOTO;328,17;$;2;GRUPO AYUDIN ARGENTINA S.A;0,00000000;0,00;Contado;07-10-2026 08:13;;POETT;CLOROX;;CLOROX;PISO;LAGO PUELO;LIMPIEZA;;;300;Bruno Centurion;AXUM;;CLOROX;False;132901;0;Lista General;AUTOSERVICIO - A;43817;05-10-2026;757-JUAN PABLO JUAREZ;CLOROX;1;0,00000000;1312,67
1225;"Calle 137 Y AV. EVA PERON 1";Berazategui;2026-10-06;06-10-2026;05-10-2026;FAC-A0001-00343414;Venta;LAGOPUELO S.A;60386;24,00;31504,13;38119,99;SUPERMERCADOS LOS ANGELES SA†††††††††;;20,00 %;051;Ezequiel Valente;0511;Poett EsptPly 12/900ml;1312,67;3443;"Venta modificada el 2026-10-05 17:15:52";AUTOSERVICIO;AUTOSERVICIO;31008,00;JUAN ESCOTO;328,17;$;2;GRUPO AYUDIN ARGENTINA S.A;0,00000000;0,00;Contado;07-10-2026 08:13;;POETT;CLOROX;;CLOROX;PISO;LAGO PUELO;LIMPIEZA;;;300;Bruno Centurion;AXUM;;CLOROX;False;132901;0;Lista General;AUTOSERVICIO - A;43817;05-10-2026;757-JUAN PABLO JUAREZ;CLOROX;1;0,00000000;1312,67
1225;"Calle 137 Y AV. EVA PERON 1";Berazategui;2026-10-06;06-10-2026;05-10-2026;FAC-A0001-00343414;Venta;LAGOPUELO S.A;34322;15,00;106450,50;128805,11;SUPERMERCADOS LOS ANGELES SA†††††††††;;0,00 %;051;Ezequiel Valente;0511;Poett Deinf. Frescura de Lavanda 4L;7096,70;3443;"Venta modificada el 2026-10-05 17:15:52";AUTOSERVICIO;AUTOSERVICIO;81885,00;JUAN ESCOTO;0,00;$;2;GRUPO AYUDIN ARGENTINA S.A;0,00000000;0,00;Contado;07-10-2026 08:13;;POETT;CLOROX;;CLOROX;PISO;LAGO PUELO;LIMPIEZA;;;300;Bruno Centurion;AXUM;;CLOROX;False;132901;0;Lista General;AUTOSERVICIO - A;43817;05-10-2026;757-JUAN PABLO JUAREZ;CLOROX;1;0,00000000;7096,70
1225;"Calle 137 Y AV. EVA PERON 1";Berazategui;2026-10-06;06-10-2026;05-10-2026;FAC-A0001-00343414;Venta;LAGOPUELO S.A;61576;16,00;25140,96;30420,56;SUPERMERCADOS LOS ANGELES SA†††††††††;;10,00 %;051;Ezequiel Valente;0511;Aydn Bn Limp† Act Or DoyPk 16/450ml;1571,31;3443;"Venta modificada el 2026-10-05 17:15:52";AUTOSERVICIO;AUTOSERVICIO;21488,00;JUAN ESCOTO;174,59;$;2;GRUPO AYUDIN ARGENTINA S.A;0,00000000;0,00;Contado;07-10-2026 08:13;;AYUDIN;CLOROX;;CLOROX;BAÒO;LAGO PUELO;LIMPIEZA;;;300;Bruno Centurion;AXUM;;CLOROX;False;132901;0;Lista General;AUTOSERVICIO - A;43817;05-10-2026;757-JUAN PABLO JUAREZ;CLOROX;1;0,00000000;1571,31
1225;"Calle 137 Y AV. EVA PERON 1";Berazategui;2026-10-06;06-10-2026;05-10-2026;FAC-A0001-00343414;Venta;LAGOPUELO S.A;61046;30,00;48964,50;59247,05;SUPERMERCADOS LOS ANGELES SA†††††††††;;10,00 %;051;Ezequiel Valente;0511;Aydn RopQuitMnch BlncInt 15/1l;1632,15;3443;"Venta modificada el 2026-10-05 17:15:52";AUTOSERVICIO;AUTOSERVICIO;41850,00;JUAN ESCOTO;181,35;$;2;GRUPO AYUDIN ARGENTINA S.A;0,00000000;0,00;Contado;07-10-2026 08:13;;AYUDIN;CLOROX;;CLOROX;LAVADO DE ROPA;LAGO PUELO;LIMPIEZA;;;300;Bruno Centurion;AXUM;;CLOROX;False;132901;0;Lista General;AUTOSERVICIO - A;43817;05-10-2026;757-JUAN PABLO JUAREZ;CLOROX;1;0,00000000;1632,15
1225;"Calle 137 Y AV. EVA PERON 1";Berazategui;2026-10-06;06-10-2026;05-10-2026;FAC-A0001-00343414;Venta;LAGOPUELO S.A;61047;16,00;51985,44;62902,38;SUPERMERCADOS LOS ANGELES SA†††††††††;;10,00 %;051;Ezequiel Valente;0511;Aydn RopQuitMnch BlncInt 8/2l;3249,09;3443;"Venta modificada el 2026-10-05 17:15:52";AUTOSERVICIO;AUTOSERVICIO;44432,00;JUAN ESCOTO;361,01;$;2;GRUPO AYUDIN ARGENTINA S.A;0,00000000;0,00;Contado;07-10-2026 08:13;;AYUDIN;CLOROX;;CLOROX;LAVADO DE ROPA;LAGO PUELO;LIMPIEZA;;;300;Bruno Centurion;AXUM;;CLOROX;False;132901;0;Lista General;AUTOSERVICIO - A;43817;05-10-2026;757-JUAN PABLO JUAREZ;CLOROX;1;0,00000000;3249,09
1225;"Calle 137 Y AV. EVA PERON 1";Berazategui;2026-10-06;06-10-2026;05-10-2026;FAC-A0001-00343414;Venta;LAGOPUELO S.A;33578;12,00;33855,95;40965,70;SUPERMERCADOS LOS ANGELES SA†††††††††;;10,00 %;051;Ezequiel Valente;0511;Aydn Ropa BlncSprms DoyPk 12/650ml;2821,33;3443;"Venta modificada el 2026-10-05 17:15:52";AUTOSERVICIO;AUTOSERVICIO;28284,00;JUAN ESCOTO;313,48;$;2;GRUPO AYUDIN ARGENTINA S.A;0,00000000;0,00;Contado;07-10-2026 08:13;;AYUDIN;CLOROX;;CLOROX;LAVADO DE ROPA;LAGO PUELO;LIMPIEZA;;;300;Bruno Centurion;AXUM;;CLOROX;False;132901;0;Lista General;AUTOSERVICIO - A;43817;05-10-2026;757-JUAN PABLO JUAREZ;CLOROX;1;0,00000000;2821,33
1225;"Calle 137 Y AV. EVA PERON 1";Berazategui;2026-10-06;06-10-2026;05-10-2026;FAC-A0001-00343414;Venta;LAGOPUELO S.A;33575;32,00;54659,81;66138,37;SUPERMERCADOS LOS ANGELES SA†††††††††;;10,00 %;051;Ezequiel Valente;0511;Aydn Ropa ClrViv DoyPk 16/400ml;1708,12;3443;"Venta modificada el 2026-10-05 17:15:52";AUTOSERVICIO;AUTOSERVICIO;45664,00;JUAN ESCOTO;189,79;$;2;GRUPO AYUDIN ARGENTINA S.A;0,00000000;0,00;Contado;07-10-2026 08:13;;AYUDIN;CLOROX;;CLOROX;LAVADO DE ROPA;LAGO PUELO;LIMPIEZA;;;300;Bruno Centurion;AXUM;;CLOROX;False;132901;0;Lista General;AUTOSERVICIO - A;43817;05-10-2026;757-JUAN PABLO JUAREZ;CLOROX;1;0,00000000;1708,12
1225;"Calle 137 Y AV. EVA PERON 1";Berazategui;2026-10-06;06-10-2026;05-10-2026;FAC-A0001-00343414;Venta;LAGOPUELO S.A;33577;12,00;33855,95;40965,70;SUPERMERCADOS LOS ANGELES SA†††††††††;;10,00 %;051;Ezequiel Valente;0511;Aydn Ropa ClrViv DoyPk 12/650ml;2821,33;3443;"Venta modificada el 2026-10-05 17:15:52";AUTOSERVICIO;AUTOSERVICIO;28284,00;JUAN ESCOTO;313,48;$;2;GRUPO AYUDIN ARGENTINA S.A;0,00000000;0,00;Contado;07-10-2026 08:13;;AYUDIN;CLOROX;;CLOROX;LAVADO DE ROPA;LAGO PUELO;LIMPIEZA;;;300;Bruno Centurion;AXUM;;CLOROX;False;132901;0;Lista General;AUTOSERVICIO - A;43817;05-10-2026;757-JUAN PABLO JUAREZ;CLOROX;1;0,00000000;2821,33
1225;"Calle 137 Y AV. EVA PERON 1";Berazategui;2026-10-06;06-10-2026;05-10-2026;FAC-A0001-00343414;Venta;LAGOPUELO S.A;32288;16,00;26488,80;32051,45;SUPERMERCADOS LOS ANGELES SA†††††††††;;10,00 %;051;Ezequiel Valente;0511;Tren Oxi DoyPk 16/400ml                 ;1655,55;3443;"Venta modificada el 2026-10-05 17:15:52";AUTOSERVICIO;AUTOSERVICIO;22640,00;JUAN ESCOTO;183,95;$;2;GRUPO AYUDIN ARGENTINA S.A;0,00000000;0,00;Contado;07-10-2026 08:13;;TRENET;CLOROX;;CLOROX;LAVADO DE ROPA;LAGO PUELO;LIMPIEZA;;;300;Bruno Centurion;AXUM;;CLOROX;False;132901;0;Lista General;AUTOSERVICIO - A;43817;05-10-2026;757-JUAN PABLO JUAREZ;CLOROX;1;0,00000000;1655,55
1499;"CALLE 155 1765";BERAZATEGUI;2026-10-06;06-10-2026;05-10-2026;FAC-A0001-00343416;Venta;LAGOPUELO S.A;18026;6,00;15428,40;18668,36;POMBO HORACIO NORBERTO††††††††††;;0,00 %;5;Eliana Huber;51;Aydn Dsnf PstWC 36/16g                  ;2571,40;3443;"";AUTOSERVICIO;AUTOSERVICIO;11868,00;JUAN ESCOTO;0,00;$;2;GRUPO AYUDIN ARGENTINA S.A;0,00000000;0,00;Contado;07-10-2026 08:13;;AYUDIN;CLOROX;;CLOROX;COCINA;LAGO PUELO;LIMPIEZA;;;25;JOHANA VIGIL;AXUM;;CLOROX;False;132926;0;Lista General;AUTOSERVICIO - A;43812;05-10-2026;757-JUAN PABLO JUAREZ;CLOROX;1;0,00000000;2571,40
1227;"Calle 302 Y 359";BERAZATEGUI;2026-10-06;06-10-2026;05-10-2026;FAC-A0001-00343420;Venta;LAGOPUELO S.A;34322;3,00;21290,10;25761,02;SILVA MARISA BEATRIZ††††;;0,00 %;051;Ezequiel Valente;0511;Poett Deinf. Frescura de Lavanda 4L;7096,70;3443;"";AUTOSERVICIO;AUTOSERVICIO;16377,00;JUAN ESCOTO;0,00;$;2;GRUPO AYUDIN ARGENTINA S.A;0,00000000;0,00;2 dÌas fecha de factura;07-10-2026 08:13;;POETT;CLOROX;;CLOROX;PISO;LAGO PUELO;LIMPIEZA;;;300;Bruno Centurion;AXUM;;CLOROX;False;133013;0;Lista General;AUTOSERVICIO - A;43820;05-10-2026;757-JUAN PABLO JUAREZ;CLOROX;1;0,00000000;7096,70
1227;"Calle 302 Y 359";BERAZATEGUI;2026-10-06;06-10-2026;05-10-2026;FAC-A0001-00343420;Venta;LAGOPUELO S.A;60237;5,00;14543,55;17597,70;SILVA MARISA BEATRIZ††††;;0,00 %;051;Ezequiel Valente;0511;Aydn Lavdna Gel Flr 15/700ml GP2;2908,71;3443;"";AUTOSERVICIO;AUTOSERVICIO;10935,00;JUAN ESCOTO;0,00;$;2;GRUPO AYUDIN ARGENTINA S.A;0,00000000;0,00;2 dÌas fecha de factura;07-10-2026 08:13;;AYUDIN;CLOROX;;CLOROX;LAVANDINA;LAGO PUELO;LIMPIEZA;;;300;Bruno Centurion;AXUM;;CLOROX;False;133013;0;Lista General;AUTOSERVICIO - A;43820;05-10-2026;757-JUAN PABLO JUAREZ;CLOROX;1;0,00000000;2908,71
1227;"Calle 302 Y 359";BERAZATEGUI;2026-10-06;06-10-2026;05-10-2026;FAC-A0001-00343420;Venta;LAGOPUELO S.A;34321;8,00;25771,20;31183,15;SILVA MARISA BEATRIZ††††;;0,00 %;051;Ezequiel Valente;0511;Poett Desinf. Frescura de Lavanda 1.8ml;3221,40;3443;"";AUTOSERVICIO;AUTOSERVICIO;19824,00;JUAN ESCOTO;0,00;$;2;GRUPO AYUDIN ARGENTINA S.A;0,00000000;0,00;2 dÌas fecha de factura;07-10-2026 08:13;;POETT;CLOROX;;CLOROX;PISO;LAGO PUELO;LIMPIEZA;;;300;Bruno Centurion;AXUM;;CLOROX;False;133013;0;Lista General;AUTOSERVICIO - A;43820;05-10-2026;757-JUAN PABLO JUAREZ;CLOROX;1;0,00000000;3221,40
2454;"Calle 158 ESQ. 46";PLATANOS;2026-10-06;06-10-2026;05-10-2026;FAC-A0001-00343423;Venta;LAGOPUELO S.A;17927;15,00;12735,00;15409,35;GARIGLIO SANDRA EDITH;;20,00 %;052;Nicole Sosa;0521;AYDN LAVDNA OR 15/1L;849,00;3443;"";AUTOSERVICIO;AUTOSERVICIO;12735,00;JUAN ESCOTO;212,25;$;2;GRUPO AYUDIN ARGENTINA S.A;0,00000000;0,00;Contado;07-10-2026 08:13;;AYUDIN;CLOROX;;CLOROX;LAVANDINA;LAGO PUELO;LIMPIEZA;;;300;Bruno Centurion;AXUM;;CLOROX;False;133032;0;Lista General;AUTOSERVICIO - A;43823;05-10-2026;757-JUAN PABLO JUAREZ;CLOROX;1;0,00000000;849,00
2454;"Calle 158 ESQ. 46";PLATANOS;2026-10-06;06-10-2026;05-10-2026;FAC-A0001-00343423;Venta;LAGOPUELO S.A;36003;8,00;13912,00;16833,52;GARIGLIO SANDRA EDITH;;20,00 %;052;Nicole Sosa;0521;AYDN LAVDNA OR 25g/l 8/2l;1739,00;3443;"";AUTOSERVICIO;AUTOSERVICIO;13912,00;JUAN ESCOTO;434,75;$;2;GRUPO AYUDIN ARGENTINA S.A;0,00000000;0,00;Contado;07-10-2026 08:13;;AYUDIN;CLOROX;;CLOROX;LAVANDINA;LAGO PUELO;LIMPIEZA;;;300;Bruno Centurion;AXUM;;CLOROX;False;133032;0;Lista General;AUTOSERVICIO - A;43823;05-10-2026;757-JUAN PABLO JUAREZ;CLOROX;1;0,00000000;1739,00
2454;"Calle 158 ESQ. 46";PLATANOS;2026-10-06;06-10-2026;05-10-2026;FAC-A0001-00343423;Venta;LAGOPUELO S.A;34320;4,00;5250,69;6353,33;GARIGLIO SANDRA EDITH;;20,00 %;052;Nicole Sosa;0521;Poett Desinf. Frescura de Lavanda 900ml;1312,67;3443;"";AUTOSERVICIO;AUTOSERVICIO;5168,00;JUAN ESCOTO;328,17;$;2;GRUPO AYUDIN ARGENTINA S.A;0,00000000;0,00;Contado;07-10-2026 08:13;;POETT;CLOROX;;CLOROX;PISO;LAGO PUELO;LIMPIEZA;;;300;Bruno Centurion;AXUM;;CLOROX;False;133032;0;Lista General;AUTOSERVICIO - A;43823;05-10-2026;757-JUAN PABLO JUAREZ;CLOROX;1;0,00000000;1312,67
2454;"Calle 158 ESQ. 46";PLATANOS;2026-10-06;06-10-2026;05-10-2026;FAC-A0001-00343423;Venta;LAGOPUELO S.A;34324;4,00;5250,69;6353,33;GARIGLIO SANDRA EDITH;;20,00 %;052;Nicole Sosa;0521;Poett Desinf. Flores de Primavera 900ml;1312,67;3443;"";AUTOSERVICIO;AUTOSERVICIO;5168,00;JUAN ESCOTO;328,17;$;2;GRUPO AYUDIN ARGENTINA S.A;0,00000000;0,00;Contado;07-10-2026 08:13;;POETT;CLOROX;;CLOROX;PISO;LAGO PUELO;LIMPIEZA;;;300;Bruno Centurion;AXUM;;CLOROX;False;133032;0;Lista General;AUTOSERVICIO - A;43823;05-10-2026;757-JUAN PABLO JUAREZ;CLOROX;1;0,00000000;1312,67
2454;"Calle 158 ESQ. 46";PLATANOS;2026-10-06;06-10-2026;05-10-2026;FAC-A0001-00343423;Venta;LAGOPUELO S.A;34338;4,00;5250,69;6353,33;GARIGLIO SANDRA EDITH;;20,00 %;052;Nicole Sosa;0521;Poett Dsnf MscPrmvra 12/900ml;1312,67;3443;"";AUTOSERVICIO;AUTOSERVICIO;5168,00;JUAN ESCOTO;328,17;$;2;GRUPO AYUDIN ARGENTINA S.A;0,00000000;0,00;Contado;07-10-2026 08:13;;POETT;CLOROX;;CLOROX;PISO;LAGO PUELO;LIMPIEZA;;;300;Bruno Centurion;AXUM;;CLOROX;False;133032;0;Lista General;AUTOSERVICIO - A;43823;05-10-2026;757-JUAN PABLO JUAREZ;CLOROX;1;0,00000000;1312,67
2454;"Calle 158 ESQ. 46";PLATANOS;2026-10-06;06-10-2026;05-10-2026;FAC-A0001-00343423;Venta;LAGOPUELO S.A;34334;4,00;5250,69;6353,33;GARIGLIO SANDRA EDITH;;20,00 %;052;Nicole Sosa;0521;Poett Dsnf SuadBebe 12/900ml;1312,67;3443;"";AUTOSERVICIO;AUTOSERVICIO;5168,00;JUAN ESCOTO;328,17;$;2;GRUPO AYUDIN ARGENTINA S.A;0,00000000;0,00;Contado;07-10-2026 08:13;;POETT;CLOROX;;CLOROX;PISO;LAGO PUELO;LIMPIEZA;;;300;Bruno Centurion;AXUM;;CLOROX;False;133032;0;Lista General;AUTOSERVICIO - A;43823;05-10-2026;757-JUAN PABLO JUAREZ;CLOROX;1;0,00000000;1312,67
2454;"Calle 158 ESQ. 46";PLATANOS;2026-10-06;06-10-2026;05-10-2026;FAC-A0001-00343423;Venta;LAGOPUELO S.A;36022;8,00;12956,76;15677,68;GARIGLIO SANDRA EDITH;;10,00 %;052;Nicole Sosa;0521; Mortimer Bolsa Normal x15 ;1619,60;3443;"";AUTOSERVICIO;AUTOSERVICIO;10664,00;JUAN ESCOTO;179,96;$;2;GRUPO AYUDIN ARGENTINA S.A;0,00000000;0,00;Contado;07-10-2026 08:13;;MORTIMER;CLOROX;;CLOROX;MORTIMER;LAGO PUELO;LIMPIEZA;;;300;Bruno Centurion;AXUM;;CLOROX;False;133032;0;Lista General;AUTOSERVICIO - A;43823;05-10-2026;757-JUAN PABLO JUAREZ;CLOROX;1;0,00000000;1619,60
2454;"Calle 158 ESQ. 46";PLATANOS;2026-10-06;06-10-2026;05-10-2026;FAC-A0001-00343423;Venta;LAGOPUELO S.A;36024;4,00;11158,56;13501,86;GARIGLIO SANDRA EDITH;;10,00 %;052;Nicole Sosa;0521; Mortimer Bolsa Mediana x15 ;2789,64;3443;"";AUTOSERVICIO;AUTOSERVICIO;9184,00;JUAN ESCOTO;309,96;$;2;GRUPO AYUDIN ARGENTINA S.A;0,00000000;0,00;Contado;07-10-2026 08:13;;MORTIMER;CLOROX;;CLOROX;MORTIMER;LAGO PUELO;LIMPIEZA;;;300;Bruno Centurion;AXUM;;CLOROX;False;133032;0;Lista General;AUTOSERVICIO - A;43823;05-10-2026;757-JUAN PABLO JUAREZ;CLOROX;1;0,00000000;2789,64
2454;"Calle 158 ESQ. 46";PLATANOS;2026-10-06;06-10-2026;05-10-2026;FAC-A0001-00343423;Venta;LAGOPUELO S.A;60886;6,00;14924,13;18058,20;GARIGLIO SANDRA EDITH;;15,00 %;052;Nicole Sosa;0521;Poett Aer FlrPrm ExtFrag 6/360ml;2487,36;3443;"";AUTOSERVICIO;AUTOSERVICIO;13506,00;JUAN ESCOTO;438,95;$;2;GRUPO AYUDIN ARGENTINA S.A;0,00000000;0,00;Contado;07-10-2026 08:13;;POETT;CLOROX;;CLOROX;AERO POETT;LAGO PUELO;LIMPIEZA;;;300;Bruno Centurion;AXUM;;CLOROX;False;133032;0;Lista General;AUTOSERVICIO - A;43823;05-10-2026;757-JUAN PABLO JUAREZ;CLOROX;1;0,00000000;2487,36
2454;"Calle 158 ESQ. 46";PLATANOS;2026-10-06;06-10-2026;05-10-2026;FAC-A0001-00343423;Venta;LAGOPUELO S.A;50090;6,00;17557,80;21244,94;GARIGLIO SANDRA EDITH;;0,00 %;052;Nicole Sosa;0521;Poett Aer Huellitas 6/360ml;2926,30;3443;"";AUTOSERVICIO;AUTOSERVICIO;13506,00;JUAN ESCOTO;0,00;$;2;GRUPO AYUDIN ARGENTINA S.A;0,00000000;0,00;Contado;07-10-2026 08:13;;POETT;CLOROX;;CLOROX;AERO POETT;LAGO PUELO;LIMPIEZA;;;300;Bruno Centurion;AXUM;;CLOROX;False;133032;0;Lista General;AUTOSERVICIO - A;43823;05-10-2026;757-JUAN PABLO JUAREZ;CLOROX;1;0,00000000;2926,30
2454;"Calle 158 ESQ. 46";PLATANOS;2026-10-06;06-10-2026;05-10-2026;FAC-A0001-00343423;Venta;LAGOPUELO S.A;22963;2,00;8192,60;9913,05;GARIGLIO SANDRA EDITH;;0,00 %;052;Nicole Sosa;0521;Tren Oxi Trig EftEspma 12/500ml         ;4096,30;3443;"";AUTOSERVICIO;AUTOSERVICIO;6302,00;JUAN ESCOTO;0,00;$;2;GRUPO AYUDIN ARGENTINA S.A;0,00000000;0,00;Contado;07-10-2026 08:13;;TRENET;CLOROX;;CLOROX;AERO POETT;LAGO PUELO;LIMPIEZA;;;300;Bruno Centurion;AXUM;;CLOROX;False;133032;0;Lista General;AUTOSERVICIO - A;43823;05-10-2026;757-JUAN PABLO JUAREZ;CLOROX;1;0,00000000;4096,30
1202;"CALLE 24 4705";Berazategui;2026-10-06;06-10-2026;05-10-2026;FAC-A0001-00343426;Venta;LAGOPUELO S.A;60222;15,00;17403,75;21058,54;GUZMAN MERIDA HERNAN†††††††;;15,00 %;4;Selene Pawlikowski;41;Aydn Lavda TriPod 15/1l GP2;1160,25;3443;"";AUTOSERVICIO;AUTOSERVICIO;15750,00;JUAN ESCOTO;204,75;$;2;GRUPO AYUDIN ARGENTINA S.A;0,00000000;0,00;Contado;07-10-2026 08:13;;AYUDIN;CLOROX;;CLOROX;LAVANDINA;LAGO PUELO;LIMPIEZA;;;25;JOHANA VIGIL;AXUM;;CLOROX;False;133062;0;Lista General;AUTOSERVICIO - A;43830;05-10-2026;757-JUAN PABLO JUAREZ;CLOROX;1;0,00000000;1160,25
1202;"CALLE 24 4705";Berazategui;2026-10-06;06-10-2026;05-10-2026;FAC-A0001-00343426;Venta;LAGOPUELO S.A;22057;12,00;18928,56;22903,56;GUZMAN MERIDA HERNAN†††††††;;0,00 %;4;Selene Pawlikowski;41;Pluz Pino 12/900ml;1577,38;3443;"";AUTOSERVICIO;AUTOSERVICIO;14232,00;JUAN ESCOTO;0,00;$;2;GRUPO AYUDIN ARGENTINA S.A;0,00000000;0,00;Contado;07-10-2026 08:13;;PINO LUZ;CLOROX;;CLOROX;PISO;LAGO PUELO;LIMPIEZA;;;25;JOHANA VIGIL;AXUM;;CLOROX;False;133062;0;Lista General;AUTOSERVICIO - A;43830;05-10-2026;757-JUAN PABLO JUAREZ;CLOROX;1;0,00000000;1577,38
1202;"CALLE 24 4705";Berazategui;2026-10-06;06-10-2026;05-10-2026;FAC-A0001-00343426;Venta;LAGOPUELO S.A;32288;16,00;29432,00;35612,72;GUZMAN MERIDA HERNAN†††††††;;0,00 %;4;Selene Pawlikowski;41;Tren Oxi DoyPk 16/400ml                 ;1839,50;3443;"";AUTOSERVICIO;AUTOSERVICIO;22640,00;JUAN ESCOTO;0,00;$;2;GRUPO AYUDIN ARGENTINA S.A;0,00000000;0,00;Contado;07-10-2026 08:13;;TRENET;CLOROX;;CLOROX;LAVADO DE ROPA;LAGO PUELO;LIMPIEZA;;;25;JOHANA VIGIL;AXUM;;CLOROX;False;133062;0;Lista General;AUTOSERVICIO - A;43830;05-10-2026;757-JUAN PABLO JUAREZ;CLOROX;1;0,00000000;1839,50
1202;"CALLE 24 4705";Berazategui;2026-10-06;06-10-2026;05-10-2026;FAC-A0001-00343426;Venta;LAGOPUELO S.A;36004;3,00;13544,70;16389,09;GUZMAN MERIDA HERNAN†††††††;;0,00 %;4;Selene Pawlikowski;41;AYDN LAVDNA OR 25 g/l 3/4l;4514,90;3443;"";AUTOSERVICIO;AUTOSERVICIO;10419,00;JUAN ESCOTO;0,00;$;2;GRUPO AYUDIN ARGENTINA S.A;0,00000000;0,00;Contado;07-10-2026 08:13;;AYUDIN;CLOROX;;CLOROX;LAVANDINA;LAGO PUELO;LIMPIEZA;;;25;JOHANA VIGIL;AXUM;;CLOROX;False;133062;0;Lista General;AUTOSERVICIO - A;43830;05-10-2026;757-JUAN PABLO JUAREZ;CLOROX;1;0,00000000;4514,90
470;"CALLE 161 (e 20 y 21) 2060";Berazategui;2026-10-06;06-10-2026;05-10-2026;FAC-A0001-00343427;Venta;LAGOPUELO S.A;60887;6,00;14924,13;18058,20;Laura Gamarra;;15,00 %;5;Eliana Huber;51;Poett Aer SvdBb ExtFrag 6/360ml;2487,36;3443;"";ALMACEN;ALMACEN;13506,00;JUAN ESCOTO;438,95;$;2;GRUPO AYUDIN ARGENTINA S.A;0,00000000;0,00;Efectivo;07-10-2026 08:13;;POETT;CLOROX;;CLOROX;AERO POETT;LAGO PUELO;LIMPIEZA;;;25;JOHANA VIGIL;AXUM;;CLOROX;False;133132;0;Lista General;ALMACEN - A;43832;05-10-2026;757-JUAN PABLO JUAREZ;CLOROX;1;0,00000000;2487,36
470;"CALLE 161 (e 20 y 21) 2060";Berazategui;2026-10-06;06-10-2026;05-10-2026;FAC-A0001-00343427;Venta;LAGOPUELO S.A;61034;6,00;14924,13;18058,20;Laura Gamarra;;15,00 %;5;Eliana Huber;51;Poett Aer MscPrmvra ExtFrag 6/360ml;2487,36;3443;"";ALMACEN;ALMACEN;13506,00;JUAN ESCOTO;438,95;$;2;GRUPO AYUDIN ARGENTINA S.A;0,00000000;0,00;Efectivo;07-10-2026 08:13;;POETT;CLOROX;;CLOROX;AERO POETT;LAGO PUELO;LIMPIEZA;;;25;JOHANA VIGIL;AXUM;;CLOROX;False;133132;0;Lista General;ALMACEN - A;43832;05-10-2026;757-JUAN PABLO JUAREZ;CLOROX;1;0,00000000;2487,36
470;"CALLE 161 (e 20 y 21) 2060";Berazategui;2026-10-06;06-10-2026;05-10-2026;FAC-A0001-00343427;Venta;LAGOPUELO S.A;60886;6,00;14924,13;18058,20;Laura Gamarra;;15,00 %;5;Eliana Huber;51;Poett Aer FlrPrm ExtFrag 6/360ml;2487,36;3443;"";ALMACEN;ALMACEN;13506,00;JUAN ESCOTO;438,95;$;2;GRUPO AYUDIN ARGENTINA S.A;0,00000000;0,00;Efectivo;07-10-2026 08:13;;POETT;CLOROX;;CLOROX;AERO POETT;LAGO PUELO;LIMPIEZA;;;25;JOHANA VIGIL;AXUM;;CLOROX;False;133132;0;Lista General;ALMACEN - A;43832;05-10-2026;757-JUAN PABLO JUAREZ;CLOROX;1;0,00000000;2487,36
1466;"CALLE 154 3821";Berazategui;2026-10-06;06-10-2026;05-10-2026;FAC-A0001-00343428;Venta;LAGOPUELO S.A;36003;16,00;27824,00;33667,04;BALBUENA HERNAN PABLO;;20,00 %;052;Nicole Sosa;0521;AYDN LAVDNA OR 25g/l 8/2l;1739,00;3443;"";AUTOSERVICIO;AUTOSERVICIO;27824,00;JUAN ESCOTO;434,75;$;2;GRUPO AYUDIN ARGENTINA S.A;0,00000000;0,00;Contado;07-10-2026 08:13;;AYUDIN;CLOROX;;CLOROX;LAVANDINA;LAGO PUELO;LIMPIEZA;;;300;Bruno Centurion;AXUM;;CLOROX;False;133144;0;Lista General;AUTOSERVICIO - A;43833;05-10-2026;757-JUAN PABLO JUAREZ;CLOROX;1;0,00000000;1739,00
1466;"CALLE 154 3821";Berazategui;2026-10-06;06-10-2026;05-10-2026;FAC-A0001-00343428;Venta;LAGOPUELO S.A;60233;6,00;14834,42;17949,65;BALBUENA HERNAN PABLO;;15,00 %;052;Nicole Sosa;0521;Aydn Lavdna Gel Or 15/700ml GP2;2472,40;3443;"";AUTOSERVICIO;AUTOSERVICIO;13122,00;JUAN ESCOTO;436,31;$;2;GRUPO AYUDIN ARGENTINA S.A;0,00000000;0,00;Contado;07-10-2026 08:13;;AYUDIN;CLOROX;;CLOROX;LAVANDINA;LAGO PUELO;LIMPIEZA;;;300;Bruno Centurion;AXUM;;CLOROX;False;133144;0;Lista General;AUTOSERVICIO - A;43833;05-10-2026;757-JUAN PABLO JUAREZ;CLOROX;1;0,00000000;2472,40
1466;"CALLE 154 3821";Berazategui;2026-10-06;06-10-2026;05-10-2026;FAC-A0001-00343428;Venta;LAGOPUELO S.A;34334;6,00;7876,03;9530,00;BALBUENA HERNAN PABLO;;20,00 %;052;Nicole Sosa;0521;Poett Dsnf SuadBebe 12/900ml;1312,67;3443;"";AUTOSERVICIO;AUTOSERVICIO;7752,00;JUAN ESCOTO;328,17;$;2;GRUPO AYUDIN ARGENTINA S.A;0,00000000;0,00;Contado;07-10-2026 08:13;;POETT;CLOROX;;CLOROX;PISO;LAGO PUELO;LIMPIEZA;;;300;Bruno Centurion;AXUM;;CLOROX;False;133144;0;Lista General;AUTOSERVICIO - A;43833;05-10-2026;757-JUAN PABLO JUAREZ;CLOROX;1;0,00000000;1312,67
1466;"CALLE 154 3821";Berazategui;2026-10-06;06-10-2026;05-10-2026;FAC-A0001-00343428;Venta;LAGOPUELO S.A;60386;6,00;7876,03;9530,00;BALBUENA HERNAN PABLO;;20,00 %;052;Nicole Sosa;0521;Poett EsptPly 12/900ml;1312,67;3443;"";AUTOSERVICIO;AUTOSERVICIO;7752,00;JUAN ESCOTO;328,17;$;2;GRUPO AYUDIN ARGENTINA S.A;0,00000000;0,00;Contado;07-10-2026 08:13;;POETT;CLOROX;;CLOROX;PISO;LAGO PUELO;LIMPIEZA;;;300;Bruno Centurion;AXUM;;CLOROX;False;133144;0;Lista General;AUTOSERVICIO - A;43833;05-10-2026;757-JUAN PABLO JUAREZ;CLOROX;1;0,00000000;1312,67
2405;"AV. 33 5840";Berazategui;2026-10-06;06-10-2026;05-10-2026;FAC-A0001-00343434;Venta;LAGOPUELO S.A;34324;3,00;3938,02;4765,00;LUQUE LILIANA;;20,00 %;5;Eliana Huber;51;Poett Desinf. Flores de Primavera 900ml;1312,67;3443;"";ALMACEN;ALMACEN;3876,00;JUAN ESCOTO;328,17;$;2;GRUPO AYUDIN ARGENTINA S.A;0,00000000;0,00;Contado;07-10-2026 08:13;;POETT;CLOROX;;CLOROX;PISO;LAGO PUELO;LIMPIEZA;;;25;JOHANA VIGIL;AXUM;;CLOROX;False;133320;0;Lista General;ALMACEN - A;43844;05-10-2026;757-JUAN PABLO JUAREZ;CLOROX;1;0,00000000;1312,67
2405;"AV. 33 5840";Berazategui;2026-10-06;06-10-2026;05-10-2026;FAC-A0001-00343434;Venta;LAGOPUELO S.A;34342;3,00;3938,02;4765,00;LUQUE LILIANA;;20,00 %;5;Eliana Huber;51;Poett Dsnf AlgrDia 12/900ml;1312,67;3443;"";ALMACEN;ALMACEN;3876,00;JUAN ESCOTO;328,17;$;2;GRUPO AYUDIN ARGENTINA S.A;0,00000000;0,00;Contado;07-10-2026 08:13;;POETT;CLOROX;;CLOROX;PISO;LAGO PUELO;LIMPIEZA;;;25;JOHANA VIGIL;AXUM;;CLOROX;False;133320;0;Lista General;ALMACEN - A;43844;05-10-2026;757-JUAN PABLO JUAREZ;CLOROX;1;0,00000000;1312,67
2405;"AV. 33 5840";Berazategui;2026-10-06;06-10-2026;05-10-2026;FAC-A0001-00343434;Venta;LAGOPUELO S.A;60386;3,00;3938,02;4765,00;LUQUE LILIANA;;20,00 %;5;Eliana Huber;51;Poett EsptPly 12/900ml;1312,67;3443;"";ALMACEN;ALMACEN;3876,00;JUAN ESCOTO;328,17;$;2;GRUPO AYUDIN ARGENTINA S.A;0,00000000;0,00;Contado;07-10-2026 08:13;;POETT;CLOROX;;CLOROX;PISO;LAGO PUELO;LIMPIEZA;;;25;JOHANA VIGIL;AXUM;;CLOROX;False;133320;0;Lista General;ALMACEN - A;43844;05-10-2026;757-JUAN PABLO JUAREZ;CLOROX;1;0,00000000;1312,67
2405;"AV. 33 5840";Berazategui;2026-10-06;06-10-2026;05-10-2026;FAC-A0001-00343434;Venta;LAGOPUELO S.A;34334;3,00;3938,02;4765,00;LUQUE LILIANA;;20,00 %;5;Eliana Huber;51;Poett Dsnf SuadBebe 12/900ml;1312,67;3443;"";ALMACEN;ALMACEN;3876,00;JUAN ESCOTO;328,17;$;2;GRUPO AYUDIN ARGENTINA S.A;0,00000000;0,00;Contado;07-10-2026 08:13;;POETT;CLOROX;;CLOROX;PISO;LAGO PUELO;LIMPIEZA;;;25;JOHANA VIGIL;AXUM;;CLOROX;False;133320;0;Lista General;ALMACEN - A;43844;05-10-2026;757-JUAN PABLO JUAREZ;CLOROX;1;0,00000000;1312,67
4736;"Calle 881 N 4461";solano;2026-10-06;06-10-2026;02-10-2026;FAC-A0001-00343441;Venta;LAGOPUELO S.A;24648;12,00;16598,40;20084,06;Chen Hui;;0,00 %;056;Ezequiel Ferreira;0565;Poett PastDesod Lavda 12/25g GP2;1383,20;3463;"";AUTOSERVICIO;AUTOSERVICIO;12768,00;SIMON OLIVERA;0,00;$;2;GRUPO AYUDIN ARGENTINA S.A;0,00000000;0,00;Contado;;;POETT;CLOROX;;CLOROX;BAÒO;LAGO PUELO;LIMPIEZA;;;300;Bruno Centurion;AXUM;;CLOROX;False;132671;1;Lista General;AUTOSERVICIO - A;43894;05-10-2026;757-JUAN PABLO JUAREZ;CLOROX;1;0,00000000;1383,20
4736;"Calle 881 N 4461";solano;2026-10-06;06-10-2026;02-10-2026;FAC-A0001-00343441;Venta;LAGOPUELO S.A;24649;12,00;16598,40;20084,06;Chen Hui;;0,00 %;056;Ezequiel Ferreira;0565;Poett PastDesod 12/25g GP2;1383,20;3463;"";AUTOSERVICIO;AUTOSERVICIO;12768,00;SIMON OLIVERA;0,00;$;2;GRUPO AYUDIN ARGENTINA S.A;0,00000000;0,00;Contado;;;POETT;CLOROX;;CLOROX;BAÒO;LAGO PUELO;LIMPIEZA;;;300;Bruno Centurion;AXUM;;CLOROX;False;132671;1;Lista General;AUTOSERVICIO - A;43894;05-10-2026;757-JUAN PABLO JUAREZ;CLOROX;1;0,00000000;1383,20
4320;"Calle 882 N 4753";Quilmes;2026-10-06;06-10-2026;02-10-2026;FAC-A0001-00343444;Venta;LAGOPUELO S.A;34320;12,00;15752,06;19060,00;CHEN MIN;;20,00 %;056;Ezequiel Ferreira;0565;Poett Desinf. Frescura de Lavanda 900ml;1312,67;3463;"";AUTOSERVICIO;AUTOSERVICIO;15504,00;SIMON OLIVERA;328,17;$;2;GRUPO AYUDIN ARGENTINA S.A;0,00000000;0,00;Contado;;;POETT;CLOROX;;CLOROX;PISO;LAGO PUELO;LIMPIEZA;;;300;Bruno Centurion;AXUM;;CLOROX;False;132735;1;Lista General;AUTOSERVICIO - A;43899;05-10-2026;757-JUAN PABLO JUAREZ;CLOROX;1;0,00000000;1312,67
4320;"Calle 882 N 4753";Quilmes;2026-10-06;06-10-2026;02-10-2026;FAC-A0001-00343444;Venta;LAGOPUELO S.A;34324;12,00;15752,06;19060,00;CHEN MIN;;20,00 %;056;Ezequiel Ferreira;0565;Poett Desinf. Flores de Primavera 900ml;1312,67;3463;"";AUTOSERVICIO;AUTOSERVICIO;15504,00;SIMON OLIVERA;328,17;$;2;GRUPO AYUDIN ARGENTINA S.A;0,00000000;0,00;Contado;;;POETT;CLOROX;;CLOROX;PISO;LAGO PUELO;LIMPIEZA;;;300;Bruno Centurion;AXUM;;CLOROX;False;132735;1;Lista General;AUTOSERVICIO - A;43899;05-10-2026;757-JUAN PABLO JUAREZ;CLOROX;1;0,00000000;1312,67
4320;"Calle 882 N 4753";Quilmes;2026-10-06;06-10-2026;02-10-2026;FAC-A0001-00343444;Venta;LAGOPUELO S.A;34342;12,00;15752,06;19060,00;CHEN MIN;;20,00 %;056;Ezequiel Ferreira;0565;Poett Dsnf AlgrDia 12/900ml;1312,67;3463;"";AUTOSERVICIO;AUTOSERVICIO;15504,00;SIMON OLIVERA;328,17;$;2;GRUPO AYUDIN ARGENTINA S.A;0,00000000;0,00;Contado;;;POETT;CLOROX;;CLOROX;PISO;LAGO PUELO;LIMPIEZA;;;300;Bruno Centurion;AXUM;;CLOROX;False;132735;1;Lista General;AUTOSERVICIO - A;43899;05-10-2026;757-JUAN PABLO JUAREZ;CLOROX;1;0,00000000;1312,67
4320;"Calle 882 N 4753";Quilmes;2026-10-06;06-10-2026;02-10-2026;FAC-A0001-00343444;Venta;LAGOPUELO S.A;33575;8,00;13664,95;16534,59;CHEN MIN;;10,00 %;056;Ezequiel Ferreira;0565;Aydn Ropa ClrViv DoyPk 16/400ml;1708,12;3463;"";AUTOSERVICIO;AUTOSERVICIO;11416,00;SIMON OLIVERA;189,79;$;2;GRUPO AYUDIN ARGENTINA S.A;0,00000000;0,00;Contado;;;AYUDIN;CLOROX;;CLOROX;LAVADO DE ROPA;LAGO PUELO;LIMPIEZA;;;300;Bruno Centurion;AXUM;;CLOROX;False;132735;1;Lista General;AUTOSERVICIO - A;43899;05-10-2026;757-JUAN PABLO JUAREZ;CLOROX;1;0,00000000;1708,12
4320;"Calle 882 N 4753";Quilmes;2026-10-06;06-10-2026;02-10-2026;FAC-A0001-00343444;Venta;LAGOPUELO S.A;61731;6,00;20145,41;24375,94;CHEN MIN;;15,00 %;056;Ezequiel Ferreira;0565;Sltn MataCuca Aer AccProl 6/360ml BA;3357,57;3463;"";AUTOSERVICIO;AUTOSERVICIO;18516,00;SIMON OLIVERA;592,51;$;2;GRUPO AYUDIN ARGENTINA S.A;0,00000000;0,00;Contado;;;SELTON;CLOROX;;CLOROX;SELTON;LAGO PUELO;LIMPIEZA;;;300;Bruno Centurion;AXUM;;CLOROX;False;132735;1;Lista General;AUTOSERVICIO - A;43899;05-10-2026;757-JUAN PABLO JUAREZ;CLOROX;1;0,00000000;3357,57
4320;"Calle 882 N 4753";Quilmes;2026-10-06;06-10-2026;02-10-2026;FAC-A0001-00343444;Venta;LAGOPUELO S.A;60888;6,00;14924,13;18058,20;CHEN MIN;;15,00 %;056;Ezequiel Ferreira;0565;Poett Aer SvdAlg ExtFrag 6/360ml;2487,36;3463;"";AUTOSERVICIO;AUTOSERVICIO;13506,00;SIMON OLIVERA;438,95;$;2;GRUPO AYUDIN ARGENTINA S.A;0,00000000;0,00;Contado;;;POETT;CLOROX;;CLOROX;AERO POETT;LAGO PUELO;LIMPIEZA;;;300;Bruno Centurion;AXUM;;CLOROX;False;132735;1;Lista General;AUTOSERVICIO - A;43899;05-10-2026;757-JUAN PABLO JUAREZ;CLOROX;1;0,00000000;2487,36
4320;"Calle 882 N 4753";Quilmes;2026-10-06;06-10-2026;02-10-2026;FAC-A0001-00343444;Venta;LAGOPUELO S.A;60885;6,00;14924,13;18058,20;CHEN MIN;;15,00 %;056;Ezequiel Ferreira;0565;Poett Aer FlrLavda ExtFrag 6/360ml;2487,36;3463;"";AUTOSERVICIO;AUTOSERVICIO;13506,00;SIMON OLIVERA;438,95;$;2;GRUPO AYUDIN ARGENTINA S.A;0,00000000;0,00;Contado;;;POETT;CLOROX;;CLOROX;AERO POETT;LAGO PUELO;LIMPIEZA;;;300;Bruno Centurion;AXUM;;CLOROX;False;132735;1;Lista General;AUTOSERVICIO - A;43899;05-10-2026;757-JUAN PABLO JUAREZ;CLOROX;1;0,00000000;2487,36
4320;"Calle 882 N 4753";Quilmes;2026-10-06;06-10-2026;02-10-2026;FAC-A0001-00343444;Venta;LAGOPUELO S.A;60886;6,00;14924,13;18058,20;CHEN MIN;;15,00 %;056;Ezequiel Ferreira;0565;Poett Aer FlrPrm ExtFrag 6/360ml;2487,36;3463;"";AUTOSERVICIO;AUTOSERVICIO;13506,00;SIMON OLIVERA;438,95;$;2;GRUPO AYUDIN ARGENTINA S.A;0,00000000;0,00;Contado;;;POETT;CLOROX;;CLOROX;AERO POETT;LAGO PUELO;LIMPIEZA;;;300;Bruno Centurion;AXUM;;CLOROX;False;132735;1;Lista General;AUTOSERVICIO - A;43899;05-10-2026;757-JUAN PABLO JUAREZ;CLOROX;1;0,00000000;2487,36
4320;"Calle 882 N 4753";Quilmes;2026-10-06;06-10-2026;02-10-2026;FAC-A0001-00343444;Venta;LAGOPUELO S.A;60386;12,00;15752,06;19060,00;CHEN MIN;;20,00 %;056;Ezequiel Ferreira;0565;Poett EsptPly 12/900ml;1312,67;3463;"";AUTOSERVICIO;AUTOSERVICIO;15504,00;SIMON OLIVERA;328,17;$;2;GRUPO AYUDIN ARGENTINA S.A;0,00000000;0,00;Contado;;;POETT;CLOROX;;CLOROX;PISO;LAGO PUELO;LIMPIEZA;;;300;Bruno Centurion;AXUM;;CLOROX;False;132735;1;Lista General;AUTOSERVICIO - A;43899;05-10-2026;757-JUAN PABLO JUAREZ;CLOROX;1;0,00000000;1312,67
5475;"Juan Domingo PerÛn 2549";FLORENCIO VARELA;2026-10-06;06-10-2026;05-10-2026;FAC-A0001-00343450;Venta;LAGOPUELO S.A;61577;16,00;22565,92;27304,76;LIN XIUJUAN††††††††††††††††;;5,00 %;6;Nieves Alegre;61;Aydn Coc† Pod Act Or† DoyPk 16/450ml;1410,37;3463;"";AUTOSERVICIO;AUTOSERVICIO;18272,00;SIMON OLIVERA;74,23;$;2;GRUPO AYUDIN ARGENTINA S.A;0,00000000;0,00;Contado;;;AYUDIN;CLOROX;;CLOROX;COCINA;LAGO PUELO;LIMPIEZA;;;25;JOHANA VIGIL;AXUM;;CLOROX;False;132838;1;Lista General;AUTOSERVICIO - A;43907;05-10-2026;757-JUAN PABLO JUAREZ;CLOROX;1;0,00000000;1410,37
5426;"DERQUI 1455";FLORENCIO VARELA;2026-10-06;06-10-2026;05-10-2026;FAC-A0001-00343454;Venta;LAGOPUELO S.A;36004;9,00;37789,71;45725,55;HAI YAN††††††††††††††††††††;;7,00 %;7;Myrian Lertora;71;AYDN LAVDNA OR 25 g/l 3/4l;4198,86;3463;"";AUTOSERVICIO;AUTOSERVICIO;31257,00;SIMON OLIVERA;316,04;$;2;GRUPO AYUDIN ARGENTINA S.A;0,00000000;0,00;Contado;;;AYUDIN;CLOROX;;CLOROX;LAVANDINA;LAGO PUELO;LIMPIEZA;;;25;JOHANA VIGIL;AXUM;;CLOROX;False;132915;1;Lista General;AUTOSERVICIO - A;43926;05-10-2026;58-ARON BOLLINI;CLOROX;1;0,00000000;4198,86
5426;"DERQUI 1455";FLORENCIO VARELA;2026-10-06;06-10-2026;05-10-2026;FAC-A0001-00343454;Venta;LAGOPUELO S.A;60228;6,00;32838,00;39733,98;HAI YAN††††††††††††††††††††;;0,00 %;7;Myrian Lertora;71;Aydn PurGlac TriPod 3/4l GP2;5473,00;3463;"";AUTOSERVICIO;AUTOSERVICIO;25260,00;SIMON OLIVERA;0,00;$;2;GRUPO AYUDIN ARGENTINA S.A;0,00000000;0,00;Contado;;;AYUDIN;CLOROX;;CLOROX;LAVANDINA;LAGO PUELO;LIMPIEZA;;;25;JOHANA VIGIL;AXUM;;CLOROX;False;132915;1;Lista General;AUTOSERVICIO - A;43926;05-10-2026;58-ARON BOLLINI;CLOROX;1;0,00000000;5473,00
5452;"VICTORIANO MONTES 879";FLORENCIO VARELA;2026-10-06;06-10-2026;05-10-2026;FAC-A0001-00343456;Venta;LAGOPUELO S.A;17927;45,00;44413,31;53740,11;CAI JIANHUI††††††††††††††††;;7,00 %;7;Myrian Lertora;71;AYDN LAVDNA OR 15/1L;986,96;3463;"";AUTOSERVICIO;AUTOSERVICIO;38205,00;SIMON OLIVERA;74,29;$;2;GRUPO AYUDIN ARGENTINA S.A;0,00000000;0,00;Contado;;;AYUDIN;CLOROX;;CLOROX;LAVANDINA;LAGO PUELO;LIMPIEZA;;;25;JOHANA VIGIL;AXUM;;CLOROX;False;132966;1;Lista General;AUTOSERVICIO - A;43928;05-10-2026;58-ARON BOLLINI;CLOROX;1;0,00000000;986,96
5452;"VICTORIANO MONTES 879";FLORENCIO VARELA;2026-10-06;06-10-2026;05-10-2026;FAC-A0001-00343456;Venta;LAGOPUELO S.A;36003;16,00;32345,40;39137,93;CAI JIANHUI††††††††††††††††;;7,00 %;7;Myrian Lertora;71;AYDN LAVDNA OR 25g/l 8/2l;2021,59;3463;"";AUTOSERVICIO;AUTOSERVICIO;27824,00;SIMON OLIVERA;152,16;$;2;GRUPO AYUDIN ARGENTINA S.A;0,00000000;0,00;Contado;;;AYUDIN;CLOROX;;CLOROX;LAVANDINA;LAGO PUELO;LIMPIEZA;;;25;JOHANA VIGIL;AXUM;;CLOROX;False;132966;1;Lista General;AUTOSERVICIO - A;43928;05-10-2026;58-ARON BOLLINI;CLOROX;1;0,00000000;2021,59
3892;"CALLE 879 4020";solano;2026-10-06;06-10-2026;05-10-2026;FAC-A0001-00343460;Venta;LAGOPUELO S.A;18026;16,00;41142,40;49782,30;JUAN VEN GYUN;;0,00 %;056;Ezequiel Ferreira;0565;Aydn Dsnf PstWC 36/16g                  ;2571,40;3463;"";AUTOSERVICIO;AUTOSERVICIO;31648,00;SIMON OLIVERA;0,00;$;2;GRUPO AYUDIN ARGENTINA S.A;0,00000000;0,00;Contado;;;AYUDIN;CLOROX;;CLOROX;COCINA;LAGO PUELO;LIMPIEZA;;;300;Bruno Centurion;AXUM;;CLOROX;False;132991;1;Lista General;AUTOSERVICIO - A;43913;05-10-2026;757-JUAN PABLO JUAREZ;CLOROX;1;0,00000000;2571,40
3892;"CALLE 879 4020";solano;2026-10-06;06-10-2026;05-10-2026;FAC-A0001-00343460;Venta;LAGOPUELO S.A;24648;12,00;16598,40;20084,06;JUAN VEN GYUN;;0,00 %;056;Ezequiel Ferreira;0565;Poett PastDesod Lavda 12/25g GP2;1383,20;3463;"";AUTOSERVICIO;AUTOSERVICIO;12768,00;SIMON OLIVERA;0,00;$;2;GRUPO AYUDIN ARGENTINA S.A;0,00000000;0,00;Contado;;;POETT;CLOROX;;CLOROX;BAÒO;LAGO PUELO;LIMPIEZA;;;300;Bruno Centurion;AXUM;;CLOROX;False;132991;1;Lista General;AUTOSERVICIO - A;43913;05-10-2026;757-JUAN PABLO JUAREZ;CLOROX;1;0,00000000;1383,20
3892;"CALLE 879 4020";solano;2026-10-06;06-10-2026;05-10-2026;FAC-A0001-00343460;Venta;LAGOPUELO S.A;33575;16,00;27329,90;33069,18;JUAN VEN GYUN;;10,00 %;056;Ezequiel Ferreira;0565;Aydn Ropa ClrViv DoyPk 16/400ml;1708,12;3463;"";AUTOSERVICIO;AUTOSERVICIO;22832,00;SIMON OLIVERA;189,79;$;2;GRUPO AYUDIN ARGENTINA S.A;0,00000000;0,00;Contado;;;AYUDIN;CLOROX;;CLOROX;LAVADO DE ROPA;LAGO PUELO;LIMPIEZA;;;300;Bruno Centurion;AXUM;;CLOROX;False;132991;1;Lista General;AUTOSERVICIO - A;43913;05-10-2026;757-JUAN PABLO JUAREZ;CLOROX;1;0,00000000;1708,12
3892;"CALLE 879 4020";solano;2026-10-06;06-10-2026;05-10-2026;FAC-A0001-00343460;Venta;LAGOPUELO S.A;33576;2,00;3416,24;4133,65;JUAN VEN GYUN;;10,00 %;056;Ezequiel Ferreira;0565;Aydn Ropa BlncSprms DoyPk 16/400ml;1708,12;3463;"";AUTOSERVICIO;AUTOSERVICIO;2854,00;SIMON OLIVERA;189,79;$;2;GRUPO AYUDIN ARGENTINA S.A;0,00000000;0,00;Contado;;;AYUDIN;CLOROX;;CLOROX;LAVADO DE ROPA;LAGO PUELO;LIMPIEZA;;;300;Bruno Centurion;AXUM;;CLOROX;False;132991;1;Lista General;AUTOSERVICIO - A;43913;05-10-2026;757-JUAN PABLO JUAREZ;CLOROX;1;0,00000000;1708,12
5328;"AV. HUDSON 553";FLORENCIO VARELA;2026-10-06;06-10-2026;05-10-2026;FAC-A0001-00343466;Venta;LAGOPUELO S.A;61046;15,00;23122,13;27977,77;MAMAMI VALERIA NATALIA†††††;;15,00 %;6;Nieves Alegre;61;Aydn RopQuitMnch BlncInt 15/1l;1541,48;3463;"";ALMACEN;ALMACEN;20925,00;SIMON OLIVERA;272,03;$;2;GRUPO AYUDIN ARGENTINA S.A;0,00000000;0,00;Contado;;;AYUDIN;CLOROX;;CLOROX;LAVADO DE ROPA;LAGO PUELO;LIMPIEZA;;;25;JOHANA VIGIL;AXUM;;CLOROX;False;133278;1;Lista General;ALMACEN - A;43922;05-10-2026;757-JUAN PABLO JUAREZ;CLOROX;1;0,00000000;1541,48
5328;"AV. HUDSON 553";FLORENCIO VARELA;2026-10-06;06-10-2026;05-10-2026;FAC-A0001-00343466;Venta;LAGOPUELO S.A;34321;16,00;51542,40;62366,30;MAMAMI VALERIA NATALIA†††††;;0,00 %;6;Nieves Alegre;61;Poett Desinf. Frescura de Lavanda 1.8ml;3221,40;3463;"";ALMACEN;ALMACEN;39648,00;SIMON OLIVERA;0,00;$;2;GRUPO AYUDIN ARGENTINA S.A;0,00000000;0,00;Contado;;;POETT;CLOROX;;CLOROX;PISO;LAGO PUELO;LIMPIEZA;;;25;JOHANA VIGIL;AXUM;;CLOROX;False;133278;1;Lista General;ALMACEN - A;43922;05-10-2026;757-JUAN PABLO JUAREZ;CLOROX;1;0,00000000;3221,40
5328;"AV. HUDSON 553";FLORENCIO VARELA;2026-10-06;06-10-2026;05-10-2026;FAC-A0001-00343466;Venta;LAGOPUELO S.A;36003;8,00;13912,00;16833,52;MAMAMI VALERIA NATALIA†††††;;20,00 %;6;Nieves Alegre;61;AYDN LAVDNA OR 25g/l 8/2l;1739,00;3463;"";ALMACEN;ALMACEN;13912,00;SIMON OLIVERA;434,75;$;2;GRUPO AYUDIN ARGENTINA S.A;0,00000000;0,00;Contado;;;AYUDIN;CLOROX;;CLOROX;LAVANDINA;LAGO PUELO;LIMPIEZA;;;25;JOHANA VIGIL;AXUM;;CLOROX;False;133278;1;Lista General;ALMACEN - A;43922;05-10-2026;757-JUAN PABLO JUAREZ;CLOROX;1;0,00000000;1739,00
1788;"CALLE 13 322";BERAZATEGUI;2026-10-06;06-10-2026;05-10-2026;FAC-A0001-00343471;Venta;LAGOPUELO S.A;17927;15,00;12735,00;15409,35;MARIANA BARRAZA;;20,00 %;4;Selene Pawlikowski;44;AYDN LAVDNA OR 15/1L;849,00;3463;"";ALMACEN;ALMACEN;12735,00;SIMON OLIVERA;212,25;$;2;GRUPO AYUDIN ARGENTINA S.A;0,00000000;0,00;Contado;;;AYUDIN;CLOROX;;CLOROX;LAVANDINA;LAGO PUELO;LIMPIEZA;;;25;JOHANA VIGIL;AXUM;;CLOROX;False;133347;1;Lista General;ALMACEN - A;43931;05-10-2026;58-ARON BOLLINI;CLOROX;1;0,00000000;849,00
1788;"CALLE 13 322";BERAZATEGUI;2026-10-06;06-10-2026;05-10-2026;FAC-A0001-00343471;Venta;LAGOPUELO S.A;36001;12,00;15752,06;19060,00;MARIANA BARRAZA;;20,00 %;4;Selene Pawlikowski;44;POETT FRSC TROP 12/900;1312,67;3463;"";ALMACEN;ALMACEN;15504,00;SIMON OLIVERA;328,17;$;2;GRUPO AYUDIN ARGENTINA S.A;0,00000000;0,00;Contado;;;POETT;CLOROX;;CLOROX;PISO;LAGO PUELO;LIMPIEZA;;;25;JOHANA VIGIL;AXUM;;CLOROX;False;133347;1;Lista General;ALMACEN - A;43931;05-10-2026;58-ARON BOLLINI;CLOROX;1;0,00000000;1312,67
1788;"CALLE 13 322";BERAZATEGUI;2026-10-06;06-10-2026;05-10-2026;FAC-A0001-00343471;Venta;LAGOPUELO S.A;34327;12,00;15752,06;19060,00;MARIANA BARRAZA;;20,00 %;4;Selene Pawlikowski;44;Poett Desinf. Solo para ti 900ml;1312,67;3463;"";ALMACEN;ALMACEN;15504,00;SIMON OLIVERA;328,17;$;2;GRUPO AYUDIN ARGENTINA S.A;0,00000000;0,00;Contado;;;POETT;CLOROX;;CLOROX;PISO;LAGO PUELO;LIMPIEZA;;;25;JOHANA VIGIL;AXUM;;CLOROX;False;133347;1;Lista General;ALMACEN - A;43931;05-10-2026;58-ARON BOLLINI;CLOROX;1;0,00000000;1312,67
1788;"CALLE 13 322";BERAZATEGUI;2026-10-06;06-10-2026;05-10-2026;FAC-A0001-00343471;Venta;LAGOPUELO S.A;60222;15,00;14793,19;17899,76;MARIANA BARRAZA;;27,75 %;4;Selene Pawlikowski;44;Aydn Lavda TriPod 15/1l GP2;986,21;3463;"";ALMACEN;ALMACEN;15750,00;SIMON OLIVERA;378,79;$;2;GRUPO AYUDIN ARGENTINA S.A;0,00000000;0,00;Contado;;;AYUDIN;CLOROX;;CLOROX;LAVANDINA;LAGO PUELO;LIMPIEZA;108;;25;JOHANA VIGIL;AXUM;;CLOROX;False;133347;1;Lista General;ALMACEN - A;43931;05-10-2026;58-ARON BOLLINI;CLOROX;1;0,00000000;986,21
105956;"Udaondo 1332 0";LANUS;2026-10-06;06-10-2026;05-10-2026;FAC-A0001-00343474;Venta;LAGOPUELO S.A;60223;8,00;18493,28;22376,87;Lin Liqin;;15,00 %;30;Oriana Songini;301;Aydn Lavda TriPod 8/2l GP2;2311,66;3441;"";AUTOSERVICIO;AUTOSERVICIO;16736,00;HERNAN RIVERO;407,94;$;2;GRUPO AYUDIN ARGENTINA S.A;0,00000000;0,00;Efectivo;07-10-2026 08:13;;AYUDIN;CLOROX;;CLOROX;LAVANDINA;LAGO PUELO;LIMPIEZA;;;25;JOHANA VIGIL;AXUM;;CLOROX;False;132849;1;Lista General;AUTOSERVICIO - A;43754;05-10-2026;759-GABRIEL PEREZ;CLOROX;1;0,00000000;2311,66
105956;"Udaondo 1332 0";LANUS;2026-10-06;06-10-2026;05-10-2026;FAC-A0001-00343474;Venta;LAGOPUELO S.A;61577;16,00;22565,92;27304,76;Lin Liqin;;5,00 %;30;Oriana Songini;301;Aydn Coc† Pod Act Or† DoyPk 16/450ml;1410,37;3441;"";AUTOSERVICIO;AUTOSERVICIO;18272,00;HERNAN RIVERO;74,23;$;2;GRUPO AYUDIN ARGENTINA S.A;0,00000000;0,00;Efectivo;07-10-2026 08:13;;AYUDIN;CLOROX;;CLOROX;COCINA;LAGO PUELO;LIMPIEZA;;;25;JOHANA VIGIL;AXUM;;CLOROX;False;132849;1;Lista General;AUTOSERVICIO - A;43754;05-10-2026;759-GABRIEL PEREZ;CLOROX;1;0,00000000;1410,37
105956;"Udaondo 1332 0";LANUS;2026-10-06;06-10-2026;05-10-2026;FAC-A0001-00343474;Venta;LAGOPUELO S.A;33575;16,00;30366,56;36743,54;Lin Liqin;;0,00 %;30;Oriana Songini;301;Aydn Ropa ClrViv DoyPk 16/400ml;1897,91;3441;"";AUTOSERVICIO;AUTOSERVICIO;22832,00;HERNAN RIVERO;0,00;$;2;GRUPO AYUDIN ARGENTINA S.A;0,00000000;0,00;Efectivo;07-10-2026 08:13;;AYUDIN;CLOROX;;CLOROX;LAVADO DE ROPA;LAGO PUELO;LIMPIEZA;;;25;JOHANA VIGIL;AXUM;;CLOROX;False;132849;1;Lista General;AUTOSERVICIO - A;43754;05-10-2026;759-GABRIEL PEREZ;CLOROX;1;0,00000000;1897,91
107556;"Edmundo Fernandez 238 0";Avellaneda;2026-10-06;06-10-2026;05-10-2026;FAC-A0001-00343476;Venta;LAGOPUELO S.A;34334;12,00;15752,06;19060,00;Weng Xiubin;;20,00 %;24;Cecilia Gauchez;241;Poett Dsnf SuadBebe 12/900ml;1312,67;3441;"";AUTOSERVICIO;AUTOSERVICIO;15504,00;HERNAN RIVERO;328,17;$;2;GRUPO AYUDIN ARGENTINA S.A;0,00000000;0,00;Efectivo;07-10-2026 08:13;;POETT;CLOROX;;CLOROX;PISO;LAGO PUELO;LIMPIEZA;;;25;JOHANA VIGIL;AXUM;;CLOROX;False;132853;1;Lista General;AUTOSERVICIO - A;43764;05-10-2026;759-GABRIEL PEREZ;CLOROX;1;0,00000000;1312,67
107556;"Edmundo Fernandez 238 0";Avellaneda;2026-10-06;06-10-2026;05-10-2026;FAC-A0001-00343476;Venta;LAGOPUELO S.A;60386;12,00;15752,06;19060,00;Weng Xiubin;;20,00 %;24;Cecilia Gauchez;241;Poett EsptPly 12/900ml;1312,67;3441;"";AUTOSERVICIO;AUTOSERVICIO;15504,00;HERNAN RIVERO;328,17;$;2;GRUPO AYUDIN ARGENTINA S.A;0,00000000;0,00;Efectivo;07-10-2026 08:13;;POETT;CLOROX;;CLOROX;PISO;LAGO PUELO;LIMPIEZA;;;25;JOHANA VIGIL;AXUM;;CLOROX;False;132853;1;Lista General;AUTOSERVICIO - A;43764;05-10-2026;759-GABRIEL PEREZ;CLOROX;1;0,00000000;1312,67
107556;"Edmundo Fernandez 238 0";Avellaneda;2026-10-06;06-10-2026;05-10-2026;FAC-A0001-00343476;Venta;LAGOPUELO S.A;36001;12,00;15752,06;19060,00;Weng Xiubin;;20,00 %;24;Cecilia Gauchez;241;POETT FRSC TROP 12/900;1312,67;3441;"";AUTOSERVICIO;AUTOSERVICIO;15504,00;HERNAN RIVERO;328,17;$;2;GRUPO AYUDIN ARGENTINA S.A;0,00000000;0,00;Efectivo;07-10-2026 08:13;;POETT;CLOROX;;CLOROX;PISO;LAGO PUELO;LIMPIEZA;;;25;JOHANA VIGIL;AXUM;;CLOROX;False;132853;1;Lista General;AUTOSERVICIO - A;43764;05-10-2026;759-GABRIEL PEREZ;CLOROX;1;0,00000000;1312,67
102819;"Noya 315 0";GERLI;2026-10-06;06-10-2026;05-10-2026;FAC-A0001-00343477;Venta;LAGOPUELO S.A;36003;8,00;13912,00;16833,52;Lin Hua;;20,00 %;26;Sabrina Pereyra;261;AYDN LAVDNA OR 25g/l 8/2l;1739,00;3441;"";AUTOSERVICIO;AUTOSERVICIO;13912,00;HERNAN RIVERO;434,75;$;2;GRUPO AYUDIN ARGENTINA S.A;0,00000000;0,00;Efectivo;07-10-2026 08:13;;AYUDIN;CLOROX;;CLOROX;LAVANDINA;LAGO PUELO;LIMPIEZA;;;25;JOHANA VIGIL;AXUM;;CLOROX;False;132857;1;Lista General;AUTOSERVICIO - A;43757;05-10-2026;759-GABRIEL PEREZ;CLOROX;1;0,00000000;1739,00
102819;"Noya 315 0";GERLI;2026-10-06;06-10-2026;05-10-2026;FAC-A0001-00343477;Venta;LAGOPUELO S.A;60227;8,00;18493,28;22376,87;Lin Hua;;15,00 %;26;Sabrina Pereyra;261;Aydn PurGlac TriPod 8/2l GP2;2311,66;3441;"";AUTOSERVICIO;AUTOSERVICIO;16736,00;HERNAN RIVERO;407,94;$;2;GRUPO AYUDIN ARGENTINA S.A;0,00000000;0,00;Efectivo;07-10-2026 08:13;;AYUDIN;CLOROX;;CLOROX;LAVANDINA;LAGO PUELO;LIMPIEZA;;;25;JOHANA VIGIL;AXUM;;CLOROX;False;132857;1;Lista General;AUTOSERVICIO - A;43757;05-10-2026;759-GABRIEL PEREZ;CLOROX;1;0,00000000;2311,66
102819;"Noya 315 0";GERLI;2026-10-06;06-10-2026;05-10-2026;FAC-A0001-00343477;Venta;LAGOPUELO S.A;61577;3,00;4453,80;5389,10;Lin Hua;;0,00 %;26;Sabrina Pereyra;261;Aydn Coc† Pod Act Or† DoyPk 16/450ml;1484,60;3441;"";AUTOSERVICIO;AUTOSERVICIO;3426,00;HERNAN RIVERO;0,00;$;2;GRUPO AYUDIN ARGENTINA S.A;0,00000000;0,00;Efectivo;07-10-2026 08:13;;AYUDIN;CLOROX;;CLOROX;COCINA;LAGO PUELO;LIMPIEZA;;;25;JOHANA VIGIL;AXUM;;CLOROX;False;132857;1;Lista General;AUTOSERVICIO - A;43757;05-10-2026;759-GABRIEL PEREZ;CLOROX;1;0,00000000;1484,60
101719;"Giribone 1059 0";Pi√±eyro;2026-10-06;06-10-2026;05-10-2026;FAC-A0001-00343481;Venta;LAGOPUELO S.A;17927;15,00;12735,00;15409,35;Oscar Castillo;;20,00 %;24;Cecilia Gauchez;241;AYDN LAVDNA OR 15/1L;849,00;3441;"";Tradicionales;Almacen;12735,00;HERNAN RIVERO;212,25;$;2;GRUPO AYUDIN ARGENTINA S.A;0,00000000;0,00;Efectivo;07-10-2026 08:13;;AYUDIN;CLOROX;;CLOROX;LAVANDINA;LAGO PUELO;LIMPIEZA;;;25;JOHANA VIGIL;AXUM;;CLOROX;False;132924;1;Lista General;Almacen - A;43763;05-10-2026;759-GABRIEL PEREZ;CLOROX;1;0,00000000;849,00
100442;"Mendoza 1827 0";LANUS;2026-10-06;06-10-2026;05-10-2026;FAC-A0001-00343482;Venta;LAGOPUELO S.A;34342;12,00;15752,06;19060,00;Huang Weixia;;20,00 %;30;Oriana Songini;301;Poett Dsnf AlgrDia 12/900ml;1312,67;3441;"";AUTOSERVICIO;AUTOSERVICIO;15504,00;HERNAN RIVERO;328,17;$;2;GRUPO AYUDIN ARGENTINA S.A;0,00000000;0,00;Efectivo;07-10-2026 08:13;;POETT;CLOROX;;CLOROX;PISO;LAGO PUELO;LIMPIEZA;;;25;JOHANA VIGIL;AXUM;;CLOROX;False;132984;1;Lista General;AUTOSERVICIO - A;43765;05-10-2026;759-GABRIEL PEREZ;CLOROX;1;0,00000000;1312,67
27703;"CHILE 360";PI—EYRO;2026-10-06;06-10-2026;05-10-2026;FAC-A0001-00343487;Venta;LAGOPUELO S.A;36003;8,00;13912,00;16833,52;CARINA  BEATRIZ GUERRA;;20,00 %;26;Sabrina Pereyra;261;AYDN LAVDNA OR 25g/l 8/2l;1739,00;3441;"";ALMACEN;ALMACEN;13912,00;HERNAN RIVERO;434,75;$;2;GRUPO AYUDIN ARGENTINA S.A;0,00000000;0,00;Contado;07-10-2026 08:13;;AYUDIN;CLOROX;;CLOROX;LAVANDINA;LAGO PUELO;LIMPIEZA;;;25;JOHANA VIGIL;AXUM;;CLOROX;False;133100;1;Lista General;ALMACEN - A;43771;05-10-2026;759-GABRIEL PEREZ;CLOROX;1;0,00000000;1739,00
106117;"Paso De Burgos 136 0";VALENTIN ALSINA;2026-10-06;06-10-2026;05-10-2026;FAC-A0001-00343489;Venta;LAGOPUELO S.A;17994;12,00;32015,76;38739,07;Casa Tony E Hijos S. Cap I Secc iv;;0,00 %;27;Samanta Dogliotti;271;ArcIris DoyPk 12/500ml                  ;2667,98;3441;"";AUTOSERVICIO;AUTOSERVICIO;24072,00;HERNAN RIVERO;0,00;$;2;GRUPO AYUDIN ARGENTINA S.A;0,00000000;0,00;Efectivo;07-10-2026 08:13;;ARCOIRIS;CLOROX;;CLOROX;OTROS LIMPIADORES;LAGO PUELO;LIMPIEZA;;;25;JOHANA VIGIL;AXUM;;CLOROX;False;133108;1;Lista General;AUTOSERVICIO - A;43775;05-10-2026;759-GABRIEL PEREZ;CLOROX;1;0,00000000;2667,98
106117;"Paso De Burgos 136 0";VALENTIN ALSINA;2026-10-06;06-10-2026;05-10-2026;FAC-A0001-00343489;Venta;LAGOPUELO S.A;17992;3,00;14072,73;17028,00;Casa Tony E Hijos S. Cap I Secc iv;;0,00 %;27;Samanta Dogliotti;271;ArcIris Liq 12/1l                       ;4690,91;3441;"";AUTOSERVICIO;AUTOSERVICIO;10581,00;HERNAN RIVERO;0,00;$;2;GRUPO AYUDIN ARGENTINA S.A;0,00000000;0,00;Efectivo;07-10-2026 08:13;;ARCOIRIS;CLOROX;;CLOROX;OTROS LIMPIADORES;LAGO PUELO;LIMPIEZA;;;25;JOHANA VIGIL;AXUM;;CLOROX;False;133108;1;Lista General;AUTOSERVICIO - A;43775;05-10-2026;759-GABRIEL PEREZ;CLOROX;1;0,00000000;4690,91
106117;"Paso De Burgos 136 0";VALENTIN ALSINA;2026-10-06;06-10-2026;05-10-2026;FAC-A0001-00343489;Venta;LAGOPUELO S.A;27536;3,00;19894,14;24071,91;Casa Tony E Hijos S. Cap I Secc iv;;0,00 %;27;Samanta Dogliotti;271;Aydn RopaBlnc UltrQuitMnch 12/450g;6631,38;3441;"";AUTOSERVICIO;AUTOSERVICIO;14958,00;HERNAN RIVERO;0,00;$;2;GRUPO AYUDIN ARGENTINA S.A;0,00000000;0,00;Efectivo;07-10-2026 08:13;;AYUDIN;CLOROX;;CLOROX;LAVADO DE ROPA;LAGO PUELO;LIMPIEZA;;;25;JOHANA VIGIL;AXUM;;CLOROX;False;133108;1;Lista General;AUTOSERVICIO - A;43775;05-10-2026;759-GABRIEL PEREZ;CLOROX;1;0,00000000;6631,38
106117;"Paso De Burgos 136 0";VALENTIN ALSINA;2026-10-06;06-10-2026;05-10-2026;FAC-A0001-00343489;Venta;LAGOPUELO S.A;27529;3,00;19894,14;24071,91;Casa Tony E Hijos S. Cap I Secc iv;;0,00 %;27;Samanta Dogliotti;271;Aydn RopClr UltrQuitMnch 12/450g;6631,38;3441;"";AUTOSERVICIO;AUTOSERVICIO;14958,00;HERNAN RIVERO;0,00;$;2;GRUPO AYUDIN ARGENTINA S.A;0,00000000;0,00;Efectivo;07-10-2026 08:13;;AYUDIN;CLOROX;;CLOROX;LAVADO DE ROPA;LAGO PUELO;LIMPIEZA;;;25;JOHANA VIGIL;AXUM;;CLOROX;False;133108;1;Lista General;AUTOSERVICIO - A;43775;05-10-2026;759-GABRIEL PEREZ;CLOROX;1;0,00000000;6631,38
101720;"Mario Bravo 1382 0";Avellaneda;2026-10-06;06-10-2026;05-10-2026;FAC-A0001-00343495;Venta;LAGOPUELO S.A;33577;3,00;9404,43;11379,36;Wu Min;;0,00 %;27;Samanta Dogliotti;271;Aydn Ropa ClrViv DoyPk 12/650ml;3134,81;3441;"";AUTOSERVICIO;AUTOSERVICIO;7071,00;HERNAN RIVERO;0,00;$;2;GRUPO AYUDIN ARGENTINA S.A;0,00000000;0,00;Efectivo;07-10-2026 08:13;;AYUDIN;CLOROX;;CLOROX;LAVADO DE ROPA;LAGO PUELO;LIMPIEZA;;;25;JOHANA VIGIL;AXUM;;CLOROX;False;133190;1;Lista General;AUTOSERVICIO - A;43793;05-10-2026;759-GABRIEL PEREZ;CLOROX;1;0,00000000;3134,81
101720;"Mario Bravo 1382 0";Avellaneda;2026-10-06;06-10-2026;05-10-2026;FAC-A0001-00343495;Venta;LAGOPUELO S.A;33575;5,00;9489,55;11482,36;Wu Min;;0,00 %;27;Samanta Dogliotti;271;Aydn Ropa ClrViv DoyPk 16/400ml;1897,91;3441;"";AUTOSERVICIO;AUTOSERVICIO;7135,00;HERNAN RIVERO;0,00;$;2;GRUPO AYUDIN ARGENTINA S.A;0,00000000;0,00;Efectivo;07-10-2026 08:13;;AYUDIN;CLOROX;;CLOROX;LAVADO DE ROPA;LAGO PUELO;LIMPIEZA;;;25;JOHANA VIGIL;AXUM;;CLOROX;False;133190;1;Lista General;AUTOSERVICIO - A;43793;05-10-2026;759-GABRIEL PEREZ;CLOROX;1;0,00000000;1897,91
101720;"Mario Bravo 1382 0";Avellaneda;2026-10-06;06-10-2026;05-10-2026;FAC-A0001-00343495;Venta;LAGOPUELO S.A;60234;5,00;14543,55;17597,70;Wu Min;;0,00 %;27;Samanta Dogliotti;271;Aydn Lavdna Gel Ctra 15/700ml GP2;2908,71;3441;"";AUTOSERVICIO;AUTOSERVICIO;10935,00;HERNAN RIVERO;0,00;$;2;GRUPO AYUDIN ARGENTINA S.A;0,00000000;0,00;Efectivo;07-10-2026 08:13;;AYUDIN;CLOROX;;CLOROX;LAVANDINA;LAGO PUELO;LIMPIEZA;;;25;JOHANA VIGIL;AXUM;;CLOROX;False;133190;1;Lista General;AUTOSERVICIO - A;43793;05-10-2026;759-GABRIEL PEREZ;CLOROX;1;0,00000000;2908,71
101720;"Mario Bravo 1382 0";Avellaneda;2026-10-06;06-10-2026;05-10-2026;FAC-A0001-00343495;Venta;LAGOPUELO S.A;60237;6,00;17452,26;21117,23;Wu Min;;0,00 %;27;Samanta Dogliotti;271;Aydn Lavdna Gel Flr 15/700ml GP2;2908,71;3441;"";AUTOSERVICIO;AUTOSERVICIO;13122,00;HERNAN RIVERO;0,00;$;2;GRUPO AYUDIN ARGENTINA S.A;0,00000000;0,00;Efectivo;07-10-2026 08:13;;AYUDIN;CLOROX;;CLOROX;LAVANDINA;LAGO PUELO;LIMPIEZA;;;25;JOHANA VIGIL;AXUM;;CLOROX;False;133190;1;Lista General;AUTOSERVICIO - A;43793;05-10-2026;759-GABRIEL PEREZ;CLOROX;1;0,00000000;2908,71
101720;"Mario Bravo 1382 0";Avellaneda;2026-10-06;06-10-2026;05-10-2026;FAC-A0001-00343495;Venta;LAGOPUELO S.A;60239;4,00;11634,84;14078,16;Wu Min;;0,00 %;27;Samanta Dogliotti;271;Aydn Lavdna Gel MntFrs 15/700ml GP2;2908,71;3441;"";AUTOSERVICIO;AUTOSERVICIO;8748,00;HERNAN RIVERO;0,00;$;2;GRUPO AYUDIN ARGENTINA S.A;0,00000000;0,00;Efectivo;07-10-2026 08:13;;AYUDIN;CLOROX;;CLOROX;LAVANDINA;LAGO PUELO;LIMPIEZA;;;25;JOHANA VIGIL;AXUM;;CLOROX;False;133190;1;Lista General;AUTOSERVICIO - A;43793;05-10-2026;759-GABRIEL PEREZ;CLOROX;1;0,00000000;2908,71
101048;"Obon 2043 0";VALENTIN ALSINA;2026-10-06;06-10-2026;05-10-2026;FAC-A0001-00343500;Venta;LAGOPUELO S.A;36003;80,00;133903,00;162022,63;Manrrique Raymundo;;23,00 %;29;Camila Navarrete;291;AYDN LAVDNA OR 25g/l 8/2l;1673,79;3441;"";AUTOSERVICIO;AUTOSERVICIO;139120,00;HERNAN RIVERO;499,96;$;2;GRUPO AYUDIN ARGENTINA S.A;0,00000000;0,00;Efectivo;07-10-2026 08:13;;AYUDIN;CLOROX;;CLOROX;LAVANDINA;LAGO PUELO;LIMPIEZA;;;25;JOHANA VIGIL;AXUM;;CLOROX;False;133255;1;Lista General;AUTOSERVICIO - A;43805;05-10-2026;759-GABRIEL PEREZ;CLOROX;1;0,00000000;1673,79
23204;"Dr. Joaqu√≠n Essoin - (AUTOSERVICIOS) 176";LONGCHAMPS;2026-10-06;06-10-2026;05-10-2026;FAC-A0001-00343504;Venta;LAGOPUELO S.A;60222;15,00;17403,75;21058,54;LIN HUAIPING;;15,00 %;062;Nahuel Martinez;0621;Aydn Lavda TriPod 15/1l GP2;1160,25;3447;"";AUTOSERVICIO;Autoservicio B;15750,00;WALTER JANIUK;204,75;$;2;GRUPO AYUDIN ARGENTINA S.A;0,00000000;0,00;Contado;07-10-2026 08:05;;AYUDIN;CLOROX;;CLOROX;LAVANDINA;LAGO PUELO;LIMPIEZA;;;300;Bruno Centurion;AXUM;;CLOROX;False;132946;0;Lista General;Autoservicio B - A;43935;05-10-2026;5553-JORGE MONZON;CLOROX;1;0,00000000;1160,25
23204;"Dr. Joaqu√≠n Essoin - (AUTOSERVICIOS) 176";LONGCHAMPS;2026-10-06;06-10-2026;05-10-2026;FAC-A0001-00343504;Venta;LAGOPUELO S.A;60223;8,00;18493,28;22376,87;LIN HUAIPING;;15,00 %;062;Nahuel Martinez;0621;Aydn Lavda TriPod 8/2l GP2;2311,66;3447;"";AUTOSERVICIO;Autoservicio B;16736,00;WALTER JANIUK;407,94;$;2;GRUPO AYUDIN ARGENTINA S.A;0,00000000;0,00;Contado;07-10-2026 08:05;;AYUDIN;CLOROX;;CLOROX;LAVANDINA;LAGO PUELO;LIMPIEZA;;;300;Bruno Centurion;AXUM;;CLOROX;False;132946;0;Lista General;Autoservicio B - A;43935;05-10-2026;5553-JORGE MONZON;CLOROX;1;0,00000000;2311,66
23204;"Dr. Joaqu√≠n Essoin - (AUTOSERVICIOS) 176";LONGCHAMPS;2026-10-06;06-10-2026;05-10-2026;FAC-A0001-00343504;Venta;LAGOPUELO S.A;60227;8,00;18493,28;22376,87;LIN HUAIPING;;15,00 %;062;Nahuel Martinez;0621;Aydn PurGlac TriPod 8/2l GP2;2311,66;3447;"";AUTOSERVICIO;Autoservicio B;16736,00;WALTER JANIUK;407,94;$;2;GRUPO AYUDIN ARGENTINA S.A;0,00000000;0,00;Contado;07-10-2026 08:05;;AYUDIN;CLOROX;;CLOROX;LAVANDINA;LAGO PUELO;LIMPIEZA;;;300;Bruno Centurion;AXUM;;CLOROX;False;132946;0;Lista General;Autoservicio B - A;43935;05-10-2026;5553-JORGE MONZON;CLOROX;1;0,00000000;2311,66
23204;"Dr. Joaqu√≠n Essoin - (AUTOSERVICIOS) 176";LONGCHAMPS;2026-10-06;06-10-2026;05-10-2026;FAC-A0001-00343504;Venta;LAGOPUELO S.A;36003;8,00;13912,00;16833,52;LIN HUAIPING;;20,00 %;062;Nahuel Martinez;0621;AYDN LAVDNA OR 25g/l 8/2l;1739,00;3447;"";AUTOSERVICIO;Autoservicio B;13912,00;WALTER JANIUK;434,75;$;2;GRUPO AYUDIN ARGENTINA S.A;0,00000000;0,00;Contado;07-10-2026 08:05;;AYUDIN;CLOROX;;CLOROX;LAVANDINA;LAGO PUELO;LIMPIEZA;;;300;Bruno Centurion;AXUM;;CLOROX;False;132946;0;Lista General;Autoservicio B - A;43935;05-10-2026;5553-JORGE MONZON;CLOROX;1;0,00000000;1739,00
23204;"Dr. Joaqu√≠n Essoin - (AUTOSERVICIOS) 176";LONGCHAMPS;2026-10-06;06-10-2026;05-10-2026;FAC-A0001-00343504;Venta;LAGOPUELO S.A;17927;15,00;12735,00;15409,35;LIN HUAIPING;;20,00 %;062;Nahuel Martinez;0621;AYDN LAVDNA OR 15/1L;849,00;3447;"";AUTOSERVICIO;Autoservicio B;12735,00;WALTER JANIUK;212,25;$;2;GRUPO AYUDIN ARGENTINA S.A;0,00000000;0,00;Contado;07-10-2026 08:05;;AYUDIN;CLOROX;;CLOROX;LAVANDINA;LAGO PUELO;LIMPIEZA;;;300;Bruno Centurion;AXUM;;CLOROX;False;132946;0;Lista General;Autoservicio B - A;43935;05-10-2026;5553-JORGE MONZON;CLOROX;1;0,00000000;849,00
23204;"Dr. Joaqu√≠n Essoin - (AUTOSERVICIOS) 176";LONGCHAMPS;2026-10-06;06-10-2026;05-10-2026;FAC-A0001-00343504;Venta;LAGOPUELO S.A;34334;12,00;15752,06;19060,00;LIN HUAIPING;;20,00 %;062;Nahuel Martinez;0621;Poett Dsnf SuadBebe 12/900ml;1312,67;3447;"";AUTOSERVICIO;Autoservicio B;15504,00;WALTER JANIUK;328,17;$;2;GRUPO AYUDIN ARGENTINA S.A;0,00000000;0,00;Contado;07-10-2026 08:05;;POETT;CLOROX;;CLOROX;PISO;LAGO PUELO;LIMPIEZA;;;300;Bruno Centurion;AXUM;;CLOROX;False;132946;0;Lista General;Autoservicio B - A;43935;05-10-2026;5553-JORGE MONZON;CLOROX;1;0,00000000;1312,67
23212;"25 de Mayo - (AUTOSERVICIOS) 326";LONGCHAMPS;2026-10-06;06-10-2026;05-10-2026;FAC-A0001-00343507;Venta;LAGOPUELO S.A;60226;15,00;17403,75;21058,54;LIN YINGMEI;;15,00 %;062;Nahuel Martinez;0621;Aydn PurGlac TriPod 15/1l GP2;1160,25;3447;"";Otros;SIN SUB;15750,00;WALTER JANIUK;204,75;$;2;GRUPO AYUDIN ARGENTINA S.A;0,00000000;0,00;Contado;07-10-2026 08:05;;AYUDIN;CLOROX;;CLOROX;LAVANDINA;LAGO PUELO;LIMPIEZA;;;300;Bruno Centurion;AXUM;;CLOROX;False;132949;0;Lista General;SIN SUB - A;43938;05-10-2026;5553-JORGE MONZON;CLOROX;1;0,00000000;1160,25
23385;"Claudio Leon Sempere - (AUTOSERVICIOS) 1630";ALTE BROWN;2026-10-06;06-10-2026;05-10-2026;FAC-A0001-00343511;Venta;LAGOPUELO S.A;36003;80,00;130425,00;157814,25;SHI YUMING;;25,00 %;061;Nailah Guzman;0611;AYDN LAVDNA OR 25g/l 8/2l;1630,31;3447;"";AUTOSERVICIO;Autoservicio A;139120,00;WALTER JANIUK;543,44;$;2;GRUPO AYUDIN ARGENTINA S.A;0,00000000;0,00;Contado;07-10-2026 08:05;;AYUDIN;CLOROX;;CLOROX;LAVANDINA;LAGO PUELO;LIMPIEZA;;;300;Bruno Centurion;AXUM;;CLOROX;False;133036;0;Lista General;Autoservicio A - A;43947;05-10-2026;5553-JORGE MONZON;CLOROX;1;0,00000000;1630,31
23385;"Claudio Leon Sempere - (AUTOSERVICIOS) 1630";ALTE BROWN;2026-10-06;06-10-2026;05-10-2026;FAC-A0001-00343511;Venta;LAGOPUELO S.A;17927;75,00;59695,31;72231,33;SHI YUMING;;25,00 %;061;Nailah Guzman;0611;AYDN LAVDNA OR 15/1L;795,94;3447;"";AUTOSERVICIO;Autoservicio A;63675,00;WALTER JANIUK;265,31;$;2;GRUPO AYUDIN ARGENTINA S.A;0,00000000;0,00;Contado;07-10-2026 08:05;;AYUDIN;CLOROX;;CLOROX;LAVANDINA;LAGO PUELO;LIMPIEZA;;;300;Bruno Centurion;AXUM;;CLOROX;False;133036;0;Lista General;Autoservicio A - A;43947;05-10-2026;5553-JORGE MONZON;CLOROX;1;0,00000000;795,94
23206;"AV. TOMAS ESPORA 5345";LONGCHAMPS;2026-10-06;06-10-2026;05-10-2026;FAC-A0001-00343516;Venta;LAGOPUELO S.A;17927;30,00;25470,00;30818,70;RODRIGUEZ HERNAN ARIEL;;20,00 %;062;Nahuel Martinez;0621;AYDN LAVDNA OR 15/1L;849,00;3447;"";AUTOSERVICIO;Autoservicio B;25470,00;WALTER JANIUK;212,25;$;2;GRUPO AYUDIN ARGENTINA S.A;0,00000000;0,00;2 dÌas fecha de factura;07-10-2026 08:05;;AYUDIN;CLOROX;;CLOROX;LAVANDINA;LAGO PUELO;LIMPIEZA;;;300;Bruno Centurion;AXUM;;CLOROX;False;133179;0;Lista General;Autoservicio B - A;43961;05-10-2026;5553-JORGE MONZON;CLOROX;1;0,00000000;849,00
23206;"AV. TOMAS ESPORA 5345";LONGCHAMPS;2026-10-06;06-10-2026;05-10-2026;FAC-A0001-00343516;Venta;LAGOPUELO S.A;60222;15,00;17403,75;21058,54;RODRIGUEZ HERNAN ARIEL;;15,00 %;062;Nahuel Martinez;0621;Aydn Lavda TriPod 15/1l GP2;1160,25;3447;"";AUTOSERVICIO;Autoservicio B;15750,00;WALTER JANIUK;204,75;$;2;GRUPO AYUDIN ARGENTINA S.A;0,00000000;0,00;2 dÌas fecha de factura;07-10-2026 08:05;;AYUDIN;CLOROX;;CLOROX;LAVANDINA;LAGO PUELO;LIMPIEZA;;;300;Bruno Centurion;AXUM;;CLOROX;False;133179;0;Lista General;Autoservicio B - A;43961;05-10-2026;5553-JORGE MONZON;CLOROX;1;0,00000000;1160,25
23206;"AV. TOMAS ESPORA 5345";LONGCHAMPS;2026-10-06;06-10-2026;05-10-2026;FAC-A0001-00343516;Venta;LAGOPUELO S.A;36003;8,00;13912,00;16833,52;RODRIGUEZ HERNAN ARIEL;;20,00 %;062;Nahuel Martinez;0621;AYDN LAVDNA OR 25g/l 8/2l;1739,00;3447;"";AUTOSERVICIO;Autoservicio B;13912,00;WALTER JANIUK;434,75;$;2;GRUPO AYUDIN ARGENTINA S.A;0,00000000;0,00;2 dÌas fecha de factura;07-10-2026 08:05;;AYUDIN;CLOROX;;CLOROX;LAVANDINA;LAGO PUELO;LIMPIEZA;;;300;Bruno Centurion;AXUM;;CLOROX;False;133179;0;Lista General;Autoservicio B - A;43961;05-10-2026;5553-JORGE MONZON;CLOROX;1;0,00000000;1739,00
23206;"AV. TOMAS ESPORA 5345";LONGCHAMPS;2026-10-06;06-10-2026;05-10-2026;FAC-A0001-00343516;Venta;LAGOPUELO S.A;61816;6,00;18159,57;21973,08;RODRIGUEZ HERNAN ARIEL;;15,00 %;062;Nahuel Martinez;0621;Sltn MataMosq Aer AccInst 6/360ml BA;3026,60;3447;"";AUTOSERVICIO;Autoservicio B;16434,00;WALTER JANIUK;534,11;$;2;GRUPO AYUDIN ARGENTINA S.A;0,00000000;0,00;2 dÌas fecha de factura;07-10-2026 08:05;;SELTON;CLOROX;;CLOROX;SELTON;LAGO PUELO;LIMPIEZA;;;300;Bruno Centurion;AXUM;;CLOROX;False;133179;0;Lista General;Autoservicio B - A;43961;05-10-2026;5553-JORGE MONZON;CLOROX;1;0,00000000;3026,60
23206;"AV. TOMAS ESPORA 5345";LONGCHAMPS;2026-10-06;06-10-2026;05-10-2026;FAC-A0001-00343516;Venta;LAGOPUELO S.A;24648;12,00;16598,40;20084,06;RODRIGUEZ HERNAN ARIEL;;0,00 %;062;Nahuel Martinez;0621;Poett PastDesod Lavda 12/25g GP2;1383,20;3447;"";AUTOSERVICIO;Autoservicio B;12768,00;WALTER JANIUK;0,00;$;2;GRUPO AYUDIN ARGENTINA S.A;0,00000000;0,00;2 dÌas fecha de factura;07-10-2026 08:05;;POETT;CLOROX;;CLOROX;BAÒO;LAGO PUELO;LIMPIEZA;;;300;Bruno Centurion;AXUM;;CLOROX;False;133179;0;Lista General;Autoservicio B - A;43961;05-10-2026;5553-JORGE MONZON;CLOROX;1;0,00000000;1383,20
23206;"AV. TOMAS ESPORA 5345";LONGCHAMPS;2026-10-06;06-10-2026;05-10-2026;FAC-A0001-00343516;Venta;LAGOPUELO S.A;27816;12,00;26785,20;32410,09;RODRIGUEZ HERNAN ARIEL;;0,00 %;062;Nahuel Martinez;0621;Poett Cnsta 12/27.5g                    ;2232,10;3447;"";AUTOSERVICIO;Autoservicio B;20604,00;WALTER JANIUK;0,00;$;2;GRUPO AYUDIN ARGENTINA S.A;0,00000000;0,00;2 dÌas fecha de factura;07-10-2026 08:05;;POETT;CLOROX;;CLOROX;BAÒO;LAGO PUELO;LIMPIEZA;;;300;Bruno Centurion;AXUM;;CLOROX;False;133179;0;Lista General;Autoservicio B - A;43961;05-10-2026;5553-JORGE MONZON;CLOROX;1;0,00000000;2232,10
5514;"Av. Monteverde - (TRADICIONAL) 5776";BURZACO;2026-10-06;06-10-2026;05-10-2026;FAC-A0001-00343521;Venta;LAGOPUELO S.A;36003;16,00;27824,00;33667,04;Fiscal Cristina del Valle;;20,00 %;062;Nahuel Martinez;0621;AYDN LAVDNA OR 25g/l 8/2l;1739,00;3447;"";ALMACEN;ALMACEN;27824,00;WALTER JANIUK;434,75;$;2;GRUPO AYUDIN ARGENTINA S.A;0,00000000;0,00;Contado;07-10-2026 08:05;;AYUDIN;CLOROX;;CLOROX;LAVANDINA;LAGO PUELO;LIMPIEZA;;;300;Bruno Centurion;AXUM;;CLOROX;False;133184;0;Lista General;ALMACEN - A;43966;05-10-2026;5553-JORGE MONZON;CLOROX;1;0,00000000;1739,00
5514;"Av. Monteverde - (TRADICIONAL) 5776";BURZACO;2026-10-06;06-10-2026;05-10-2026;FAC-A0001-00343521;Venta;LAGOPUELO S.A;17927;30,00;25470,00;30818,70;Fiscal Cristina del Valle;;20,00 %;062;Nahuel Martinez;0621;AYDN LAVDNA OR 15/1L;849,00;3447;"";ALMACEN;ALMACEN;25470,00;WALTER JANIUK;212,25;$;2;GRUPO AYUDIN ARGENTINA S.A;0,00000000;0,00;Contado;07-10-2026 08:05;;AYUDIN;CLOROX;;CLOROX;LAVANDINA;LAGO PUELO;LIMPIEZA;;;300;Bruno Centurion;AXUM;;CLOROX;False;133184;0;Lista General;ALMACEN - A;43966;05-10-2026;5553-JORGE MONZON;CLOROX;1;0,00000000;849,00
5837;"adolfo alsina e/roca y bartolome mitre - (Large Format) 760";BURZACO;2026-10-06;06-10-2026;05-10-2026;FAC-A0001-00343534;Venta;LAGOPUELO S.A;60223;8,00;18493,28;22376,87;lin liqing;;15,00 %;063;Daniel Martin;0631;Aydn Lavda TriPod 8/2l GP2;2311,66;3444;"";AUTOSERVICIO;Autoservicio A;16736,00;CLAUDIO GARCIA;407,94;$;2;GRUPO AYUDIN ARGENTINA S.A;0,00000000;0,00;Contado;;;AYUDIN;CLOROX;;CLOROX;LAVANDINA;LAGO PUELO;LIMPIEZA;;;300;Bruno Centurion;AXUM;;CLOROX;False;132889;1;Lista General;Autoservicio A - A;43996;05-10-2026;58-ARON BOLLINI;CLOROX;1;0,00000000;2311,66
5837;"adolfo alsina e/roca y bartolome mitre - (Large Format) 760";BURZACO;2026-10-06;06-10-2026;05-10-2026;FAC-A0001-00343534;Venta;LAGOPUELO S.A;60227;8,00;18493,28;22376,87;lin liqing;;15,00 %;063;Daniel Martin;0631;Aydn PurGlac TriPod 8/2l GP2;2311,66;3444;"";AUTOSERVICIO;Autoservicio A;16736,00;CLAUDIO GARCIA;407,94;$;2;GRUPO AYUDIN ARGENTINA S.A;0,00000000;0,00;Contado;;;AYUDIN;CLOROX;;CLOROX;LAVANDINA;LAGO PUELO;LIMPIEZA;;;300;Bruno Centurion;AXUM;;CLOROX;False;132889;1;Lista General;Autoservicio A - A;43996;05-10-2026;58-ARON BOLLINI;CLOROX;1;0,00000000;2311,66
23751;"ALEM 2016";ESTEBAN ECHEVERR√¬çA;2026-10-06;06-10-2026;05-10-2026;FAC-A0001-00343537;Venta;LAGOPUELO S.A;60223;8,00;18493,28;22376,87;SUPERMERCADO JACKSON;;15,00 %;064;Karina Fernandez;0641;Aydn Lavda TriPod 8/2l GP2;2311,66;3444;"";AUTOSERVICIO;Autoservicio A;16736,00;CLAUDIO GARCIA;407,94;$;2;GRUPO AYUDIN ARGENTINA S.A;0,00000000;0,00;Contado;;;AYUDIN;CLOROX;;CLOROX;LAVANDINA;LAGO PUELO;LIMPIEZA;;;300;Bruno Centurion;AXUM;;CLOROX;False;132961;1;Lista General;Autoservicio A - A;43999;05-10-2026;58-ARON BOLLINI;CLOROX;1;0,00000000;2311,66
23559;"ALEM - (AUTOSERVICIOS) 330";BURZACO;2026-10-06;06-10-2026;05-10-2026;FAC-A0001-00343540;Venta;LAGOPUELO S.A;33577;6,00;17868,42;21620,78;CHEN YALANMEI;;5,00 %;063;Daniel Martin;0631;Aydn Ropa ClrViv DoyPk 12/650ml;2978,07;3444;"";AUTOSERVICIO;Autoservicio A;14142,00;CLAUDIO GARCIA;156,74;$;2;GRUPO AYUDIN ARGENTINA S.A;0,00000000;0,00;Contado;;;AYUDIN;CLOROX;;CLOROX;LAVADO DE ROPA;LAGO PUELO;LIMPIEZA;;;300;Bruno Centurion;AXUM;;CLOROX;False;132988;1;Lista General;Autoservicio A - A;44002;05-10-2026;58-ARON BOLLINI;CLOROX;1;0,00000000;2978,07
23747;"LEANDRO N ALEM 2452";Esteban EcheverrÌa;2026-10-06;06-10-2026;05-10-2026;FAC-A0001-00343541;Venta;LAGOPUELO S.A;34320;12,00;15161,36;18345,25;CHEN JIEMING;;23,00 %;064;Karina Fernandez;0641;Poett Desinf. Frescura de Lavanda 900ml;1263,45;3444;"";AUTOSERVICIO;Autoservicio A;15504,00;CLAUDIO GARCIA;377,39;$;2;GRUPO AYUDIN ARGENTINA S.A;0,00000000;0,00;Contado;;;POETT;CLOROX;;CLOROX;PISO;LAGO PUELO;LIMPIEZA;;;300;Bruno Centurion;AXUM;;CLOROX;False;133052;1;Lista General;Autoservicio A - A;44003;05-10-2026;58-ARON BOLLINI;CLOROX;1;0,00000000;1263,45
23747;"LEANDRO N ALEM 2452";Esteban EcheverrÌa;2026-10-06;06-10-2026;05-10-2026;FAC-A0001-00343541;Venta;LAGOPUELO S.A;34324;12,00;15161,36;18345,25;CHEN JIEMING;;23,00 %;064;Karina Fernandez;0641;Poett Desinf. Flores de Primavera 900ml;1263,45;3444;"";AUTOSERVICIO;Autoservicio A;15504,00;CLAUDIO GARCIA;377,39;$;2;GRUPO AYUDIN ARGENTINA S.A;0,00000000;0,00;Contado;;;POETT;CLOROX;;CLOROX;PISO;LAGO PUELO;LIMPIEZA;;;300;Bruno Centurion;AXUM;;CLOROX;False;133052;1;Lista General;Autoservicio A - A;44003;05-10-2026;58-ARON BOLLINI;CLOROX;1;0,00000000;1263,45
23747;"LEANDRO N ALEM 2452";Esteban EcheverrÌa;2026-10-06;06-10-2026;05-10-2026;FAC-A0001-00343541;Venta;LAGOPUELO S.A;34334;12,00;15161,36;18345,25;CHEN JIEMING;;23,00 %;064;Karina Fernandez;0641;Poett Dsnf SuadBebe 12/900ml;1263,45;3444;"";AUTOSERVICIO;Autoservicio A;15504,00;CLAUDIO GARCIA;377,39;$;2;GRUPO AYUDIN ARGENTINA S.A;0,00000000;0,00;Contado;;;POETT;CLOROX;;CLOROX;PISO;LAGO PUELO;LIMPIEZA;;;300;Bruno Centurion;AXUM;;CLOROX;False;133052;1;Lista General;Autoservicio A - A;44003;05-10-2026;58-ARON BOLLINI;CLOROX;1;0,00000000;1263,45
23747;"LEANDRO N ALEM 2452";Esteban EcheverrÌa;2026-10-06;06-10-2026;05-10-2026;FAC-A0001-00343541;Venta;LAGOPUELO S.A;60386;12,00;15161,36;18345,25;CHEN JIEMING;;23,00 %;064;Karina Fernandez;0641;Poett EsptPly 12/900ml;1263,45;3444;"";AUTOSERVICIO;Autoservicio A;15504,00;CLAUDIO GARCIA;377,39;$;2;GRUPO AYUDIN ARGENTINA S.A;0,00000000;0,00;Contado;;;POETT;CLOROX;;CLOROX;PISO;LAGO PUELO;LIMPIEZA;;;300;Bruno Centurion;AXUM;;CLOROX;False;133052;1;Lista General;Autoservicio A - A;44003;05-10-2026;58-ARON BOLLINI;CLOROX;1;0,00000000;1263,45
23747;"LEANDRO N ALEM 2452";Esteban EcheverrÌa;2026-10-06;06-10-2026;05-10-2026;FAC-A0001-00343541;Venta;LAGOPUELO S.A;34342;12,00;15161,36;18345,25;CHEN JIEMING;;23,00 %;064;Karina Fernandez;0641;Poett Dsnf AlgrDia 12/900ml;1263,45;3444;"";AUTOSERVICIO;Autoservicio A;15504,00;CLAUDIO GARCIA;377,39;$;2;GRUPO AYUDIN ARGENTINA S.A;0,00000000;0,00;Contado;;;POETT;CLOROX;;CLOROX;PISO;LAGO PUELO;LIMPIEZA;;;300;Bruno Centurion;AXUM;;CLOROX;False;133052;1;Lista General;Autoservicio A - A;44003;05-10-2026;58-ARON BOLLINI;CLOROX;1;0,00000000;1263,45
23747;"LEANDRO N ALEM 2452";Esteban EcheverrÌa;2026-10-06;06-10-2026;05-10-2026;FAC-A0001-00343541;Venta;LAGOPUELO S.A;60222;15,00;17403,75;21058,54;CHEN JIEMING;;15,00 %;064;Karina Fernandez;0641;Aydn Lavda TriPod 15/1l GP2;1160,25;3444;"";AUTOSERVICIO;Autoservicio A;15750,00;CLAUDIO GARCIA;204,75;$;2;GRUPO AYUDIN ARGENTINA S.A;0,00000000;0,00;Contado;;;AYUDIN;CLOROX;;CLOROX;LAVANDINA;LAGO PUELO;LIMPIEZA;;;300;Bruno Centurion;AXUM;;CLOROX;False;133052;1;Lista General;Autoservicio A - A;44003;05-10-2026;58-ARON BOLLINI;CLOROX;1;0,00000000;1160,25
23565;"Florida 1214";BURZACO;2026-10-06;06-10-2026;05-10-2026;FAC-A0001-00343544;Venta;LAGOPUELO S.A;17927;15,00;12735,00;15409,35;PASZCZUUK JUAN CARLOS;;20,00 %;063;Daniel Martin;0631;AYDN LAVDNA OR 15/1L;849,00;3444;"Venta modificada el 2026-10-05 13:41:05";ALMACEN;ALMACEN;12735,00;CLAUDIO GARCIA;212,25;$;2;GRUPO AYUDIN ARGENTINA S.A;0,00000000;0,00;Contado;;;AYUDIN;CLOROX;;CLOROX;LAVANDINA;LAGO PUELO;LIMPIEZA;;;300;Bruno Centurion;AXUM;;CLOROX;False;133103;1;Lista General;ALMACEN - A;44014;05-10-2026;58-ARON BOLLINI;CLOROX;1;0,00000000;849,00
23565;"Florida 1214";BURZACO;2026-10-06;06-10-2026;05-10-2026;FAC-A0001-00343544;Venta;LAGOPUELO S.A;61816;6,00;17091,36;20680,55;PASZCZUUK JUAN CARLOS;;20,00 %;063;Daniel Martin;0631;Sltn MataMosq Aer AccInst 6/360ml BA;2848,56;3444;"Venta modificada el 2026-10-05 13:41:05";ALMACEN;ALMACEN;16434,00;CLAUDIO GARCIA;712,14;$;2;GRUPO AYUDIN ARGENTINA S.A;0,00000000;0,00;Contado;;;SELTON;CLOROX;;CLOROX;SELTON;LAGO PUELO;LIMPIEZA;;;300;Bruno Centurion;AXUM;;CLOROX;False;133103;1;Lista General;ALMACEN - A;44014;05-10-2026;58-ARON BOLLINI;CLOROX;1;0,00000000;2848,56
23743;"ALEM - (AUTOSERVICIOS) 2934";MONTE GRANDE;2026-10-06;06-10-2026;05-10-2026;FAC-A0001-00343545;Venta;LAGOPUELO S.A;36001;36,00;43121,28;52176,74;LIN XINWEI;;27,00 %;064;Karina Fernandez;0641;POETT FRSC TROP 12/900;1197,81;3444;"";AUTOSERVICIO;Autoservicio A;46512,00;CLAUDIO GARCIA;443,03;$;2;GRUPO AYUDIN ARGENTINA S.A;0,00000000;0,00;Contado;;;POETT;CLOROX;;CLOROX;PISO;LAGO PUELO;LIMPIEZA;;;300;Bruno Centurion;AXUM;;CLOROX;False;133155;1;Lista General;Autoservicio A - A;44018;05-10-2026;58-ARON BOLLINI;CLOROX;1;0,00000000;1197,81
23743;"ALEM - (AUTOSERVICIOS) 2934";MONTE GRANDE;2026-10-06;06-10-2026;05-10-2026;FAC-A0001-00343545;Venta;LAGOPUELO S.A;34324;36,00;43121,28;52176,74;LIN XINWEI;;27,00 %;064;Karina Fernandez;0641;Poett Desinf. Flores de Primavera 900ml;1197,81;3444;"";AUTOSERVICIO;Autoservicio A;46512,00;CLAUDIO GARCIA;443,03;$;2;GRUPO AYUDIN ARGENTINA S.A;0,00000000;0,00;Contado;;;POETT;CLOROX;;CLOROX;PISO;LAGO PUELO;LIMPIEZA;;;300;Bruno Centurion;AXUM;;CLOROX;False;133155;1;Lista General;Autoservicio A - A;44018;05-10-2026;58-ARON BOLLINI;CLOROX;1;0,00000000;1197,81
23743;"ALEM - (AUTOSERVICIOS) 2934";MONTE GRANDE;2026-10-06;06-10-2026;05-10-2026;FAC-A0001-00343545;Venta;LAGOPUELO S.A;34320;72,00;86242,55;104353,49;LIN XINWEI;;27,00 %;064;Karina Fernandez;0641;Poett Desinf. Frescura de Lavanda 900ml;1197,81;3444;"";AUTOSERVICIO;Autoservicio A;93024,00;CLAUDIO GARCIA;443,03;$;2;GRUPO AYUDIN ARGENTINA S.A;0,00000000;0,00;Contado;;;POETT;CLOROX;;CLOROX;PISO;LAGO PUELO;LIMPIEZA;;;300;Bruno Centurion;AXUM;;CLOROX;False;133155;1;Lista General;Autoservicio A - A;44018;05-10-2026;58-ARON BOLLINI;CLOROX;1;0,00000000;1197,81
23743;"ALEM - (AUTOSERVICIOS) 2934";MONTE GRANDE;2026-10-06;06-10-2026;05-10-2026;FAC-A0001-00343545;Venta;LAGOPUELO S.A;60386;24,00;28747,52;34784,50;LIN XINWEI;;27,00 %;064;Karina Fernandez;0641;Poett EsptPly 12/900ml;1197,81;3444;"";AUTOSERVICIO;Autoservicio A;31008,00;CLAUDIO GARCIA;443,03;$;2;GRUPO AYUDIN ARGENTINA S.A;0,00000000;0,00;Contado;;;POETT;CLOROX;;CLOROX;PISO;LAGO PUELO;LIMPIEZA;;;300;Bruno Centurion;AXUM;;CLOROX;False;133155;1;Lista General;Autoservicio A - A;44018;05-10-2026;58-ARON BOLLINI;CLOROX;1;0,00000000;1197,81
23743;"ALEM - (AUTOSERVICIOS) 2934";MONTE GRANDE;2026-10-06;06-10-2026;05-10-2026;FAC-A0001-00343545;Venta;LAGOPUELO S.A;34334;24,00;28747,52;34784,50;LIN XINWEI;;27,00 %;064;Karina Fernandez;0641;Poett Dsnf SuadBebe 12/900ml;1197,81;3444;"";AUTOSERVICIO;Autoservicio A;31008,00;CLAUDIO GARCIA;443,03;$;2;GRUPO AYUDIN ARGENTINA S.A;0,00000000;0,00;Contado;;;POETT;CLOROX;;CLOROX;PISO;LAGO PUELO;LIMPIEZA;;;300;Bruno Centurion;AXUM;;CLOROX;False;133155;1;Lista General;Autoservicio A - A;44018;05-10-2026;58-ARON BOLLINI;CLOROX;1;0,00000000;1197,81
23743;"ALEM - (AUTOSERVICIOS) 2934";MONTE GRANDE;2026-10-06;06-10-2026;05-10-2026;FAC-A0001-00343545;Venta;LAGOPUELO S.A;34342;24,00;28747,52;34784,50;LIN XINWEI;;27,00 %;064;Karina Fernandez;0641;Poett Dsnf AlgrDia 12/900ml;1197,81;3444;"";AUTOSERVICIO;Autoservicio A;31008,00;CLAUDIO GARCIA;443,03;$;2;GRUPO AYUDIN ARGENTINA S.A;0,00000000;0,00;Contado;;;POETT;CLOROX;;CLOROX;PISO;LAGO PUELO;LIMPIEZA;;;300;Bruno Centurion;AXUM;;CLOROX;False;133155;1;Lista General;Autoservicio A - A;44018;05-10-2026;58-ARON BOLLINI;CLOROX;1;0,00000000;1197,81
23743;"ALEM - (AUTOSERVICIOS) 2934";MONTE GRANDE;2026-10-06;06-10-2026;05-10-2026;FAC-A0001-00343545;Venta;LAGOPUELO S.A;34327;36,00;43121,28;52176,74;LIN XINWEI;;27,00 %;064;Karina Fernandez;0641;Poett Desinf. Solo para ti 900ml;1197,81;3444;"";AUTOSERVICIO;Autoservicio A;46512,00;CLAUDIO GARCIA;443,03;$;2;GRUPO AYUDIN ARGENTINA S.A;0,00000000;0,00;Contado;;;POETT;CLOROX;;CLOROX;PISO;LAGO PUELO;LIMPIEZA;;;300;Bruno Centurion;AXUM;;CLOROX;False;133155;1;Lista General;Autoservicio A - A;44018;05-10-2026;58-ARON BOLLINI;CLOROX;1;0,00000000;1197,81
23743;"ALEM - (AUTOSERVICIOS) 2934";MONTE GRANDE;2026-10-06;06-10-2026;05-10-2026;FAC-A0001-00343545;Venta;LAGOPUELO S.A;34338;36,00;43121,28;52176,74;LIN XINWEI;;27,00 %;064;Karina Fernandez;0641;Poett Dsnf MscPrmvra 12/900ml;1197,81;3444;"";AUTOSERVICIO;Autoservicio A;46512,00;CLAUDIO GARCIA;443,03;$;2;GRUPO AYUDIN ARGENTINA S.A;0,00000000;0,00;Contado;;;POETT;CLOROX;;CLOROX;PISO;LAGO PUELO;LIMPIEZA;;;300;Bruno Centurion;AXUM;;CLOROX;False;133155;1;Lista General;Autoservicio A - A;44018;05-10-2026;58-ARON BOLLINI;CLOROX;1;0,00000000;1197,81
23743;"ALEM - (AUTOSERVICIOS) 2934";MONTE GRANDE;2026-10-06;06-10-2026;05-10-2026;FAC-A0001-00343549;Venta;LAGOPUELO S.A;34334;12,00;14373,76;17392,25;LIN XINWEI;;27,00 %;064;Karina Fernandez;0641;Poett Dsnf SuadBebe 12/900ml;1197,81;3444;"";AUTOSERVICIO;Autoservicio A;15504,00;CLAUDIO GARCIA;443,03;$;2;GRUPO AYUDIN ARGENTINA S.A;0,00000000;0,00;Contado;;;POETT;CLOROX;;CLOROX;PISO;LAGO PUELO;LIMPIEZA;;;300;Bruno Centurion;AXUM;;CLOROX;False;133293;1;Lista General;Autoservicio A - A;44027;05-10-2026;58-ARON BOLLINI;CLOROX;1;0,00000000;1197,81
27397;"Maipu - (AUTOSERVICIOS) 111";BANFIELD;2026-10-06;06-10-2026;05-10-2026;FAC-A0001-00343551;Venta;LAGOPUELO S.A;17927;15,00;12735,00;15409,35;Bavosi Juan Martin;;20,00 %;074;Romina Baez;0741;AYDN LAVDNA OR 15/1L;849,00;3442;"";KIOSCO;KIOSCO;12735,00;MARIANO SOSA;212,25;$;2;GRUPO AYUDIN ARGENTINA S.A;0,00000000;0,00;Contado;07-10-2026 09:26;;AYUDIN;CLOROX;;CLOROX;LAVANDINA;LAGO PUELO;LIMPIEZA;;;300;Bruno Centurion;AXUM;;CLOROX;False;132819;0;Lista General;KIOSCO - A;44090;05-10-2026;759-GABRIEL PEREZ;CLOROX;1;0,00000000;849,00
27766;"LARROQUE - (TRADICIONAL) 1532";BANFIELD;2026-10-06;06-10-2026;05-10-2026;FAC-A0001-00343553;Venta;LAGOPUELO S.A;36003;8,00;13912,00;16833,52;PIONERE DEL MERCATO S.A.;;20,00 %;074;Romina Baez;0741;AYDN LAVDNA OR 25g/l 8/2l;1739,00;3442;"";AUTOSERVICIO;Autoservicio B;13912,00;MARIANO SOSA;434,75;$;2;GRUPO AYUDIN ARGENTINA S.A;0,00000000;0,00;Contado;07-10-2026 09:26;;AYUDIN;CLOROX;;CLOROX;LAVANDINA;LAGO PUELO;LIMPIEZA;;;300;Bruno Centurion;AXUM;;CLOROX;False;132830;0;Lista General;Autoservicio B - A;44091;05-10-2026;759-GABRIEL PEREZ;CLOROX;1;0,00000000;1739,00
27386;"Vieytes 1526";BANFIELD;2026-10-06;06-10-2026;05-10-2026;FAC-A0001-00343558;Venta;LAGOPUELO S.A;60222;15,00;17403,75;21058,54;Santacruz Palacios Patricia Mabel;;15,00 %;074;Romina Baez;0741;Aydn Lavda TriPod 15/1l GP2;1160,25;3442;"";AUTOSERVICIO;Autoservicio A;15750,00;MARIANO SOSA;204,75;$;2;GRUPO AYUDIN ARGENTINA S.A;0,00000000;0,00;Contado;07-10-2026 09:26;;AYUDIN;CLOROX;;CLOROX;LAVANDINA;LAGO PUELO;LIMPIEZA;;;300;Bruno Centurion;AXUM;;CLOROX;False;132875;0;Lista General;Autoservicio A - A;44084;05-10-2026;759-GABRIEL PEREZ;CLOROX;1;0,00000000;1160,25
27683;"ANA ACERBONI - (AUTOSERVICIOS) 741";BANFIELD;2026-10-06;06-10-2026;05-10-2026;FAC-A0001-00343563;Venta;LAGOPUELO S.A;61816;30,00;85456,80;103402,73;HONG YU;;20,00 %;073;Florencia Cubilla;0731;Sltn MataMosq Aer AccInst 6/360ml BA;2848,56;3442;"";AUTOSERVICIO;Autoservicio B;82170,00;MARIANO SOSA;712,14;$;2;GRUPO AYUDIN ARGENTINA S.A;0,00000000;0,00;Contado;07-10-2026 09:26;;SELTON;CLOROX;;CLOROX;SELTON;LAGO PUELO;LIMPIEZA;;;300;Bruno Centurion;AXUM;;CLOROX;False;132898;0;Lista General;Autoservicio B - A;44089;05-10-2026;759-GABRIEL PEREZ;CLOROX;1;0,00000000;2848,56
27397;"Maipu - (AUTOSERVICIOS) 111";BANFIELD;2026-10-06;06-10-2026;05-10-2026;FAC-A0001-00343568;Venta;LAGOPUELO S.A;34320;12,00;15752,06;19060,00;Bavosi Juan Martin;;20,00 %;074;Romina Baez;0741;Poett Desinf. Frescura de Lavanda 900ml;1312,67;3442;"";KIOSCO;KIOSCO;15504,00;MARIANO SOSA;328,17;$;2;GRUPO AYUDIN ARGENTINA S.A;0,00000000;0,00;Contado;07-10-2026 09:26;;POETT;CLOROX;;CLOROX;PISO;LAGO PUELO;LIMPIEZA;;;300;Bruno Centurion;AXUM;;CLOROX;False;132944;0;Lista General;KIOSCO - A;44095;05-10-2026;759-GABRIEL PEREZ;CLOROX;1;0,00000000;1312,67
27397;"Maipu - (AUTOSERVICIOS) 111";BANFIELD;2026-10-06;06-10-2026;05-10-2026;FAC-A0001-00343568;Venta;LAGOPUELO S.A;34327;12,00;15752,06;19060,00;Bavosi Juan Martin;;20,00 %;074;Romina Baez;0741;Poett Desinf. Solo para ti 900ml;1312,67;3442;"";KIOSCO;KIOSCO;15504,00;MARIANO SOSA;328,17;$;2;GRUPO AYUDIN ARGENTINA S.A;0,00000000;0,00;Contado;07-10-2026 09:26;;POETT;CLOROX;;CLOROX;PISO;LAGO PUELO;LIMPIEZA;;;300;Bruno Centurion;AXUM;;CLOROX;False;132944;0;Lista General;KIOSCO - A;44095;05-10-2026;759-GABRIEL PEREZ;CLOROX;1;0,00000000;1312,67
27496;"VIRGEN DE ITATI - (AUTOSERVICIOS) 1245";BANFIELD;2026-10-06;06-10-2026;05-10-2026;FAC-A0001-00343569;Venta;LAGOPUELO S.A;61576;16,00;26537,68;32110,59;CHEN YAN;;5,00 %;073;Florencia Cubilla;0731;Aydn Bn Limp† Act Or DoyPk 16/450ml;1658,61;3442;"";AUTOSERVICIO;Autoservicio A;21488,00;MARIANO SOSA;87,30;$;2;GRUPO AYUDIN ARGENTINA S.A;0,00000000;0,00;Contado;07-10-2026 09:26;;AYUDIN;CLOROX;;CLOROX;BAÒO;LAGO PUELO;LIMPIEZA;;;300;Bruno Centurion;AXUM;;CLOROX;False;132995;0;Lista General;Autoservicio A - A;44097;05-10-2026;759-GABRIEL PEREZ;CLOROX;1;0,00000000;1658,61
27496;"VIRGEN DE ITATI - (AUTOSERVICIOS) 1245";BANFIELD;2026-10-06;06-10-2026;05-10-2026;FAC-A0001-00343569;Venta;LAGOPUELO S.A;61621;6,00;17230,20;20848,54;CHEN YAN;;0,00 %;073;Florencia Cubilla;0731;Aydn Coc† Pod Act Or† Gat 12/500ml;2871,70;3442;"";AUTOSERVICIO;Autoservicio A;13254,00;MARIANO SOSA;0,00;$;2;GRUPO AYUDIN ARGENTINA S.A;0,00000000;0,00;Contado;07-10-2026 09:26;;AYUDIN;CLOROX;;CLOROX;COCINA;LAGO PUELO;LIMPIEZA;;;300;Bruno Centurion;AXUM;;CLOROX;False;132995;0;Lista General;Autoservicio A - A;44097;05-10-2026;759-GABRIEL PEREZ;CLOROX;1;0,00000000;2871,70
27496;"VIRGEN DE ITATI - (AUTOSERVICIOS) 1245";BANFIELD;2026-10-06;06-10-2026;05-10-2026;FAC-A0001-00343569;Venta;LAGOPUELO S.A;61046;15,00;22306,05;26990,32;CHEN YAN;;18,00 %;073;Florencia Cubilla;0731;Aydn RopQuitMnch BlncInt 15/1l;1487,07;3442;"";AUTOSERVICIO;Autoservicio A;20925,00;MARIANO SOSA;326,43;$;2;GRUPO AYUDIN ARGENTINA S.A;0,00000000;0,00;Contado;07-10-2026 09:26;;AYUDIN;CLOROX;;CLOROX;LAVADO DE ROPA;LAGO PUELO;LIMPIEZA;;;300;Bruno Centurion;AXUM;;CLOROX;False;132995;0;Lista General;Autoservicio A - A;44097;05-10-2026;759-GABRIEL PEREZ;CLOROX;1;0,00000000;1487,07
29254;"ALMAFUERTE - (AUTOSERVICIOS) 1837";BANFIELD;2026-10-06;06-10-2026;05-10-2026;FAC-A0001-00343579;Venta;LAGOPUELO S.A;61046;8,00;11896,56;14394,84;WENJIN YAO;;18,00 %;074;Romina Baez;0741;Aydn RopQuitMnch BlncInt 15/1l;1487,07;3442;"";AUTOSERVICIO;Autoservicio A;11160,00;MARIANO SOSA;326,43;$;2;GRUPO AYUDIN ARGENTINA S.A;0,00000000;0,00;Contado;07-10-2026 09:26;;AYUDIN;CLOROX;;CLOROX;LAVADO DE ROPA;LAGO PUELO;LIMPIEZA;;;300;Bruno Centurion;AXUM;;CLOROX;False;133095;0;Lista General;Autoservicio A - A;44109;05-10-2026;759-GABRIEL PEREZ;CLOROX;1;0,00000000;1487,07
29254;"ALMAFUERTE - (AUTOSERVICIOS) 1837";BANFIELD;2026-10-06;06-10-2026;05-10-2026;FAC-A0001-00343579;Venta;LAGOPUELO S.A;60408;4,00;15257,76;18461,89;WENJIN YAO;;0,00 %;074;Romina Baez;0741;Ayudin Ropa Blancos Supremos 15/700ml;3814,44;3442;"";AUTOSERVICIO;Autoservicio A;11472,00;MARIANO SOSA;0,00;$;2;GRUPO AYUDIN ARGENTINA S.A;0,00000000;0,00;Contado;07-10-2026 09:26;;AYUDIN;CLOROX;;CLOROX;LAVADO DE ROPA;LAGO PUELO;LIMPIEZA;;;300;Bruno Centurion;AXUM;;CLOROX;False;133095;0;Lista General;Autoservicio A - A;44109;05-10-2026;759-GABRIEL PEREZ;CLOROX;1;0,00000000;3814,44
29254;"ALMAFUERTE - (AUTOSERVICIOS) 1837";BANFIELD;2026-10-06;06-10-2026;05-10-2026;FAC-A0001-00343579;Venta;LAGOPUELO S.A;32288;6,00;11037,00;13354,77;WENJIN YAO;;0,00 %;074;Romina Baez;0741;Tren Oxi DoyPk 16/400ml                 ;1839,50;3442;"";AUTOSERVICIO;Autoservicio A;8490,00;MARIANO SOSA;0,00;$;2;GRUPO AYUDIN ARGENTINA S.A;0,00000000;0,00;Contado;07-10-2026 09:26;;TRENET;CLOROX;;CLOROX;LAVADO DE ROPA;LAGO PUELO;LIMPIEZA;;;300;Bruno Centurion;AXUM;;CLOROX;False;133095;0;Lista General;Autoservicio A - A;44109;05-10-2026;759-GABRIEL PEREZ;CLOROX;1;0,00000000;1839,50
27427;"Plumerillo (y Amberes) - (AUTOSERVICIOS) 699";LOMAS DE ZAMORA;2026-10-06;06-10-2026;05-10-2026;FAC-A0001-00343584;Venta;LAGOPUELO S.A;61046;15,00;22306,05;26990,32;CHEN XIONG ;;18,00 %;073;Florencia Cubilla;0731;Aydn RopQuitMnch BlncInt 15/1l;1487,07;3442;"";AUTOSERVICIO;Autoservicio B;20925,00;MARIANO SOSA;326,43;$;2;GRUPO AYUDIN ARGENTINA S.A;0,00000000;0,00;Contado;07-10-2026 09:26;;AYUDIN;CLOROX;;CLOROX;LAVADO DE ROPA;LAGO PUELO;LIMPIEZA;;;300;Bruno Centurion;AXUM;;CLOROX;False;133133;0;Lista General;Autoservicio B - A;44114;05-10-2026;759-GABRIEL PEREZ;CLOROX;1;0,00000000;1487,07
27427;"Plumerillo (y Amberes) - (AUTOSERVICIOS) 699";LOMAS DE ZAMORA;2026-10-06;06-10-2026;05-10-2026;FAC-A0001-00343584;Venta;LAGOPUELO S.A;60237;15,00;37086,05;44874,12;CHEN XIONG ;;15,00 %;073;Florencia Cubilla;0731;Aydn Lavdna Gel Flr 15/700ml GP2;2472,40;3442;"";AUTOSERVICIO;Autoservicio B;32805,00;MARIANO SOSA;436,31;$;2;GRUPO AYUDIN ARGENTINA S.A;0,00000000;0,00;Contado;07-10-2026 09:26;;AYUDIN;CLOROX;;CLOROX;LAVANDINA;LAGO PUELO;LIMPIEZA;;;300;Bruno Centurion;AXUM;;CLOROX;False;133133;0;Lista General;Autoservicio B - A;44114;05-10-2026;759-GABRIEL PEREZ;CLOROX;1;0,00000000;2472,40
27427;"Plumerillo (y Amberes) - (AUTOSERVICIOS) 699";LOMAS DE ZAMORA;2026-10-06;06-10-2026;05-10-2026;FAC-A0001-00343584;Venta;LAGOPUELO S.A;24648;12,00;16598,40;20084,06;CHEN XIONG ;;0,00 %;073;Florencia Cubilla;0731;Poett PastDesod Lavda 12/25g GP2;1383,20;3442;"";AUTOSERVICIO;Autoservicio B;12768,00;MARIANO SOSA;0,00;$;2;GRUPO AYUDIN ARGENTINA S.A;0,00000000;0,00;Contado;07-10-2026 09:26;;POETT;CLOROX;;CLOROX;BAÒO;LAGO PUELO;LIMPIEZA;;;300;Bruno Centurion;AXUM;;CLOROX;False;133133;0;Lista General;Autoservicio B - A;44114;05-10-2026;759-GABRIEL PEREZ;CLOROX;1;0,00000000;1383,20
27427;"Plumerillo (y Amberes) - (AUTOSERVICIOS) 699";LOMAS DE ZAMORA;2026-10-06;06-10-2026;05-10-2026;FAC-A0001-00343584;Venta;LAGOPUELO S.A;19859;3,00;10451,43;12646,23;CHEN XIONG ;;15,00 %;073;Florencia Cubilla;0731;Poett Frgnz SedPrm 12/250ml AR          ;3483,81;3442;"";AUTOSERVICIO;Autoservicio B;9108,00;MARIANO SOSA;614,79;$;2;GRUPO AYUDIN ARGENTINA S.A;0,00000000;0,00;Contado;07-10-2026 09:26;;POETT;CLOROX;;CLOROX;AERO POETT;LAGO PUELO;LIMPIEZA;;;300;Bruno Centurion;AXUM;;CLOROX;False;133133;0;Lista General;Autoservicio B - A;44114;05-10-2026;759-GABRIEL PEREZ;CLOROX;1;0,00000000;3483,81
27427;"Plumerillo (y Amberes) - (AUTOSERVICIOS) 699";LOMAS DE ZAMORA;2026-10-06;06-10-2026;05-10-2026;FAC-A0001-00343584;Venta;LAGOPUELO S.A;19860;3,00;10451,43;12646,23;CHEN XIONG ;;15,00 %;073;Florencia Cubilla;0731;Poett Frgnz FrsRoc 12/250ml AR          ;3483,81;3442;"";AUTOSERVICIO;Autoservicio B;9108,00;MARIANO SOSA;614,79;$;2;GRUPO AYUDIN ARGENTINA S.A;0,00000000;0,00;Contado;07-10-2026 09:26;;POETT;CLOROX;;CLOROX;AERO POETT;LAGO PUELO;LIMPIEZA;;;300;Bruno Centurion;AXUM;;CLOROX;False;133133;0;Lista General;Autoservicio B - A;44114;05-10-2026;759-GABRIEL PEREZ;CLOROX;1;0,00000000;3483,81
27427;"Plumerillo (y Amberes) - (AUTOSERVICIOS) 699";LOMAS DE ZAMORA;2026-10-06;06-10-2026;05-10-2026;FAC-A0001-00343584;Venta;LAGOPUELO S.A;19861;3,00;10451,43;12646,23;CHEN XIONG ;;15,00 %;073;Florencia Cubilla;0731;Poett Frgnz Suad Alg 12/250ml AR        ;3483,81;3442;"";AUTOSERVICIO;Autoservicio B;9108,00;MARIANO SOSA;614,79;$;2;GRUPO AYUDIN ARGENTINA S.A;0,00000000;0,00;Contado;07-10-2026 09:26;;POETT;CLOROX;;CLOROX;AERO POETT;LAGO PUELO;LIMPIEZA;;;300;Bruno Centurion;AXUM;;CLOROX;False;133133;0;Lista General;Autoservicio B - A;44114;05-10-2026;759-GABRIEL PEREZ;CLOROX;1;0,00000000;3483,81
27427;"Plumerillo (y Amberes) - (AUTOSERVICIOS) 699";LOMAS DE ZAMORA;2026-10-06;06-10-2026;05-10-2026;FAC-A0001-00343584;Venta;LAGOPUELO S.A;50087;3,00;10451,43;12646,23;CHEN XIONG ;;15,00 %;073;Florencia Cubilla;0731;Poett Frgnz Huellitas 12/250ml AR;3483,81;3442;"";AUTOSERVICIO;Autoservicio B;9108,00;MARIANO SOSA;614,79;$;2;GRUPO AYUDIN ARGENTINA S.A;0,00000000;0,00;Contado;07-10-2026 09:26;;POETT;CLOROX;;CLOROX;AERO POETT;LAGO PUELO;LIMPIEZA;;;300;Bruno Centurion;AXUM;;CLOROX;False;133133;0;Lista General;Autoservicio B - A;44114;05-10-2026;759-GABRIEL PEREZ;CLOROX;1;0,00000000;3483,81
27392;"Larroque - (AUTOSERVICIOS) 570";BANFIELD;2026-10-06;06-10-2026;05-10-2026;FAC-A0001-00343585;Venta;LAGOPUELO S.A;32288;6,00;11037,00;13354,77;XU ZHIXIAN;;0,00 %;074;Romina Baez;0741;Tren Oxi DoyPk 16/400ml                 ;1839,50;3442;"";AUTOSERVICIO;Autoservicio A;8490,00;MARIANO SOSA;0,00;$;2;GRUPO AYUDIN ARGENTINA S.A;0,00000000;0,00;Contado;07-10-2026 09:26;;TRENET;CLOROX;;CLOROX;LAVADO DE ROPA;LAGO PUELO;LIMPIEZA;;;300;Bruno Centurion;AXUM;;CLOROX;False;133152;0;Lista General;Autoservicio A - A;44117;05-10-2026;759-GABRIEL PEREZ;CLOROX;1;0,00000000;1839,50
27392;"Larroque - (AUTOSERVICIOS) 570";BANFIELD;2026-10-06;06-10-2026;05-10-2026;FAC-A0001-00343585;Venta;LAGOPUELO S.A;50001;6,00;11712,60;14172,25;XU ZHIXIAN;;0,00 %;074;Romina Baez;0741;Trenet Power Pr QuitManchas 24/120gr;1952,10;3442;"";AUTOSERVICIO;Autoservicio A;8676,00;MARIANO SOSA;0,00;$;2;GRUPO AYUDIN ARGENTINA S.A;0,00000000;0,00;Contado;07-10-2026 09:26;;TRENET;CLOROX;;CLOROX;LAVADO DE ROPA;LAGO PUELO;LIMPIEZA;;;300;Bruno Centurion;AXUM;;CLOROX;False;133152;0;Lista General;Autoservicio A - A;44117;05-10-2026;759-GABRIEL PEREZ;CLOROX;1;0,00000000;1952,10
27996;"FRENCH ENTR ALEM Y ACEVEDO - (PERFUMERIA) 131";BANFIELD;2026-10-06;06-10-2026;05-10-2026;FAC-A0001-00343587;Venta;LAGOPUELO S.A;60231;8,00;12331,76;14921,43;ELBA NOEMI IGLESIAS;;5,00 %;074;Romina Baez;0741;Aydn A-Sp Trad 15/1l GP2;1541,47;3442;"";Otros;SIN SUB;9760,00;MARIANO SOSA;81,13;$;2;GRUPO AYUDIN ARGENTINA S.A;0,00000000;0,00;Contado;07-10-2026 09:26;;AYUDIN;CLOROX;;CLOROX;LAVANDINA;LAGO PUELO;LIMPIEZA;;;300;Bruno Centurion;AXUM;;CLOROX;False;133162;0;Lista General;SIN SUB - A;44119;05-10-2026;759-GABRIEL PEREZ;CLOROX;1;0,00000000;1541,47
27391;"Azara Y French - (AUTOSERVICIOS) 1515";BANFIELD;2026-10-06;06-10-2026;05-10-2026;FAC-A0001-00343589;Venta;LAGOPUELO S.A;61046;15,00;22306,05;26990,32;Odoguardi Pascual;;18,00 %;074;Romina Baez;0741;Aydn RopQuitMnch BlncInt 15/1l;1487,07;3442;"";AUTOSERVICIO;Autoservicio B;20925,00;MARIANO SOSA;326,43;$;2;GRUPO AYUDIN ARGENTINA S.A;0,00000000;0,00;Contado;07-10-2026 09:26;;AYUDIN;CLOROX;;CLOROX;LAVADO DE ROPA;LAGO PUELO;LIMPIEZA;;;300;Bruno Centurion;AXUM;;CLOROX;False;133196;0;Lista General;Autoservicio B - A;44121;05-10-2026;759-GABRIEL PEREZ;CLOROX;1;0,00000000;1487,07
27391;"Azara Y French - (AUTOSERVICIOS) 1515";BANFIELD;2026-10-06;06-10-2026;05-10-2026;FAC-A0001-00343589;Venta;LAGOPUELO S.A;60231;15,00;24339,00;29450,19;Odoguardi Pascual;;0,00 %;074;Romina Baez;0741;Aydn A-Sp Trad 15/1l GP2;1622,60;3442;"";AUTOSERVICIO;Autoservicio B;18300,00;MARIANO SOSA;0,00;$;2;GRUPO AYUDIN ARGENTINA S.A;0,00000000;0,00;Contado;07-10-2026 09:26;;AYUDIN;CLOROX;;CLOROX;LAVANDINA;LAGO PUELO;LIMPIEZA;;;300;Bruno Centurion;AXUM;;CLOROX;False;133196;0;Lista General;Autoservicio B - A;44121;05-10-2026;759-GABRIEL PEREZ;CLOROX;1;0,00000000;1622,60
27391;"Azara Y French - (AUTOSERVICIOS) 1515";BANFIELD;2026-10-06;06-10-2026;05-10-2026;FAC-A0001-00343589;Venta;LAGOPUELO S.A;60233;15,00;37086,05;44874,12;Odoguardi Pascual;;15,00 %;074;Romina Baez;0741;Aydn Lavdna Gel Or 15/700ml GP2;2472,40;3442;"";AUTOSERVICIO;Autoservicio B;32805,00;MARIANO SOSA;436,31;$;2;GRUPO AYUDIN ARGENTINA S.A;0,00000000;0,00;Contado;07-10-2026 09:26;;AYUDIN;CLOROX;;CLOROX;LAVANDINA;LAGO PUELO;LIMPIEZA;;;300;Bruno Centurion;AXUM;;CLOROX;False;133196;0;Lista General;Autoservicio B - A;44121;05-10-2026;759-GABRIEL PEREZ;CLOROX;1;0,00000000;2472,40
27391;"Azara Y French - (AUTOSERVICIOS) 1515";BANFIELD;2026-10-06;06-10-2026;05-10-2026;FAC-A0001-00343589;Venta;LAGOPUELO S.A;60240;15,00;37086,05;44874,12;Odoguardi Pascual;;15,00 %;074;Romina Baez;0741;Aydn Lavdna Gel Lavda EXPRT 15/700ml GP2;2472,40;3442;"";AUTOSERVICIO;Autoservicio B;32805,00;MARIANO SOSA;436,31;$;2;GRUPO AYUDIN ARGENTINA S.A;0,00000000;0,00;Contado;07-10-2026 09:26;;AYUDIN;CLOROX;;CLOROX;LAVANDINA;LAGO PUELO;LIMPIEZA;;;300;Bruno Centurion;AXUM;;CLOROX;False;133196;0;Lista General;Autoservicio B - A;44121;05-10-2026;759-GABRIEL PEREZ;CLOROX;1;0,00000000;2472,40
5870;"EPECUEN E/Bustos y arana gorin - (PARQUE BARON) - (Autoservicio) 428";LOMAS DE ZAMORA;2026-10-06;06-10-2026;05-10-2026;FAC-A0001-00343591;Venta;LAGOPUELO S.A;17927;75,00;61287,19;74157,50;LI QIU PING;;23,00 %;073;Florencia Cubilla;0731;AYDN LAVDNA OR 15/1L;817,16;3442;"";AUTOSERVICIO;Autoservicio B;63675,00;MARIANO SOSA;244,09;$;2;GRUPO AYUDIN ARGENTINA S.A;0,00000000;0,00;Contado;07-10-2026 09:26;;AYUDIN;CLOROX;;CLOROX;LAVANDINA;LAGO PUELO;LIMPIEZA;;;300;Bruno Centurion;AXUM;;CLOROX;False;133228;0;Lista General;Autoservicio B - A;44123;05-10-2026;759-GABRIEL PEREZ;CLOROX;1;0,00000000;817,16
5870;"EPECUEN E/Bustos y arana gorin - (PARQUE BARON) - (Autoservicio) 428";LOMAS DE ZAMORA;2026-10-06;06-10-2026;05-10-2026;FAC-A0001-00343591;Venta;LAGOPUELO S.A;60222;15,00;17403,75;21058,54;LI QIU PING;;15,00 %;073;Florencia Cubilla;0731;Aydn Lavda TriPod 15/1l GP2;1160,25;3442;"";AUTOSERVICIO;Autoservicio B;15750,00;MARIANO SOSA;204,75;$;2;GRUPO AYUDIN ARGENTINA S.A;0,00000000;0,00;Contado;07-10-2026 09:26;;AYUDIN;CLOROX;;CLOROX;LAVANDINA;LAGO PUELO;LIMPIEZA;;;300;Bruno Centurion;AXUM;;CLOROX;False;133228;0;Lista General;Autoservicio B - A;44123;05-10-2026;759-GABRIEL PEREZ;CLOROX;1;0,00000000;1160,25
27494;"AV J. D. PERON - (AUTOSERVICIOS) 4842";ING BUDGE;2026-10-06;06-10-2026;05-10-2026;FAC-A0001-00343594;Venta;LAGOPUELO S.A;17927;75,00;61287,19;74157,50;HE WENXIA;;23,00 %;073;Florencia Cubilla;0731;AYDN LAVDNA OR 15/1L;817,16;3442;"";AUTOSERVICIO;Autoservicio B;63675,00;MARIANO SOSA;244,09;$;2;GRUPO AYUDIN ARGENTINA S.A;0,00000000;0,00;Contado;07-10-2026 09:26;;AYUDIN;CLOROX;;CLOROX;LAVANDINA;LAGO PUELO;LIMPIEZA;;;300;Bruno Centurion;AXUM;;CLOROX;False;133288;0;Lista General;Autoservicio B - A;44126;05-10-2026;759-GABRIEL PEREZ;CLOROX;1;0,00000000;817,16
27494;"AV J. D. PERON - (AUTOSERVICIOS) 4842";ING BUDGE;2026-10-06;06-10-2026;05-10-2026;FAC-A0001-00343594;Venta;LAGOPUELO S.A;61046;15,00;22306,05;26990,32;HE WENXIA;;18,00 %;073;Florencia Cubilla;0731;Aydn RopQuitMnch BlncInt 15/1l;1487,07;3442;"";AUTOSERVICIO;Autoservicio B;20925,00;MARIANO SOSA;326,43;$;2;GRUPO AYUDIN ARGENTINA S.A;0,00000000;0,00;Contado;07-10-2026 09:26;;AYUDIN;CLOROX;;CLOROX;LAVADO DE ROPA;LAGO PUELO;LIMPIEZA;;;300;Bruno Centurion;AXUM;;CLOROX;False;133288;0;Lista General;Autoservicio B - A;44126;05-10-2026;759-GABRIEL PEREZ;CLOROX;1;0,00000000;1487,07
27475;"La Merced - (AUTOSERVICIOS) 114";EZEIZA;2026-10-06;06-10-2026;30-09-2026;FAC-A0001-00343599;Venta;LAGOPUELO S.A;61576;8,00;13268,84;16055,30;CHEN LINHUI;;5,00 %;075;Julieta Yegros;0753;Aydn Bn Limp† Act Or DoyPk 16/450ml;1658,61;3446;"";AUTOSERVICIO;Autoservicio A;10744,00;IVAN MONTOYA;87,30;$;2;GRUPO AYUDIN ARGENTINA S.A;0,00000000;0,00;Contado;07-10-2026 08:10;;AYUDIN;CLOROX;;CLOROX;BAÒO;LAGO PUELO;LIMPIEZA;;;300;Bruno Centurion;AXUM;;CLOROX;False;130953;0;Lista General;Autoservicio A - A;44031;05-10-2026;509-LUCAS GODOY;CLOROX;1;0,00000000;1658,61
27475;"La Merced - (AUTOSERVICIOS) 114";EZEIZA;2026-10-06;06-10-2026;30-09-2026;FAC-A0001-00343599;Venta;LAGOPUELO S.A;61577;8,00;11282,96;13652,38;CHEN LINHUI;;5,00 %;075;Julieta Yegros;0753;Aydn Coc† Pod Act Or† DoyPk 16/450ml;1410,37;3446;"";AUTOSERVICIO;Autoservicio A;9136,00;IVAN MONTOYA;74,23;$;2;GRUPO AYUDIN ARGENTINA S.A;0,00000000;0,00;Contado;07-10-2026 08:10;;AYUDIN;CLOROX;;CLOROX;COCINA;LAGO PUELO;LIMPIEZA;;;300;Bruno Centurion;AXUM;;CLOROX;False;130953;0;Lista General;Autoservicio A - A;44031;05-10-2026;509-LUCAS GODOY;CLOROX;1;0,00000000;1410,37
27607;"Roque S. Pe√±a - 338";TRISTAN SUAREZ;2026-10-06;06-10-2026;01-10-2026;FAC-A0001-00343602;Venta;LAGOPUELO S.A;60223;16,00;35246,02;42647,68;He Daiying;;19,00 %;075;Julieta Yegros;0754;Aydn Lavda TriPod 8/2l GP2;2202,88;3446;"Venta modificada el 2026-10-05 18:03:46";AUTOSERVICIO;Autoservicio A;33472,00;IVAN MONTOYA;516,72;$;2;GRUPO AYUDIN ARGENTINA S.A;0,00000000;0,00;Contado;07-10-2026 08:10;;AYUDIN;CLOROX;;CLOROX;LAVANDINA;LAGO PUELO;LIMPIEZA;;;300;Bruno Centurion;AXUM;;CLOROX;False;131601;0;Lista General;Autoservicio A - A;44037;05-10-2026;509-LUCAS GODOY;CLOROX;1;0,00000000;2202,88
27607;"Roque S. Pe√±a - 338";TRISTAN SUAREZ;2026-10-06;06-10-2026;01-10-2026;FAC-A0001-00343602;Venta;LAGOPUELO S.A;60227;24,00;52869,02;63971,52;He Daiying;;19,00 %;075;Julieta Yegros;0754;Aydn PurGlac TriPod 8/2l GP2;2202,88;3446;"Venta modificada el 2026-10-05 18:03:46";AUTOSERVICIO;Autoservicio A;50208,00;IVAN MONTOYA;516,72;$;2;GRUPO AYUDIN ARGENTINA S.A;0,00000000;0,00;Contado;07-10-2026 08:10;;AYUDIN;CLOROX;;CLOROX;LAVANDINA;LAGO PUELO;LIMPIEZA;;;300;Bruno Centurion;AXUM;;CLOROX;False;131601;0;Lista General;Autoservicio A - A;44037;05-10-2026;509-LUCAS GODOY;CLOROX;1;0,00000000;2202,88
27607;"Roque S. Pe√±a - 338";TRISTAN SUAREZ;2026-10-06;06-10-2026;01-10-2026;FAC-A0001-00343602;Venta;LAGOPUELO S.A;36004;15,00;59596,68;72111,98;He Daiying;;12,00 %;075;Julieta Yegros;0754;AYDN LAVDNA OR 25 g/l 3/4l;3973,11;3446;"Venta modificada el 2026-10-05 18:03:46";AUTOSERVICIO;Autoservicio A;52095,00;IVAN MONTOYA;541,79;$;2;GRUPO AYUDIN ARGENTINA S.A;0,00000000;0,00;Contado;07-10-2026 08:10;;AYUDIN;CLOROX;;CLOROX;LAVANDINA;LAGO PUELO;LIMPIEZA;;;300;Bruno Centurion;AXUM;;CLOROX;False;131601;0;Lista General;Autoservicio A - A;44037;05-10-2026;509-LUCAS GODOY;CLOROX;1;0,00000000;3973,11
27607;"Roque S. Pe√±a - 338";TRISTAN SUAREZ;2026-10-06;06-10-2026;01-10-2026;FAC-A0001-00343602;Venta;LAGOPUELO S.A;61575;7,00;11610,24;14048,38;He Daiying;;5,00 %;075;Julieta Yegros;0754;Aydn A.hongos Removedor Activo Doy Pack 16/450ml;1658,61;3446;"Venta modificada el 2026-10-05 18:03:46";AUTOSERVICIO;Autoservicio A;9401,00;IVAN MONTOYA;87,30;$;2;GRUPO AYUDIN ARGENTINA S.A;0,00000000;0,00;Contado;07-10-2026 08:10;;AYUDIN;CLOROX;;CLOROX;BAÒO;LAGO PUELO;LIMPIEZA;;;300;Bruno Centurion;AXUM;;CLOROX;False;131601;0;Lista General;Autoservicio A - A;44037;05-10-2026;509-LUCAS GODOY;CLOROX;1;0,00000000;1658,61
27607;"Roque S. Pe√±a - 338";TRISTAN SUAREZ;2026-10-06;06-10-2026;01-10-2026;FAC-A0001-00343602;Venta;LAGOPUELO S.A;61577;8,00;11282,96;13652,38;He Daiying;;5,00 %;075;Julieta Yegros;0754;Aydn Coc† Pod Act Or† DoyPk 16/450ml;1410,37;3446;"Venta modificada el 2026-10-05 18:03:46";AUTOSERVICIO;Autoservicio A;9136,00;IVAN MONTOYA;74,23;$;2;GRUPO AYUDIN ARGENTINA S.A;0,00000000;0,00;Contado;07-10-2026 08:10;;AYUDIN;CLOROX;;CLOROX;COCINA;LAGO PUELO;LIMPIEZA;;;300;Bruno Centurion;AXUM;;CLOROX;False;131601;0;Lista General;Autoservicio A - A;44037;05-10-2026;509-LUCAS GODOY;CLOROX;1;0,00000000;1410,37
27607;"Roque S. Pe√±a - 338";TRISTAN SUAREZ;2026-10-06;06-10-2026;01-10-2026;FAC-A0001-00343602;Venta;LAGOPUELO S.A;61576;8,00;13268,84;16055,30;He Daiying;;5,00 %;075;Julieta Yegros;0754;Aydn Bn Limp† Act Or DoyPk 16/450ml;1658,61;3446;"Venta modificada el 2026-10-05 18:03:46";AUTOSERVICIO;Autoservicio A;10744,00;IVAN MONTOYA;87,30;$;2;GRUPO AYUDIN ARGENTINA S.A;0,00000000;0,00;Contado;07-10-2026 08:10;;AYUDIN;CLOROX;;CLOROX;BAÒO;LAGO PUELO;LIMPIEZA;;;300;Bruno Centurion;AXUM;;CLOROX;False;131601;0;Lista General;Autoservicio A - A;44037;05-10-2026;509-LUCAS GODOY;CLOROX;1;0,00000000;1658,61
27609;"Lavalle - (AUTOSERVICIOS) 74";TRISTAN SUAREZ;2026-10-06;06-10-2026;01-10-2026;FAC-A0001-00343604;Venta;LAGOPUELO S.A;34320;24,00;39380,16;47649,99;Huang Xiuzhen;;0,00 %;075;Julieta Yegros;0754;Poett Desinf. Frescura de Lavanda 900ml;1640,84;3446;"Venta modificada el 2026-10-05 18:03:48";AUTOSERVICIO;Autoservicio A;31008,00;IVAN MONTOYA;0,00;$;2;GRUPO AYUDIN ARGENTINA S.A;0,00000000;0,00;Contado;07-10-2026 08:10;;POETT;CLOROX;;CLOROX;PISO;LAGO PUELO;LIMPIEZA;;;300;Bruno Centurion;AXUM;;CLOROX;False;131644;0;Lista General;Autoservicio A - A;44039;05-10-2026;509-LUCAS GODOY;CLOROX;1;0,00000000;1640,84
27609;"Lavalle - (AUTOSERVICIOS) 74";TRISTAN SUAREZ;2026-10-06;06-10-2026;01-10-2026;FAC-A0001-00343604;Venta;LAGOPUELO S.A;34338;12,00;19690,08;23825,00;Huang Xiuzhen;;0,00 %;075;Julieta Yegros;0754;Poett Dsnf MscPrmvra 12/900ml;1640,84;3446;"Venta modificada el 2026-10-05 18:03:48";AUTOSERVICIO;Autoservicio A;15504,00;IVAN MONTOYA;0,00;$;2;GRUPO AYUDIN ARGENTINA S.A;0,00000000;0,00;Contado;07-10-2026 08:10;;POETT;CLOROX;;CLOROX;PISO;LAGO PUELO;LIMPIEZA;;;300;Bruno Centurion;AXUM;;CLOROX;False;131644;0;Lista General;Autoservicio A - A;44039;05-10-2026;509-LUCAS GODOY;CLOROX;1;0,00000000;1640,84
27609;"Lavalle - (AUTOSERVICIOS) 74";TRISTAN SUAREZ;2026-10-06;06-10-2026;01-10-2026;FAC-A0001-00343604;Venta;LAGOPUELO S.A;60386;12,00;19690,08;23825,00;Huang Xiuzhen;;0,00 %;075;Julieta Yegros;0754;Poett EsptPly 12/900ml;1640,84;3446;"Venta modificada el 2026-10-05 18:03:48";AUTOSERVICIO;Autoservicio A;15504,00;IVAN MONTOYA;0,00;$;2;GRUPO AYUDIN ARGENTINA S.A;0,00000000;0,00;Contado;07-10-2026 08:10;;POETT;CLOROX;;CLOROX;PISO;LAGO PUELO;LIMPIEZA;;;300;Bruno Centurion;AXUM;;CLOROX;False;131644;0;Lista General;Autoservicio A - A;44039;05-10-2026;509-LUCAS GODOY;CLOROX;1;0,00000000;1640,84
27609;"Lavalle - (AUTOSERVICIOS) 74";TRISTAN SUAREZ;2026-10-06;06-10-2026;01-10-2026;FAC-A0001-00343604;Venta;LAGOPUELO S.A;34334;12,00;19690,08;23825,00;Huang Xiuzhen;;0,00 %;075;Julieta Yegros;0754;Poett Dsnf SuadBebe 12/900ml;1640,84;3446;"Venta modificada el 2026-10-05 18:03:48";AUTOSERVICIO;Autoservicio A;15504,00;IVAN MONTOYA;0,00;$;2;GRUPO AYUDIN ARGENTINA S.A;0,00000000;0,00;Contado;07-10-2026 08:10;;POETT;CLOROX;;CLOROX;PISO;LAGO PUELO;LIMPIEZA;;;300;Bruno Centurion;AXUM;;CLOROX;False;131644;0;Lista General;Autoservicio A - A;44039;05-10-2026;509-LUCAS GODOY;CLOROX;1;0,00000000;1640,84
27609;"Lavalle - (AUTOSERVICIOS) 74";TRISTAN SUAREZ;2026-10-06;06-10-2026;01-10-2026;FAC-A0001-00343604;Venta;LAGOPUELO S.A;34336;1,00;1640,84;1985,42;Huang Xiuzhen;;0,00 %;075;Julieta Yegros;0754;Poett Dsnf SuadAlg 12/900ml;1640,84;3446;"Venta modificada el 2026-10-05 18:03:48";AUTOSERVICIO;Autoservicio A;1292,00;IVAN MONTOYA;0,00;$;2;GRUPO AYUDIN ARGENTINA S.A;0,00000000;0,00;Contado;07-10-2026 08:10;;POETT;CLOROX;;CLOROX;PISO;LAGO PUELO;LIMPIEZA;;;300;Bruno Centurion;AXUM;;CLOROX;False;131644;0;Lista General;Autoservicio A - A;44039;05-10-2026;509-LUCAS GODOY;CLOROX;1;0,00000000;1640,84
27609;"Lavalle - (AUTOSERVICIOS) 74";TRISTAN SUAREZ;2026-10-06;06-10-2026;01-10-2026;FAC-A0001-00343604;Venta;LAGOPUELO S.A;34342;12,00;19690,08;23825,00;Huang Xiuzhen;;0,00 %;075;Julieta Yegros;0754;Poett Dsnf AlgrDia 12/900ml;1640,84;3446;"Venta modificada el 2026-10-05 18:03:48";AUTOSERVICIO;Autoservicio A;15504,00;IVAN MONTOYA;0,00;$;2;GRUPO AYUDIN ARGENTINA S.A;0,00000000;0,00;Contado;07-10-2026 08:10;;POETT;CLOROX;;CLOROX;PISO;LAGO PUELO;LIMPIEZA;;;300;Bruno Centurion;AXUM;;CLOROX;False;131644;0;Lista General;Autoservicio A - A;44039;05-10-2026;509-LUCAS GODOY;CLOROX;1;0,00000000;1640,84
27609;"Lavalle - (AUTOSERVICIOS) 74";TRISTAN SUAREZ;2026-10-06;06-10-2026;01-10-2026;FAC-A0001-00343604;Venta;LAGOPUELO S.A;34327;12,00;19690,08;23825,00;Huang Xiuzhen;;0,00 %;075;Julieta Yegros;0754;Poett Desinf. Solo para ti 900ml;1640,84;3446;"Venta modificada el 2026-10-05 18:03:48";AUTOSERVICIO;Autoservicio A;15504,00;IVAN MONTOYA;0,00;$;2;GRUPO AYUDIN ARGENTINA S.A;0,00000000;0,00;Contado;07-10-2026 08:10;;POETT;CLOROX;;CLOROX;PISO;LAGO PUELO;LIMPIEZA;;;300;Bruno Centurion;AXUM;;CLOROX;False;131644;0;Lista General;Autoservicio A - A;44039;05-10-2026;509-LUCAS GODOY;CLOROX;1;0,00000000;1640,84
27609;"Lavalle - (AUTOSERVICIOS) 74";TRISTAN SUAREZ;2026-10-06;06-10-2026;01-10-2026;FAC-A0001-00343604;Venta;LAGOPUELO S.A;34324;12,00;19690,08;23825,00;Huang Xiuzhen;;0,00 %;075;Julieta Yegros;0754;Poett Desinf. Flores de Primavera 900ml;1640,84;3446;"Venta modificada el 2026-10-05 18:03:48";AUTOSERVICIO;Autoservicio A;15504,00;IVAN MONTOYA;0,00;$;2;GRUPO AYUDIN ARGENTINA S.A;0,00000000;0,00;Contado;07-10-2026 08:10;;POETT;CLOROX;;CLOROX;PISO;LAGO PUELO;LIMPIEZA;;;300;Bruno Centurion;AXUM;;CLOROX;False;131644;0;Lista General;Autoservicio A - A;44039;05-10-2026;509-LUCAS GODOY;CLOROX;1;0,00000000;1640,84
27609;"Lavalle - (AUTOSERVICIOS) 74";TRISTAN SUAREZ;2026-10-06;06-10-2026;01-10-2026;FAC-A0001-00343604;Venta;LAGOPUELO S.A;36001;12,00;19690,08;23825,00;Huang Xiuzhen;;0,00 %;075;Julieta Yegros;0754;POETT FRSC TROP 12/900;1640,84;3446;"Venta modificada el 2026-10-05 18:03:48";AUTOSERVICIO;Autoservicio A;15504,00;IVAN MONTOYA;0,00;$;2;GRUPO AYUDIN ARGENTINA S.A;0,00000000;0,00;Contado;07-10-2026 08:10;;POETT;CLOROX;;CLOROX;PISO;LAGO PUELO;LIMPIEZA;;;300;Bruno Centurion;AXUM;;CLOROX;False;131644;0;Lista General;Autoservicio A - A;44039;05-10-2026;509-LUCAS GODOY;CLOROX;1;0,00000000;1640,84
27609;"Lavalle - (AUTOSERVICIOS) 74";TRISTAN SUAREZ;2026-10-06;06-10-2026;01-10-2026;FAC-A0001-00343604;Venta;LAGOPUELO S.A;33576;3,00;5693,73;6889,41;Huang Xiuzhen;;0,00 %;075;Julieta Yegros;0754;Aydn Ropa BlncSprms DoyPk 16/400ml;1897,91;3446;"Venta modificada el 2026-10-05 18:03:48";AUTOSERVICIO;Autoservicio A;4281,00;IVAN MONTOYA;0,00;$;2;GRUPO AYUDIN ARGENTINA S.A;0,00000000;0,00;Contado;07-10-2026 08:10;;AYUDIN;CLOROX;;CLOROX;LAVADO DE ROPA;LAGO PUELO;LIMPIEZA;;;300;Bruno Centurion;AXUM;;CLOROX;False;131644;0;Lista General;Autoservicio A - A;44039;05-10-2026;509-LUCAS GODOY;CLOROX;1;0,00000000;1897,91
27609;"Lavalle - (AUTOSERVICIOS) 74";TRISTAN SUAREZ;2026-10-06;06-10-2026;01-10-2026;FAC-A0001-00343604;Venta;LAGOPUELO S.A;33575;3,00;5693,73;6889,41;Huang Xiuzhen;;0,00 %;075;Julieta Yegros;0754;Aydn Ropa ClrViv DoyPk 16/400ml;1897,91;3446;"Venta modificada el 2026-10-05 18:03:48";AUTOSERVICIO;Autoservicio A;4281,00;IVAN MONTOYA;0,00;$;2;GRUPO AYUDIN ARGENTINA S.A;0,00000000;0,00;Contado;07-10-2026 08:10;;AYUDIN;CLOROX;;CLOROX;LAVADO DE ROPA;LAGO PUELO;LIMPIEZA;;;300;Bruno Centurion;AXUM;;CLOROX;False;131644;0;Lista General;Autoservicio A - A;44039;05-10-2026;509-LUCAS GODOY;CLOROX;1;0,00000000;1897,91
27598;"El Canario - (AUTOSERVICIOS) 245";TRISTAN SUAREZ;2026-10-06;06-10-2026;01-10-2026;FAC-A0001-00343606;Venta;LAGOPUELO S.A;33576;1,00;1897,91;2296,47;Chen Xiaoqing;;0,00 %;075;Julieta Yegros;0754;Aydn Ropa BlncSprms DoyPk 16/400ml;1897,91;3446;"";AUTOSERVICIO;Autoservicio A;1427,00;IVAN MONTOYA;0,00;$;2;GRUPO AYUDIN ARGENTINA S.A;0,00000000;0,00;Contado;07-10-2026 08:10;;AYUDIN;CLOROX;;CLOROX;LAVADO DE ROPA;LAGO PUELO;LIMPIEZA;;;300;Bruno Centurion;AXUM;;CLOROX;False;132053;0;Lista General;Autoservicio A - A;44043;05-10-2026;509-LUCAS GODOY;CLOROX;1;0,00000000;1897,91
5930;"LAS MARGARITAS e/LOS DURAZNOS Y LOS GISASOLES - (TRADITIONAL TRADE) 888";TRISTAN SUAREZ;2026-10-06;06-10-2026;01-10-2026;FAC-A0001-00343607;Venta;LAGOPUELO S.A;17927;15,00;12735,00;15409,35;LUCAS GOMEZ;;20,00 %;075;Julieta Yegros;0754;AYDN LAVDNA OR 15/1L;849,00;3446;"";ALMACEN;ALMACEN;12735,00;IVAN MONTOYA;212,25;$;2;GRUPO AYUDIN ARGENTINA S.A;0,00000000;0,00;Contado;07-10-2026 08:10;;AYUDIN;CLOROX;;CLOROX;LAVANDINA;LAGO PUELO;LIMPIEZA;;;300;Bruno Centurion;AXUM;;CLOROX;False;132066;0;Lista General;ALMACEN - A;44044;05-10-2026;509-LUCAS GODOY;CLOROX;1;0,00000000;849,00
27438;"Italia - (AUTOSERVICIOS) 550";CARLOS SPEGAZZINI;2026-10-06;06-10-2026;02-10-2026;FAC-A0001-00343609;Venta;LAGOPUELO S.A;61046;30,00;42381,50;51281,61;Xue Yongtai;;22,10 %;075;Julieta Yegros;0755;Aydn RopQuitMnch BlncInt 15/1l;1412,72;3446;"";AUTOSERVICIO;Autoservicio A;41850,00;IVAN MONTOYA;400,78;$;2;GRUPO AYUDIN ARGENTINA S.A;0,00000000;0,00;Contado;07-10-2026 08:10;;AYUDIN;CLOROX;;CLOROX;LAVADO DE ROPA;LAGO PUELO;LIMPIEZA;;;300;Bruno Centurion;AXUM;;CLOROX;False;132348;0;Lista General;Autoservicio A - A;44049;05-10-2026;509-LUCAS GODOY;CLOROX;1;0,00000000;1412,72
27438;"Italia - (AUTOSERVICIOS) 550";CARLOS SPEGAZZINI;2026-10-06;06-10-2026;02-10-2026;FAC-A0001-00343609;Venta;LAGOPUELO S.A;50090;6,00;14177,92;17155,29;Xue Yongtai;;19,25 %;075;Julieta Yegros;0755;Poett Aer Huellitas 6/360ml;2362,99;3446;"";AUTOSERVICIO;Autoservicio A;13506,00;IVAN MONTOYA;563,31;$;2;GRUPO AYUDIN ARGENTINA S.A;0,00000000;0,00;Contado;07-10-2026 08:10;;POETT;CLOROX;;CLOROX;AERO POETT;LAGO PUELO;LIMPIEZA;;;300;Bruno Centurion;AXUM;;CLOROX;False;132348;0;Lista General;Autoservicio A - A;44049;05-10-2026;509-LUCAS GODOY;CLOROX;1;0,00000000;2362,99
27438;"Italia - (AUTOSERVICIOS) 550";CARLOS SPEGAZZINI;2026-10-06;06-10-2026;02-10-2026;FAC-A0001-00343609;Venta;LAGOPUELO S.A;61816;18,00;46883,74;56729,32;Xue Yongtai;;26,85 %;075;Julieta Yegros;0755;Sltn MataMosq Aer AccInst 6/360ml BA;2604,65;3446;"";AUTOSERVICIO;Autoservicio A;49302,00;IVAN MONTOYA;956,05;$;2;GRUPO AYUDIN ARGENTINA S.A;0,00000000;0,00;Contado;07-10-2026 08:10;;SELTON;CLOROX;;CLOROX;SELTON;LAGO PUELO;LIMPIEZA;;;300;Bruno Centurion;AXUM;;CLOROX;False;132348;0;Lista General;Autoservicio A - A;44049;05-10-2026;509-LUCAS GODOY;CLOROX;1;0,00000000;2604,65
53841;"ROCA 468";CARLOS SPEGAZZINI;2026-10-06;06-10-2026;02-10-2026;FAC-A0001-00343611;Venta;LAGOPUELO S.A;17927;15,00;12735,00;15409,35;RICARDO FABIAN IBA—EZ;;20,00 %;075;Julieta Yegros;0755;AYDN LAVDNA OR 15/1L;849,00;3446;"";AUTOSERVICIO;AUTOSERVICIO;12735,00;IVAN MONTOYA;212,25;$;2;GRUPO AYUDIN ARGENTINA S.A;0,00000000;0,00;Contado;07-10-2026 08:10;;AYUDIN;CLOROX;;CLOROX;LAVANDINA;LAGO PUELO;LIMPIEZA;;;300;Bruno Centurion;AXUM;;CLOROX;False;132357;0;Lista General;AUTOSERVICIO - A;44051;05-10-2026;509-LUCAS GODOY;CLOROX;1;0,00000000;849,00
53841;"ROCA 468";CARLOS SPEGAZZINI;2026-10-06;06-10-2026;02-10-2026;FAC-A0001-00343611;Venta;LAGOPUELO S.A;34320;12,00;15752,06;19060,00;RICARDO FABIAN IBA—EZ;;20,00 %;075;Julieta Yegros;0755;Poett Desinf. Frescura de Lavanda 900ml;1312,67;3446;"";AUTOSERVICIO;AUTOSERVICIO;15504,00;IVAN MONTOYA;328,17;$;2;GRUPO AYUDIN ARGENTINA S.A;0,00000000;0,00;Contado;07-10-2026 08:10;;POETT;CLOROX;;CLOROX;PISO;LAGO PUELO;LIMPIEZA;;;300;Bruno Centurion;AXUM;;CLOROX;False;132357;0;Lista General;AUTOSERVICIO - A;44051;05-10-2026;509-LUCAS GODOY;CLOROX;1;0,00000000;1312,67
27437;"Vigil - (TRADICIONAL) 226";CARLOS SPEGAZZINI;2026-10-06;06-10-2026;02-10-2026;FAC-A0001-00343614;Venta;LAGOPUELO S.A;18026;6,00;15428,40;18668,36;Calzado Luis Dario;;0,00 %;075;Julieta Yegros;0755;Aydn Dsnf PstWC 36/16g                  ;2571,40;3446;"";ALMACEN;ALMACEN;11868,00;IVAN MONTOYA;0,00;$;2;GRUPO AYUDIN ARGENTINA S.A;0,00000000;0,00;Contado;07-10-2026 08:10;;AYUDIN;CLOROX;;CLOROX;COCINA;LAGO PUELO;LIMPIEZA;;;300;Bruno Centurion;AXUM;;CLOROX;False;132407;0;Lista General;ALMACEN - A;44054;05-10-2026;509-LUCAS GODOY;CLOROX;1;0,00000000;2571,40
27437;"Vigil - (TRADICIONAL) 226";CARLOS SPEGAZZINI;2026-10-06;06-10-2026;02-10-2026;FAC-A0001-00343614;Venta;LAGOPUELO S.A;61576;6,00;9951,63;12041,47;Calzado Luis Dario;;5,00 %;075;Julieta Yegros;0755;Aydn Bn Limp† Act Or DoyPk 16/450ml;1658,61;3446;"";ALMACEN;ALMACEN;8058,00;IVAN MONTOYA;87,30;$;2;GRUPO AYUDIN ARGENTINA S.A;0,00000000;0,00;Contado;07-10-2026 08:10;;AYUDIN;CLOROX;;CLOROX;BAÒO;LAGO PUELO;LIMPIEZA;;;300;Bruno Centurion;AXUM;;CLOROX;False;132407;0;Lista General;ALMACEN - A;44054;05-10-2026;509-LUCAS GODOY;CLOROX;1;0,00000000;1658,61
27433;"25 De Mayo 1314";CARLOS SPEGAZZINI;2026-10-06;06-10-2026;02-10-2026;FAC-A0001-00343615;Venta;LAGOPUELO S.A;60231;30,00;48678,00;58900,38;Caiyun Zheng;;0,00 %;075;Julieta Yegros;0755;Aydn A-Sp Trad 15/1l GP2;1622,60;3446;"";AUTOSERVICIO;Autoservicio A;36600,00;IVAN MONTOYA;0,00;$;2;GRUPO AYUDIN ARGENTINA S.A;0,00000000;0,00;Contado;07-10-2026 08:10;;AYUDIN;CLOROX;;CLOROX;LAVANDINA;LAGO PUELO;LIMPIEZA;;;300;Bruno Centurion;AXUM;;CLOROX;False;132495;0;Lista General;Autoservicio A - A;44055;05-10-2026;509-LUCAS GODOY;CLOROX;1;0,00000000;1622,60
27433;"25 De Mayo 1314";CARLOS SPEGAZZINI;2026-10-06;06-10-2026;02-10-2026;FAC-A0001-00343615;Venta;LAGOPUELO S.A;61047;24,00;86642,40;104837,30;Caiyun Zheng;;0,00 %;075;Julieta Yegros;0755;Aydn RopQuitMnch BlncInt 8/2l;3610,10;3446;"";AUTOSERVICIO;Autoservicio A;66648,00;IVAN MONTOYA;0,00;$;2;GRUPO AYUDIN ARGENTINA S.A;0,00000000;0,00;Contado;07-10-2026 08:10;;AYUDIN;CLOROX;;CLOROX;LAVADO DE ROPA;LAGO PUELO;LIMPIEZA;;;300;Bruno Centurion;AXUM;;CLOROX;False;132495;0;Lista General;Autoservicio A - A;44055;05-10-2026;509-LUCAS GODOY;CLOROX;1;0,00000000;3610,10
27439;"Graham Bell - (AUTOSERVICIOS) 1239";CARLOS SPEGAZZINI;2026-10-06;06-10-2026;02-10-2026;FAC-A0001-00343617;Venta;LAGOPUELO S.A;61576;6,00;10475,40;12675,23;Chen Duntai;;0,00 %;075;Julieta Yegros;0755;Aydn Bn Limp† Act Or DoyPk 16/450ml;1745,90;3446;"";AUTOSERVICIO;Autoservicio A;8058,00;IVAN MONTOYA;0,00;$;2;GRUPO AYUDIN ARGENTINA S.A;0,00000000;0,00;Contado;07-10-2026 08:10;;AYUDIN;CLOROX;;CLOROX;BAÒO;LAGO PUELO;LIMPIEZA;;;300;Bruno Centurion;AXUM;;CLOROX;False;132512;0;Lista General;Autoservicio A - A;44057;05-10-2026;509-LUCAS GODOY;CLOROX;1;0,00000000;1745,90
27439;"Graham Bell - (AUTOSERVICIOS) 1239";CARLOS SPEGAZZINI;2026-10-06;06-10-2026;02-10-2026;FAC-A0001-00343617;Venta;LAGOPUELO S.A;61577;6,00;8907,60;10778,20;Chen Duntai;;0,00 %;075;Julieta Yegros;0755;Aydn Coc† Pod Act Or† DoyPk 16/450ml;1484,60;3446;"";AUTOSERVICIO;Autoservicio A;6852,00;IVAN MONTOYA;0,00;$;2;GRUPO AYUDIN ARGENTINA S.A;0,00000000;0,00;Contado;07-10-2026 08:10;;AYUDIN;CLOROX;;CLOROX;COCINA;LAGO PUELO;LIMPIEZA;;;300;Bruno Centurion;AXUM;;CLOROX;False;132512;0;Lista General;Autoservicio A - A;44057;05-10-2026;509-LUCAS GODOY;CLOROX;1;0,00000000;1484,60
27439;"Graham Bell - (AUTOSERVICIOS) 1239";CARLOS SPEGAZZINI;2026-10-06;06-10-2026;02-10-2026;FAC-A0001-00343617;Venta;LAGOPUELO S.A;22963;3,00;12288,90;14869,57;Chen Duntai;;0,00 %;075;Julieta Yegros;0755;Tren Oxi Trig EftEspma 12/500ml         ;4096,30;3446;"";AUTOSERVICIO;Autoservicio A;9453,00;IVAN MONTOYA;0,00;$;2;GRUPO AYUDIN ARGENTINA S.A;0,00000000;0,00;Contado;07-10-2026 08:10;;TRENET;CLOROX;;CLOROX;AERO POETT;LAGO PUELO;LIMPIEZA;;;300;Bruno Centurion;AXUM;;CLOROX;False;132512;0;Lista General;Autoservicio A - A;44057;05-10-2026;509-LUCAS GODOY;CLOROX;1;0,00000000;4096,30
27439;"Graham Bell - (AUTOSERVICIOS) 1239";CARLOS SPEGAZZINI;2026-10-06;06-10-2026;02-10-2026;FAC-A0001-00343617;Venta;LAGOPUELO S.A;21313;6,00;13127,40;15884,15;Chen Duntai;;0,00 %;075;Julieta Yegros;0755;Tren Bol 72/120ml                       ;2187,90;3446;"";AUTOSERVICIO;Autoservicio A;10098,00;IVAN MONTOYA;0,00;$;2;GRUPO AYUDIN ARGENTINA S.A;0,00000000;0,00;Contado;07-10-2026 08:10;;TRENET;CLOROX;;CLOROX;LAVADO DE ROPA;LAGO PUELO;LIMPIEZA;;;300;Bruno Centurion;AXUM;;CLOROX;False;132512;0;Lista General;Autoservicio A - A;44057;05-10-2026;509-LUCAS GODOY;CLOROX;1;0,00000000;2187,90
27439;"Graham Bell - (AUTOSERVICIOS) 1239";CARLOS SPEGAZZINI;2026-10-06;06-10-2026;02-10-2026;FAC-A0001-00343617;Venta;LAGOPUELO S.A;60402;6,00;22886,64;27692,83;Chen Duntai;;0,00 %;075;Julieta Yegros;0755;Ayudin Ropa Colores Vivos 15/700ml;3814,44;3446;"";AUTOSERVICIO;Autoservicio A;17208,00;IVAN MONTOYA;0,00;$;2;GRUPO AYUDIN ARGENTINA S.A;0,00000000;0,00;Contado;07-10-2026 08:10;;AYUDIN;CLOROX;;CLOROX;LAVADO DE ROPA;LAGO PUELO;LIMPIEZA;;;300;Bruno Centurion;AXUM;;CLOROX;False;132512;0;Lista General;Autoservicio A - A;44057;05-10-2026;509-LUCAS GODOY;CLOROX;1;0,00000000;3814,44
27439;"Graham Bell - (AUTOSERVICIOS) 1239";CARLOS SPEGAZZINI;2026-10-06;06-10-2026;02-10-2026;FAC-A0001-00343617;Venta;LAGOPUELO S.A;33575;6,00;11387,46;13778,83;Chen Duntai;;0,00 %;075;Julieta Yegros;0755;Aydn Ropa ClrViv DoyPk 16/400ml;1897,91;3446;"";AUTOSERVICIO;Autoservicio A;8562,00;IVAN MONTOYA;0,00;$;2;GRUPO AYUDIN ARGENTINA S.A;0,00000000;0,00;Contado;07-10-2026 08:10;;AYUDIN;CLOROX;;CLOROX;LAVADO DE ROPA;LAGO PUELO;LIMPIEZA;;;300;Bruno Centurion;AXUM;;CLOROX;False;132512;0;Lista General;Autoservicio A - A;44057;05-10-2026;509-LUCAS GODOY;CLOROX;1;0,00000000;1897,91
27614;"Quito 1207";TRISTAN SUAREZ;2026-10-06;06-10-2026;02-10-2026;FAC-A0001-00343619;Venta;LAGOPUELO S.A;17927;75,00;61287,19;74157,50;Luo xiaojun;;23,00 %;075;Julieta Yegros;0755;AYDN LAVDNA OR 15/1L;817,16;3446;"";AUTOSERVICIO;Autoservicio A;63675,00;IVAN MONTOYA;244,09;$;2;GRUPO AYUDIN ARGENTINA S.A;0,00000000;0,00;Contado;07-10-2026 08:10;;AYUDIN;CLOROX;;CLOROX;LAVANDINA;LAGO PUELO;LIMPIEZA;;;300;Bruno Centurion;AXUM;;CLOROX;False;132648;0;Lista General;Autoservicio A - A;44063;05-10-2026;509-LUCAS GODOY;CLOROX;1;0,00000000;817,16
27614;"Quito 1207";TRISTAN SUAREZ;2026-10-06;06-10-2026;02-10-2026;FAC-A0001-00343619;Venta;LAGOPUELO S.A;24648;12,00;16598,40;20084,06;Luo xiaojun;;0,00 %;075;Julieta Yegros;0755;Poett PastDesod Lavda 12/25g GP2;1383,20;3446;"";AUTOSERVICIO;Autoservicio A;12768,00;IVAN MONTOYA;0,00;$;2;GRUPO AYUDIN ARGENTINA S.A;0,00000000;0,00;Contado;07-10-2026 08:10;;POETT;CLOROX;;CLOROX;BAÒO;LAGO PUELO;LIMPIEZA;;;300;Bruno Centurion;AXUM;;CLOROX;False;132648;0;Lista General;Autoservicio A - A;44063;05-10-2026;509-LUCAS GODOY;CLOROX;1;0,00000000;1383,20
29537;"C. VIGIL 193";CARLOS SPEGAZZINI;2026-10-06;06-10-2026;02-10-2026;FAC-A0001-00343621;Venta;LAGOPUELO S.A;34320;4,00;5250,69;6353,33;JORGE FABIAN EKERMAN;;20,00 %;075;Julieta Yegros;0755;Poett Desinf. Frescura de Lavanda 900ml;1312,67;3446;"";ALMACEN;ALMACEN;5168,00;IVAN MONTOYA;328,17;$;2;GRUPO AYUDIN ARGENTINA S.A;0,00000000;0,00;Contado;07-10-2026 08:10;;POETT;CLOROX;;CLOROX;PISO;LAGO PUELO;LIMPIEZA;;;300;Bruno Centurion;AXUM;;CLOROX;False;132731;0;Lista General;ALMACEN - A;44066;05-10-2026;509-LUCAS GODOY;CLOROX;1;0,00000000;1312,67
29537;"C. VIGIL 193";CARLOS SPEGAZZINI;2026-10-06;06-10-2026;02-10-2026;FAC-A0001-00343621;Venta;LAGOPUELO S.A;34324;4,00;5250,69;6353,33;JORGE FABIAN EKERMAN;;20,00 %;075;Julieta Yegros;0755;Poett Desinf. Flores de Primavera 900ml;1312,67;3446;"";ALMACEN;ALMACEN;5168,00;IVAN MONTOYA;328,17;$;2;GRUPO AYUDIN ARGENTINA S.A;0,00000000;0,00;Contado;07-10-2026 08:10;;POETT;CLOROX;;CLOROX;PISO;LAGO PUELO;LIMPIEZA;;;300;Bruno Centurion;AXUM;;CLOROX;False;132731;0;Lista General;ALMACEN - A;44066;05-10-2026;509-LUCAS GODOY;CLOROX;1;0,00000000;1312,67
29537;"C. VIGIL 193";CARLOS SPEGAZZINI;2026-10-06;06-10-2026;02-10-2026;FAC-A0001-00343621;Venta;LAGOPUELO S.A;34327;4,00;5250,69;6353,33;JORGE FABIAN EKERMAN;;20,00 %;075;Julieta Yegros;0755;Poett Desinf. Solo para ti 900ml;1312,67;3446;"";ALMACEN;ALMACEN;5168,00;IVAN MONTOYA;328,17;$;2;GRUPO AYUDIN ARGENTINA S.A;0,00000000;0,00;Contado;07-10-2026 08:10;;POETT;CLOROX;;CLOROX;PISO;LAGO PUELO;LIMPIEZA;;;300;Bruno Centurion;AXUM;;CLOROX;False;132731;0;Lista General;ALMACEN - A;44066;05-10-2026;509-LUCAS GODOY;CLOROX;1;0,00000000;1312,67
29537;"C. VIGIL 193";CARLOS SPEGAZZINI;2026-10-06;06-10-2026;02-10-2026;FAC-A0001-00343622;Venta;LAGOPUELO S.A;36009;1,00;4622,80;5593,59;JORGE FABIAN EKERMAN;;0,00 %;075;Julieta Yegros;0755;SELTON REPEL COTIDIAN 165ML;4622,80;3446;"";ALMACEN;ALMACEN;3556,00;IVAN MONTOYA;0,00;$;2;GRUPO AYUDIN ARGENTINA S.A;0,00000000;0,00;Contado;07-10-2026 08:10;;SELTON;CLOROX;;CLOROX;SELTON;LAGO PUELO;LIMPIEZA;;;300;Bruno Centurion;AXUM;;CLOROX;False;132733;0;Lista General;ALMACEN - A;44067;05-10-2026;509-LUCAS GODOY;CLOROX;1;0,00000000;4622,80
28010;"AVELLANEDA - (TRADICIONAL) 889";EZEIZA;2026-10-06;06-10-2026;05-10-2026;FAC-A0001-00343623;Venta;LAGOPUELO S.A;34320;4,00;5250,69;6353,33;MARCELA ALEJANDRA GOMEZ;;20,00 %;075;Julieta Yegros;0751;Poett Desinf. Frescura de Lavanda 900ml;1312,67;3446;"";ALMACEN;ALMACEN;5168,00;IVAN MONTOYA;328,17;$;2;GRUPO AYUDIN ARGENTINA S.A;0,00000000;0,00;Contado;07-10-2026 08:10;;POETT;CLOROX;;CLOROX;PISO;LAGO PUELO;LIMPIEZA;;;300;Bruno Centurion;AXUM;;CLOROX;False;132953;0;Lista General;ALMACEN - A;44069;05-10-2026;509-LUCAS GODOY;CLOROX;1;0,00000000;1312,67
28010;"AVELLANEDA - (TRADICIONAL) 889";EZEIZA;2026-10-06;06-10-2026;05-10-2026;FAC-A0001-00343623;Venta;LAGOPUELO S.A;34324;4,00;5250,69;6353,33;MARCELA ALEJANDRA GOMEZ;;20,00 %;075;Julieta Yegros;0751;Poett Desinf. Flores de Primavera 900ml;1312,67;3446;"";ALMACEN;ALMACEN;5168,00;IVAN MONTOYA;328,17;$;2;GRUPO AYUDIN ARGENTINA S.A;0,00000000;0,00;Contado;07-10-2026 08:10;;POETT;CLOROX;;CLOROX;PISO;LAGO PUELO;LIMPIEZA;;;300;Bruno Centurion;AXUM;;CLOROX;False;132953;0;Lista General;ALMACEN - A;44069;05-10-2026;509-LUCAS GODOY;CLOROX;1;0,00000000;1312,67
28010;"AVELLANEDA - (TRADICIONAL) 889";EZEIZA;2026-10-06;06-10-2026;05-10-2026;FAC-A0001-00343623;Venta;LAGOPUELO S.A;34327;4,00;5250,69;6353,33;MARCELA ALEJANDRA GOMEZ;;20,00 %;075;Julieta Yegros;0751;Poett Desinf. Solo para ti 900ml;1312,67;3446;"";ALMACEN;ALMACEN;5168,00;IVAN MONTOYA;328,17;$;2;GRUPO AYUDIN ARGENTINA S.A;0,00000000;0,00;Contado;07-10-2026 08:10;;POETT;CLOROX;;CLOROX;PISO;LAGO PUELO;LIMPIEZA;;;300;Bruno Centurion;AXUM;;CLOROX;False;132953;0;Lista General;ALMACEN - A;44069;05-10-2026;509-LUCAS GODOY;CLOROX;1;0,00000000;1312,67
27446;"Pte Peron - (AUTOSERVICIOS) 17";EZEIZA;2026-10-06;06-10-2026;05-10-2026;FAC-A0001-00343625;Venta;LAGOPUELO S.A;17927;225,00;179085,94;216693,98;Li Haijin;;25,00 %;075;Julieta Yegros;0751;AYDN LAVDNA OR 15/1L;795,94;3446;"";AUTOSERVICIO;Autoservicio A;191025,00;IVAN MONTOYA;265,31;$;2;GRUPO AYUDIN ARGENTINA S.A;0,00000000;0,00;Contado;07-10-2026 08:10;;AYUDIN;CLOROX;;CLOROX;LAVANDINA;LAGO PUELO;LIMPIEZA;;;300;Bruno Centurion;AXUM;;CLOROX;False;133105;0;Lista General;Autoservicio A - A;44074;05-10-2026;509-LUCAS GODOY;CLOROX;1;0,00000000;795,94
28046;"SANTIAGO DE LINIERS - (TRADICIONAL) 1350";EZEIZA;2026-10-06;06-10-2026;05-10-2026;FAC-A0001-00343628;Venta;LAGOPUELO S.A;17927;15,00;12735,00;15409,35;CRISTIAN NU—EZ;;20,00 %;075;Julieta Yegros;0751;AYDN LAVDNA OR 15/1L;849,00;3446;"";KIOSCO;KIOSCO;12735,00;IVAN MONTOYA;212,25;$;2;GRUPO AYUDIN ARGENTINA S.A;0,00000000;0,00;Contado;07-10-2026 08:10;;AYUDIN;CLOROX;;CLOROX;LAVANDINA;LAGO PUELO;LIMPIEZA;;;300;Bruno Centurion;AXUM;;CLOROX;False;133333;0;Lista General;KIOSCO - A;44077;05-10-2026;509-LUCAS GODOY;CLOROX;1;0,00000000;849,00
28046;"SANTIAGO DE LINIERS - (TRADICIONAL) 1350";EZEIZA;2026-10-06;06-10-2026;05-10-2026;FAC-A0001-00343628;Venta;LAGOPUELO S.A;34320;4,00;5250,69;6353,33;CRISTIAN NU—EZ;;20,00 %;075;Julieta Yegros;0751;Poett Desinf. Frescura de Lavanda 900ml;1312,67;3446;"";KIOSCO;KIOSCO;5168,00;IVAN MONTOYA;328,17;$;2;GRUPO AYUDIN ARGENTINA S.A;0,00000000;0,00;Contado;07-10-2026 08:10;;POETT;CLOROX;;CLOROX;PISO;LAGO PUELO;LIMPIEZA;;;300;Bruno Centurion;AXUM;;CLOROX;False;133333;0;Lista General;KIOSCO - A;44077;05-10-2026;509-LUCAS GODOY;CLOROX;1;0,00000000;1312,67
28046;"SANTIAGO DE LINIERS - (TRADICIONAL) 1350";EZEIZA;2026-10-06;06-10-2026;05-10-2026;FAC-A0001-00343628;Venta;LAGOPUELO S.A;34327;4,00;5250,69;6353,33;CRISTIAN NU—EZ;;20,00 %;075;Julieta Yegros;0751;Poett Desinf. Solo para ti 900ml;1312,67;3446;"";KIOSCO;KIOSCO;5168,00;IVAN MONTOYA;328,17;$;2;GRUPO AYUDIN ARGENTINA S.A;0,00000000;0,00;Contado;07-10-2026 08:10;;POETT;CLOROX;;CLOROX;PISO;LAGO PUELO;LIMPIEZA;;;300;Bruno Centurion;AXUM;;CLOROX;False;133333;0;Lista General;KIOSCO - A;44077;05-10-2026;509-LUCAS GODOY;CLOROX;1;0,00000000;1312,67
28046;"SANTIAGO DE LINIERS - (TRADICIONAL) 1350";EZEIZA;2026-10-06;06-10-2026;05-10-2026;FAC-A0001-00343628;Venta;LAGOPUELO S.A;34324;4,00;5250,69;6353,33;CRISTIAN NU—EZ;;20,00 %;075;Julieta Yegros;0751;Poett Desinf. Flores de Primavera 900ml;1312,67;3446;"";KIOSCO;KIOSCO;5168,00;IVAN MONTOYA;328,17;$;2;GRUPO AYUDIN ARGENTINA S.A;0,00000000;0,00;Contado;07-10-2026 08:10;;POETT;CLOROX;;CLOROX;PISO;LAGO PUELO;LIMPIEZA;;;300;Bruno Centurion;AXUM;;CLOROX;False;133333;0;Lista General;KIOSCO - A;44077;05-10-2026;509-LUCAS GODOY;CLOROX;1;0,00000000;1312,67
323940;"San Martin 642 0";BERNAL ;2026-10-06;06-10-2026;05-10-2026;FAC-A0001-00343634;Venta;LAGOPUELO S.A;33575;6,00;11387,46;13778,83;Yanyan Ding;;0,00 %;054;Leonel Caruso;0541;Aydn Ropa ClrViv DoyPk 16/400ml;1897,91;3445;"";AUTOSERVICIO;AUTOSERVICIO;8562,00;LEONARDO SANTA CRUZ;0,00;$;2;GRUPO AYUDIN ARGENTINA S.A;0,00000000;0,00;Efectivo;07-10-2026 08:44;;AYUDIN;CLOROX;;CLOROX;LAVADO DE ROPA;LAGO PUELO;LIMPIEZA;;;300;Bruno Centurion;AXUM;;CLOROX;False;133002;0;Lista General;AUTOSERVICIO - A;43857;05-10-2026;509-LUCAS GODOY;CLOROX;1;0,00000000;1897,91
3086;"AVDA SANTA FE Y CALLE 889";SAN FRANCISCO SOLANO;2026-10-06;06-10-2026;05-10-2026;FAC-A0001-00343635;Venta;LAGOPUELO S.A;60233;15,00;37086,05;44874,12;EVELIN GISEL GAUNA;;15,00 %;056;Ezequiel Ferreira;0561;Aydn Lavdna Gel Or 15/700ml GP2;2472,40;3445;"";AUTOSERVICIO;AUTOSERVICIO;32805,00;LEONARDO SANTA CRUZ;436,31;$;2;GRUPO AYUDIN ARGENTINA S.A;0,00000000;0,00;Contado;07-10-2026 08:44;;AYUDIN;CLOROX;;CLOROX;LAVANDINA;LAGO PUELO;LIMPIEZA;;;300;Bruno Centurion;AXUM;;CLOROX;False;133025;0;Lista General;AUTOSERVICIO - A;43860;05-10-2026;509-LUCAS GODOY;CLOROX;1;0,00000000;2472,40
3086;"AVDA SANTA FE Y CALLE 889";SAN FRANCISCO SOLANO;2026-10-06;06-10-2026;05-10-2026;FAC-A0001-00343635;Venta;LAGOPUELO S.A;36003;8,00;13912,00;16833,52;EVELIN GISEL GAUNA;;20,00 %;056;Ezequiel Ferreira;0561;AYDN LAVDNA OR 25g/l 8/2l;1739,00;3445;"";AUTOSERVICIO;AUTOSERVICIO;13912,00;LEONARDO SANTA CRUZ;434,75;$;2;GRUPO AYUDIN ARGENTINA S.A;0,00000000;0,00;Contado;07-10-2026 08:44;;AYUDIN;CLOROX;;CLOROX;LAVANDINA;LAGO PUELO;LIMPIEZA;;;300;Bruno Centurion;AXUM;;CLOROX;False;133025;0;Lista General;AUTOSERVICIO - A;43860;05-10-2026;509-LUCAS GODOY;CLOROX;1;0,00000000;1739,00
3086;"AVDA SANTA FE Y CALLE 889";SAN FRANCISCO SOLANO;2026-10-06;06-10-2026;05-10-2026;FAC-A0001-00343635;Venta;LAGOPUELO S.A;34324;12,00;15752,06;19060,00;EVELIN GISEL GAUNA;;20,00 %;056;Ezequiel Ferreira;0561;Poett Desinf. Flores de Primavera 900ml;1312,67;3445;"";AUTOSERVICIO;AUTOSERVICIO;15504,00;LEONARDO SANTA CRUZ;328,17;$;2;GRUPO AYUDIN ARGENTINA S.A;0,00000000;0,00;Contado;07-10-2026 08:44;;POETT;CLOROX;;CLOROX;PISO;LAGO PUELO;LIMPIEZA;;;300;Bruno Centurion;AXUM;;CLOROX;False;133025;0;Lista General;AUTOSERVICIO - A;43860;05-10-2026;509-LUCAS GODOY;CLOROX;1;0,00000000;1312,67
3086;"AVDA SANTA FE Y CALLE 889";SAN FRANCISCO SOLANO;2026-10-06;06-10-2026;05-10-2026;FAC-A0001-00343635;Venta;LAGOPUELO S.A;34320;12,00;15752,06;19060,00;EVELIN GISEL GAUNA;;20,00 %;056;Ezequiel Ferreira;0561;Poett Desinf. Frescura de Lavanda 900ml;1312,67;3445;"";AUTOSERVICIO;AUTOSERVICIO;15504,00;LEONARDO SANTA CRUZ;328,17;$;2;GRUPO AYUDIN ARGENTINA S.A;0,00000000;0,00;Contado;07-10-2026 08:44;;POETT;CLOROX;;CLOROX;PISO;LAGO PUELO;LIMPIEZA;;;300;Bruno Centurion;AXUM;;CLOROX;False;133025;0;Lista General;AUTOSERVICIO - A;43860;05-10-2026;509-LUCAS GODOY;CLOROX;1;0,00000000;1312,67
3086;"AVDA SANTA FE Y CALLE 889";SAN FRANCISCO SOLANO;2026-10-06;06-10-2026;05-10-2026;FAC-A0001-00343635;Venta;LAGOPUELO S.A;60386;12,00;15752,06;19060,00;EVELIN GISEL GAUNA;;20,00 %;056;Ezequiel Ferreira;0561;Poett EsptPly 12/900ml;1312,67;3445;"";AUTOSERVICIO;AUTOSERVICIO;15504,00;LEONARDO SANTA CRUZ;328,17;$;2;GRUPO AYUDIN ARGENTINA S.A;0,00000000;0,00;Contado;07-10-2026 08:44;;POETT;CLOROX;;CLOROX;PISO;LAGO PUELO;LIMPIEZA;;;300;Bruno Centurion;AXUM;;CLOROX;False;133025;0;Lista General;AUTOSERVICIO - A;43860;05-10-2026;509-LUCAS GODOY;CLOROX;1;0,00000000;1312,67
3086;"AVDA SANTA FE Y CALLE 889";SAN FRANCISCO SOLANO;2026-10-06;06-10-2026;05-10-2026;FAC-A0001-00343635;Venta;LAGOPUELO S.A;61731;6,00;20145,41;24375,94;EVELIN GISEL GAUNA;;15,00 %;056;Ezequiel Ferreira;0561;Sltn MataCuca Aer AccProl 6/360ml BA;3357,57;3445;"";AUTOSERVICIO;AUTOSERVICIO;18516,00;LEONARDO SANTA CRUZ;592,51;$;2;GRUPO AYUDIN ARGENTINA S.A;0,00000000;0,00;Contado;07-10-2026 08:44;;SELTON;CLOROX;;CLOROX;SELTON;LAGO PUELO;LIMPIEZA;;;300;Bruno Centurion;AXUM;;CLOROX;False;133025;0;Lista General;AUTOSERVICIO - A;43860;05-10-2026;509-LUCAS GODOY;CLOROX;1;0,00000000;3357,57
3086;"AVDA SANTA FE Y CALLE 889";SAN FRANCISCO SOLANO;2026-10-06;06-10-2026;05-10-2026;FAC-A0001-00343635;Venta;LAGOPUELO S.A;32288;8,00;14716,00;17806,36;EVELIN GISEL GAUNA;;0,00 %;056;Ezequiel Ferreira;0561;Tren Oxi DoyPk 16/400ml                 ;1839,50;3445;"";AUTOSERVICIO;AUTOSERVICIO;11320,00;LEONARDO SANTA CRUZ;0,00;$;2;GRUPO AYUDIN ARGENTINA S.A;0,00000000;0,00;Contado;07-10-2026 08:44;;TRENET;CLOROX;;CLOROX;LAVADO DE ROPA;LAGO PUELO;LIMPIEZA;;;300;Bruno Centurion;AXUM;;CLOROX;False;133025;0;Lista General;AUTOSERVICIO - A;43860;05-10-2026;509-LUCAS GODOY;CLOROX;1;0,00000000;1839,50
322657;"Cramer 616 0";BERNAL ;2026-10-06;06-10-2026;05-10-2026;FAC-A0001-00343638;Venta;LAGOPUELO S.A;60240;15,00;37086,05;44874,12;Huang Jiaping;;15,00 %;054;Leonel Caruso;0541;Aydn Lavdna Gel Lavda EXPRT 15/700ml GP2;2472,40;3445;"";AUTOSERVICIO;AUTOSERVICIO;32805,00;LEONARDO SANTA CRUZ;436,31;$;2;GRUPO AYUDIN ARGENTINA S.A;0,00000000;0,00;Efectivo;07-10-2026 08:44;;AYUDIN;CLOROX;;CLOROX;LAVANDINA;LAGO PUELO;LIMPIEZA;;;300;Bruno Centurion;AXUM;;CLOROX;False;133034;0;Lista General;AUTOSERVICIO - A;43863;05-10-2026;509-LUCAS GODOY;CLOROX;1;0,00000000;2472,40
322657;"Cramer 616 0";BERNAL ;2026-10-06;06-10-2026;05-10-2026;FAC-A0001-00343638;Venta;LAGOPUELO S.A;60239;15,00;37086,05;44874,12;Huang Jiaping;;15,00 %;054;Leonel Caruso;0541;Aydn Lavdna Gel MntFrs 15/700ml GP2;2472,40;3445;"";AUTOSERVICIO;AUTOSERVICIO;32805,00;LEONARDO SANTA CRUZ;436,31;$;2;GRUPO AYUDIN ARGENTINA S.A;0,00000000;0,00;Efectivo;07-10-2026 08:44;;AYUDIN;CLOROX;;CLOROX;LAVANDINA;LAGO PUELO;LIMPIEZA;;;300;Bruno Centurion;AXUM;;CLOROX;False;133034;0;Lista General;AUTOSERVICIO - A;43863;05-10-2026;509-LUCAS GODOY;CLOROX;1;0,00000000;2472,40
322657;"Cramer 616 0";BERNAL ;2026-10-06;06-10-2026;05-10-2026;FAC-A0001-00343638;Venta;LAGOPUELO S.A;22057;12,00;18928,56;22903,56;Huang Jiaping;;0,00 %;054;Leonel Caruso;0541;Pluz Pino 12/900ml;1577,38;3445;"";AUTOSERVICIO;AUTOSERVICIO;14232,00;LEONARDO SANTA CRUZ;0,00;$;2;GRUPO AYUDIN ARGENTINA S.A;0,00000000;0,00;Efectivo;07-10-2026 08:44;;PINO LUZ;CLOROX;;CLOROX;PISO;LAGO PUELO;LIMPIEZA;;;300;Bruno Centurion;AXUM;;CLOROX;False;133034;0;Lista General;AUTOSERVICIO - A;43863;05-10-2026;509-LUCAS GODOY;CLOROX;1;0,00000000;1577,38
322657;"Cramer 616 0";BERNAL ;2026-10-06;06-10-2026;05-10-2026;FAC-A0001-00343638;Venta;LAGOPUELO S.A;34327;12,00;15161,36;18345,25;Huang Jiaping;;23,00 %;054;Leonel Caruso;0541;Poett Desinf. Solo para ti 900ml;1263,45;3445;"";AUTOSERVICIO;AUTOSERVICIO;15504,00;LEONARDO SANTA CRUZ;377,39;$;2;GRUPO AYUDIN ARGENTINA S.A;0,00000000;0,00;Efectivo;07-10-2026 08:44;;POETT;CLOROX;;CLOROX;PISO;LAGO PUELO;LIMPIEZA;;;300;Bruno Centurion;AXUM;;CLOROX;False;133034;0;Lista General;AUTOSERVICIO - A;43863;05-10-2026;509-LUCAS GODOY;CLOROX;1;0,00000000;1263,45
322657;"Cramer 616 0";BERNAL ;2026-10-06;06-10-2026;05-10-2026;FAC-A0001-00343638;Venta;LAGOPUELO S.A;34334;12,00;15161,36;18345,25;Huang Jiaping;;23,00 %;054;Leonel Caruso;0541;Poett Dsnf SuadBebe 12/900ml;1263,45;3445;"";AUTOSERVICIO;AUTOSERVICIO;15504,00;LEONARDO SANTA CRUZ;377,39;$;2;GRUPO AYUDIN ARGENTINA S.A;0,00000000;0,00;Efectivo;07-10-2026 08:44;;POETT;CLOROX;;CLOROX;PISO;LAGO PUELO;LIMPIEZA;;;300;Bruno Centurion;AXUM;;CLOROX;False;133034;0;Lista General;AUTOSERVICIO - A;43863;05-10-2026;509-LUCAS GODOY;CLOROX;1;0,00000000;1263,45
322657;"Cramer 616 0";BERNAL ;2026-10-06;06-10-2026;05-10-2026;FAC-A0001-00343638;Venta;LAGOPUELO S.A;34338;12,00;15161,36;18345,25;Huang Jiaping;;23,00 %;054;Leonel Caruso;0541;Poett Dsnf MscPrmvra 12/900ml;1263,45;3445;"";AUTOSERVICIO;AUTOSERVICIO;15504,00;LEONARDO SANTA CRUZ;377,39;$;2;GRUPO AYUDIN ARGENTINA S.A;0,00000000;0,00;Efectivo;07-10-2026 08:44;;POETT;CLOROX;;CLOROX;PISO;LAGO PUELO;LIMPIEZA;;;300;Bruno Centurion;AXUM;;CLOROX;False;133034;0;Lista General;AUTOSERVICIO - A;43863;05-10-2026;509-LUCAS GODOY;CLOROX;1;0,00000000;1263,45
322657;"Cramer 616 0";BERNAL ;2026-10-06;06-10-2026;05-10-2026;FAC-A0001-00343638;Venta;LAGOPUELO S.A;60386;12,00;15161,36;18345,25;Huang Jiaping;;23,00 %;054;Leonel Caruso;0541;Poett EsptPly 12/900ml;1263,45;3445;"";AUTOSERVICIO;AUTOSERVICIO;15504,00;LEONARDO SANTA CRUZ;377,39;$;2;GRUPO AYUDIN ARGENTINA S.A;0,00000000;0,00;Efectivo;07-10-2026 08:44;;POETT;CLOROX;;CLOROX;PISO;LAGO PUELO;LIMPIEZA;;;300;Bruno Centurion;AXUM;;CLOROX;False;133034;0;Lista General;AUTOSERVICIO - A;43863;05-10-2026;509-LUCAS GODOY;CLOROX;1;0,00000000;1263,45
322657;"Cramer 616 0";BERNAL ;2026-10-06;06-10-2026;05-10-2026;FAC-A0001-00343638;Venta;LAGOPUELO S.A;34342;12,00;15161,36;18345,25;Huang Jiaping;;23,00 %;054;Leonel Caruso;0541;Poett Dsnf AlgrDia 12/900ml;1263,45;3445;"";AUTOSERVICIO;AUTOSERVICIO;15504,00;LEONARDO SANTA CRUZ;377,39;$;2;GRUPO AYUDIN ARGENTINA S.A;0,00000000;0,00;Efectivo;07-10-2026 08:44;;POETT;CLOROX;;CLOROX;PISO;LAGO PUELO;LIMPIEZA;;;300;Bruno Centurion;AXUM;;CLOROX;False;133034;0;Lista General;AUTOSERVICIO - A;43863;05-10-2026;509-LUCAS GODOY;CLOROX;1;0,00000000;1263,45
322671;"Cramer 868";BERNAL ;2026-10-06;06-10-2026;05-10-2026;FAC-A0001-00343639;Venta;LAGOPUELO S.A;60227;8,00;18493,28;22376,87;Ricardo Palacios;;15,00 %;054;Leonel Caruso;0541;Aydn PurGlac TriPod 8/2l GP2;2311,66;3445;"";AUTOSERVICIO;AUTOSERVICIO;16736,00;LEONARDO SANTA CRUZ;407,94;$;2;GRUPO AYUDIN ARGENTINA S.A;0,00000000;0,00;Efectivo;07-10-2026 08:44;;AYUDIN;CLOROX;;CLOROX;LAVANDINA;LAGO PUELO;LIMPIEZA;;;300;Bruno Centurion;AXUM;;CLOROX;False;133084;0;Lista General;AUTOSERVICIO - A;43865;05-10-2026;509-LUCAS GODOY;CLOROX;1;0,00000000;2311,66
322671;"Cramer 868";BERNAL ;2026-10-06;06-10-2026;05-10-2026;FAC-A0001-00343639;Venta;LAGOPUELO S.A;60223;8,00;18493,28;22376,87;Ricardo Palacios;;15,00 %;054;Leonel Caruso;0541;Aydn Lavda TriPod 8/2l GP2;2311,66;3445;"";AUTOSERVICIO;AUTOSERVICIO;16736,00;LEONARDO SANTA CRUZ;407,94;$;2;GRUPO AYUDIN ARGENTINA S.A;0,00000000;0,00;Efectivo;07-10-2026 08:44;;AYUDIN;CLOROX;;CLOROX;LAVANDINA;LAGO PUELO;LIMPIEZA;;;300;Bruno Centurion;AXUM;;CLOROX;False;133084;0;Lista General;AUTOSERVICIO - A;43865;05-10-2026;509-LUCAS GODOY;CLOROX;1;0,00000000;2311,66
322671;"Cramer 868";BERNAL ;2026-10-06;06-10-2026;05-10-2026;FAC-A0001-00343639;Venta;LAGOPUELO S.A;60226;15,00;17403,75;21058,54;Ricardo Palacios;;15,00 %;054;Leonel Caruso;0541;Aydn PurGlac TriPod 15/1l GP2;1160,25;3445;"";AUTOSERVICIO;AUTOSERVICIO;15750,00;LEONARDO SANTA CRUZ;204,75;$;2;GRUPO AYUDIN ARGENTINA S.A;0,00000000;0,00;Efectivo;07-10-2026 08:44;;AYUDIN;CLOROX;;CLOROX;LAVANDINA;LAGO PUELO;LIMPIEZA;;;300;Bruno Centurion;AXUM;;CLOROX;False;133084;0;Lista General;AUTOSERVICIO - A;43865;05-10-2026;509-LUCAS GODOY;CLOROX;1;0,00000000;1160,25
322671;"Cramer 868";BERNAL ;2026-10-06;06-10-2026;05-10-2026;FAC-A0001-00343639;Venta;LAGOPUELO S.A;61046;15,00;22306,05;26990,32;Ricardo Palacios;;18,00 %;054;Leonel Caruso;0541;Aydn RopQuitMnch BlncInt 15/1l;1487,07;3445;"";AUTOSERVICIO;AUTOSERVICIO;20925,00;LEONARDO SANTA CRUZ;326,43;$;2;GRUPO AYUDIN ARGENTINA S.A;0,00000000;0,00;Efectivo;07-10-2026 08:44;;AYUDIN;CLOROX;;CLOROX;LAVADO DE ROPA;LAGO PUELO;LIMPIEZA;;;300;Bruno Centurion;AXUM;;CLOROX;False;133084;0;Lista General;AUTOSERVICIO - A;43865;05-10-2026;509-LUCAS GODOY;CLOROX;1;0,00000000;1487,07
107787;"Monse√±or De Andrea 1040 0";BERNAL ;2026-10-06;06-10-2026;05-10-2026;FAC-A0001-00343642;Venta;LAGOPUELO S.A;61577;16,00;22565,92;27304,76;Lu Xiaoshou;;5,00 %;056;Ezequiel Ferreira;0561;Aydn Coc† Pod Act Or† DoyPk 16/450ml;1410,37;3445;"";AUTOSERVICIO;AUTOSERVICIO;18272,00;LEONARDO SANTA CRUZ;74,23;$;2;GRUPO AYUDIN ARGENTINA S.A;0,00000000;0,00;Efectivo;07-10-2026 08:44;;AYUDIN;CLOROX;;CLOROX;COCINA;LAGO PUELO;LIMPIEZA;;;300;Bruno Centurion;AXUM;;CLOROX;False;133342;0;Lista General;AUTOSERVICIO - A;43879;05-10-2026;509-LUCAS GODOY;CLOROX;1;0,00000000;1410,37
107787;"Monse√±or De Andrea 1040 0";BERNAL ;2026-10-06;06-10-2026;05-10-2026;FAC-A0001-00343642;Venta;LAGOPUELO S.A;33575;8,00;15183,28;18371,77;Lu Xiaoshou;;0,00 %;056;Ezequiel Ferreira;0561;Aydn Ropa ClrViv DoyPk 16/400ml;1897,91;3445;"";AUTOSERVICIO;AUTOSERVICIO;11416,00;LEONARDO SANTA CRUZ;0,00;$;2;GRUPO AYUDIN ARGENTINA S.A;0,00000000;0,00;Efectivo;07-10-2026 08:44;;AYUDIN;CLOROX;;CLOROX;LAVADO DE ROPA;LAGO PUELO;LIMPIEZA;;;300;Bruno Centurion;AXUM;;CLOROX;False;133342;0;Lista General;AUTOSERVICIO - A;43879;05-10-2026;509-LUCAS GODOY;CLOROX;1;0,00000000;1897,91
107787;"Monse√±or De Andrea 1040 0";BERNAL ;2026-10-06;06-10-2026;05-10-2026;FAC-A0001-00343642;Venta;LAGOPUELO S.A;34327;12,00;15752,06;19060,00;Lu Xiaoshou;;20,00 %;056;Ezequiel Ferreira;0561;Poett Desinf. Solo para ti 900ml;1312,67;3445;"";AUTOSERVICIO;AUTOSERVICIO;15504,00;LEONARDO SANTA CRUZ;328,17;$;2;GRUPO AYUDIN ARGENTINA S.A;0,00000000;0,00;Efectivo;07-10-2026 08:44;;POETT;CLOROX;;CLOROX;PISO;LAGO PUELO;LIMPIEZA;;;300;Bruno Centurion;AXUM;;CLOROX;False;133342;0;Lista General;AUTOSERVICIO - A;43879;05-10-2026;509-LUCAS GODOY;CLOROX;1;0,00000000;1312,67
107787;"Monse√±or De Andrea 1040 0";BERNAL ;2026-10-06;06-10-2026;05-10-2026;FAC-A0001-00343642;Venta;LAGOPUELO S.A;34334;12,00;15752,06;19060,00;Lu Xiaoshou;;20,00 %;056;Ezequiel Ferreira;0561;Poett Dsnf SuadBebe 12/900ml;1312,67;3445;"";AUTOSERVICIO;AUTOSERVICIO;15504,00;LEONARDO SANTA CRUZ;328,17;$;2;GRUPO AYUDIN ARGENTINA S.A;0,00000000;0,00;Efectivo;07-10-2026 08:44;;POETT;CLOROX;;CLOROX;PISO;LAGO PUELO;LIMPIEZA;;;300;Bruno Centurion;AXUM;;CLOROX;False;133342;0;Lista General;AUTOSERVICIO - A;43879;05-10-2026;509-LUCAS GODOY;CLOROX;1;0,00000000;1312,67
107787;"Monse√±or De Andrea 1040 0";BERNAL ;2026-10-06;06-10-2026;05-10-2026;FAC-A0001-00343642;Venta;LAGOPUELO S.A;60386;12,00;15752,06;19060,00;Lu Xiaoshou;;20,00 %;056;Ezequiel Ferreira;0561;Poett EsptPly 12/900ml;1312,67;3445;"";AUTOSERVICIO;AUTOSERVICIO;15504,00;LEONARDO SANTA CRUZ;328,17;$;2;GRUPO AYUDIN ARGENTINA S.A;0,00000000;0,00;Efectivo;07-10-2026 08:44;;POETT;CLOROX;;CLOROX;PISO;LAGO PUELO;LIMPIEZA;;;300;Bruno Centurion;AXUM;;CLOROX;False;133342;0;Lista General;AUTOSERVICIO - A;43879;05-10-2026;509-LUCAS GODOY;CLOROX;1;0,00000000;1312,67
107787;"Monse√±or De Andrea 1040 0";BERNAL ;2026-10-06;06-10-2026;05-10-2026;FAC-A0001-00343642;Venta;LAGOPUELO S.A;60888;6,00;14924,13;18058,20;Lu Xiaoshou;;15,00 %;056;Ezequiel Ferreira;0561;Poett Aer SvdAlg ExtFrag 6/360ml;2487,36;3445;"";AUTOSERVICIO;AUTOSERVICIO;13506,00;LEONARDO SANTA CRUZ;438,95;$;2;GRUPO AYUDIN ARGENTINA S.A;0,00000000;0,00;Efectivo;07-10-2026 08:44;;POETT;CLOROX;;CLOROX;AERO POETT;LAGO PUELO;LIMPIEZA;;;300;Bruno Centurion;AXUM;;CLOROX;False;133342;0;Lista General;AUTOSERVICIO - A;43879;05-10-2026;509-LUCAS GODOY;CLOROX;1;0,00000000;2487,36
107787;"Monse√±or De Andrea 1040 0";BERNAL ;2026-10-06;06-10-2026;05-10-2026;FAC-A0001-00343642;Venta;LAGOPUELO S.A;60886;6,00;14924,13;18058,20;Lu Xiaoshou;;15,00 %;056;Ezequiel Ferreira;0561;Poett Aer FlrPrm ExtFrag 6/360ml;2487,36;3445;"";AUTOSERVICIO;AUTOSERVICIO;13506,00;LEONARDO SANTA CRUZ;438,95;$;2;GRUPO AYUDIN ARGENTINA S.A;0,00000000;0,00;Efectivo;07-10-2026 08:44;;POETT;CLOROX;;CLOROX;AERO POETT;LAGO PUELO;LIMPIEZA;;;300;Bruno Centurion;AXUM;;CLOROX;False;133342;0;Lista General;AUTOSERVICIO - A;43879;05-10-2026;509-LUCAS GODOY;CLOROX;1;0,00000000;2487,36
107787;"Monse√±or De Andrea 1040 0";BERNAL ;2026-10-06;06-10-2026;05-10-2026;FAC-A0001-00343642;Venta;LAGOPUELO S.A;60885;6,00;14924,13;18058,20;Lu Xiaoshou;;15,00 %;056;Ezequiel Ferreira;0561;Poett Aer FlrLavda ExtFrag 6/360ml;2487,36;3445;"";AUTOSERVICIO;AUTOSERVICIO;13506,00;LEONARDO SANTA CRUZ;438,95;$;2;GRUPO AYUDIN ARGENTINA S.A;0,00000000;0,00;Efectivo;07-10-2026 08:44;;POETT;CLOROX;;CLOROX;AERO POETT;LAGO PUELO;LIMPIEZA;;;300;Bruno Centurion;AXUM;;CLOROX;False;133342;0;Lista General;AUTOSERVICIO - A;43879;05-10-2026;509-LUCAS GODOY;CLOROX;1;0,00000000;2487,36
70;"CALLE 835 1185";Quilmes;2026-10-06;06-10-2026;02-10-2026;FAC-B0001-00018689;Venta;LAGOPUELO S.A;36003;8,00;13912,00;16833,52;ARRAIGADA ESTHER;;20,00 %;056;Ezequiel Ferreira;0565;AYDN LAVDNA OR 25g/l 8/2l;1739,00;3463;"";ALMACEN;ALMACEN;13912,00;SIMON OLIVERA;434,75;$;2;GRUPO AYUDIN ARGENTINA S.A;0,00000000;0,00;Efectivo;;;AYUDIN;CLOROX;;CLOROX;LAVANDINA;LAGO PUELO;LIMPIEZA;;;300;Bruno Centurion;AXUM;;CLOROX;False;132316;1;Lista General;ALMACEN - A;43884;05-10-2026;757-JUAN PABLO JUAREZ;CLOROX;1;0,00000000;1739,00
70;"CALLE 835 1185";Quilmes;2026-10-06;06-10-2026;02-10-2026;FAC-B0001-00018689;Venta;LAGOPUELO S.A;60888;2,00;4974,71;6019,40;ARRAIGADA ESTHER;;15,00 %;056;Ezequiel Ferreira;0565;Poett Aer SvdAlg ExtFrag 6/360ml;2487,36;3463;"";ALMACEN;ALMACEN;4502,00;SIMON OLIVERA;438,95;$;2;GRUPO AYUDIN ARGENTINA S.A;0,00000000;0,00;Efectivo;;;POETT;CLOROX;;CLOROX;AERO POETT;LAGO PUELO;LIMPIEZA;;;300;Bruno Centurion;AXUM;;CLOROX;False;132316;1;Lista General;ALMACEN - A;43884;05-10-2026;757-JUAN PABLO JUAREZ;CLOROX;1;0,00000000;2487,36
70;"CALLE 835 1185";Quilmes;2026-10-06;06-10-2026;02-10-2026;FAC-B0001-00018689;Venta;LAGOPUELO S.A;60885;2,00;4974,71;6019,40;ARRAIGADA ESTHER;;15,00 %;056;Ezequiel Ferreira;0565;Poett Aer FlrLavda ExtFrag 6/360ml;2487,36;3463;"";ALMACEN;ALMACEN;4502,00;SIMON OLIVERA;438,95;$;2;GRUPO AYUDIN ARGENTINA S.A;0,00000000;0,00;Efectivo;;;POETT;CLOROX;;CLOROX;AERO POETT;LAGO PUELO;LIMPIEZA;;;300;Bruno Centurion;AXUM;;CLOROX;False;132316;1;Lista General;ALMACEN - A;43884;05-10-2026;757-JUAN PABLO JUAREZ;CLOROX;1;0,00000000;2487,36
70;"CALLE 835 1185";Quilmes;2026-10-06;06-10-2026;02-10-2026;FAC-B0001-00018689;Venta;LAGOPUELO S.A;60886;2,00;4974,71;6019,40;ARRAIGADA ESTHER;;15,00 %;056;Ezequiel Ferreira;0565;Poett Aer FlrPrm ExtFrag 6/360ml;2487,36;3463;"";ALMACEN;ALMACEN;4502,00;SIMON OLIVERA;438,95;$;2;GRUPO AYUDIN ARGENTINA S.A;0,00000000;0,00;Efectivo;;;POETT;CLOROX;;CLOROX;AERO POETT;LAGO PUELO;LIMPIEZA;;;300;Bruno Centurion;AXUM;;CLOROX;False;132316;1;Lista General;ALMACEN - A;43884;05-10-2026;757-JUAN PABLO JUAREZ;CLOROX;1;0,00000000;2487,36
70;"CALLE 835 1185";Quilmes;2026-10-06;06-10-2026;02-10-2026;FAC-B0001-00018689;Venta;LAGOPUELO S.A;61816;6,00;18159,57;21973,08;ARRAIGADA ESTHER;;15,00 %;056;Ezequiel Ferreira;0565;Sltn MataMosq Aer AccInst 6/360ml BA;3026,60;3463;"";ALMACEN;ALMACEN;16434,00;SIMON OLIVERA;534,11;$;2;GRUPO AYUDIN ARGENTINA S.A;0,00000000;0,00;Efectivo;;;SELTON;CLOROX;;CLOROX;SELTON;LAGO PUELO;LIMPIEZA;;;300;Bruno Centurion;AXUM;;CLOROX;False;132316;1;Lista General;ALMACEN - A;43884;05-10-2026;757-JUAN PABLO JUAREZ;CLOROX;1;0,00000000;3026,60
4582;"Calle 883 ESQ 845";Quilmes;2026-10-06;06-10-2026;02-10-2026;FAC-B0001-00018691;Venta;LAGOPUELO S.A;17927;15,00;12735,00;15409,35;CARNOVALE DOMINGO;;20,00 %;056;Ezequiel Ferreira;0565;AYDN LAVDNA OR 15/1L;849,00;3463;"";ALMACEN;ALMACEN;12735,00;SIMON OLIVERA;212,25;$;2;GRUPO AYUDIN ARGENTINA S.A;0,00000000;0,00;Contado;;;AYUDIN;CLOROX;;CLOROX;LAVANDINA;LAGO PUELO;LIMPIEZA;;;300;Bruno Centurion;AXUM;;CLOROX;False;132704;1;Lista General;ALMACEN - A;43897;05-10-2026;757-JUAN PABLO JUAREZ;CLOROX;1;0,00000000;849,00
22821;"AV HUDSON - (PERFUMERIA) 191";FLORENCIO VARELA;2026-10-06;06-10-2026;05-10-2026;FAC-B0001-00018694;Venta;LAGOPUELO S.A;36003;8,00;13912,00;16833,52;VARELA AZUCENA;;20,00 %;6;Nieves Alegre;61;AYDN LAVDNA OR 25g/l 8/2l;1739,00;3463;"";AUTOSERVICIO;Autoservicio B;13912,00;SIMON OLIVERA;434,75;$;2;GRUPO AYUDIN ARGENTINA S.A;0,00000000;0,00;Contado;;;AYUDIN;CLOROX;;CLOROX;LAVANDINA;LAGO PUELO;LIMPIEZA;;;25;JOHANA VIGIL;AXUM;;CLOROX;False;133252;1;Lista General;Autoservicio B - A;43919;05-10-2026;757-JUAN PABLO JUAREZ;CLOROX;1;0,00000000;1739,00
108493;"Coronel Delia 1539 0";LANUS;2026-10-06;06-10-2026;05-10-2026;FAC-B0001-00018696;Venta;LAGOPUELO S.A;61577;6,00;8907,60;10778,20;Nely Flores;;0,00 %;30;Oriana Songini;301;Aydn Coc† Pod Act Or† DoyPk 16/450ml;1484,60;3441;"";AUTOSERVICIO;AUTOSERVICIO;6852,00;HERNAN RIVERO;0,00;$;2;GRUPO AYUDIN ARGENTINA S.A;0,00000000;0,00;Efectivo;07-10-2026 08:13;;AYUDIN;CLOROX;;CLOROX;COCINA;LAGO PUELO;LIMPIEZA;;;25;JOHANA VIGIL;AXUM;;CLOROX;False;133142;1;Lista General;AUTOSERVICIO - A;43785;05-10-2026;759-GABRIEL PEREZ;CLOROX;1;0,00000000;1484,60
108493;"Coronel Delia 1539 0";LANUS;2026-10-06;06-10-2026;05-10-2026;FAC-B0001-00018696;Venta;LAGOPUELO S.A;18098;12,00;18241,20;22071,85;Nely Flores;;0,00 %;30;Oriana Songini;301;Mort Esp DobCara 4/24c                  ;1520,10;3441;"";AUTOSERVICIO;AUTOSERVICIO;13512,00;HERNAN RIVERO;0,00;$;2;GRUPO AYUDIN ARGENTINA S.A;0,00000000;0,00;Efectivo;07-10-2026 08:13;;MORTIMER;CLOROX;;CLOROX;MORTIMER;LAGO PUELO;LIMPIEZA;;;25;JOHANA VIGIL;AXUM;;CLOROX;False;133142;1;Lista General;AUTOSERVICIO - A;43785;05-10-2026;759-GABRIEL PEREZ;CLOROX;1;0,00000000;1520,10
23852;"Madariaga - (TRADICIONAL) 86";MALVINAS ARGENTINAS;2026-10-06;06-10-2026;02-10-2026;FAC-B0001-00018698;Venta;LAGOPUELO S.A;17927;15,00;12735,00;15409,35;Acevedo Javier ;;20,00 %;063;Daniel Martin;0635;AYDN LAVDNA OR 15/1L;849,00;3444;"";ALMACEN;ALMACEN;12735,00;CLAUDIO GARCIA;212,25;$;2;GRUPO AYUDIN ARGENTINA S.A;0,00000000;0,00;Contado;;;AYUDIN;CLOROX;;CLOROX;LAVANDINA;LAGO PUELO;LIMPIEZA;;;300;Bruno Centurion;AXUM;;CLOROX;False;132395;1;Lista General;ALMACEN - A;43978;05-10-2026;58-ARON BOLLINI;CLOROX;1;0,00000000;849,00
23739;"ALEM 3080";MONTE GRANDE;2026-10-06;06-10-2026;05-10-2026;FAC-B0001-00018705;Venta;LAGOPUELO S.A;36003;16,00;27824,00;33667,04;RIVERO HORACIO;;20,00 %;064;Karina Fernandez;0641;AYDN LAVDNA OR 25g/l 8/2l;1739,00;3444;"";ALMACEN;ALMACEN;27824,00;CLAUDIO GARCIA;434,75;$;2;GRUPO AYUDIN ARGENTINA S.A;0,00000000;0,00;Contado;;;AYUDIN;CLOROX;;CLOROX;LAVANDINA;LAGO PUELO;LIMPIEZA;;;300;Bruno Centurion;AXUM;;CLOROX;False;133102;1;Lista General;ALMACEN - A;44012;05-10-2026;58-ARON BOLLINI;CLOROX;1;0,00000000;1739,00
29073;"FRENCH 122";BANFIELD;2026-10-06;06-10-2026;05-10-2026;FAC-B0001-00018709;Venta;LAGOPUELO S.A;33575;6,00;11387,46;13778,83;ACOSTA MIRIAM;;0,00 %;074;Romina Baez;0741;Aydn Ropa ClrViv DoyPk 16/400ml;1897,91;3442;"Venta modificada el 2026-10-05 18:13:12";Otros;PaÒalera;8562,00;MARIANO SOSA;0,00;$;2;GRUPO AYUDIN ARGENTINA S.A;0,00000000;0,00;Contado;07-10-2026 09:26;;AYUDIN;CLOROX;;CLOROX;LAVADO DE ROPA;LAGO PUELO;LIMPIEZA;;;300;Bruno Centurion;AXUM;;CLOROX;False;133069;0;Lista General;PaÒalera - A;44105;05-10-2026;759-GABRIEL PEREZ;CLOROX;1;0,00000000;1897,91
29073;"FRENCH 122";BANFIELD;2026-10-06;06-10-2026;05-10-2026;FAC-B0001-00018709;Venta;LAGOPUELO S.A;61577;6,00;8462,22;10239,29;ACOSTA MIRIAM;;5,00 %;074;Romina Baez;0741;Aydn Coc† Pod Act Or† DoyPk 16/450ml;1410,37;3442;"Venta modificada el 2026-10-05 18:13:12";Otros;PaÒalera;6852,00;MARIANO SOSA;74,23;$;2;GRUPO AYUDIN ARGENTINA S.A;0,00000000;0,00;Contado;07-10-2026 09:26;;AYUDIN;CLOROX;;CLOROX;COCINA;LAGO PUELO;LIMPIEZA;;;300;Bruno Centurion;AXUM;;CLOROX;False;133069;0;Lista General;PaÒalera - A;44105;05-10-2026;759-GABRIEL PEREZ;CLOROX;1;0,00000000;1410,37
29073;"FRENCH 122";BANFIELD;2026-10-06;06-10-2026;05-10-2026;FAC-B0001-00018709;Venta;LAGOPUELO S.A;60233;2,00;4944,81;5983,22;ACOSTA MIRIAM;;15,00 %;074;Romina Baez;0741;Aydn Lavdna Gel Or 15/700ml GP2;2472,40;3442;"Venta modificada el 2026-10-05 18:13:12";Otros;PaÒalera;4374,00;MARIANO SOSA;436,31;$;2;GRUPO AYUDIN ARGENTINA S.A;0,00000000;0,00;Contado;07-10-2026 09:26;;AYUDIN;CLOROX;;CLOROX;LAVANDINA;LAGO PUELO;LIMPIEZA;;;300;Bruno Centurion;AXUM;;CLOROX;False;133069;0;Lista General;PaÒalera - A;44105;05-10-2026;759-GABRIEL PEREZ;CLOROX;1;0,00000000;2472,40
29073;"FRENCH 122";BANFIELD;2026-10-06;06-10-2026;05-10-2026;FAC-B0001-00018709;Venta;LAGOPUELO S.A;60234;2,00;4944,81;5983,22;ACOSTA MIRIAM;;15,00 %;074;Romina Baez;0741;Aydn Lavdna Gel Ctra 15/700ml GP2;2472,40;3442;"Venta modificada el 2026-10-05 18:13:12";Otros;PaÒalera;4374,00;MARIANO SOSA;436,31;$;2;GRUPO AYUDIN ARGENTINA S.A;0,00000000;0,00;Contado;07-10-2026 09:26;;AYUDIN;CLOROX;;CLOROX;LAVANDINA;LAGO PUELO;LIMPIEZA;;;300;Bruno Centurion;AXUM;;CLOROX;False;133069;0;Lista General;PaÒalera - A;44105;05-10-2026;759-GABRIEL PEREZ;CLOROX;1;0,00000000;2472,40
29073;"FRENCH 122";BANFIELD;2026-10-06;06-10-2026;05-10-2026;FAC-B0001-00018709;Venta;LAGOPUELO S.A;60237;2,00;4944,81;5983,22;ACOSTA MIRIAM;;15,00 %;074;Romina Baez;0741;Aydn Lavdna Gel Flr 15/700ml GP2;2472,40;3442;"Venta modificada el 2026-10-05 18:13:12";Otros;PaÒalera;4374,00;MARIANO SOSA;436,31;$;2;GRUPO AYUDIN ARGENTINA S.A;0,00000000;0,00;Contado;07-10-2026 09:26;;AYUDIN;CLOROX;;CLOROX;LAVANDINA;LAGO PUELO;LIMPIEZA;;;300;Bruno Centurion;AXUM;;CLOROX;False;133069;0;Lista General;PaÒalera - A;44105;05-10-2026;759-GABRIEL PEREZ;CLOROX;1;0,00000000;2472,40
29529;"LOS MOLINOS E/LOS ALAMOS Y HUGO AGUILAR - (TRADICIONAL) 829";LA UNION;2026-10-06;06-10-2026;30-09-2026;FAC-B0001-00018714;Venta;LAGOPUELO S.A;17927;30,00;25470,00;30818,70;GABRIELA CECILIA ALFONSO;;20,00 %;075;Julieta Yegros;0753;AYDN LAVDNA OR 15/1L;849,00;3446;"";KIOSCO;KIOSCO;25470,00;IVAN MONTOYA;212,25;$;2;GRUPO AYUDIN ARGENTINA S.A;0,00000000;0,00;Contado;07-10-2026 08:10;;AYUDIN;CLOROX;;CLOROX;LAVANDINA;LAGO PUELO;LIMPIEZA;;;300;Bruno Centurion;AXUM;;CLOROX;False;131412;0;Lista General;KIOSCO - A;44036;05-10-2026;509-LUCAS GODOY;CLOROX;1;0,00000000;849,00
27811;"gadinni esq colibri - (TRADICIONAL) 1585";TRISTAN SUAREZ;2026-10-06;06-10-2026;01-10-2026;FAC-B0001-00018716;Venta;LAGOPUELO S.A;17927;15,00;12735,00;15409,35;MARIA;;20,00 %;075;Julieta Yegros;0754;AYDN LAVDNA OR 15/1L;849,00;3446;"";ALMACEN;ALMACEN;12735,00;IVAN MONTOYA;212,25;$;2;GRUPO AYUDIN ARGENTINA S.A;0,00000000;0,00;Contado;07-10-2026 08:10;;AYUDIN;CLOROX;;CLOROX;LAVANDINA;LAGO PUELO;LIMPIEZA;;;300;Bruno Centurion;AXUM;;CLOROX;False;132003;0;Lista General;ALMACEN - A;44041;05-10-2026;509-LUCAS GODOY;CLOROX;1;0,00000000;849,00
27811;"gadinni esq colibri - (TRADICIONAL) 1585";TRISTAN SUAREZ;2026-10-06;06-10-2026;01-10-2026;FAC-B0001-00018716;Venta;LAGOPUELO S.A;34320;4,00;5250,69;6353,33;MARIA;;20,00 %;075;Julieta Yegros;0754;Poett Desinf. Frescura de Lavanda 900ml;1312,67;3446;"";ALMACEN;ALMACEN;5168,00;IVAN MONTOYA;328,17;$;2;GRUPO AYUDIN ARGENTINA S.A;0,00000000;0,00;Contado;07-10-2026 08:10;;POETT;CLOROX;;CLOROX;PISO;LAGO PUELO;LIMPIEZA;;;300;Bruno Centurion;AXUM;;CLOROX;False;132003;0;Lista General;ALMACEN - A;44041;05-10-2026;509-LUCAS GODOY;CLOROX;1;0,00000000;1312,67
27811;"gadinni esq colibri - (TRADICIONAL) 1585";TRISTAN SUAREZ;2026-10-06;06-10-2026;01-10-2026;FAC-B0001-00018716;Venta;LAGOPUELO S.A;34324;4,00;5250,69;6353,33;MARIA;;20,00 %;075;Julieta Yegros;0754;Poett Desinf. Flores de Primavera 900ml;1312,67;3446;"";ALMACEN;ALMACEN;5168,00;IVAN MONTOYA;328,17;$;2;GRUPO AYUDIN ARGENTINA S.A;0,00000000;0,00;Contado;07-10-2026 08:10;;POETT;CLOROX;;CLOROX;PISO;LAGO PUELO;LIMPIEZA;;;300;Bruno Centurion;AXUM;;CLOROX;False;132003;0;Lista General;ALMACEN - A;44041;05-10-2026;509-LUCAS GODOY;CLOROX;1;0,00000000;1312,67
27811;"gadinni esq colibri - (TRADICIONAL) 1585";TRISTAN SUAREZ;2026-10-06;06-10-2026;01-10-2026;FAC-B0001-00018716;Venta;LAGOPUELO S.A;34338;4,00;5250,69;6353,33;MARIA;;20,00 %;075;Julieta Yegros;0754;Poett Dsnf MscPrmvra 12/900ml;1312,67;3446;"";ALMACEN;ALMACEN;5168,00;IVAN MONTOYA;328,17;$;2;GRUPO AYUDIN ARGENTINA S.A;0,00000000;0,00;Contado;07-10-2026 08:10;;POETT;CLOROX;;CLOROX;PISO;LAGO PUELO;LIMPIEZA;;;300;Bruno Centurion;AXUM;;CLOROX;False;132003;0;Lista General;ALMACEN - A;44041;05-10-2026;509-LUCAS GODOY;CLOROX;1;0,00000000;1312,67
4101;"Avenida argentina 277";CARLOS SPEGAZZINI;2026-10-06;06-10-2026;02-10-2026;FAC-B0001-00018719;Venta;LAGOPUELO S.A;34320;6,00;7876,03;9530,00;Carrizo MarÌa Yolanda ;;20,00 %;075;Julieta Yegros;0755;Poett Desinf. Frescura de Lavanda 900ml;1312,67;3446;"";KIOSCO;KIOSCO;7752,00;IVAN MONTOYA;328,17;$;2;GRUPO AYUDIN ARGENTINA S.A;0,00000000;0,00;Contado;07-10-2026 08:10;;POETT;CLOROX;;CLOROX;PISO;LAGO PUELO;LIMPIEZA;;;300;Bruno Centurion;AXUM;;CLOROX;False;132200;0;Lista General;KIOSCO - A;44048;05-10-2026;509-LUCAS GODOY;CLOROX;1;0,00000000;1312,67
4101;"Avenida argentina 277";CARLOS SPEGAZZINI;2026-10-06;06-10-2026;02-10-2026;FAC-B0001-00018719;Venta;LAGOPUELO S.A;34324;6,00;7876,03;9530,00;Carrizo MarÌa Yolanda ;;20,00 %;075;Julieta Yegros;0755;Poett Desinf. Flores de Primavera 900ml;1312,67;3446;"";KIOSCO;KIOSCO;7752,00;IVAN MONTOYA;328,17;$;2;GRUPO AYUDIN ARGENTINA S.A;0,00000000;0,00;Contado;07-10-2026 08:10;;POETT;CLOROX;;CLOROX;PISO;LAGO PUELO;LIMPIEZA;;;300;Bruno Centurion;AXUM;;CLOROX;False;132200;0;Lista General;KIOSCO - A;44048;05-10-2026;509-LUCAS GODOY;CLOROX;1;0,00000000;1312,67
29125;"25 DE MAYO EX 879 - (AUTOSERVICIOS) 877";CARLOS SPEGAZZINI;2026-10-06;06-10-2026;02-10-2026;FAC-B0001-00018721;Venta;LAGOPUELO S.A;17927;30,00;25470,00;30818,70;CHURA TEOFILO ;;20,00 %;075;Julieta Yegros;0755;AYDN LAVDNA OR 15/1L;849,00;3446;"";ALMACEN;ALMACEN;25470,00;IVAN MONTOYA;212,25;$;2;GRUPO AYUDIN ARGENTINA S.A;0,00000000;0,00;Contado;07-10-2026 08:10;;AYUDIN;CLOROX;;CLOROX;LAVANDINA;LAGO PUELO;LIMPIEZA;;;300;Bruno Centurion;AXUM;;CLOROX;False;132522;0;Lista General;ALMACEN - A;44060;05-10-2026;509-LUCAS GODOY;CLOROX;1;0,00000000;849,00
5128;"ROSARIO E/AV.QUITO Y COSTA RICA - (TRADITIONAL TRADE) 1824";CARLOS SPEGAZZINI;2026-10-06;06-10-2026;02-10-2026;FAC-B0001-00018723;Venta;LAGOPUELO S.A;17927;30,00;25470,00;30818,70;ENRIQUE ANTONIO GUERRE—O;;20,00 %;075;Julieta Yegros;0755;AYDN LAVDNA OR 15/1L;849,00;3446;"";KIOSCO;KIOSCO;25470,00;IVAN MONTOYA;212,25;$;2;GRUPO AYUDIN ARGENTINA S.A;0,00000000;0,00;Contado;07-10-2026 08:10;;AYUDIN;CLOROX;;CLOROX;LAVANDINA;LAGO PUELO;LIMPIEZA;;;300;Bruno Centurion;AXUM;;CLOROX;False;132612;0;Lista General;KIOSCO - A;44062;05-10-2026;509-LUCAS GODOY;CLOROX;1;0,00000000;849,00
5128;"ROSARIO E/AV.QUITO Y COSTA RICA - (TRADITIONAL TRADE) 1824";CARLOS SPEGAZZINI;2026-10-06;06-10-2026;02-10-2026;FAC-B0001-00018723;Venta;LAGOPUELO S.A;36003;16,00;27824,00;33667,04;ENRIQUE ANTONIO GUERRE—O;;20,00 %;075;Julieta Yegros;0755;AYDN LAVDNA OR 25g/l 8/2l;1739,00;3446;"";KIOSCO;KIOSCO;27824,00;IVAN MONTOYA;434,75;$;2;GRUPO AYUDIN ARGENTINA S.A;0,00000000;0,00;Contado;07-10-2026 08:10;;AYUDIN;CLOROX;;CLOROX;LAVANDINA;LAGO PUELO;LIMPIEZA;;;300;Bruno Centurion;AXUM;;CLOROX;False;132612;0;Lista General;KIOSCO - A;44062;05-10-2026;509-LUCAS GODOY;CLOROX;1;0,00000000;1739,00
5128;"ROSARIO E/AV.QUITO Y COSTA RICA - (TRADITIONAL TRADE) 1824";CARLOS SPEGAZZINI;2026-10-06;06-10-2026;02-10-2026;FAC-B0001-00018723;Venta;LAGOPUELO S.A;61046;15,00;22306,05;26990,32;ENRIQUE ANTONIO GUERRE—O;;18,00 %;075;Julieta Yegros;0755;Aydn RopQuitMnch BlncInt 15/1l;1487,07;3446;"";KIOSCO;KIOSCO;20925,00;IVAN MONTOYA;326,43;$;2;GRUPO AYUDIN ARGENTINA S.A;0,00000000;0,00;Contado;07-10-2026 08:10;;AYUDIN;CLOROX;;CLOROX;LAVADO DE ROPA;LAGO PUELO;LIMPIEZA;;;300;Bruno Centurion;AXUM;;CLOROX;False;132612;0;Lista General;KIOSCO - A;44062;05-10-2026;509-LUCAS GODOY;CLOROX;1;0,00000000;1487,07
108922;"Calle 169 2136 0";BERNAL ;2026-10-06;06-10-2026;05-10-2026;FAC-B0001-00018727;Venta;LAGOPUELO S.A;34342;12,00;19690,08;23825,00;Cecilia Romero;;0,00 %;2;Fernanda Cejas;21;Poett Dsnf AlgrDia 12/900ml;1640,84;3445;"";Tradicionales;Almacen;15504,00;LEONARDO SANTA CRUZ;0,00;$;2;GRUPO AYUDIN ARGENTINA S.A;0,00000000;0,00;Efectivo;07-10-2026 08:44;;POETT;CLOROX;;CLOROX;PISO;LAGO PUELO;LIMPIEZA;;;25;JOHANA VIGIL;AXUM;;CLOROX;False;133018;0;Lista General;Almacen - A;43859;05-10-2026;509-LUCAS GODOY;CLOROX;1;0,00000000;1640,84
108922;"Calle 169 2136 0";BERNAL ;2026-10-06;06-10-2026;05-10-2026;FAC-B0001-00018727;Venta;LAGOPUELO S.A;34320;12,00;19690,08;23825,00;Cecilia Romero;;0,00 %;2;Fernanda Cejas;21;Poett Desinf. Frescura de Lavanda 900ml;1640,84;3445;"";Tradicionales;Almacen;15504,00;LEONARDO SANTA CRUZ;0,00;$;2;GRUPO AYUDIN ARGENTINA S.A;0,00000000;0,00;Efectivo;07-10-2026 08:44;;POETT;CLOROX;;CLOROX;PISO;LAGO PUELO;LIMPIEZA;;;25;JOHANA VIGIL;AXUM;;CLOROX;False;133018;0;Lista General;Almacen - A;43859;05-10-2026;509-LUCAS GODOY;CLOROX;1;0,00000000;1640,84
106075;"Calle 195 N 944 0";BERNAL ;2026-10-06;06-10-2026;05-10-2026;FAC-B0001-00018731;Venta;LAGOPUELO S.A;18098;12,00;18241,20;22071,85;Valeria;;0,00 %;056;Ezequiel Ferreira;0561;Mort Esp DobCara 4/24c                  ;1520,10;3445;"";Tradicionales;Almacen;13512,00;LEONARDO SANTA CRUZ;0,00;$;2;GRUPO AYUDIN ARGENTINA S.A;0,00000000;0,00;Efectivo;07-10-2026 08:44;;MORTIMER;CLOROX;;CLOROX;MORTIMER;LAGO PUELO;LIMPIEZA;;;300;Bruno Centurion;AXUM;;CLOROX;False;133266;0;Lista General;Almacen - A;43874;05-10-2026;509-LUCAS GODOY;CLOROX;1;0,00000000;1520,10
878;"san martin 1266";Longchamps;2026-10-06;05-10-2026;06-10-2026;NCR-A0001-00048852;DevoluciÛn por Rechazo;LAGOPUELO S.A;60233;-5,00;-12362,02;-14958,04;Chen Dami;SIN DINERO;15,00 %;062;Nahuel Martinez;0625;Aydn Lavdna Gel Or 15/700ml GP2;2472,40;3433;"";AUTOSERVICIO;AUTOSERVICIO;-10935,00;WALTER JANIUK;436,31;$;2;GRUPO AYUDIN ARGENTINA S.A;0,00000000;0,00;Contado;06-10-2026 08:52;;AYUDIN;CLOROX;;CLOROX;LAVANDINA;LAGO PUELO;LIMPIEZA;;;300;Bruno Centurion;Gescom;FAC-A0001-00343389;;True;133383;0;Lista General;AUTOSERVICIO - A;;01-01-2000;;CLOROX;1;0,00000000;2472,40
878;"san martin 1266";Longchamps;2026-10-06;05-10-2026;06-10-2026;NCR-A0001-00048852;DevoluciÛn por Rechazo;LAGOPUELO S.A;60234;-5,00;-12362,02;-14958,04;Chen Dami;SIN DINERO;15,00 %;062;Nahuel Martinez;0625;Aydn Lavdna Gel Ctra 15/700ml GP2;2472,40;3433;"";AUTOSERVICIO;AUTOSERVICIO;-10935,00;WALTER JANIUK;436,31;$;2;GRUPO AYUDIN ARGENTINA S.A;0,00000000;0,00;Contado;06-10-2026 08:52;;AYUDIN;CLOROX;;CLOROX;LAVANDINA;LAGO PUELO;LIMPIEZA;;;300;Bruno Centurion;Gescom;FAC-A0001-00343389;;True;133383;0;Lista General;AUTOSERVICIO - A;;01-01-2000;;CLOROX;1;0,00000000;2472,40
878;"san martin 1266";Longchamps;2026-10-06;05-10-2026;06-10-2026;NCR-A0001-00048852;DevoluciÛn por Rechazo;LAGOPUELO S.A;60237;-5,00;-12362,02;-14958,04;Chen Dami;SIN DINERO;15,00 %;062;Nahuel Martinez;0625;Aydn Lavdna Gel Flr 15/700ml GP2;2472,40;3433;"";AUTOSERVICIO;AUTOSERVICIO;-10935,00;WALTER JANIUK;436,31;$;2;GRUPO AYUDIN ARGENTINA S.A;0,00000000;0,00;Contado;06-10-2026 08:52;;AYUDIN;CLOROX;;CLOROX;LAVANDINA;LAGO PUELO;LIMPIEZA;;;300;Bruno Centurion;Gescom;FAC-A0001-00343389;;True;133383;0;Lista General;AUTOSERVICIO - A;;01-01-2000;;CLOROX;1;0,00000000;2472,40
878;"san martin 1266";Longchamps;2026-10-06;05-10-2026;06-10-2026;NCR-A0001-00048852;DevoluciÛn por Rechazo;LAGOPUELO S.A;60239;-5,00;-12362,02;-14958,04;Chen Dami;SIN DINERO;15,00 %;062;Nahuel Martinez;0625;Aydn Lavdna Gel MntFrs 15/700ml GP2;2472,40;3433;"";AUTOSERVICIO;AUTOSERVICIO;-10935,00;WALTER JANIUK;436,31;$;2;GRUPO AYUDIN ARGENTINA S.A;0,00000000;0,00;Contado;06-10-2026 08:52;;AYUDIN;CLOROX;;CLOROX;LAVANDINA;LAGO PUELO;LIMPIEZA;;;300;Bruno Centurion;Gescom;FAC-A0001-00343389;;True;133383;0;Lista General;AUTOSERVICIO - A;;01-01-2000;;CLOROX;1;0,00000000;2472,40
878;"san martin 1266";Longchamps;2026-10-06;05-10-2026;06-10-2026;NCR-A0001-00048852;DevoluciÛn por Rechazo;LAGOPUELO S.A;60240;-5,00;-12362,02;-14958,04;Chen Dami;SIN DINERO;15,00 %;062;Nahuel Martinez;0625;Aydn Lavdna Gel Lavda EXPRT 15/700ml GP2;2472,40;3433;"";AUTOSERVICIO;AUTOSERVICIO;-10935,00;WALTER JANIUK;436,31;$;2;GRUPO AYUDIN ARGENTINA S.A;0,00000000;0,00;Contado;06-10-2026 08:52;;AYUDIN;CLOROX;;CLOROX;LAVANDINA;LAGO PUELO;LIMPIEZA;;;300;Bruno Centurion;Gescom;FAC-A0001-00343389;;True;133383;0;Lista General;AUTOSERVICIO - A;;01-01-2000;;CLOROX;1;0,00000000;2472,40
878;"san martin 1266";Longchamps;2026-10-06;05-10-2026;06-10-2026;NCR-A0001-00048852;DevoluciÛn por Rechazo;LAGOPUELO S.A;60222;-15,00;-17403,75;-21058,54;Chen Dami;SIN DINERO;15,00 %;062;Nahuel Martinez;0625;Aydn Lavda TriPod 15/1l GP2;1160,25;3433;"";AUTOSERVICIO;AUTOSERVICIO;-15750,00;WALTER JANIUK;204,75;$;2;GRUPO AYUDIN ARGENTINA S.A;0,00000000;0,00;Contado;06-10-2026 08:52;;AYUDIN;CLOROX;;CLOROX;LAVANDINA;LAGO PUELO;LIMPIEZA;;;300;Bruno Centurion;Gescom;FAC-A0001-00343389;;True;133383;0;Lista General;AUTOSERVICIO - A;;01-01-2000;;CLOROX;1;0,00000000;1160,25
878;"san martin 1266";Longchamps;2026-10-06;05-10-2026;06-10-2026;NCR-A0001-00048852;DevoluciÛn por Rechazo;LAGOPUELO S.A;61620;-5,00;-16737,50;-20252,38;Chen Dami;SIN DINERO;0,00 %;062;Nahuel Martinez;0625;Aydn Bn Limp† Act Or Gat 12/500 ml;3347,50;3433;"";AUTOSERVICIO;AUTOSERVICIO;-12875,00;WALTER JANIUK;0,00;$;2;GRUPO AYUDIN ARGENTINA S.A;0,00000000;0,00;Contado;06-10-2026 08:52;;AYUDIN;CLOROX;;CLOROX;BAÒO;LAGO PUELO;LIMPIEZA;;;300;Bruno Centurion;Gescom;FAC-A0001-00343389;;True;133383;0;Lista General;AUTOSERVICIO - A;;01-01-2000;;CLOROX;1;0,00000000;3347,50
1027;"CALLE 4 1495";BERAZATEGUI;2026-10-06;05-10-2026;06-10-2026;NCR-A0001-00048855;DevoluciÛn por Rechazo;LAGOPUELO S.A;34320;-12,00;-19690,08;-23825,00;MACIEL AMARILLA BLANCA NIEVE;SIN DINERO;0,00 %;5;Eliana Huber;55;Poett Desinf. Frescura de Lavanda 900ml;1640,84;3428;"";AUTOSERVICIO;AUTOSERVICIO;-15504,00;CLAUDIO GARCIA;0,00;$;2;GRUPO AYUDIN ARGENTINA S.A;0,00000000;0,00;Contado;06-10-2026 08:59;;POETT;CLOROX;;CLOROX;PISO;LAGO PUELO;LIMPIEZA;;;25;JOHANA VIGIL;Gescom;FAC-A0001-00343349;;True;133387;0;Lista General;AUTOSERVICIO - A;;01-01-2000;;CLOROX;1;0,00000000;1640,84
1027;"CALLE 4 1495";BERAZATEGUI;2026-10-06;05-10-2026;06-10-2026;NCR-A0001-00048855;DevoluciÛn por Rechazo;LAGOPUELO S.A;34336;-12,00;-19690,08;-23825,00;MACIEL AMARILLA BLANCA NIEVE;SIN DINERO;0,00 %;5;Eliana Huber;55;Poett Dsnf SuadAlg 12/900ml;1640,84;3428;"";AUTOSERVICIO;AUTOSERVICIO;-15504,00;CLAUDIO GARCIA;0,00;$;2;GRUPO AYUDIN ARGENTINA S.A;0,00000000;0,00;Contado;06-10-2026 08:59;;POETT;CLOROX;;CLOROX;PISO;LAGO PUELO;LIMPIEZA;;;25;JOHANA VIGIL;Gescom;FAC-A0001-00343349;;True;133387;0;Lista General;AUTOSERVICIO - A;;01-01-2000;;CLOROX;1;0,00000000;1640,84
1027;"CALLE 4 1495";BERAZATEGUI;2026-10-06;05-10-2026;06-10-2026;NCR-A0001-00048855;DevoluciÛn por Rechazo;LAGOPUELO S.A;34324;-12,00;-19690,08;-23825,00;MACIEL AMARILLA BLANCA NIEVE;SIN DINERO;0,00 %;5;Eliana Huber;55;Poett Desinf. Flores de Primavera 900ml;1640,84;3428;"";AUTOSERVICIO;AUTOSERVICIO;-15504,00;CLAUDIO GARCIA;0,00;$;2;GRUPO AYUDIN ARGENTINA S.A;0,00000000;0,00;Contado;06-10-2026 08:59;;POETT;CLOROX;;CLOROX;PISO;LAGO PUELO;LIMPIEZA;;;25;JOHANA VIGIL;Gescom;FAC-A0001-00343349;;True;133387;0;Lista General;AUTOSERVICIO - A;;01-01-2000;;CLOROX;1;0,00000000;1640,84
23624;"RAMON SANTAMARINA - (AUTOSERVICIOS) 1148";MONTE GRANDE;2026-10-06;05-10-2026;06-10-2026;NCR-A0001-00048866;DevoluciÛn por Rechazo;LAGOPUELO S.A;36012;-1,00;-1688,85;-2043,51;SUPER ECO S.R.L.;NO QUIERE EL CLIENTE;0,00 %;064;Karina Fernandez;;Selton espirales 48x 12u;1688,85;3429;"";AUTOSERVICIO;Autoservicio A;-1251,00;SIMON OLIVERA;0,00;$;2;GRUPO AYUDIN ARGENTINA S.A;0,00000000;0,00;Contado;06-10-2026 15:41;;SELTON;CLOROX;;CLOROX;SELTON;LAGO PUELO;LIMPIEZA;;;300;Bruno Centurion;Gescom;FAC-A0001-00343231;;True;133988;0;Lista General;Autoservicio A - A;;01-01-2000;;CLOROX;1;0,00000000;1688,85
23699;"BRUZONE 845";ESTEBAN ECHEVERR√¬çA;2026-10-06;05-10-2026;06-10-2026;NCR-A0001-00048868;DevoluciÛn por Rechazo;LAGOPUELO S.A;60234;-6,00;-14834,42;-17949,65;HUANG RUIHUANG;SIN DINERO;15,00 %;064;Karina Fernandez;;Aydn Lavdna Gel Ctra 15/700ml GP2;2472,40;3429;"";AUTOSERVICIO;Autoservicio A;-13122,00;SIMON OLIVERA;436,31;$;2;GRUPO AYUDIN ARGENTINA S.A;0,00000000;0,00;Contado;06-10-2026 15:41;;AYUDIN;CLOROX;;CLOROX;LAVANDINA;LAGO PUELO;LIMPIEZA;;;300;Bruno Centurion;Gescom;FAC-A0001-00343213;;True;133991;0;Lista General;Autoservicio A - A;;01-01-2000;;CLOROX;1;0,00000000;2472,40
23627;"LEANDRO N ALEM 1246";Esteban EcheverrÌa;2026-10-06;05-10-2026;06-10-2026;NCR-A0001-00048869;DevoluciÛn por Rechazo;LAGOPUELO S.A;61046;-15,00;-22306,05;-26990,32;HUANG ZIJIAO;RECHAZA, MUY CARO;18,00 %;064;Karina Fernandez;;Aydn RopQuitMnch BlncInt 15/1l;1487,07;3429;"";AUTOSERVICIO;Autoservicio A;-20925,00;SIMON OLIVERA;326,43;$;2;GRUPO AYUDIN ARGENTINA S.A;0,00000000;0,00;Contado;06-10-2026 15:41;;AYUDIN;CLOROX;;CLOROX;LAVADO DE ROPA;LAGO PUELO;LIMPIEZA;;;300;Bruno Centurion;Gescom;FAC-A0001-00343232;;True;133995;0;Lista General;Autoservicio A - A;;01-01-2000;;CLOROX;1;0,00000000;1487,07
29392;"UCRANIA 524";LLAVALLOL;2026-10-06;05-10-2026;06-10-2026;NCR-A0001-00048871;DevoluciÛn por Rechazo;LAGOPUELO S.A;17927;-75,00;-61287,19;-74157,50;yan han;RECHAZA, MUY CARO;23,00 %;063;Daniel Martin;;AYDN LAVDNA OR 15/1L;817,16;3429;"";AUTOSERVICIO;Autoservicio A;-63675,00;SIMON OLIVERA;244,09;$;2;GRUPO AYUDIN ARGENTINA S.A;0,00000000;0,00;Contado;06-10-2026 15:41;;AYUDIN;CLOROX;;CLOROX;LAVANDINA;LAGO PUELO;LIMPIEZA;;;300;Bruno Centurion;Gescom;FAC-A0001-00343220;;True;133997;0;Lista General;Autoservicio A - A;;01-01-2000;;CLOROX;1;0,00000000;817,16
5559;"MERCEDES 1363";LLAVALLOL;2026-10-06;05-10-2026;06-10-2026;NCR-A0001-00048872;DevoluciÛn por Rechazo;LAGOPUELO S.A;61814;-6,00;-26415,00;-31962,15;SAIMEI CHEN;NO HIZO PEDIDO;0,00 %;063;Daniel Martin;;Sltn MataMosq Aer s/OlrQmc 6/360ml BA;4402,50;3429;"";AUTOSERVICIO;Autoservicio A;-21132,00;SIMON OLIVERA;0,00;$;2;GRUPO AYUDIN ARGENTINA S.A;0,00000000;0,00;Contado;06-10-2026 15:41;;SELTON;CLOROX;;CLOROX;SELTON;LAGO PUELO;LIMPIEZA;;;300;Bruno Centurion;Gescom;FAC-A0001-00343226;;True;133998;0;Lista General;Autoservicio A - A;;01-01-2000;;CLOROX;1;0,00000000;4402,50
3075;"ESTANISLAO DEL CAMPO 4229";Quilmes;2026-10-06;02-10-2026;06-10-2026;NCR-A0001-00048874;DevoluciÛn por Rechazo;LAGOPUELO S.A;60231;-15,00;-24339,00;-29450,19;LI YIHANG;RECHAZA, MUY CARO;0,00 %;053;Verona Abati;;Aydn A-Sp Trad 15/1l GP2;1622,60;3412;"";AUTOSERVICIO;AUTOSERVICIO;-18300,00;IVAN MONTOYA;0,00;$;2;GRUPO AYUDIN ARGENTINA S.A;0,00000000;0,00;Contado;06-10-2026 16:07;;AYUDIN;CLOROX;;CLOROX;LAVANDINA;LAGO PUELO;LIMPIEZA;;;300;Bruno Centurion;Gescom;FAC-A0001-00343170;;True;134000;0;Lista General;AUTOSERVICIO - A;;01-01-2000;;CLOROX;1;0,00000000;1622,60
23662;"EVITA - (PERFUMERIA) 633";EL JAGUEL;2026-10-06;01-10-2026;06-10-2026;NCR-B0001-00002608;DevoluciÛn por Rechazo;LAGOPUELO S.A;61046;-15,00;-23122,13;-27977,77;ELIZABETH BUSTAMANTE;NO QUIERE EL CLIENTE;15,00 %;064;Karina Fernandez;0642;Aydn RopQuitMnch BlncInt 15/1l;1541,48;3395;"";Farmacias y PerfumerÌas;Perfumeria;-20925,00;LEONARDO SANTA CRUZ;272,03;$;2;GRUPO AYUDIN ARGENTINA S.A;0,00000000;0,00;Contado;06-10-2026 09:26;;AYUDIN;CLOROX;;CLOROX;LAVADO DE ROPA;LAGO PUELO;LIMPIEZA;;;300;Bruno Centurion;Gescom;FAC-B0001-00018619;;True;133416;0;Lista General;Perfumeria - A;;01-01-2000;;CLOROX;1;0,00000000;1541,48
4043;"SANTA FE 1494";EZPELETA;2026-10-06;05-10-2026;06-10-2026;NCR-B0001-00002609;DevoluciÛn por Rechazo;LAGOPUELO S.A;36004;-3,00;-11919,34;-14422,40;PINEDA FABIANA;NO QUIERE EL CLIENTE;12,00 %;2;Fernanda Cejas;25;AYDN LAVDNA OR 25 g/l 3/4l;3973,11;3430;"";Tradicionales;Almacen;-10419,00;LEONARDO SANTA CRUZ;541,79;$;2;GRUPO AYUDIN ARGENTINA S.A;0,00000000;0,00;Contado;06-10-2026 11:13;;AYUDIN;CLOROX;;CLOROX;LAVANDINA;LAGO PUELO;LIMPIEZA;;;25;JOHANA VIGIL;Gescom;FAC-B0001-00018676;;True;133649;0;Lista General;Almacen - A;;01-01-2000;;CLOROX;1;0,00000000;3973,11
4936;"EMILIO ZOLA 1571";EZPELETA ESTE;2026-10-06;05-10-2026;06-10-2026;NCR-B0001-00002610;DevoluciÛn por Rechazo;LAGOPUELO S.A;17927;-15,00;-12735,00;-15409,35;CROCE VANINA;MAL FACTURADO;20,00 %;054;Leonel Caruso;0545;AYDN LAVDNA OR 15/1L;849,00;3430;"";Tradicionales;Almacen;-12735,00;LEONARDO SANTA CRUZ;212,25;$;2;GRUPO AYUDIN ARGENTINA S.A;0,00000000;0,00;Contado;06-10-2026 11:13;;AYUDIN;CLOROX;;CLOROX;LAVANDINA;LAGO PUELO;LIMPIEZA;;;300;Bruno Centurion;Gescom;FAC-B0001-00018677;;True;133662;0;Lista General;Almacen - A;;01-01-2000;;CLOROX;1;0,00000000;849,00
3985;"JOAQUIN V GONZALEZ 998";MONTE GRANDE;2026-10-06;05-10-2026;06-10-2026;NCR-B0001-00002611;DevoluciÛn por Rechazo;LAGOPUELO S.A;60240;-2,00;-4944,81;-5983,22;Lee pei hua;ROTO;15,00 %;064;Karina Fernandez;;Aydn Lavdna Gel Lavda EXPRT 15/700ml GP2;2472,40;3429;"";AUTOSERVICIO;Autoservicio A;-4374,00;SIMON OLIVERA;436,31;$;2;GRUPO AYUDIN ARGENTINA S.A;0,00000000;0,00;Contado;06-10-2026 15:41;;AYUDIN;CLOROX;;CLOROX;LAVANDINA;LAGO PUELO;LIMPIEZA;;;300;Bruno Centurion;Gescom;FAC-B0001-00018663;;True;133987;0;Lista General;Autoservicio A - A;;01-01-2000;;CLOROX;1;0,00000000;2472,40
23845;"CALLE 24 - (OTROS) 4822";BERAZATEGUI;2026-10-06;06-10-2026;05-10-2026;FAC-B0006-00000274;Venta;Empresa LAGOPUELO;17927;15,00;12735,00;15409,35;MIGUEL;;20,00 %;4;Selene Pawlikowski;41;AYDN LAVDNA OR 15/1L;849,00;3443;"Venta modificada el 2026-10-05 13:45:56";ALMACEN;ALMACEN;12735,00;JUAN ESCOTO;212,25;$;2;GRUPO AYUDIN ARGENTINA S.A;0,00000000;0,00;Contado;07-10-2026 08:13;;AYUDIN;CLOROX;;CLOROX;LAVANDINA;LAGO PUELO;LIMPIEZA;;;25;JOHANA VIGIL;AXUM;;CLOROX;False;133146;0;Lista General;ALMACEN - A;43835;05-10-2026;757-JUAN PABLO JUAREZ;CLOROX;1;0,00000000;849,00
449;"CALLE 26 (entre 158 y 159) 5837";Berazategui;2026-10-06;06-10-2026;05-10-2026;FAC-A0006-00000249;Venta;Empresa LAGOPUELO;60386;4,00;5250,69;6353,33;Nelida Ferrel Flores;;20,00 %;5;Eliana Huber;51;Poett EsptPly 12/900ml;1312,67;3443;"";ALMACEN;ALMACEN;5168,00;JUAN ESCOTO;328,17;$;2;GRUPO AYUDIN ARGENTINA S.A;0,00000000;0,00;Efectivo;07-10-2026 08:13;;POETT;CLOROX;;CLOROX;PISO;LAGO PUELO;LIMPIEZA;;;25;JOHANA VIGIL;AXUM;;CLOROX;False;133207;0;Lista General;ALMACEN - A;43837;05-10-2026;757-JUAN PABLO JUAREZ;CLOROX;1;0,00000000;1312,67
449;"CALLE 26 (entre 158 y 159) 5837";Berazategui;2026-10-06;06-10-2026;05-10-2026;FAC-A0006-00000249;Venta;Empresa LAGOPUELO;34320;4,00;5250,69;6353,33;Nelida Ferrel Flores;;20,00 %;5;Eliana Huber;51;Poett Desinf. Frescura de Lavanda 900ml;1312,67;3443;"";ALMACEN;ALMACEN;5168,00;JUAN ESCOTO;328,17;$;2;GRUPO AYUDIN ARGENTINA S.A;0,00000000;0,00;Efectivo;07-10-2026 08:13;;POETT;CLOROX;;CLOROX;PISO;LAGO PUELO;LIMPIEZA;;;25;JOHANA VIGIL;AXUM;;CLOROX;False;133207;0;Lista General;ALMACEN - A;43837;05-10-2026;757-JUAN PABLO JUAREZ;CLOROX;1;0,00000000;1312,67
449;"CALLE 26 (entre 158 y 159) 5837";Berazategui;2026-10-06;06-10-2026;05-10-2026;FAC-A0006-00000249;Venta;Empresa LAGOPUELO;34334;4,00;5250,69;6353,33;Nelida Ferrel Flores;;20,00 %;5;Eliana Huber;51;Poett Dsnf SuadBebe 12/900ml;1312,67;3443;"";ALMACEN;ALMACEN;5168,00;JUAN ESCOTO;328,17;$;2;GRUPO AYUDIN ARGENTINA S.A;0,00000000;0,00;Efectivo;07-10-2026 08:13;;POETT;CLOROX;;CLOROX;PISO;LAGO PUELO;LIMPIEZA;;;25;JOHANA VIGIL;AXUM;;CLOROX;False;133207;0;Lista General;ALMACEN - A;43837;05-10-2026;757-JUAN PABLO JUAREZ;CLOROX;1;0,00000000;1312,67
22147;"CALLE N¬∫ 6225 - (TRADICIONAL) 28";BERAZATEGU√¬ç;2026-10-06;06-10-2026;05-10-2026;FAC-B0006-00000275;Venta;Empresa LAGOPUELO;17927;30,00;25470,00;30818,70;SOLIS JUANA;;20,00 %;5;Eliana Huber;51;AYDN LAVDNA OR 15/1L;849,00;3443;"";ALMACEN;ALMACEN;25470,00;JUAN ESCOTO;212,25;$;2;GRUPO AYUDIN ARGENTINA S.A;0,00000000;0,00;Contado;07-10-2026 08:13;;AYUDIN;CLOROX;;CLOROX;LAVANDINA;LAGO PUELO;LIMPIEZA;;;25;JOHANA VIGIL;AXUM;;CLOROX;False;133335;0;Lista General;ALMACEN - A;43846;05-10-2026;757-JUAN PABLO JUAREZ;CLOROX;1;0,00000000;849,00
6484;"ACONCAGUA 1990";FLORENCIO VARELA;2026-10-06;06-10-2026;02-10-2026;FAC-B0006-00000276;Venta;Empresa LAGOPUELO;34320;2,00;3281,68;3970,83;BENITEZ ZUNILDA;;0,00 %;6;Nieves Alegre;65;Poett Desinf. Frescura de Lavanda 900ml;1640,84;3463;"Venta modificada el 2026-10-02 12:50:53";ALMACEN;ALMACEN;2584,00;SIMON OLIVERA;0,00;$;2;GRUPO AYUDIN ARGENTINA S.A;0,00000000;0,00;Contado;;;POETT;CLOROX;;CLOROX;PISO;LAGO PUELO;LIMPIEZA;;;25;JOHANA VIGIL;AXUM;;CLOROX;False;132587;1;Lista General;ALMACEN - A;43890;05-10-2026;757-JUAN PABLO JUAREZ;CLOROX;1;0,00000000;1640,84
6484;"ACONCAGUA 1990";FLORENCIO VARELA;2026-10-06;06-10-2026;02-10-2026;FAC-B0006-00000276;Venta;Empresa LAGOPUELO;34327;2,00;3281,68;3970,83;BENITEZ ZUNILDA;;0,00 %;6;Nieves Alegre;65;Poett Desinf. Solo para ti 900ml;1640,84;3463;"Venta modificada el 2026-10-02 12:50:53";ALMACEN;ALMACEN;2584,00;SIMON OLIVERA;0,00;$;2;GRUPO AYUDIN ARGENTINA S.A;0,00000000;0,00;Contado;;;POETT;CLOROX;;CLOROX;PISO;LAGO PUELO;LIMPIEZA;;;25;JOHANA VIGIL;AXUM;;CLOROX;False;132587;1;Lista General;ALMACEN - A;43890;05-10-2026;757-JUAN PABLO JUAREZ;CLOROX;1;0,00000000;1640,84
6484;"ACONCAGUA 1990";FLORENCIO VARELA;2026-10-06;06-10-2026;02-10-2026;FAC-B0006-00000276;Venta;Empresa LAGOPUELO;34342;2,00;3281,68;3970,83;BENITEZ ZUNILDA;;0,00 %;6;Nieves Alegre;65;Poett Dsnf AlgrDia 12/900ml;1640,84;3463;"Venta modificada el 2026-10-02 12:50:53";ALMACEN;ALMACEN;2584,00;SIMON OLIVERA;0,00;$;2;GRUPO AYUDIN ARGENTINA S.A;0,00000000;0,00;Contado;;;POETT;CLOROX;;CLOROX;PISO;LAGO PUELO;LIMPIEZA;;;25;JOHANA VIGIL;AXUM;;CLOROX;False;132587;1;Lista General;ALMACEN - A;43890;05-10-2026;757-JUAN PABLO JUAREZ;CLOROX;1;0,00000000;1640,84
6484;"ACONCAGUA 1990";FLORENCIO VARELA;2026-10-06;06-10-2026;02-10-2026;FAC-B0006-00000276;Venta;Empresa LAGOPUELO;17927;15,00;12735,00;15409,35;BENITEZ ZUNILDA;;20,00 %;6;Nieves Alegre;65;AYDN LAVDNA OR 15/1L;849,00;3463;"Venta modificada el 2026-10-02 12:50:53";ALMACEN;ALMACEN;12735,00;SIMON OLIVERA;212,25;$;2;GRUPO AYUDIN ARGENTINA S.A;0,00000000;0,00;Contado;;;AYUDIN;CLOROX;;CLOROX;LAVANDINA;LAGO PUELO;LIMPIEZA;;;25;JOHANA VIGIL;AXUM;;CLOROX;False;132587;1;Lista General;ALMACEN - A;43890;05-10-2026;757-JUAN PABLO JUAREZ;CLOROX;1;0,00000000;849,00
6484;"ACONCAGUA 1990";FLORENCIO VARELA;2026-10-06;06-10-2026;02-10-2026;FAC-B0006-00000276;Venta;Empresa LAGOPUELO;60888;2,00;4974,71;6019,40;BENITEZ ZUNILDA;;15,00 %;6;Nieves Alegre;65;Poett Aer SvdAlg ExtFrag 6/360ml;2487,36;3463;"Venta modificada el 2026-10-02 12:50:53";ALMACEN;ALMACEN;4502,00;SIMON OLIVERA;438,95;$;2;GRUPO AYUDIN ARGENTINA S.A;0,00000000;0,00;Contado;;;POETT;CLOROX;;CLOROX;AERO POETT;LAGO PUELO;LIMPIEZA;;;25;JOHANA VIGIL;AXUM;;CLOROX;False;132587;1;Lista General;ALMACEN - A;43890;05-10-2026;757-JUAN PABLO JUAREZ;CLOROX;1;0,00000000;2487,36
27806;"PTE.J.D.PERON 2634";VALENTIN ALSINA;2026-10-06;06-10-2026;05-10-2026;FAC-A0006-00000252;Venta;Empresa LAGOPUELO;36003;16,00;27824,00;33667,04;GABRIEL REGINO PELIZZARI;;20,00 %;28;Nadia Diaz;281;AYDN LAVDNA OR 25g/l 8/2l;1739,00;3441;"";Otros;Articulo de limpieza;27824,00;HERNAN RIVERO;434,75;$;2;GRUPO AYUDIN ARGENTINA S.A;0,00000000;0,00;Contado;07-10-2026 08:13;;AYUDIN;CLOROX;;CLOROX;LAVANDINA;LAGO PUELO;LIMPIEZA;;;25;JOHANA VIGIL;AXUM;;CLOROX;False;133169;1;Lista General;Articulo de limpieza - A;43790;05-10-2026;759-GABRIEL PEREZ;CLOROX;1;0,00000000;1739,00
27806;"PTE.J.D.PERON 2634";VALENTIN ALSINA;2026-10-06;06-10-2026;05-10-2026;FAC-A0006-00000252;Venta;Empresa LAGOPUELO;17927;15,00;12735,00;15409,35;GABRIEL REGINO PELIZZARI;;20,00 %;28;Nadia Diaz;281;AYDN LAVDNA OR 15/1L;849,00;3441;"";Otros;Articulo de limpieza;12735,00;HERNAN RIVERO;212,25;$;2;GRUPO AYUDIN ARGENTINA S.A;0,00000000;0,00;Contado;07-10-2026 08:13;;AYUDIN;CLOROX;;CLOROX;LAVANDINA;LAGO PUELO;LIMPIEZA;;;25;JOHANA VIGIL;AXUM;;CLOROX;False;133169;1;Lista General;Articulo de limpieza - A;43790;05-10-2026;759-GABRIEL PEREZ;CLOROX;1;0,00000000;849,00
27806;"PTE.J.D.PERON 2634";VALENTIN ALSINA;2026-10-06;06-10-2026;05-10-2026;FAC-A0006-00000252;Venta;Empresa LAGOPUELO;60233;15,00;37086,05;44874,12;GABRIEL REGINO PELIZZARI;;15,00 %;28;Nadia Diaz;281;Aydn Lavdna Gel Or 15/700ml GP2;2472,40;3441;"";Otros;Articulo de limpieza;32805,00;HERNAN RIVERO;436,31;$;2;GRUPO AYUDIN ARGENTINA S.A;0,00000000;0,00;Contado;07-10-2026 08:13;;AYUDIN;CLOROX;;CLOROX;LAVANDINA;LAGO PUELO;LIMPIEZA;;;25;JOHANA VIGIL;AXUM;;CLOROX;False;133169;1;Lista General;Articulo de limpieza - A;43790;05-10-2026;759-GABRIEL PEREZ;CLOROX;1;0,00000000;2472,40
27806;"PTE.J.D.PERON 2634";VALENTIN ALSINA;2026-10-06;06-10-2026;05-10-2026;FAC-A0006-00000252;Venta;Empresa LAGOPUELO;60240;15,00;37086,05;44874,12;GABRIEL REGINO PELIZZARI;;15,00 %;28;Nadia Diaz;281;Aydn Lavdna Gel Lavda EXPRT 15/700ml GP2;2472,40;3441;"";Otros;Articulo de limpieza;32805,00;HERNAN RIVERO;436,31;$;2;GRUPO AYUDIN ARGENTINA S.A;0,00000000;0,00;Contado;07-10-2026 08:13;;AYUDIN;CLOROX;;CLOROX;LAVANDINA;LAGO PUELO;LIMPIEZA;;;25;JOHANA VIGIL;AXUM;;CLOROX;False;133169;1;Lista General;Articulo de limpieza - A;43790;05-10-2026;759-GABRIEL PEREZ;CLOROX;1;0,00000000;2472,40
27806;"PTE.J.D.PERON 2634";VALENTIN ALSINA;2026-10-06;06-10-2026;05-10-2026;FAC-A0006-00000252;Venta;Empresa LAGOPUELO;60234;15,00;37086,05;44874,12;GABRIEL REGINO PELIZZARI;;15,00 %;28;Nadia Diaz;281;Aydn Lavdna Gel Ctra 15/700ml GP2;2472,40;3441;"";Otros;Articulo de limpieza;32805,00;HERNAN RIVERO;436,31;$;2;GRUPO AYUDIN ARGENTINA S.A;0,00000000;0,00;Contado;07-10-2026 08:13;;AYUDIN;CLOROX;;CLOROX;LAVANDINA;LAGO PUELO;LIMPIEZA;;;25;JOHANA VIGIL;AXUM;;CLOROX;False;133169;1;Lista General;Articulo de limpieza - A;43790;05-10-2026;759-GABRIEL PEREZ;CLOROX;1;0,00000000;2472,40
27806;"PTE.J.D.PERON 2634";VALENTIN ALSINA;2026-10-06;06-10-2026;05-10-2026;FAC-A0006-00000252;Venta;Empresa LAGOPUELO;34320;12,00;15752,06;19060,00;GABRIEL REGINO PELIZZARI;;20,00 %;28;Nadia Diaz;281;Poett Desinf. Frescura de Lavanda 900ml;1312,67;3441;"";Otros;Articulo de limpieza;15504,00;HERNAN RIVERO;328,17;$;2;GRUPO AYUDIN ARGENTINA S.A;0,00000000;0,00;Contado;07-10-2026 08:13;;POETT;CLOROX;;CLOROX;PISO;LAGO PUELO;LIMPIEZA;;;25;JOHANA VIGIL;AXUM;;CLOROX;False;133169;1;Lista General;Articulo de limpieza - A;43790;05-10-2026;759-GABRIEL PEREZ;CLOROX;1;0,00000000;1312,67
27806;"PTE.J.D.PERON 2634";VALENTIN ALSINA;2026-10-06;06-10-2026;05-10-2026;FAC-A0006-00000252;Venta;Empresa LAGOPUELO;61816;6,00;17091,36;20680,55;GABRIEL REGINO PELIZZARI;;20,00 %;28;Nadia Diaz;281;Sltn MataMosq Aer AccInst 6/360ml BA;2848,56;3441;"";Otros;Articulo de limpieza;16434,00;HERNAN RIVERO;712,14;$;2;GRUPO AYUDIN ARGENTINA S.A;0,00000000;0,00;Contado;07-10-2026 08:13;;SELTON;CLOROX;;CLOROX;SELTON;LAGO PUELO;LIMPIEZA;;;25;JOHANA VIGIL;AXUM;;CLOROX;False;133169;1;Lista General;Articulo de limpieza - A;43790;05-10-2026;759-GABRIEL PEREZ;CLOROX;1;0,00000000;2848,56
5035;"Liniers 2197";LANUS;2026-10-06;06-10-2026;02-10-2026;FAC-B0002-00016788;Venta;ELEBES;36003;200,00;317367,50;384014,68;ALTAGRACIA BEATO NU—EZ;;27,00 %;24;Cecilia Gauchez;242;AYDN LAVDNA OR 25g/l 8/2l;1586,84;3441;"";ALMACEN;ALMACEN;347800,00;HERNAN RIVERO;586,91;$;2;GRUPO AYUDIN ARGENTINA S.A;0,00000000;0,00;Efectivo;07-10-2026 08:13;;AYUDIN;CLOROX;;CLOROX;LAVANDINA;LAGO PUELO;LIMPIEZA;;;25;JOHANA VIGIL;AXUM;;CLOROX;False;132230;1;Lista General;ALMACEN - A;43751;05-10-2026;759-GABRIEL PEREZ;CLOROX;1;0,00000000;1586,84
382;"Formosa (entre Jujuy y Santiago del estero) 1005";Lan˙s;2026-10-06;06-10-2026;05-10-2026;FAC-B0002-00016790;Venta;ELEBES;17927;15,00;12735,00;15409,35;Mariana NuÒez;;20,00 %;30;Oriana Songini;301;AYDN LAVDNA OR 15/1L;849,00;3441;"";ALMACEN;ALMACEN;12735,00;HERNAN RIVERO;212,25;$;2;GRUPO AYUDIN ARGENTINA S.A;0,00000000;0,00;Efectivo;07-10-2026 08:13;;AYUDIN;CLOROX;;CLOROX;LAVANDINA;LAGO PUELO;LIMPIEZA;;;25;JOHANA VIGIL;AXUM;;CLOROX;False;132880;1;Lista General;ALMACEN - A;43761;05-10-2026;759-GABRIEL PEREZ;CLOROX;1;0,00000000;849,00
27701;"URUGUAY 865";AVELLANEDA;2026-10-06;06-10-2026;05-10-2026;FAC-A0002-00011587;Venta;ELEBES;17927;15,00;15918,75;19261,69;MARIA ALEJANDRA TANUS;;0,00 %;27;Samanta Dogliotti;271;AYDN LAVDNA OR 15/1L;1061,25;3441;"";ALMACEN;ALMACEN;12735,00;HERNAN RIVERO;0,00;$;2;GRUPO AYUDIN ARGENTINA S.A;0,00000000;0,00;Contado;07-10-2026 08:13;;AYUDIN;CLOROX;;CLOROX;LAVANDINA;LAGO PUELO;LIMPIEZA;;;25;JOHANA VIGIL;AXUM;;CLOROX;False;133110;1;Lista General;ALMACEN - A;43777;05-10-2026;759-GABRIEL PEREZ;CLOROX;1;0,00000000;1061,25
418;"CHILE (Valentin Alsina) 1802";Lan˙s;2026-10-06;06-10-2026;05-10-2026;FAC-B0002-00016792;Venta;ELEBES;17927;6,00;6367,50;7704,68;NANCY GELATO;;0,00 %;27;Samanta Dogliotti;271;AYDN LAVDNA OR 15/1L;1061,25;3441;"";ALMACEN;ALMACEN;5094,00;HERNAN RIVERO;0,00;$;2;GRUPO AYUDIN ARGENTINA S.A;0,00000000;0,00;Efectivo;07-10-2026 08:13;;AYUDIN;CLOROX;;CLOROX;LAVANDINA;LAGO PUELO;LIMPIEZA;;;25;JOHANA VIGIL;AXUM;;CLOROX;False;133167;1;Lista General;ALMACEN - A;43789;05-10-2026;759-GABRIEL PEREZ;CLOROX;1;0,00000000;1061,25
418;"CHILE (Valentin Alsina) 1802";Lan˙s;2026-10-06;06-10-2026;05-10-2026;FAC-B0002-00016792;Venta;ELEBES;18098;6,00;9120,60;11035,93;NANCY GELATO;;0,00 %;27;Samanta Dogliotti;271;Mort Esp DobCara 4/24c                  ;1520,10;3441;"";ALMACEN;ALMACEN;6756,00;HERNAN RIVERO;0,00;$;2;GRUPO AYUDIN ARGENTINA S.A;0,00000000;0,00;Efectivo;07-10-2026 08:13;;MORTIMER;CLOROX;;CLOROX;MORTIMER;LAGO PUELO;LIMPIEZA;;;25;JOHANA VIGIL;AXUM;;CLOROX;False;133167;1;Lista General;ALMACEN - A;43789;05-10-2026;759-GABRIEL PEREZ;CLOROX;1;0,00000000;1520,10
103349;"Uruguay 998 0";Avellaneda;2026-10-06;06-10-2026;05-10-2026;FAC-A0002-00011596;Venta;ELEBES;17994;4,00;10671,92;12913,02;Vera Natalia;;0,00 %;27;Samanta Dogliotti;271;ArcIris DoyPk 12/500ml                  ;2667,98;3441;"";Tradicionales;Almacen;8024,00;HERNAN RIVERO;0,00;$;2;GRUPO AYUDIN ARGENTINA S.A;0,00000000;0,00;Efectivo;07-10-2026 08:13;;ARCOIRIS;CLOROX;;CLOROX;OTROS LIMPIADORES;LAGO PUELO;LIMPIEZA;;;25;JOHANA VIGIL;AXUM;;CLOROX;False;133286;1;Lista General;Almacen - A;43808;05-10-2026;759-GABRIEL PEREZ;CLOROX;1;0,00000000;2667,98
23208;"JUAN A. VUCETICH ESQ. C. DEL CAMPO - (AUTOSERVICIOS) 285";LONGCHAMPS;2026-10-06;06-10-2026;05-10-2026;FAC-B0002-00016794;Venta;ELEBES;60233;3,00;7417,21;8974,82;MARTINEZ NADIA;;15,00 %;062;Nahuel Martinez;0621;Aydn Lavdna Gel Or 15/700ml GP2;2472,40;3447;"";ALMACEN;ALMACEN;6561,00;WALTER JANIUK;436,31;$;2;GRUPO AYUDIN ARGENTINA S.A;0,00000000;0,00;Contado;07-10-2026 08:05;;AYUDIN;CLOROX;;CLOROX;LAVANDINA;LAGO PUELO;LIMPIEZA;;;300;Bruno Centurion;AXUM;;CLOROX;False;132951;0;Lista General;ALMACEN - A;43940;05-10-2026;5553-JORGE MONZON;CLOROX;1;0,00000000;2472,40
23208;"JUAN A. VUCETICH ESQ. C. DEL CAMPO - (AUTOSERVICIOS) 285";LONGCHAMPS;2026-10-06;06-10-2026;05-10-2026;FAC-B0002-00016794;Venta;ELEBES;60239;3,00;7417,21;8974,82;MARTINEZ NADIA;;15,00 %;062;Nahuel Martinez;0621;Aydn Lavdna Gel MntFrs 15/700ml GP2;2472,40;3447;"";ALMACEN;ALMACEN;6561,00;WALTER JANIUK;436,31;$;2;GRUPO AYUDIN ARGENTINA S.A;0,00000000;0,00;Contado;07-10-2026 08:05;;AYUDIN;CLOROX;;CLOROX;LAVANDINA;LAGO PUELO;LIMPIEZA;;;300;Bruno Centurion;AXUM;;CLOROX;False;132951;0;Lista General;ALMACEN - A;43940;05-10-2026;5553-JORGE MONZON;CLOROX;1;0,00000000;2472,40
23208;"JUAN A. VUCETICH ESQ. C. DEL CAMPO - (AUTOSERVICIOS) 285";LONGCHAMPS;2026-10-06;06-10-2026;05-10-2026;FAC-B0002-00016794;Venta;ELEBES;60237;3,00;7417,21;8974,82;MARTINEZ NADIA;;15,00 %;062;Nahuel Martinez;0621;Aydn Lavdna Gel Flr 15/700ml GP2;2472,40;3447;"";ALMACEN;ALMACEN;6561,00;WALTER JANIUK;436,31;$;2;GRUPO AYUDIN ARGENTINA S.A;0,00000000;0,00;Contado;07-10-2026 08:05;;AYUDIN;CLOROX;;CLOROX;LAVANDINA;LAGO PUELO;LIMPIEZA;;;300;Bruno Centurion;AXUM;;CLOROX;False;132951;0;Lista General;ALMACEN - A;43940;05-10-2026;5553-JORGE MONZON;CLOROX;1;0,00000000;2472,40
23208;"JUAN A. VUCETICH ESQ. C. DEL CAMPO - (AUTOSERVICIOS) 285";LONGCHAMPS;2026-10-06;06-10-2026;05-10-2026;FAC-B0002-00016794;Venta;ELEBES;61046;15,00;22306,05;26990,32;MARTINEZ NADIA;;18,00 %;062;Nahuel Martinez;0621;Aydn RopQuitMnch BlncInt 15/1l;1487,07;3447;"";ALMACEN;ALMACEN;20925,00;WALTER JANIUK;326,43;$;2;GRUPO AYUDIN ARGENTINA S.A;0,00000000;0,00;Contado;07-10-2026 08:05;;AYUDIN;CLOROX;;CLOROX;LAVADO DE ROPA;LAGO PUELO;LIMPIEZA;;;300;Bruno Centurion;AXUM;;CLOROX;False;132951;0;Lista General;ALMACEN - A;43940;05-10-2026;5553-JORGE MONZON;CLOROX;1;0,00000000;1487,07
23208;"JUAN A. VUCETICH ESQ. C. DEL CAMPO - (AUTOSERVICIOS) 285";LONGCHAMPS;2026-10-06;06-10-2026;05-10-2026;FAC-B0002-00016794;Venta;ELEBES;17927;30,00;25470,00;30818,70;MARTINEZ NADIA;;20,00 %;062;Nahuel Martinez;0621;AYDN LAVDNA OR 15/1L;849,00;3447;"";ALMACEN;ALMACEN;25470,00;WALTER JANIUK;212,25;$;2;GRUPO AYUDIN ARGENTINA S.A;0,00000000;0,00;Contado;07-10-2026 08:05;;AYUDIN;CLOROX;;CLOROX;LAVANDINA;LAGO PUELO;LIMPIEZA;;;300;Bruno Centurion;AXUM;;CLOROX;False;132951;0;Lista General;ALMACEN - A;43940;05-10-2026;5553-JORGE MONZON;CLOROX;1;0,00000000;849,00
23230;"ONCATIVO - (AUTOSERVICIOS) 18";BURZACO;2026-10-06;06-10-2026;05-10-2026;FAC-B0002-00016795;Venta;ELEBES;17927;15,00;12735,00;15409,35;MARIA INES GONZALEZ;;20,00 %;062;Nahuel Martinez;0621;AYDN LAVDNA OR 15/1L;849,00;3447;"";ALMACEN;ALMACEN;12735,00;WALTER JANIUK;212,25;$;2;GRUPO AYUDIN ARGENTINA S.A;0,00000000;0,00;Contado;07-10-2026 08:05;;AYUDIN;CLOROX;;CLOROX;LAVANDINA;LAGO PUELO;LIMPIEZA;;;300;Bruno Centurion;AXUM;;CLOROX;False;133098;0;Lista General;ALMACEN - A;43954;05-10-2026;5553-JORGE MONZON;CLOROX;1;0,00000000;849,00
23230;"ONCATIVO - (AUTOSERVICIOS) 18";BURZACO;2026-10-06;06-10-2026;05-10-2026;FAC-B0002-00016795;Venta;ELEBES;36003;8,00;13912,00;16833,52;MARIA INES GONZALEZ;;20,00 %;062;Nahuel Martinez;0621;AYDN LAVDNA OR 25g/l 8/2l;1739,00;3447;"";ALMACEN;ALMACEN;13912,00;WALTER JANIUK;434,75;$;2;GRUPO AYUDIN ARGENTINA S.A;0,00000000;0,00;Contado;07-10-2026 08:05;;AYUDIN;CLOROX;;CLOROX;LAVANDINA;LAGO PUELO;LIMPIEZA;;;300;Bruno Centurion;AXUM;;CLOROX;False;133098;0;Lista General;ALMACEN - A;43954;05-10-2026;5553-JORGE MONZON;CLOROX;1;0,00000000;1739,00
23230;"ONCATIVO - (AUTOSERVICIOS) 18";BURZACO;2026-10-06;06-10-2026;05-10-2026;FAC-B0002-00016795;Venta;ELEBES;34327;12,00;15752,06;19060,00;MARIA INES GONZALEZ;;20,00 %;062;Nahuel Martinez;0621;Poett Desinf. Solo para ti 900ml;1312,67;3447;"";ALMACEN;ALMACEN;15504,00;WALTER JANIUK;328,17;$;2;GRUPO AYUDIN ARGENTINA S.A;0,00000000;0,00;Contado;07-10-2026 08:05;;POETT;CLOROX;;CLOROX;PISO;LAGO PUELO;LIMPIEZA;;;300;Bruno Centurion;AXUM;;CLOROX;False;133098;0;Lista General;ALMACEN - A;43954;05-10-2026;5553-JORGE MONZON;CLOROX;1;0,00000000;1312,67
23858;"ALSINA - (TRADICIONAL) 380";BURZACO;2026-10-06;06-10-2026;05-10-2026;FAC-A0002-00011599;Venta;ELEBES;60234;3,00;7417,21;8974,82;FACUNDO GUILLERMO GARBAGNATI;;15,00 %;061;Nailah Guzman;0611;Aydn Lavdna Gel Ctra 15/700ml GP2;2472,40;3447;"";Farmacias y PerfumerÌas;Perfumeria;6561,00;WALTER JANIUK;436,31;$;2;GRUPO AYUDIN ARGENTINA S.A;0,00000000;0,00;Contado;07-10-2026 08:05;;AYUDIN;CLOROX;;CLOROX;LAVANDINA;LAGO PUELO;LIMPIEZA;;;300;Bruno Centurion;AXUM;;CLOROX;False;133116;0;Lista General;Perfumeria - A;43957;05-10-2026;5553-JORGE MONZON;CLOROX;1;0,00000000;2472,40
23858;"ALSINA - (TRADICIONAL) 380";BURZACO;2026-10-06;06-10-2026;05-10-2026;FAC-A0002-00011599;Venta;ELEBES;60237;3,00;7417,21;8974,82;FACUNDO GUILLERMO GARBAGNATI;;15,00 %;061;Nailah Guzman;0611;Aydn Lavdna Gel Flr 15/700ml GP2;2472,40;3447;"";Farmacias y PerfumerÌas;Perfumeria;6561,00;WALTER JANIUK;436,31;$;2;GRUPO AYUDIN ARGENTINA S.A;0,00000000;0,00;Contado;07-10-2026 08:05;;AYUDIN;CLOROX;;CLOROX;LAVANDINA;LAGO PUELO;LIMPIEZA;;;300;Bruno Centurion;AXUM;;CLOROX;False;133116;0;Lista General;Perfumeria - A;43957;05-10-2026;5553-JORGE MONZON;CLOROX;1;0,00000000;2472,40
23858;"ALSINA - (TRADICIONAL) 380";BURZACO;2026-10-06;06-10-2026;05-10-2026;FAC-A0002-00011599;Venta;ELEBES;60240;3,00;7417,21;8974,82;FACUNDO GUILLERMO GARBAGNATI;;15,00 %;061;Nailah Guzman;0611;Aydn Lavdna Gel Lavda EXPRT 15/700ml GP2;2472,40;3447;"";Farmacias y PerfumerÌas;Perfumeria;6561,00;WALTER JANIUK;436,31;$;2;GRUPO AYUDIN ARGENTINA S.A;0,00000000;0,00;Contado;07-10-2026 08:05;;AYUDIN;CLOROX;;CLOROX;LAVANDINA;LAGO PUELO;LIMPIEZA;;;300;Bruno Centurion;AXUM;;CLOROX;False;133116;0;Lista General;Perfumeria - A;43957;05-10-2026;5553-JORGE MONZON;CLOROX;1;0,00000000;2472,40
23858;"ALSINA - (TRADICIONAL) 380";BURZACO;2026-10-06;06-10-2026;05-10-2026;FAC-A0002-00011599;Venta;ELEBES;60239;3,00;7417,21;8974,82;FACUNDO GUILLERMO GARBAGNATI;;15,00 %;061;Nailah Guzman;0611;Aydn Lavdna Gel MntFrs 15/700ml GP2;2472,40;3447;"";Farmacias y PerfumerÌas;Perfumeria;6561,00;WALTER JANIUK;436,31;$;2;GRUPO AYUDIN ARGENTINA S.A;0,00000000;0,00;Contado;07-10-2026 08:05;;AYUDIN;CLOROX;;CLOROX;LAVANDINA;LAGO PUELO;LIMPIEZA;;;300;Bruno Centurion;AXUM;;CLOROX;False;133116;0;Lista General;Perfumeria - A;43957;05-10-2026;5553-JORGE MONZON;CLOROX;1;0,00000000;2472,40
23858;"ALSINA - (TRADICIONAL) 380";BURZACO;2026-10-06;06-10-2026;05-10-2026;FAC-A0002-00011599;Venta;ELEBES;60233;3,00;7417,21;8974,82;FACUNDO GUILLERMO GARBAGNATI;;15,00 %;061;Nailah Guzman;0611;Aydn Lavdna Gel Or 15/700ml GP2;2472,40;3447;"";Farmacias y PerfumerÌas;Perfumeria;6561,00;WALTER JANIUK;436,31;$;2;GRUPO AYUDIN ARGENTINA S.A;0,00000000;0,00;Contado;07-10-2026 08:05;;AYUDIN;CLOROX;;CLOROX;LAVANDINA;LAGO PUELO;LIMPIEZA;;;300;Bruno Centurion;AXUM;;CLOROX;False;133116;0;Lista General;Perfumeria - A;43957;05-10-2026;5553-JORGE MONZON;CLOROX;1;0,00000000;2472,40
23858;"ALSINA - (TRADICIONAL) 380";BURZACO;2026-10-06;06-10-2026;05-10-2026;FAC-A0002-00011599;Venta;ELEBES;18098;6,00;9120,60;11035,93;FACUNDO GUILLERMO GARBAGNATI;;0,00 %;061;Nailah Guzman;0611;Mort Esp DobCara 4/24c                  ;1520,10;3447;"";Farmacias y PerfumerÌas;Perfumeria;6756,00;WALTER JANIUK;0,00;$;2;GRUPO AYUDIN ARGENTINA S.A;0,00000000;0,00;Contado;07-10-2026 08:05;;MORTIMER;CLOROX;;CLOROX;MORTIMER;LAGO PUELO;LIMPIEZA;;;300;Bruno Centurion;AXUM;;CLOROX;False;133116;0;Lista General;Perfumeria - A;43957;05-10-2026;5553-JORGE MONZON;CLOROX;1;0,00000000;1520,10
5948;"HUGO DEL CARRIL 1122";Almirante Brown;2026-10-06;06-10-2026;05-10-2026;FAC-B0006-00000279;Venta;Empresa LAGOPUELO;34320;6,00;7876,03;9530,00;ALMACEN Y KIOSCO NARDA;;20,00 %;062;Nahuel Martinez;0621;Poett Desinf. Frescura de Lavanda 900ml;1312,67;3447;"";ALMACEN;ALMACEN;7752,00;WALTER JANIUK;328,17;$;2;GRUPO AYUDIN ARGENTINA S.A;0,00000000;0,00;Contado;07-10-2026 08:05;;POETT;CLOROX;;CLOROX;PISO;LAGO PUELO;LIMPIEZA;;;300;Bruno Centurion;AXUM;;CLOROX;False;133243;0;Lista General;ALMACEN - A;43971;05-10-2026;5553-JORGE MONZON;CLOROX;1;0,00000000;1312,67
5948;"HUGO DEL CARRIL 1122";Almirante Brown;2026-10-06;06-10-2026;05-10-2026;FAC-B0006-00000279;Venta;Empresa LAGOPUELO;34324;6,00;7876,03;9530,00;ALMACEN Y KIOSCO NARDA;;20,00 %;062;Nahuel Martinez;0621;Poett Desinf. Flores de Primavera 900ml;1312,67;3447;"";ALMACEN;ALMACEN;7752,00;WALTER JANIUK;328,17;$;2;GRUPO AYUDIN ARGENTINA S.A;0,00000000;0,00;Contado;07-10-2026 08:05;;POETT;CLOROX;;CLOROX;PISO;LAGO PUELO;LIMPIEZA;;;300;Bruno Centurion;AXUM;;CLOROX;False;133243;0;Lista General;ALMACEN - A;43971;05-10-2026;5553-JORGE MONZON;CLOROX;1;0,00000000;1312,67
23200;"LAPRIDA - (TRADICIONAL) 302";LONGCHAMPS;2026-10-06;06-10-2026;05-10-2026;FAC-B0006-00000280;Venta;Empresa LAGOPUELO;17927;60,00;49029,75;59326,00;ROJAS ELSA;;23,00 %;062;Nahuel Martinez;0621;AYDN LAVDNA OR 15/1L;817,16;3447;"";ALMACEN;ALMACEN;50940,00;WALTER JANIUK;244,09;$;2;GRUPO AYUDIN ARGENTINA S.A;0,00000000;0,00;Contado;07-10-2026 08:05;;AYUDIN;CLOROX;;CLOROX;LAVANDINA;LAGO PUELO;LIMPIEZA;;;300;Bruno Centurion;AXUM;;CLOROX;False;133275;0;Lista General;ALMACEN - A;43973;05-10-2026;5553-JORGE MONZON;CLOROX;1;0,00000000;817,16
23200;"LAPRIDA - (TRADICIONAL) 302";LONGCHAMPS;2026-10-06;06-10-2026;05-10-2026;FAC-B0006-00000280;Venta;Empresa LAGOPUELO;36003;16,00;26780,60;32404,53;ROJAS ELSA;;23,00 %;062;Nahuel Martinez;0621;AYDN LAVDNA OR 25g/l 8/2l;1673,79;3447;"";ALMACEN;ALMACEN;27824,00;WALTER JANIUK;499,96;$;2;GRUPO AYUDIN ARGENTINA S.A;0,00000000;0,00;Contado;07-10-2026 08:05;;AYUDIN;CLOROX;;CLOROX;LAVANDINA;LAGO PUELO;LIMPIEZA;;;300;Bruno Centurion;AXUM;;CLOROX;False;133275;0;Lista General;ALMACEN - A;43973;05-10-2026;5553-JORGE MONZON;CLOROX;1;0,00000000;1673,79
29200;"CALLE 20 ENT 159/160 - (PERFUMERIA) 5943";BERAZATEGUI;2026-10-06;06-10-2026;05-10-2026;FAC-A0006-00000255;Venta;Empresa LAGOPUELO;61816;6,00;17091,36;20680,55;PATRICIA VARGAS RODRIGUEZ;;20,00 %;5;Eliana Huber;51;Sltn MataMosq Aer AccInst 6/360ml BA;2848,56;3443;"Venta modificada el 2026-10-06 06:25:10";Farmacias y PerfumerÌas;Perfumeria;16434,00;JUAN ESCOTO;712,14;$;2;GRUPO AYUDIN ARGENTINA S.A;0,00000000;0,00;Contado;07-10-2026 08:13;;SELTON;CLOROX;;CLOROX;SELTON;LAGO PUELO;LIMPIEZA;;;25;JOHANA VIGIL;AXUM;;CLOROX;False;133050;0;Lista General;Perfumeria - A;43826;05-10-2026;757-JUAN PABLO JUAREZ;CLOROX;1;0,00000000;2848,56
29231;"amenedo 811";BURZACO;2026-10-06;06-10-2026;05-10-2026;FAC-B0006-00000282;Venta;Empresa LAGOPUELO;17927;15,00;12735,00;15409,35;Carlos Dante de santis;;20,00 %;063;Daniel Martin;0631;AYDN LAVDNA OR 15/1L;849,00;3444;"Venta modificada el 2026-10-05 09:08:48";Otros;PaÒalera;12735,00;CLAUDIO GARCIA;212,25;$;2;GRUPO AYUDIN ARGENTINA S.A;0,00000000;0,00;7 dÌas fecha de factura;;;AYUDIN;CLOROX;;CLOROX;LAVANDINA;LAGO PUELO;LIMPIEZA;;;300;Bruno Centurion;AXUM;;CLOROX;False;132803;1;Lista General;PaÒalera - A;43995;05-10-2026;58-ARON BOLLINI;CLOROX;1;0,00000000;849,00
29231;"amenedo 811";BURZACO;2026-10-06;06-10-2026;05-10-2026;FAC-B0006-00000282;Venta;Empresa LAGOPUELO;36003;8,00;13912,00;16833,52;Carlos Dante de santis;;20,00 %;063;Daniel Martin;0631;AYDN LAVDNA OR 25g/l 8/2l;1739,00;3444;"Venta modificada el 2026-10-05 09:08:48";Otros;PaÒalera;13912,00;CLAUDIO GARCIA;434,75;$;2;GRUPO AYUDIN ARGENTINA S.A;0,00000000;0,00;7 dÌas fecha de factura;;;AYUDIN;CLOROX;;CLOROX;LAVANDINA;LAGO PUELO;LIMPIEZA;;;300;Bruno Centurion;AXUM;;CLOROX;False;132803;1;Lista General;PaÒalera - A;43995;05-10-2026;58-ARON BOLLINI;CLOROX;1;0,00000000;1739,00
23571;"Francisco Cafferata - (TRADICIONAL) 1032";TURDERA;2026-10-06;06-10-2026;05-10-2026;FAC-B0006-00000285;Venta;Empresa LAGOPUELO;61816;6,00;17091,36;20680,55;GARCIA MIRTA;;20,00 %;063;Daniel Martin;0631;Sltn MataMosq Aer AccInst 6/360ml BA;2848,56;3444;"";ALMACEN;ALMACEN;16434,00;CLAUDIO GARCIA;712,14;$;2;GRUPO AYUDIN ARGENTINA S.A;0,00000000;0,00;Contado;;;SELTON;CLOROX;;CLOROX;SELTON;LAGO PUELO;LIMPIEZA;;;300;Bruno Centurion;AXUM;;CLOROX;False;133075;1;Lista General;ALMACEN - A;44008;05-10-2026;58-ARON BOLLINI;CLOROX;1;0,00000000;2848,56
23576;"Coronel Mariano Echenaguc√≠a - (TRADICIONAL) 958";BURZACO;2026-10-06;06-10-2026;05-10-2026;FAC-A0006-00000257;Venta;Empresa LAGOPUELO;61816;6,00;17091,36;20680,55;HUGO CAMELINO;;20,00 %;063;Daniel Martin;0631;Sltn MataMosq Aer AccInst 6/360ml BA;2848,56;3444;"";Otros;SIN SUB;16434,00;CLAUDIO GARCIA;712,14;$;2;GRUPO AYUDIN ARGENTINA S.A;0,00000000;0,00;Contado;;;SELTON;CLOROX;;CLOROX;SELTON;LAGO PUELO;LIMPIEZA;;;300;Bruno Centurion;AXUM;;CLOROX;False;133214;1;Lista General;SIN SUB - A;44022;05-10-2026;58-ARON BOLLINI;CLOROX;1;0,00000000;2848,56
5944;"URQUIZA 1010";Ezeiza;2026-10-06;06-10-2026;05-10-2026;FAC-A0006-00000259;Venta;Empresa LAGOPUELO;17927;675,00;479950,31;580739,88;ZHENHAO ZHUANG;;33,00 %;075;Julieta Yegros;0751;AYDN LAVDNA OR 15/1L;711,04;3446;"";AUTOSERVICIO;AUTOSERVICIO;573075,00;IVAN MONTOYA;350,21;$;2;GRUPO AYUDIN ARGENTINA S.A;0,00000000;0,00;Contado;07-10-2026 08:10;;AYUDIN;CLOROX;;CLOROX;LAVANDINA;LAGO PUELO;LIMPIEZA;;;300;Bruno Centurion;AXUM;;CLOROX;False;133023;0;Lista General;AUTOSERVICIO - C;44071;05-10-2026;509-LUCAS GODOY;CLOROX;1;0,00000000;711,04
5944;"URQUIZA 1010";Ezeiza;2026-10-06;06-10-2026;05-10-2026;FAC-A0006-00000259;Venta;Empresa LAGOPUELO;36003;240,00;370407,00;448192,47;ZHENHAO ZHUANG;;29,00 %;075;Julieta Yegros;0751;AYDN LAVDNA OR 25g/l 8/2l;1543,36;3446;"";AUTOSERVICIO;AUTOSERVICIO;417360,00;IVAN MONTOYA;630,39;$;2;GRUPO AYUDIN ARGENTINA S.A;0,00000000;0,00;Contado;07-10-2026 08:10;;AYUDIN;CLOROX;;CLOROX;LAVANDINA;LAGO PUELO;LIMPIEZA;;;300;Bruno Centurion;AXUM;;CLOROX;False;133023;0;Lista General;AUTOSERVICIO - C;44071;05-10-2026;509-LUCAS GODOY;CLOROX;1;0,00000000;1543,36
27478;"Los Pinos - (AUTOSERVICIOS) 895";EZEIZA;2026-10-06;06-10-2026;30-09-2026;FAC-A0002-00011602;Venta;ELEBES;36001;12,00;14767,56;17868,75;Zhuang Pingdi;;25,00 %;075;Julieta Yegros;0753;POETT FRSC TROP 12/900;1230,63;3446;"";AUTOSERVICIO;Autoservicio A;15504,00;IVAN MONTOYA;410,21;$;2;GRUPO AYUDIN ARGENTINA S.A;0,00000000;0,00;Contado;07-10-2026 08:10;;POETT;CLOROX;;CLOROX;PISO;LAGO PUELO;LIMPIEZA;;;300;Bruno Centurion;AXUM;;CLOROX;False;131301;0;Lista General;Autoservicio A - A;44034;05-10-2026;509-LUCAS GODOY;CLOROX;1;0,00000000;1230,63
27478;"Los Pinos - (AUTOSERVICIOS) 895";EZEIZA;2026-10-06;06-10-2026;30-09-2026;FAC-A0002-00011602;Venta;ELEBES;60386;12,00;14767,56;17868,75;Zhuang Pingdi;;25,00 %;075;Julieta Yegros;0753;Poett EsptPly 12/900ml;1230,63;3446;"";AUTOSERVICIO;Autoservicio A;15504,00;IVAN MONTOYA;410,21;$;2;GRUPO AYUDIN ARGENTINA S.A;0,00000000;0,00;Contado;07-10-2026 08:10;;POETT;CLOROX;;CLOROX;PISO;LAGO PUELO;LIMPIEZA;;;300;Bruno Centurion;AXUM;;CLOROX;False;131301;0;Lista General;Autoservicio A - A;44034;05-10-2026;509-LUCAS GODOY;CLOROX;1;0,00000000;1230,63
27478;"Los Pinos - (AUTOSERVICIOS) 895";EZEIZA;2026-10-06;06-10-2026;30-09-2026;FAC-A0002-00011602;Venta;ELEBES;34324;24,00;29535,12;35737,50;Zhuang Pingdi;;25,00 %;075;Julieta Yegros;0753;Poett Desinf. Flores de Primavera 900ml;1230,63;3446;"";AUTOSERVICIO;Autoservicio A;31008,00;IVAN MONTOYA;410,21;$;2;GRUPO AYUDIN ARGENTINA S.A;0,00000000;0,00;Contado;07-10-2026 08:10;;POETT;CLOROX;;CLOROX;PISO;LAGO PUELO;LIMPIEZA;;;300;Bruno Centurion;AXUM;;CLOROX;False;131301;0;Lista General;Autoservicio A - A;44034;05-10-2026;509-LUCAS GODOY;CLOROX;1;0,00000000;1230,63
27478;"Los Pinos - (AUTOSERVICIOS) 895";EZEIZA;2026-10-06;06-10-2026;30-09-2026;FAC-A0002-00011602;Venta;ELEBES;34327;12,00;14767,56;17868,75;Zhuang Pingdi;;25,00 %;075;Julieta Yegros;0753;Poett Desinf. Solo para ti 900ml;1230,63;3446;"";AUTOSERVICIO;Autoservicio A;15504,00;IVAN MONTOYA;410,21;$;2;GRUPO AYUDIN ARGENTINA S.A;0,00000000;0,00;Contado;07-10-2026 08:10;;POETT;CLOROX;;CLOROX;PISO;LAGO PUELO;LIMPIEZA;;;300;Bruno Centurion;AXUM;;CLOROX;False;131301;0;Lista General;Autoservicio A - A;44034;05-10-2026;509-LUCAS GODOY;CLOROX;1;0,00000000;1230,63
27478;"Los Pinos - (AUTOSERVICIOS) 895";EZEIZA;2026-10-06;06-10-2026;30-09-2026;FAC-A0002-00011602;Venta;ELEBES;34334;12,00;14767,56;17868,75;Zhuang Pingdi;;25,00 %;075;Julieta Yegros;0753;Poett Dsnf SuadBebe 12/900ml;1230,63;3446;"";AUTOSERVICIO;Autoservicio A;15504,00;IVAN MONTOYA;410,21;$;2;GRUPO AYUDIN ARGENTINA S.A;0,00000000;0,00;Contado;07-10-2026 08:10;;POETT;CLOROX;;CLOROX;PISO;LAGO PUELO;LIMPIEZA;;;300;Bruno Centurion;AXUM;;CLOROX;False;131301;0;Lista General;Autoservicio A - A;44034;05-10-2026;509-LUCAS GODOY;CLOROX;1;0,00000000;1230,63
27478;"Los Pinos - (AUTOSERVICIOS) 895";EZEIZA;2026-10-06;06-10-2026;30-09-2026;FAC-A0002-00011602;Venta;ELEBES;34336;12,00;14767,56;17868,75;Zhuang Pingdi;;25,00 %;075;Julieta Yegros;0753;Poett Dsnf SuadAlg 12/900ml;1230,63;3446;"";AUTOSERVICIO;Autoservicio A;15504,00;IVAN MONTOYA;410,21;$;2;GRUPO AYUDIN ARGENTINA S.A;0,00000000;0,00;Contado;07-10-2026 08:10;;POETT;CLOROX;;CLOROX;PISO;LAGO PUELO;LIMPIEZA;;;300;Bruno Centurion;AXUM;;CLOROX;False;131301;0;Lista General;Autoservicio A - A;44034;05-10-2026;509-LUCAS GODOY;CLOROX;1;0,00000000;1230,63
27478;"Los Pinos - (AUTOSERVICIOS) 895";EZEIZA;2026-10-06;06-10-2026;30-09-2026;FAC-A0002-00011602;Venta;ELEBES;34338;12,00;14767,56;17868,75;Zhuang Pingdi;;25,00 %;075;Julieta Yegros;0753;Poett Dsnf MscPrmvra 12/900ml;1230,63;3446;"";AUTOSERVICIO;Autoservicio A;15504,00;IVAN MONTOYA;410,21;$;2;GRUPO AYUDIN ARGENTINA S.A;0,00000000;0,00;Contado;07-10-2026 08:10;;POETT;CLOROX;;CLOROX;PISO;LAGO PUELO;LIMPIEZA;;;300;Bruno Centurion;AXUM;;CLOROX;False;131301;0;Lista General;Autoservicio A - A;44034;05-10-2026;509-LUCAS GODOY;CLOROX;1;0,00000000;1230,63
27478;"Los Pinos - (AUTOSERVICIOS) 895";EZEIZA;2026-10-06;06-10-2026;30-09-2026;FAC-A0002-00011602;Venta;ELEBES;34342;12,00;14767,56;17868,75;Zhuang Pingdi;;25,00 %;075;Julieta Yegros;0753;Poett Dsnf AlgrDia 12/900ml;1230,63;3446;"";AUTOSERVICIO;Autoservicio A;15504,00;IVAN MONTOYA;410,21;$;2;GRUPO AYUDIN ARGENTINA S.A;0,00000000;0,00;Contado;07-10-2026 08:10;;POETT;CLOROX;;CLOROX;PISO;LAGO PUELO;LIMPIEZA;;;300;Bruno Centurion;AXUM;;CLOROX;False;131301;0;Lista General;Autoservicio A - A;44034;05-10-2026;509-LUCAS GODOY;CLOROX;1;0,00000000;1230,63
27478;"Los Pinos - (AUTOSERVICIOS) 895";EZEIZA;2026-10-06;06-10-2026;30-09-2026;FAC-A0002-00011602;Venta;ELEBES;34320;12,00;14767,56;17868,75;Zhuang Pingdi;;25,00 %;075;Julieta Yegros;0753;Poett Desinf. Frescura de Lavanda 900ml;1230,63;3446;"";AUTOSERVICIO;Autoservicio A;15504,00;IVAN MONTOYA;410,21;$;2;GRUPO AYUDIN ARGENTINA S.A;0,00000000;0,00;Contado;07-10-2026 08:10;;POETT;CLOROX;;CLOROX;PISO;LAGO PUELO;LIMPIEZA;;;300;Bruno Centurion;AXUM;;CLOROX;False;131301;0;Lista General;Autoservicio A - A;44034;05-10-2026;509-LUCAS GODOY;CLOROX;1;0,00000000;1230,63
5944;"URQUIZA 1010";Ezeiza;2026-10-06;06-10-2026;05-10-2026;FAC-A0002-00011604;Venta;ELEBES;60227;24,00;54174,43;65551,06;ZHENHAO ZHUANG;;17,00 %;075;Julieta Yegros;0751;Aydn PurGlac TriPod 8/2l GP2;2257,27;3446;"";AUTOSERVICIO;AUTOSERVICIO;50208,00;IVAN MONTOYA;462,33;$;2;GRUPO AYUDIN ARGENTINA S.A;0,00000000;0,00;Contado;07-10-2026 08:10;;AYUDIN;CLOROX;;CLOROX;LAVANDINA;LAGO PUELO;LIMPIEZA;;;300;Bruno Centurion;AXUM;;CLOROX;False;133079;0;Lista General;AUTOSERVICIO - C;44073;05-10-2026;509-LUCAS GODOY;CLOROX;1;0,00000000;2257,27
5944;"URQUIZA 1010";Ezeiza;2026-10-06;06-10-2026;05-10-2026;FAC-A0002-00011604;Venta;ELEBES;60223;24,00;54174,43;65551,06;ZHENHAO ZHUANG;;17,00 %;075;Julieta Yegros;0751;Aydn Lavda TriPod 8/2l GP2;2257,27;3446;"";AUTOSERVICIO;AUTOSERVICIO;50208,00;IVAN MONTOYA;462,33;$;2;GRUPO AYUDIN ARGENTINA S.A;0,00000000;0,00;Contado;07-10-2026 08:10;;AYUDIN;CLOROX;;CLOROX;LAVANDINA;LAGO PUELO;LIMPIEZA;;;300;Bruno Centurion;AXUM;;CLOROX;False;133079;0;Lista General;AUTOSERVICIO - C;44073;05-10-2026;509-LUCAS GODOY;CLOROX;1;0,00000000;2257,27
5944;"URQUIZA 1010";Ezeiza;2026-10-06;06-10-2026;05-10-2026;FAC-A0002-00011604;Venta;ELEBES;60231;45,00;73017,00;88350,57;ZHENHAO ZHUANG;;0,00 %;075;Julieta Yegros;0751;Aydn A-Sp Trad 15/1l GP2;1622,60;3446;"";AUTOSERVICIO;AUTOSERVICIO;54900,00;IVAN MONTOYA;0,00;$;2;GRUPO AYUDIN ARGENTINA S.A;0,00000000;0,00;Contado;07-10-2026 08:10;;AYUDIN;CLOROX;;CLOROX;LAVANDINA;LAGO PUELO;LIMPIEZA;;;300;Bruno Centurion;AXUM;;CLOROX;False;133079;0;Lista General;AUTOSERVICIO - C;44073;05-10-2026;509-LUCAS GODOY;CLOROX;1;0,00000000;1622,60
25063;"ZAPIOLA - (AUTOSERVICIOS) 2221";BERNAL ESTE;2026-10-06;06-10-2026;05-10-2026;FAC-A0006-00000260;Venta;Empresa LAGOPUELO;17927;75,00;61287,19;74157,50;YUECHI SHI;;23,00 %;053;Verona Abati;0531;AYDN LAVDNA OR 15/1L;817,16;3445;"Venta modificada el 2026-10-05 13:57:15";AUTOSERVICIO;Autoservicio B;63675,00;LEONARDO SANTA CRUZ;244,09;$;2;GRUPO AYUDIN ARGENTINA S.A;0,00000000;0,00;Contado;07-10-2026 08:44;;AYUDIN;CLOROX;;CLOROX;LAVANDINA;LAGO PUELO;LIMPIEZA;;;300;Bruno Centurion;AXUM;;CLOROX;False;133136;0;Lista General;Autoservicio B - A;43870;05-10-2026;509-LUCAS GODOY;CLOROX;1;0,00000000;817,16
25063;"ZAPIOLA - (AUTOSERVICIOS) 2221";BERNAL ESTE;2026-10-06;06-10-2026;05-10-2026;FAC-A0006-00000260;Venta;Empresa LAGOPUELO;36003;40,00;66951,50;81011,32;YUECHI SHI;;23,00 %;053;Verona Abati;0531;AYDN LAVDNA OR 25g/l 8/2l;1673,79;3445;"Venta modificada el 2026-10-05 13:57:15";AUTOSERVICIO;Autoservicio B;69560,00;LEONARDO SANTA CRUZ;499,96;$;2;GRUPO AYUDIN ARGENTINA S.A;0,00000000;0,00;Contado;07-10-2026 08:44;;AYUDIN;CLOROX;;CLOROX;LAVANDINA;LAGO PUELO;LIMPIEZA;;;300;Bruno Centurion;AXUM;;CLOROX;False;133136;0;Lista General;Autoservicio B - A;43870;05-10-2026;509-LUCAS GODOY;CLOROX;1;0,00000000;1673,79
2717;"GORRITI 850";FLORENCIO VARELA;2026-10-06;05-10-2026;06-10-2026;NCR-B0002-00005652;DevoluciÛn por Rechazo;ELEBES;36012;-48,00;-81064,80;-98088,41;EDUARDO ALBERTO CACERES;CERRADO DENTRO DE HORARIO;0,00 %;6;Nieves Alegre;65;Selton espirales 48x 12u;1688,85;3428;"";ALMACEN;ALMACEN;-60048,00;CLAUDIO GARCIA;0,00;$;2;GRUPO AYUDIN ARGENTINA S.A;0,00000000;0,00;Contado;06-10-2026 08:59;;SELTON;CLOROX;;CLOROX;SELTON;LAGO PUELO;LIMPIEZA;;;25;JOHANA VIGIL;Gescom;FAC-B0002-00016754;;True;133393;0;Lista General;ALMACEN - A;;01-01-2000;;CLOROX;1;0,00000000;1688,85
2717;"GORRITI 850";FLORENCIO VARELA;2026-10-06;05-10-2026;06-10-2026;NCR-B0006-00000025;DevoluciÛn por Rechazo;Empresa LAGOPUELO;17927;-15,00;-12735,00;-15409,35;EDUARDO ALBERTO CACERES;CERRADO DENTRO DE HORARIO;20,00 %;6;Nieves Alegre;65;AYDN LAVDNA OR 15/1L;849,00;3428;"";ALMACEN;ALMACEN;-12735,00;CLAUDIO GARCIA;212,25;$;2;GRUPO AYUDIN ARGENTINA S.A;0,00000000;0,00;Contado;06-10-2026 08:59;;AYUDIN;CLOROX;;CLOROX;LAVANDINA;LAGO PUELO;LIMPIEZA;;;25;JOHANA VIGIL;Gescom;FAC-B0006-00000267;;True;133394;0;Lista General;ALMACEN - A;;01-01-2000;;CLOROX;1;0,00000000;849,00
5;"O  BRIEN 427";Escalada;2026-10-06;05-10-2026;05-10-2026;FAC-A0006-00000262;Venta;Empresa LAGOPUELO;36003;2,00;3651,90;4418,80;ALEJANDRO NEGRO;;0,00 %;16;VENDEDOR DEPOSITO;201;AYDN LAVDNA OR 25g/l 8/2l;1825,95;3436;"";Empleados;Empleados;3478,00;PEDIDOS INTERNOS;0,00;$;2;GRUPO AYUDIN ARGENTINA S.A;0,00000000;0,00;15 dÌas fecha de factura;;;AYUDIN;CLOROX;;CLOROX;LAVANDINA;LAGO PUELO;LIMPIEZA;;;;;Gescom;;;False;133148;1;LISTA 4;Empleados - A;44136;06-10-2026;58-ARON BOLLINI;CLOROX;1;0,00000000;1825,95
5;"O  BRIEN 427";Escalada;2026-10-06;05-10-2026;05-10-2026;FAC-A0006-00000262;Venta;Empresa LAGOPUELO;60233;2,00;4592,70;5557,17;ALEJANDRO NEGRO;;0,00 %;16;VENDEDOR DEPOSITO;201;Aydn Lavdna Gel Or 15/700ml GP2;2296,35;3436;"";Empleados;Empleados;4374,00;PEDIDOS INTERNOS;0,00;$;2;GRUPO AYUDIN ARGENTINA S.A;0,00000000;0,00;15 dÌas fecha de factura;;;AYUDIN;CLOROX;;CLOROX;LAVANDINA;LAGO PUELO;LIMPIEZA;;;;;Gescom;;;False;133148;1;LISTA 4;Empleados - A;44136;06-10-2026;58-ARON BOLLINI;CLOROX;1;0,00000000;2296,35
506;"29 DE SEPTIEMBRE 1858";Lan˙s;2026-10-06;06-10-2026;06-10-2026;FAC-B0006-00000288;Venta;Empresa LAGOPUELO;24648;2,00;2489,76;3012,61;AILEN PESCI;;10,00 %;16;VENDEDOR DEPOSITO;201;Poett PastDesod Lavda 12/25g GP2;1244,88;3436;"";Empleados;Empleados;2128,00;PEDIDOS INTERNOS;138,32;$;2;GRUPO AYUDIN ARGENTINA S.A;0,00000000;0,00;15 dÌas fecha de factura;;;POETT;CLOROX;;CLOROX;BAÒO;LAGO PUELO;LIMPIEZA;;;;;Gescom;;;False;133565;1;Lista General;Empleados - A;44134;06-10-2026;58-ARON BOLLINI;CLOROX;1;0,00000000;1244,88
102771;"Lebensohn 241 0";BERNAL ;2026-10-07;07-10-2026;06-10-2026;FAC-A0001-00343656;Venta;LAGOPUELO S.A;36003;40,00;66951,50;81011,32;Negro Graciela;;23,00 %;053;Verona Abati;0532;AYDN LAVDNA OR 25g/l 8/2l;1673,79;3459;"";Tradicionales;Almacen;69560,00;LEONARDO SANTA CRUZ;499,96;$;2;GRUPO AYUDIN ARGENTINA S.A;0,00000000;0,00;Efectivo;;;AYUDIN;CLOROX;;CLOROX;LAVANDINA;LAGO PUELO;LIMPIEZA;;;300;Bruno Centurion;AXUM;;CLOROX;False;133428;1;Lista General;Almacen - A;44481;06-10-2026;5553-JORGE MONZON;CLOROX;1;0,00000000;1673,79
23837;"AV. DARDO ROCHA - (AUTOSERVICIOS) 23";BERNAL ESTE;2026-10-07;07-10-2026;06-10-2026;FAC-A0001-00343661;Venta;LAGOPUELO S.A;17927;15,00;12735,00;15409,35;XU DONG;;20,00 %;054;Leonel Caruso;0542;AYDN LAVDNA OR 15/1L;849,00;3459;"";AUTOSERVICIO;Autoservicio B;12735,00;LEONARDO SANTA CRUZ;212,25;$;2;GRUPO AYUDIN ARGENTINA S.A;0,00000000;0,00;Contado;;;AYUDIN;CLOROX;;CLOROX;LAVANDINA;LAGO PUELO;LIMPIEZA;;;300;Bruno Centurion;AXUM;;CLOROX;False;133526;1;Lista General;Autoservicio B - A;44488;06-10-2026;5553-JORGE MONZON;CLOROX;1;0,00000000;849,00
23837;"AV. DARDO ROCHA - (AUTOSERVICIOS) 23";BERNAL ESTE;2026-10-07;07-10-2026;06-10-2026;FAC-A0001-00343661;Venta;LAGOPUELO S.A;60226;15,00;17403,75;21058,54;XU DONG;;15,00 %;054;Leonel Caruso;0542;Aydn PurGlac TriPod 15/1l GP2;1160,25;3459;"";AUTOSERVICIO;Autoservicio B;15750,00;LEONARDO SANTA CRUZ;204,75;$;2;GRUPO AYUDIN ARGENTINA S.A;0,00000000;0,00;Contado;;;AYUDIN;CLOROX;;CLOROX;LAVANDINA;LAGO PUELO;LIMPIEZA;111;;300;Bruno Centurion;AXUM;;CLOROX;False;133526;1;Lista General;Autoservicio B - A;44488;06-10-2026;5553-JORGE MONZON;CLOROX;1;0,00000000;1160,25
23837;"AV. DARDO ROCHA - (AUTOSERVICIOS) 23";BERNAL ESTE;2026-10-07;07-10-2026;06-10-2026;FAC-A0001-00343661;Venta;LAGOPUELO S.A;34327;12,00;15161,36;18345,25;XU DONG;;23,00 %;054;Leonel Caruso;0542;Poett Desinf. Solo para ti 900ml;1263,45;3459;"";AUTOSERVICIO;Autoservicio B;15504,00;LEONARDO SANTA CRUZ;377,39;$;2;GRUPO AYUDIN ARGENTINA S.A;0,00000000;0,00;Contado;;;POETT;CLOROX;;CLOROX;PISO;LAGO PUELO;LIMPIEZA;;;300;Bruno Centurion;AXUM;;CLOROX;False;133526;1;Lista General;Autoservicio B - A;44488;06-10-2026;5553-JORGE MONZON;CLOROX;1;0,00000000;1263,45
23837;"AV. DARDO ROCHA - (AUTOSERVICIOS) 23";BERNAL ESTE;2026-10-07;07-10-2026;06-10-2026;FAC-A0001-00343661;Venta;LAGOPUELO S.A;34334;12,00;15161,36;18345,25;XU DONG;;23,00 %;054;Leonel Caruso;0542;Poett Dsnf SuadBebe 12/900ml;1263,45;3459;"";AUTOSERVICIO;Autoservicio B;15504,00;LEONARDO SANTA CRUZ;377,39;$;2;GRUPO AYUDIN ARGENTINA S.A;0,00000000;0,00;Contado;;;POETT;CLOROX;;CLOROX;PISO;LAGO PUELO;LIMPIEZA;;;300;Bruno Centurion;AXUM;;CLOROX;False;133526;1;Lista General;Autoservicio B - A;44488;06-10-2026;5553-JORGE MONZON;CLOROX;1;0,00000000;1263,45
23837;"AV. DARDO ROCHA - (AUTOSERVICIOS) 23";BERNAL ESTE;2026-10-07;07-10-2026;06-10-2026;FAC-A0001-00343661;Venta;LAGOPUELO S.A;34338;12,00;15161,36;18345,25;XU DONG;;23,00 %;054;Leonel Caruso;0542;Poett Dsnf MscPrmvra 12/900ml;1263,45;3459;"";AUTOSERVICIO;Autoservicio B;15504,00;LEONARDO SANTA CRUZ;377,39;$;2;GRUPO AYUDIN ARGENTINA S.A;0,00000000;0,00;Contado;;;POETT;CLOROX;;CLOROX;PISO;LAGO PUELO;LIMPIEZA;;;300;Bruno Centurion;AXUM;;CLOROX;False;133526;1;Lista General;Autoservicio B - A;44488;06-10-2026;5553-JORGE MONZON;CLOROX;1;0,00000000;1263,45
23837;"AV. DARDO ROCHA - (AUTOSERVICIOS) 23";BERNAL ESTE;2026-10-07;07-10-2026;06-10-2026;FAC-A0001-00343661;Venta;LAGOPUELO S.A;60386;12,00;15161,36;18345,25;XU DONG;;23,00 %;054;Leonel Caruso;0542;Poett EsptPly 12/900ml;1263,45;3459;"";AUTOSERVICIO;Autoservicio B;15504,00;LEONARDO SANTA CRUZ;377,39;$;2;GRUPO AYUDIN ARGENTINA S.A;0,00000000;0,00;Contado;;;POETT;CLOROX;;CLOROX;PISO;LAGO PUELO;LIMPIEZA;;;300;Bruno Centurion;AXUM;;CLOROX;False;133526;1;Lista General;Autoservicio B - A;44488;06-10-2026;5553-JORGE MONZON;CLOROX;1;0,00000000;1263,45
23837;"AV. DARDO ROCHA - (AUTOSERVICIOS) 23";BERNAL ESTE;2026-10-07;07-10-2026;06-10-2026;FAC-A0001-00343661;Venta;LAGOPUELO S.A;34320;12,00;15161,36;18345,25;XU DONG;;23,00 %;054;Leonel Caruso;0542;Poett Desinf. Frescura de Lavanda 900ml;1263,45;3459;"";AUTOSERVICIO;Autoservicio B;15504,00;LEONARDO SANTA CRUZ;377,39;$;2;GRUPO AYUDIN ARGENTINA S.A;0,00000000;0,00;Contado;;;POETT;CLOROX;;CLOROX;PISO;LAGO PUELO;LIMPIEZA;;;300;Bruno Centurion;AXUM;;CLOROX;False;133526;1;Lista General;Autoservicio B - A;44488;06-10-2026;5553-JORGE MONZON;CLOROX;1;0,00000000;1263,45
22672;"PATRICIOS P/D: - (AUTOSERVICIOS) 175";BERNAL ESTE;2026-10-07;07-10-2026;06-10-2026;FAC-A0001-00343666;Venta;LAGOPUELO S.A;60226;15,00;17403,75;21058,54;(061027) CHEN GUOFU;;15,00 %;053;Verona Abati;0532;Aydn PurGlac TriPod 15/1l GP2;1160,25;3459;"";AUTOSERVICIO;Autoservicio B;15750,00;LEONARDO SANTA CRUZ;204,75;$;2;GRUPO AYUDIN ARGENTINA S.A;0,00000000;0,00;Contado;;;AYUDIN;CLOROX;;CLOROX;LAVANDINA;LAGO PUELO;LIMPIEZA;111;;300;Bruno Centurion;AXUM;;CLOROX;False;133541;1;Lista General;Autoservicio B - A;44495;06-10-2026;5553-JORGE MONZON;CLOROX;1;0,00000000;1160,25
22672;"PATRICIOS P/D: - (AUTOSERVICIOS) 175";BERNAL ESTE;2026-10-07;07-10-2026;06-10-2026;FAC-A0001-00343666;Venta;LAGOPUELO S.A;61046;15,00;22306,05;26990,32;(061027) CHEN GUOFU;;18,00 %;053;Verona Abati;0532;Aydn RopQuitMnch BlncInt 15/1l;1487,07;3459;"";AUTOSERVICIO;Autoservicio B;20925,00;LEONARDO SANTA CRUZ;326,43;$;2;GRUPO AYUDIN ARGENTINA S.A;0,00000000;0,00;Contado;;;AYUDIN;CLOROX;;CLOROX;LAVADO DE ROPA;LAGO PUELO;LIMPIEZA;135;;300;Bruno Centurion;AXUM;;CLOROX;False;133541;1;Lista General;Autoservicio B - A;44495;06-10-2026;5553-JORGE MONZON;CLOROX;1;0,00000000;1487,07
3625;"NICOLAS VIDELA 179";QUILMES;2026-10-07;07-10-2026;06-10-2026;FAC-A0001-00343670;Venta;LAGOPUELO S.A;36003;8,00;17390,00;21041,90;CASTILLO MARIA ALEJANDRA;;0,00 %;2;Fernanda Cejas;22;AYDN LAVDNA OR 25g/l 8/2l;2173,75;3459;"";AUTOSERVICIO;AUTOSERVICIO;13912,00;LEONARDO SANTA CRUZ;0,00;$;2;GRUPO AYUDIN ARGENTINA S.A;0,00000000;0,00;Contado;;;AYUDIN;CLOROX;;CLOROX;LAVANDINA;LAGO PUELO;LIMPIEZA;;;25;JOHANA VIGIL;AXUM;;CLOROX;False;133589;1;Lista General;AUTOSERVICIO - A;44501;06-10-2026;5553-JORGE MONZON;CLOROX;1;0,00000000;2173,75
105516;"Patricios 651 0";BERNAL ;2026-10-07;07-10-2026;06-10-2026;FAC-A0001-00343672;Venta;LAGOPUELO S.A;61046;30,00;44612,10;53980,64;Ding Ximei;;18,00 %;053;Verona Abati;0532;Aydn RopQuitMnch BlncInt 15/1l;1487,07;3459;"";AUTOSERVICIO;AUTOSERVICIO;41850,00;LEONARDO SANTA CRUZ;326,43;$;2;GRUPO AYUDIN ARGENTINA S.A;0,00000000;0,00;Efectivo;;;AYUDIN;CLOROX;;CLOROX;LAVADO DE ROPA;LAGO PUELO;LIMPIEZA;135;;300;Bruno Centurion;AXUM;;CLOROX;False;133624;1;Lista General;AUTOSERVICIO - A;44503;06-10-2026;5553-JORGE MONZON;CLOROX;1;0,00000000;1487,07
105516;"Patricios 651 0";BERNAL ;2026-10-07;07-10-2026;06-10-2026;FAC-A0001-00343672;Venta;LAGOPUELO S.A;61047;8,00;23682,26;28655,53;Ding Ximei;;18,00 %;053;Verona Abati;0532;Aydn RopQuitMnch BlncInt 8/2l;2960,28;3459;"";AUTOSERVICIO;AUTOSERVICIO;22216,00;LEONARDO SANTA CRUZ;649,82;$;2;GRUPO AYUDIN ARGENTINA S.A;0,00000000;0,00;Efectivo;;;AYUDIN;CLOROX;;CLOROX;LAVADO DE ROPA;LAGO PUELO;LIMPIEZA;136;;300;Bruno Centurion;AXUM;;CLOROX;False;133624;1;Lista General;AUTOSERVICIO - A;44503;06-10-2026;5553-JORGE MONZON;CLOROX;1;0,00000000;2960,28
4814;"BROWN 334";QUILMES;2026-10-07;07-10-2026;06-10-2026;FAC-A0001-00343675;Venta;LAGOPUELO S.A;36003;8,00;17390,00;21041,90;MARTRES GISELA NIEVES;;0,00 %;2;Fernanda Cejas;22;AYDN LAVDNA OR 25g/l 8/2l;2173,75;3459;"";AUTOSERVICIO;AUTOSERVICIO;13912,00;LEONARDO SANTA CRUZ;0,00;$;2;GRUPO AYUDIN ARGENTINA S.A;0,00000000;0,00;Contado;;;AYUDIN;CLOROX;;CLOROX;LAVANDINA;LAGO PUELO;LIMPIEZA;;;25;JOHANA VIGIL;AXUM;;CLOROX;False;133694;1;Lista General;AUTOSERVICIO - A;44509;06-10-2026;5553-JORGE MONZON;CLOROX;1;0,00000000;2173,75
4814;"BROWN 334";QUILMES;2026-10-07;07-10-2026;06-10-2026;FAC-A0001-00343675;Venta;LAGOPUELO S.A;32288;8,00;14716,00;17806,36;MARTRES GISELA NIEVES;;0,00 %;2;Fernanda Cejas;22;Tren Oxi DoyPk 16/400ml                 ;1839,50;3459;"";AUTOSERVICIO;AUTOSERVICIO;11320,00;LEONARDO SANTA CRUZ;0,00;$;2;GRUPO AYUDIN ARGENTINA S.A;0,00000000;0,00;Contado;;;TRENET;CLOROX;;CLOROX;LAVADO DE ROPA;LAGO PUELO;LIMPIEZA;;;25;JOHANA VIGIL;AXUM;;CLOROX;False;133694;1;Lista General;AUTOSERVICIO - A;44509;06-10-2026;5553-JORGE MONZON;CLOROX;1;0,00000000;1839,50
3608;"MORENO 313";Quilmes;2026-10-07;07-10-2026;06-10-2026;FAC-A0001-00343679;Venta;LAGOPUELO S.A;61301;6,00;11512,80;13930,49;WANG JINGEIANG;;0,00 %;2;Fernanda Cejas;22;Ayudin Expert Dsnf. Multisup Doypack 16/450m;1918,80;3459;"";AUTOSERVICIO;AUTOSERVICIO;8856,00;LEONARDO SANTA CRUZ;0,00;$;2;GRUPO AYUDIN ARGENTINA S.A;0,00000000;0,00;Contado;;;AYUDIN;CLOROX;;CLOROX;AERO AYUDIN;LAGO PUELO;LIMPIEZA;;;25;JOHANA VIGIL;AXUM;;CLOROX;False;133773;1;Lista General;AUTOSERVICIO - A;44514;06-10-2026;5553-JORGE MONZON;CLOROX;1;0,00000000;1918,80
3608;"MORENO 313";Quilmes;2026-10-07;07-10-2026;06-10-2026;FAC-A0001-00343679;Venta;LAGOPUELO S.A;60402;3,00;11443,32;13846,42;WANG JINGEIANG;;0,00 %;2;Fernanda Cejas;22;Ayudin Ropa Colores Vivos 15/700ml;3814,44;3459;"";AUTOSERVICIO;AUTOSERVICIO;8604,00;LEONARDO SANTA CRUZ;0,00;$;2;GRUPO AYUDIN ARGENTINA S.A;0,00000000;0,00;Contado;;;AYUDIN;CLOROX;;CLOROX;LAVADO DE ROPA;LAGO PUELO;LIMPIEZA;;;25;JOHANA VIGIL;AXUM;;CLOROX;False;133773;1;Lista General;AUTOSERVICIO - A;44514;06-10-2026;5553-JORGE MONZON;CLOROX;1;0,00000000;3814,44
3608;"MORENO 313";Quilmes;2026-10-07;07-10-2026;06-10-2026;FAC-A0001-00343679;Venta;LAGOPUELO S.A;33576;6,00;11387,46;13778,83;WANG JINGEIANG;;0,00 %;2;Fernanda Cejas;22;Aydn Ropa BlncSprms DoyPk 16/400ml;1897,91;3459;"";AUTOSERVICIO;AUTOSERVICIO;8562,00;LEONARDO SANTA CRUZ;0,00;$;2;GRUPO AYUDIN ARGENTINA S.A;0,00000000;0,00;Contado;;;AYUDIN;CLOROX;;CLOROX;LAVADO DE ROPA;LAGO PUELO;LIMPIEZA;;;25;JOHANA VIGIL;AXUM;;CLOROX;False;133773;1;Lista General;AUTOSERVICIO - A;44514;06-10-2026;5553-JORGE MONZON;CLOROX;1;0,00000000;1897,91
3685;"PELLEGRINI 51";Quilmes;2026-10-07;07-10-2026;06-10-2026;FAC-A0001-00343682;Venta;LAGOPUELO S.A;36003;16,00;34780,00;42083,80;YANAJE CAYO NAHUEL FACUNDO;;0,00 %;2;Fernanda Cejas;22;AYDN LAVDNA OR 25g/l 8/2l;2173,75;3459;"";AUTOSERVICIO;AUTOSERVICIO;27824,00;LEONARDO SANTA CRUZ;0,00;$;2;GRUPO AYUDIN ARGENTINA S.A;0,00000000;0,00;Contado;;;AYUDIN;CLOROX;;CLOROX;LAVANDINA;LAGO PUELO;LIMPIEZA;;;25;JOHANA VIGIL;AXUM;;CLOROX;False;133782;1;Lista General;AUTOSERVICIO - A;44518;06-10-2026;5553-JORGE MONZON;CLOROX;1;0,00000000;2173,75
3171;"SAAVEDRA 270";Quilmes;2026-10-07;07-10-2026;06-10-2026;FAC-A0001-00343684;Venta;LAGOPUELO S.A;33575;16,00;30366,56;36743,54;CHEN MEIJIAO;;0,00 %;2;Fernanda Cejas;22;Aydn Ropa ClrViv DoyPk 16/400ml;1897,91;3459;"";AUTOSERVICIO;AUTOSERVICIO;22832,00;LEONARDO SANTA CRUZ;0,00;$;2;GRUPO AYUDIN ARGENTINA S.A;0,00000000;0,00;Contado;;;AYUDIN;CLOROX;;CLOROX;LAVADO DE ROPA;LAGO PUELO;LIMPIEZA;;;25;JOHANA VIGIL;AXUM;;CLOROX;False;133816;1;Lista General;AUTOSERVICIO - A;44520;06-10-2026;5553-JORGE MONZON;CLOROX;1;0,00000000;1897,91
22602;"AVELLANEDA - (AUTOSERVICIOS) 1155";BERNAL ESTE;2026-10-07;07-10-2026;06-10-2026;FAC-A0001-00343685;Venta;LAGOPUELO S.A;60233;15,00;37086,05;44874,12;TANG JINPING;;15,00 %;054;Leonel Caruso;0542;Aydn Lavdna Gel Or 15/700ml GP2;2472,40;3459;"";AUTOSERVICIO;Autoservicio B;32805,00;LEONARDO SANTA CRUZ;436,31;$;2;GRUPO AYUDIN ARGENTINA S.A;0,00000000;0,00;Contado;;;AYUDIN;CLOROX;;CLOROX;LAVANDINA;LAGO PUELO;LIMPIEZA;110;;300;Bruno Centurion;AXUM;;CLOROX;False;133821;1;Lista General;Autoservicio B - A;44521;06-10-2026;5553-JORGE MONZON;CLOROX;1;0,00000000;2472,40
22601;"AVELLANEDA P/D: - (AUTOSERVICIOS) 427";BERNAL ESTE;2026-10-07;07-10-2026;06-10-2026;FAC-A0001-00343689;Venta;LAGOPUELO S.A;60240;15,00;37086,05;44874,12;wu hong da;;15,00 %;054;Leonel Caruso;0542;Aydn Lavdna Gel Lavda EXPRT 15/700ml GP2;2472,40;3459;"";AUTOSERVICIO;Autoservicio B;32805,00;LEONARDO SANTA CRUZ;436,31;$;2;GRUPO AYUDIN ARGENTINA S.A;0,00000000;0,00;Contado;;;AYUDIN;CLOROX;;CLOROX;LAVANDINA;LAGO PUELO;LIMPIEZA;116;;300;Bruno Centurion;AXUM;;CLOROX;False;133870;1;Lista General;Autoservicio B - A;44528;06-10-2026;5553-JORGE MONZON;CLOROX;1;0,00000000;2472,40
22601;"AVELLANEDA P/D: - (AUTOSERVICIOS) 427";BERNAL ESTE;2026-10-07;07-10-2026;06-10-2026;FAC-A0001-00343689;Venta;LAGOPUELO S.A;60233;15,00;37086,05;44874,12;wu hong da;;15,00 %;054;Leonel Caruso;0542;Aydn Lavdna Gel Or 15/700ml GP2;2472,40;3459;"";AUTOSERVICIO;Autoservicio B;32805,00;LEONARDO SANTA CRUZ;436,31;$;2;GRUPO AYUDIN ARGENTINA S.A;0,00000000;0,00;Contado;;;AYUDIN;CLOROX;;CLOROX;LAVANDINA;LAGO PUELO;LIMPIEZA;110;;300;Bruno Centurion;AXUM;;CLOROX;False;133870;1;Lista General;Autoservicio B - A;44528;06-10-2026;5553-JORGE MONZON;CLOROX;1;0,00000000;2472,40
322004;"AV. 14 5184";BERAZATEGUI;2026-10-07;07-10-2026;06-10-2026;FAC-A0001-00343693;Venta;LAGOPUELO S.A;36003;8,00;17390,00;21041,90;PACO MOLLO SEBASTIAN†††††††;;0,00 %;5;Eliana Huber;52;AYDN LAVDNA OR 25g/l 8/2l;2173,75;3457;"";ALMACEN;ALMACEN;13912,00;JUAN ESCOTO;0,00;$;2;GRUPO AYUDIN ARGENTINA S.A;0,00000000;0,00;Contado;;;AYUDIN;CLOROX;;CLOROX;LAVANDINA;LAGO PUELO;LIMPIEZA;;;25;JOHANA VIGIL;AXUM;;CLOROX;False;133509;1;Lista General;ALMACEN - A;44435;06-10-2026;757-JUAN PABLO JUAREZ;CLOROX;1;0,00000000;2173,75
322004;"AV. 14 5184";BERAZATEGUI;2026-10-07;07-10-2026;06-10-2026;FAC-A0001-00343693;Venta;LAGOPUELO S.A;17927;15,00;15918,75;19261,69;PACO MOLLO SEBASTIAN†††††††;;0,00 %;5;Eliana Huber;52;AYDN LAVDNA OR 15/1L;1061,25;3457;"";ALMACEN;ALMACEN;12735,00;JUAN ESCOTO;0,00;$;2;GRUPO AYUDIN ARGENTINA S.A;0,00000000;0,00;Contado;;;AYUDIN;CLOROX;;CLOROX;LAVANDINA;LAGO PUELO;LIMPIEZA;;;25;JOHANA VIGIL;AXUM;;CLOROX;False;133509;1;Lista General;ALMACEN - A;44435;06-10-2026;757-JUAN PABLO JUAREZ;CLOROX;1;0,00000000;1061,25
322004;"AV. 14 5184";BERAZATEGUI;2026-10-07;07-10-2026;06-10-2026;FAC-A0001-00343693;Venta;LAGOPUELO S.A;60222;15,00;17403,75;21058,54;PACO MOLLO SEBASTIAN†††††††;;15,00 %;5;Eliana Huber;52;Aydn Lavda TriPod 15/1l GP2;1160,25;3457;"";ALMACEN;ALMACEN;15750,00;JUAN ESCOTO;204,75;$;2;GRUPO AYUDIN ARGENTINA S.A;0,00000000;0,00;Contado;;;AYUDIN;CLOROX;;CLOROX;LAVANDINA;LAGO PUELO;LIMPIEZA;108;;25;JOHANA VIGIL;AXUM;;CLOROX;False;133509;1;Lista General;ALMACEN - A;44435;06-10-2026;757-JUAN PABLO JUAREZ;CLOROX;1;0,00000000;1160,25
322004;"AV. 14 5184";BERAZATEGUI;2026-10-07;07-10-2026;06-10-2026;FAC-A0001-00343693;Venta;LAGOPUELO S.A;60226;15,00;17403,75;21058,54;PACO MOLLO SEBASTIAN†††††††;;15,00 %;5;Eliana Huber;52;Aydn PurGlac TriPod 15/1l GP2;1160,25;3457;"";ALMACEN;ALMACEN;15750,00;JUAN ESCOTO;204,75;$;2;GRUPO AYUDIN ARGENTINA S.A;0,00000000;0,00;Contado;;;AYUDIN;CLOROX;;CLOROX;LAVANDINA;LAGO PUELO;LIMPIEZA;111;;25;JOHANA VIGIL;AXUM;;CLOROX;False;133509;1;Lista General;ALMACEN - A;44435;06-10-2026;757-JUAN PABLO JUAREZ;CLOROX;1;0,00000000;1160,25
2144;"Calle 55 N 5402";Berazategui;2026-10-07;07-10-2026;06-10-2026;FAC-A0001-00343704;Venta;LAGOPUELO S.A;17927;15,00;12735,00;15409,35;LACAVA NANCY;;20,00 %;052;Nicole Sosa;0522;AYDN LAVDNA OR 15/1L;849,00;3457;"";AUTOSERVICIO;AUTOSERVICIO;12735,00;JUAN ESCOTO;212,25;$;2;GRUPO AYUDIN ARGENTINA S.A;0,00000000;0,00;Contado;;;AYUDIN;CLOROX;;CLOROX;LAVANDINA;LAGO PUELO;LIMPIEZA;;;300;Bruno Centurion;AXUM;;CLOROX;False;133752;1;Lista General;AUTOSERVICIO - A;44448;06-10-2026;757-JUAN PABLO JUAREZ;CLOROX;1;0,00000000;849,00
3699;"AV 14 2907";BERAZATEGUI;2026-10-07;07-10-2026;06-10-2026;FAC-A0001-00343707;Venta;LAGOPUELO S.A;34320;6,00;9845,04;11912,50;AUTOSERVICIO KD S. A.;;0,00 %;4;Selene Pawlikowski;42;Poett Desinf. Frescura de Lavanda 900ml;1640,84;3457;"";AUTOSERVICIO;AUTOSERVICIO;7752,00;JUAN ESCOTO;0,00;$;2;GRUPO AYUDIN ARGENTINA S.A;0,00000000;0,00;Contado;;;POETT;CLOROX;;CLOROX;PISO;LAGO PUELO;LIMPIEZA;;;25;JOHANA VIGIL;AXUM;;CLOROX;False;133814;1;Lista General;AUTOSERVICIO - A;44451;06-10-2026;757-JUAN PABLO JUAREZ;CLOROX;1;0,00000000;1640,84
1061;"CALLE 53 5601";BERAZATEGUI;2026-10-07;07-10-2026;06-10-2026;FAC-A0001-00343708;Venta;LAGOPUELO S.A;34324;12,00;15161,36;18345,25;ABAL DANIEL EDUARDO†††;;23,00 %;052;Nicole Sosa;0522;Poett Desinf. Flores de Primavera 900ml;1263,45;3457;"";AUTOSERVICIO;AUTOSERVICIO;15504,00;JUAN ESCOTO;377,39;$;2;GRUPO AYUDIN ARGENTINA S.A;0,00000000;0,00;Contado;;;POETT;CLOROX;;CLOROX;PISO;LAGO PUELO;LIMPIEZA;;;300;Bruno Centurion;AXUM;;CLOROX;False;133826;1;Lista General;AUTOSERVICIO - A;44452;06-10-2026;757-JUAN PABLO JUAREZ;CLOROX;1;0,00000000;1263,45
1061;"CALLE 53 5601";BERAZATEGUI;2026-10-07;07-10-2026;06-10-2026;FAC-A0001-00343708;Venta;LAGOPUELO S.A;34320;12,00;15161,36;18345,25;ABAL DANIEL EDUARDO†††;;23,00 %;052;Nicole Sosa;0522;Poett Desinf. Frescura de Lavanda 900ml;1263,45;3457;"";AUTOSERVICIO;AUTOSERVICIO;15504,00;JUAN ESCOTO;377,39;$;2;GRUPO AYUDIN ARGENTINA S.A;0,00000000;0,00;Contado;;;POETT;CLOROX;;CLOROX;PISO;LAGO PUELO;LIMPIEZA;;;300;Bruno Centurion;AXUM;;CLOROX;False;133826;1;Lista General;AUTOSERVICIO - A;44452;06-10-2026;757-JUAN PABLO JUAREZ;CLOROX;1;0,00000000;1263,45
1061;"CALLE 53 5601";BERAZATEGUI;2026-10-07;07-10-2026;06-10-2026;FAC-A0001-00343708;Venta;LAGOPUELO S.A;34327;12,00;15161,36;18345,25;ABAL DANIEL EDUARDO†††;;23,00 %;052;Nicole Sosa;0522;Poett Desinf. Solo para ti 900ml;1263,45;3457;"";AUTOSERVICIO;AUTOSERVICIO;15504,00;JUAN ESCOTO;377,39;$;2;GRUPO AYUDIN ARGENTINA S.A;0,00000000;0,00;Contado;;;POETT;CLOROX;;CLOROX;PISO;LAGO PUELO;LIMPIEZA;;;300;Bruno Centurion;AXUM;;CLOROX;False;133826;1;Lista General;AUTOSERVICIO - A;44452;06-10-2026;757-JUAN PABLO JUAREZ;CLOROX;1;0,00000000;1263,45
1061;"CALLE 53 5601";BERAZATEGUI;2026-10-07;07-10-2026;06-10-2026;FAC-A0001-00343708;Venta;LAGOPUELO S.A;34342;12,00;15161,36;18345,25;ABAL DANIEL EDUARDO†††;;23,00 %;052;Nicole Sosa;0522;Poett Dsnf AlgrDia 12/900ml;1263,45;3457;"";AUTOSERVICIO;AUTOSERVICIO;15504,00;JUAN ESCOTO;377,39;$;2;GRUPO AYUDIN ARGENTINA S.A;0,00000000;0,00;Contado;;;POETT;CLOROX;;CLOROX;PISO;LAGO PUELO;LIMPIEZA;;;300;Bruno Centurion;AXUM;;CLOROX;False;133826;1;Lista General;AUTOSERVICIO - A;44452;06-10-2026;757-JUAN PABLO JUAREZ;CLOROX;1;0,00000000;1263,45
1061;"CALLE 53 5601";BERAZATEGUI;2026-10-07;07-10-2026;06-10-2026;FAC-A0001-00343708;Venta;LAGOPUELO S.A;34338;12,00;15161,36;18345,25;ABAL DANIEL EDUARDO†††;;23,00 %;052;Nicole Sosa;0522;Poett Dsnf MscPrmvra 12/900ml;1263,45;3457;"";AUTOSERVICIO;AUTOSERVICIO;15504,00;JUAN ESCOTO;377,39;$;2;GRUPO AYUDIN ARGENTINA S.A;0,00000000;0,00;Contado;;;POETT;CLOROX;;CLOROX;PISO;LAGO PUELO;LIMPIEZA;;;300;Bruno Centurion;AXUM;;CLOROX;False;133826;1;Lista General;AUTOSERVICIO - A;44452;06-10-2026;757-JUAN PABLO JUAREZ;CLOROX;1;0,00000000;1263,45
1061;"CALLE 53 5601";BERAZATEGUI;2026-10-07;07-10-2026;06-10-2026;FAC-A0001-00343708;Venta;LAGOPUELO S.A;34334;12,00;15161,36;18345,25;ABAL DANIEL EDUARDO†††;;23,00 %;052;Nicole Sosa;0522;Poett Dsnf SuadBebe 12/900ml;1263,45;3457;"";AUTOSERVICIO;AUTOSERVICIO;15504,00;JUAN ESCOTO;377,39;$;2;GRUPO AYUDIN ARGENTINA S.A;0,00000000;0,00;Contado;;;POETT;CLOROX;;CLOROX;PISO;LAGO PUELO;LIMPIEZA;;;300;Bruno Centurion;AXUM;;CLOROX;False;133826;1;Lista General;AUTOSERVICIO - A;44452;06-10-2026;757-JUAN PABLO JUAREZ;CLOROX;1;0,00000000;1263,45
1061;"CALLE 53 5601";BERAZATEGUI;2026-10-07;07-10-2026;06-10-2026;FAC-A0001-00343708;Venta;LAGOPUELO S.A;60386;12,00;15161,36;18345,25;ABAL DANIEL EDUARDO†††;;23,00 %;052;Nicole Sosa;0522;Poett EsptPly 12/900ml;1263,45;3457;"";AUTOSERVICIO;AUTOSERVICIO;15504,00;JUAN ESCOTO;377,39;$;2;GRUPO AYUDIN ARGENTINA S.A;0,00000000;0,00;Contado;;;POETT;CLOROX;;CLOROX;PISO;LAGO PUELO;LIMPIEZA;;;300;Bruno Centurion;AXUM;;CLOROX;False;133826;1;Lista General;AUTOSERVICIO - A;44452;06-10-2026;757-JUAN PABLO JUAREZ;CLOROX;1;0,00000000;1263,45
1061;"CALLE 53 5601";BERAZATEGUI;2026-10-07;07-10-2026;06-10-2026;FAC-A0001-00343708;Venta;LAGOPUELO S.A;36001;12,00;15161,36;18345,25;ABAL DANIEL EDUARDO†††;;23,00 %;052;Nicole Sosa;0522;POETT FRSC TROP 12/900;1263,45;3457;"";AUTOSERVICIO;AUTOSERVICIO;15504,00;JUAN ESCOTO;377,39;$;2;GRUPO AYUDIN ARGENTINA S.A;0,00000000;0,00;Contado;;;POETT;CLOROX;;CLOROX;PISO;LAGO PUELO;LIMPIEZA;;;300;Bruno Centurion;AXUM;;CLOROX;False;133826;1;Lista General;AUTOSERVICIO - A;44452;06-10-2026;757-JUAN PABLO JUAREZ;CLOROX;1;0,00000000;1263,45
23342;"Rafael Obligado 460";GLEW;2026-10-07;07-10-2026;06-10-2026;FAC-A0001-00343714;Venta;LAGOPUELO S.A;61046;15,00;22306,05;26990,32;NOVAR PATRICIA VIVIANA;;18,00 %;062;Nahuel Martinez;0622;Aydn RopQuitMnch BlncInt 15/1l;1487,07;3462;"";AUTOSERVICIO;Autoservicio A;20925,00;HERNAN RIVERO;326,43;$;2;GRUPO AYUDIN ARGENTINA S.A;0,00000000;0,00;Contado;;;AYUDIN;CLOROX;;CLOROX;LAVADO DE ROPA;LAGO PUELO;LIMPIEZA;135;;300;Bruno Centurion;AXUM;;CLOROX;False;133410;1;Lista General;Autoservicio A - A;44572;06-10-2026;58-ARON BOLLINI;CLOROX;1;0,00000000;1487,07
23350;"Antonio Lamberti 596";ALTE BROWN;2026-10-07;07-10-2026;06-10-2026;FAC-A0001-00343718;Venta;LAGOPUELO S.A;60240;15,00;37086,05;44874,12;LI YUQING;;15,00 %;062;Nahuel Martinez;0622;Aydn Lavdna Gel Lavda EXPRT 15/700ml GP2;2472,40;3462;"";AUTOSERVICIO;Autoservicio B;32805,00;HERNAN RIVERO;436,31;$;2;GRUPO AYUDIN ARGENTINA S.A;0,00000000;0,00;Contado;;;AYUDIN;CLOROX;;CLOROX;LAVANDINA;LAGO PUELO;LIMPIEZA;116;;300;Bruno Centurion;AXUM;;CLOROX;False;133475;1;Lista General;Autoservicio B - A;44576;06-10-2026;58-ARON BOLLINI;CLOROX;1;0,00000000;2472,40
23350;"Antonio Lamberti 596";ALTE BROWN;2026-10-07;07-10-2026;06-10-2026;FAC-A0001-00343718;Venta;LAGOPUELO S.A;60239;15,00;37086,05;44874,12;LI YUQING;;15,00 %;062;Nahuel Martinez;0622;Aydn Lavdna Gel MntFrs 15/700ml GP2;2472,40;3462;"";AUTOSERVICIO;Autoservicio B;32805,00;HERNAN RIVERO;436,31;$;2;GRUPO AYUDIN ARGENTINA S.A;0,00000000;0,00;Contado;;;AYUDIN;CLOROX;;CLOROX;LAVANDINA;LAGO PUELO;LIMPIEZA;115;;300;Bruno Centurion;AXUM;;CLOROX;False;133475;1;Lista General;Autoservicio B - A;44576;06-10-2026;58-ARON BOLLINI;CLOROX;1;0,00000000;2472,40
5623;"RAUL SOLDI - (TRADITIONAL TRADE) 177";GLEW;2026-10-07;07-10-2026;06-10-2026;FAC-A0001-00343721;Venta;LAGOPUELO S.A;61816;12,00;34182,72;41361,09;ESTILO TROTE S.A.;;20,00 %;062;Nahuel Martinez;0622;Sltn MataMosq Aer AccInst 6/360ml BA;2848,56;3462;"";AUTOSERVICIO;Autoservicio B;32868,00;HERNAN RIVERO;712,14;$;2;GRUPO AYUDIN ARGENTINA S.A;0,00000000;0,00;Contado;;;SELTON;CLOROX;;CLOROX;SELTON;LAGO PUELO;LIMPIEZA;130;;300;Bruno Centurion;AXUM;;CLOROX;False;133501;1;Lista General;Autoservicio B - A;44579;06-10-2026;58-ARON BOLLINI;CLOROX;1;0,00000000;2848,56
23174;"Av. Pres. Hipolito Yrigoyen - (AUTOSERVICIOS) 21706";LONGCHAMPS;2026-10-07;07-10-2026;06-10-2026;FAC-A0001-00343727;Venta;LAGOPUELO S.A;33575;16,00;30366,56;36743,54;ZHENG YAN;;0,00 %;062;Nahuel Martinez;0622;Aydn Ropa ClrViv DoyPk 16/400ml;1897,91;3462;"";AUTOSERVICIO;Autoservicio A;22832,00;HERNAN RIVERO;0,00;$;2;GRUPO AYUDIN ARGENTINA S.A;0,00000000;0,00;Contado;;;AYUDIN;CLOROX;;CLOROX;LAVADO DE ROPA;LAGO PUELO;LIMPIEZA;;;300;Bruno Centurion;AXUM;;CLOROX;False;133602;1;Lista General;Autoservicio A - A;44585;06-10-2026;58-ARON BOLLINI;CLOROX;1;0,00000000;1897,91
29131;"CLARK - (AUTOSERVICIOS) 548";GLEW;2026-10-07;07-10-2026;06-10-2026;FAC-A0001-00343736;Venta;LAGOPUELO S.A;17927;30,00;31837,50;38523,38;LIANG TIAN;;0,00 %;062;Nahuel Martinez;0622;AYDN LAVDNA OR 15/1L;1061,25;3462;"";AUTOSERVICIO;Autoservicio B;25470,00;HERNAN RIVERO;0,00;$;2;GRUPO AYUDIN ARGENTINA S.A;0,00000000;0,00;Contado;;;AYUDIN;CLOROX;;CLOROX;LAVANDINA;LAGO PUELO;LIMPIEZA;;;300;Bruno Centurion;AXUM;;CLOROX;False;133661;1;Lista General;Autoservicio B - A;44595;06-10-2026;58-ARON BOLLINI;CLOROX;1;0,00000000;1061,25
29131;"CLARK - (AUTOSERVICIOS) 548";GLEW;2026-10-07;07-10-2026;06-10-2026;FAC-A0001-00343736;Venta;LAGOPUELO S.A;61620;3,00;10042,50;12151,43;LIANG TIAN;;0,00 %;062;Nahuel Martinez;0622;Aydn Bn Limp† Act Or Gat 12/500 ml;3347,50;3462;"";AUTOSERVICIO;Autoservicio B;7725,00;HERNAN RIVERO;0,00;$;2;GRUPO AYUDIN ARGENTINA S.A;0,00000000;0,00;Contado;;;AYUDIN;CLOROX;;CLOROX;BAÒO;LAGO PUELO;LIMPIEZA;;;300;Bruno Centurion;AXUM;;CLOROX;False;133661;1;Lista General;Autoservicio B - A;44595;06-10-2026;58-ARON BOLLINI;CLOROX;1;0,00000000;3347,50
29131;"CLARK - (AUTOSERVICIOS) 548";GLEW;2026-10-07;07-10-2026;06-10-2026;FAC-A0001-00343736;Venta;LAGOPUELO S.A;61816;6,00;17091,36;20680,55;LIANG TIAN;;20,00 %;062;Nahuel Martinez;0622;Sltn MataMosq Aer AccInst 6/360ml BA;2848,56;3462;"";AUTOSERVICIO;Autoservicio B;16434,00;HERNAN RIVERO;712,14;$;2;GRUPO AYUDIN ARGENTINA S.A;0,00000000;0,00;Contado;;;SELTON;CLOROX;;CLOROX;SELTON;LAGO PUELO;LIMPIEZA;130;;300;Bruno Centurion;AXUM;;CLOROX;False;133661;1;Lista General;Autoservicio B - A;44595;06-10-2026;58-ARON BOLLINI;CLOROX;1;0,00000000;2848,56
29131;"CLARK - (AUTOSERVICIOS) 548";GLEW;2026-10-07;07-10-2026;06-10-2026;FAC-A0001-00343736;Venta;LAGOPUELO S.A;60885;6,00;14924,13;18058,20;LIANG TIAN;;15,00 %;062;Nahuel Martinez;0622;Poett Aer FlrLavda ExtFrag 6/360ml;2487,36;3462;"";AUTOSERVICIO;Autoservicio B;13506,00;HERNAN RIVERO;438,95;$;2;GRUPO AYUDIN ARGENTINA S.A;0,00000000;0,00;Contado;;;POETT;CLOROX;;CLOROX;AERO POETT;LAGO PUELO;LIMPIEZA;120;;300;Bruno Centurion;AXUM;;CLOROX;False;133661;1;Lista General;Autoservicio B - A;44595;06-10-2026;58-ARON BOLLINI;CLOROX;1;0,00000000;2487,36
23339;"Teniente Clark - (AUTOSERVICIOS) 333";ALTE BROWN;2026-10-07;07-10-2026;06-10-2026;FAC-A0001-00343737;Venta;LAGOPUELO S.A;61035;6,00;14924,13;18058,20;LANZANI ROCIO LUJAN;;15,00 %;062;Nahuel Martinez;0622;Poett Aer AlgrDia ExtFrag 6/360ml;2487,36;3462;"";ALMACEN;ALMACEN;13506,00;HERNAN RIVERO;438,95;$;2;GRUPO AYUDIN ARGENTINA S.A;0,00000000;0,00;Contado;;;POETT;CLOROX;;CLOROX;AERO POETT;LAGO PUELO;LIMPIEZA;127;;300;Bruno Centurion;AXUM;;CLOROX;False;133671;1;Lista General;ALMACEN - A;44596;06-10-2026;58-ARON BOLLINI;CLOROX;1;0,00000000;2487,36
23339;"Teniente Clark - (AUTOSERVICIOS) 333";ALTE BROWN;2026-10-07;07-10-2026;06-10-2026;FAC-A0001-00343737;Venta;LAGOPUELO S.A;61036;6,00;14924,13;18058,20;LANZANI ROCIO LUJAN;;15,00 %;062;Nahuel Martinez;0622;Poett Aer EsptPly ExtFrag 6/360ml;2487,36;3462;"";ALMACEN;ALMACEN;13506,00;HERNAN RIVERO;438,95;$;2;GRUPO AYUDIN ARGENTINA S.A;0,00000000;0,00;Contado;;;POETT;CLOROX;;CLOROX;AERO POETT;LAGO PUELO;LIMPIEZA;128;;300;Bruno Centurion;AXUM;;CLOROX;False;133671;1;Lista General;ALMACEN - A;44596;06-10-2026;58-ARON BOLLINI;CLOROX;1;0,00000000;2487,36
28093;"AV HIPOLITO YRIGOYEN 19231";LONGCHAMPS;2026-10-07;07-10-2026;06-10-2026;FAC-A0001-00343747;Venta;LAGOPUELO S.A;17927;750,00;557156,25;674159,06;MI CABA—A;;30,00 %;062;Nahuel Martinez;0622;AYDN LAVDNA OR 15/1L;742,88;3462;"";MAYORISTA;MAYORISTA;636750,00;HERNAN RIVERO;318,38;$;2;GRUPO AYUDIN ARGENTINA S.A;0,00000000;0,00;7 dÌas fecha de factura;;;AYUDIN;CLOROX;;CLOROX;LAVANDINA;LAGO PUELO;LIMPIEZA;;;300;Bruno Centurion;AXUM;;CLOROX;False;133965;1;Lista General;MAYORISTA - A;44613;06-10-2026;58-ARON BOLLINI;CLOROX;1;0,00000000;742,88
6377;"AV. EVA PERON 7499";Varela ;2026-10-07;07-10-2026;05-10-2026;FAC-A0001-00343749;Venta;LAGOPUELO S.A;60223;24,00;47157,86;57061,02;Zhou Xinchen;;27,75 %;7;Myrian Lertora;75;Aydn Lavda TriPod 8/2l GP2;1964,91;3455;"";AUTOSERVICIO;AUTOSERVICIO;50208,00;IVAN MONTOYA;754,69;$;2;GRUPO AYUDIN ARGENTINA S.A;0,00000000;0,00;Contado;;;AYUDIN;CLOROX;;CLOROX;LAVANDINA;LAGO PUELO;LIMPIEZA;109;;25;JOHANA VIGIL;Gescom;;;False;133349;1;Lista General;AUTOSERVICIO - A;44471;06-10-2026;757-JUAN PABLO JUAREZ;CLOROX;1;0,00000000;1964,91
6377;"AV. EVA PERON 7499";Varela ;2026-10-07;07-10-2026;05-10-2026;FAC-A0001-00343749;Venta;LAGOPUELO S.A;60227;16,00;31438,58;38040,68;Zhou Xinchen;;27,75 %;7;Myrian Lertora;75;Aydn PurGlac TriPod 8/2l GP2;1964,91;3455;"";AUTOSERVICIO;AUTOSERVICIO;33472,00;IVAN MONTOYA;754,69;$;2;GRUPO AYUDIN ARGENTINA S.A;0,00000000;0,00;Contado;;;AYUDIN;CLOROX;;CLOROX;LAVANDINA;LAGO PUELO;LIMPIEZA;109;;25;JOHANA VIGIL;Gescom;;;False;133349;1;Lista General;AUTOSERVICIO - A;44471;06-10-2026;757-JUAN PABLO JUAREZ;CLOROX;1;0,00000000;1964,91
2283;"CALLE 762 935";Varela ;2026-10-07;07-10-2026;05-10-2026;FAC-A0001-00343751;Venta;LAGOPUELO S.A;17927;15,00;15918,75;19261,69;MAMANI CALLATA SOFIA;;0,00 %;7;Myrian Lertora;75;AYDN LAVDNA OR 15/1L;1061,25;3455;"";ALMACEN;ALMACEN;12735,00;IVAN MONTOYA;0,00;$;2;GRUPO AYUDIN ARGENTINA S.A;0,00000000;0,00;Contado;;;AYUDIN;CLOROX;;CLOROX;LAVANDINA;LAGO PUELO;LIMPIEZA;;;25;JOHANA VIGIL;Gescom;;;False;133351;1;Lista General;ALMACEN - A;44473;06-10-2026;757-JUAN PABLO JUAREZ;CLOROX;1;0,00000000;1061,25
323070;"JUAN BROWN 1136";FLORENCIO VARELA;2026-10-07;07-10-2026;06-10-2026;FAC-A0001-00343753;Venta;LAGOPUELO S.A;61046;15,00;22306,05;26990,32;YOUHE WENG;;18,00 %;7;Myrian Lertora;72;Aydn RopQuitMnch BlncInt 15/1l;1487,07;3455;"";AUTOSERVICIO;AUTOSERVICIO;20925,00;IVAN MONTOYA;326,43;$;2;GRUPO AYUDIN ARGENTINA S.A;0,00000000;0,00;Contado;;;AYUDIN;CLOROX;;CLOROX;LAVADO DE ROPA;LAGO PUELO;LIMPIEZA;135;;25;JOHANA VIGIL;AXUM;;CLOROX;False;133919;1;Lista General;AUTOSERVICIO - A;44479;06-10-2026;757-JUAN PABLO JUAREZ;CLOROX;1;0,00000000;1487,07
323070;"JUAN BROWN 1136";FLORENCIO VARELA;2026-10-07;07-10-2026;06-10-2026;FAC-A0001-00343753;Venta;LAGOPUELO S.A;61577;16,00;22565,92;27304,76;YOUHE WENG;;5,00 %;7;Myrian Lertora;72;Aydn Coc† Pod Act Or† DoyPk 16/450ml;1410,37;3455;"";AUTOSERVICIO;AUTOSERVICIO;18272,00;IVAN MONTOYA;74,23;$;2;GRUPO AYUDIN ARGENTINA S.A;0,00000000;0,00;Contado;;;AYUDIN;CLOROX;;CLOROX;COCINA;LAGO PUELO;LIMPIEZA;119;;25;JOHANA VIGIL;AXUM;;CLOROX;False;133919;1;Lista General;AUTOSERVICIO - A;44479;06-10-2026;757-JUAN PABLO JUAREZ;CLOROX;1;0,00000000;1410,37
27892;"GENERAL HORNOS - (ARTICULO DE LIMPIEZA) 1427";LOMAS DE ZAMORA;2026-10-07;07-10-2026;06-10-2026;FAC-A0001-00343754;Venta;LAGOPUELO S.A;33575;32,00;60733,12;73487,08;ANA KARINA SANTOS;;0,00 %;073;Florencia Cubilla;0732;Aydn Ropa ClrViv DoyPk 16/400ml;1897,91;3456;"";Otros;Articulo de limpieza;45664,00;NAHUEL MONTOYA;0,00;$;2;GRUPO AYUDIN ARGENTINA S.A;0,00000000;0,00;Contado;;;AYUDIN;CLOROX;;CLOROX;LAVADO DE ROPA;LAGO PUELO;LIMPIEZA;;;300;Bruno Centurion;AXUM;;CLOROX;False;133398;1;Lista General;Articulo de limpieza - A;44387;06-10-2026;509-LUCAS GODOY;CLOROX;1;0,00000000;1897,91
29102;"BOEDO - (TRADICIONAL) 541";LOMAS DE ZAMORA;2026-10-07;07-10-2026;06-10-2026;FAC-A0001-00343757;Venta;LAGOPUELO S.A;36003;8,00;17390,00;21041,90;SILVIA MU—OZ APAZA;;0,00 %;074;Romina Baez;0742;AYDN LAVDNA OR 25g/l 8/2l;2173,75;3456;"";KIOSCO;KIOSCO;13912,00;NAHUEL MONTOYA;0,00;$;2;GRUPO AYUDIN ARGENTINA S.A;0,00000000;0,00;Contado;;;AYUDIN;CLOROX;;CLOROX;LAVANDINA;LAGO PUELO;LIMPIEZA;;;300;Bruno Centurion;AXUM;;CLOROX;False;133455;1;Lista General;KIOSCO - A;44390;06-10-2026;509-LUCAS GODOY;CLOROX;1;0,00000000;2173,75
27858;"PEDRO MASCAGNI - (AUTOSERVICIOS) 234";LOMAS DE ZAMORA;2026-10-07;07-10-2026;06-10-2026;FAC-A0001-00343759;Venta;LAGOPUELO S.A;60233;6,00;17452,26;21117,23;XIUBIN LIN;;0,00 %;074;Romina Baez;0742;Aydn Lavdna Gel Or 15/700ml GP2;2908,71;3456;"";AUTOSERVICIO;Autoservicio A;13122,00;NAHUEL MONTOYA;0,00;$;2;GRUPO AYUDIN ARGENTINA S.A;0,00000000;0,00;Contado;;;AYUDIN;CLOROX;;CLOROX;LAVANDINA;LAGO PUELO;LIMPIEZA;;;300;Bruno Centurion;AXUM;;CLOROX;False;133513;1;Lista General;Autoservicio A - A;44394;06-10-2026;509-LUCAS GODOY;CLOROX;1;0,00000000;2908,71
27858;"PEDRO MASCAGNI - (AUTOSERVICIOS) 234";LOMAS DE ZAMORA;2026-10-07;07-10-2026;06-10-2026;FAC-A0001-00343759;Venta;LAGOPUELO S.A;60234;6,00;17452,26;21117,23;XIUBIN LIN;;0,00 %;074;Romina Baez;0742;Aydn Lavdna Gel Ctra 15/700ml GP2;2908,71;3456;"";AUTOSERVICIO;Autoservicio A;13122,00;NAHUEL MONTOYA;0,00;$;2;GRUPO AYUDIN ARGENTINA S.A;0,00000000;0,00;Contado;;;AYUDIN;CLOROX;;CLOROX;LAVANDINA;LAGO PUELO;LIMPIEZA;;;300;Bruno Centurion;AXUM;;CLOROX;False;133513;1;Lista General;Autoservicio A - A;44394;06-10-2026;509-LUCAS GODOY;CLOROX;1;0,00000000;2908,71
27858;"PEDRO MASCAGNI - (AUTOSERVICIOS) 234";LOMAS DE ZAMORA;2026-10-07;07-10-2026;06-10-2026;FAC-A0001-00343759;Venta;LAGOPUELO S.A;61621;4,00;11486,80;13899,03;XIUBIN LIN;;0,00 %;074;Romina Baez;0742;Aydn Coc† Pod Act Or† Gat 12/500ml;2871,70;3456;"";AUTOSERVICIO;Autoservicio A;8836,00;NAHUEL MONTOYA;0,00;$;2;GRUPO AYUDIN ARGENTINA S.A;0,00000000;0,00;Contado;;;AYUDIN;CLOROX;;CLOROX;COCINA;LAGO PUELO;LIMPIEZA;;;300;Bruno Centurion;AXUM;;CLOROX;False;133513;1;Lista General;Autoservicio A - A;44394;06-10-2026;509-LUCAS GODOY;CLOROX;1;0,00000000;2871,70
3958;"E.SCHIAFFINO e/BENAVENTE Y LORCA - (TRADITIONAL TRADE) 2554";LOMAS DE ZAMORA;2026-10-07;07-10-2026;06-10-2026;FAC-A0001-00343760;Venta;LAGOPUELO S.A;60233;6,00;17452,26;21117,23;HONGZHU HUANG;;0,00 %;074;Romina Baez;0742;Aydn Lavdna Gel Or 15/700ml GP2;2908,71;3456;"";AUTOSERVICIO;Autoservicio A;13122,00;NAHUEL MONTOYA;0,00;$;2;GRUPO AYUDIN ARGENTINA S.A;0,00000000;0,00;Contado;;;AYUDIN;CLOROX;;CLOROX;LAVANDINA;LAGO PUELO;LIMPIEZA;;;300;Bruno Centurion;AXUM;;CLOROX;False;133518;1;Lista General;Autoservicio A - A;44395;06-10-2026;509-LUCAS GODOY;CLOROX;1;0,00000000;2908,71
3958;"E.SCHIAFFINO e/BENAVENTE Y LORCA - (TRADITIONAL TRADE) 2554";LOMAS DE ZAMORA;2026-10-07;07-10-2026;06-10-2026;FAC-A0001-00343760;Venta;LAGOPUELO S.A;36003;24,00;52170,00;63125,70;HONGZHU HUANG;;0,00 %;074;Romina Baez;0742;AYDN LAVDNA OR 25g/l 8/2l;2173,75;3456;"";AUTOSERVICIO;Autoservicio A;41736,00;NAHUEL MONTOYA;0,00;$;2;GRUPO AYUDIN ARGENTINA S.A;0,00000000;0,00;Contado;;;AYUDIN;CLOROX;;CLOROX;LAVANDINA;LAGO PUELO;LIMPIEZA;;;300;Bruno Centurion;AXUM;;CLOROX;False;133518;1;Lista General;Autoservicio A - A;44395;06-10-2026;509-LUCAS GODOY;CLOROX;1;0,00000000;2173,75
3958;"E.SCHIAFFINO e/BENAVENTE Y LORCA - (TRADITIONAL TRADE) 2554";LOMAS DE ZAMORA;2026-10-07;07-10-2026;06-10-2026;FAC-A0001-00343760;Venta;LAGOPUELO S.A;60227;16,00;36986,56;44753,74;HONGZHU HUANG;;15,00 %;074;Romina Baez;0742;Aydn PurGlac TriPod 8/2l GP2;2311,66;3456;"";AUTOSERVICIO;Autoservicio A;33472,00;NAHUEL MONTOYA;407,94;$;2;GRUPO AYUDIN ARGENTINA S.A;0,00000000;0,00;Contado;;;AYUDIN;CLOROX;;CLOROX;LAVANDINA;LAGO PUELO;LIMPIEZA;109;;300;Bruno Centurion;AXUM;;CLOROX;False;133518;1;Lista General;Autoservicio A - A;44395;06-10-2026;509-LUCAS GODOY;CLOROX;1;0,00000000;2311,66
27504;"Mentruyt - (AUTOSERVICIOS) 346";LOMAS DE ZAMORA;2026-10-07;07-10-2026;06-10-2026;FAC-A0001-00343761;Venta;LAGOPUELO S.A;17927;60,00;49029,75;59326,00;Chen Muzhu;;23,00 %;073;Florencia Cubilla;0732;AYDN LAVDNA OR 15/1L;817,16;3456;"";AUTOSERVICIO;Autoservicio B;50940,00;NAHUEL MONTOYA;244,09;$;2;GRUPO AYUDIN ARGENTINA S.A;0,00000000;0,00;Contado;;;AYUDIN;CLOROX;;CLOROX;LAVANDINA;LAGO PUELO;LIMPIEZA;;;300;Bruno Centurion;AXUM;;CLOROX;False;133569;1;Lista General;Autoservicio B - A;44398;06-10-2026;509-LUCAS GODOY;CLOROX;1;0,00000000;817,16
27504;"Mentruyt - (AUTOSERVICIOS) 346";LOMAS DE ZAMORA;2026-10-07;07-10-2026;06-10-2026;FAC-A0001-00343761;Venta;LAGOPUELO S.A;36003;8,00;13390,30;16202,26;Chen Muzhu;;23,00 %;073;Florencia Cubilla;0732;AYDN LAVDNA OR 25g/l 8/2l;1673,79;3456;"";AUTOSERVICIO;Autoservicio B;13912,00;NAHUEL MONTOYA;499,96;$;2;GRUPO AYUDIN ARGENTINA S.A;0,00000000;0,00;Contado;;;AYUDIN;CLOROX;;CLOROX;LAVANDINA;LAGO PUELO;LIMPIEZA;;;300;Bruno Centurion;AXUM;;CLOROX;False;133569;1;Lista General;Autoservicio B - A;44398;06-10-2026;509-LUCAS GODOY;CLOROX;1;0,00000000;1673,79
27514;"Av Santa Fe - (AUTOSERVICIOS) 67";LOMAS DE ZAMORA;2026-10-07;07-10-2026;06-10-2026;FAC-A0001-00343763;Venta;LAGOPUELO S.A;17927;45,00;47756,25;57785,06;YAN CHANGRONG;;0,00 %;074;Romina Baez;0742;AYDN LAVDNA OR 15/1L;1061,25;3456;"";AUTOSERVICIO;Autoservicio A;38205,00;NAHUEL MONTOYA;0,00;$;2;GRUPO AYUDIN ARGENTINA S.A;0,00000000;0,00;Contado;;;AYUDIN;CLOROX;;CLOROX;LAVANDINA;LAGO PUELO;LIMPIEZA;;;300;Bruno Centurion;AXUM;;CLOROX;False;133601;1;Lista General;Autoservicio A - A;44400;06-10-2026;509-LUCAS GODOY;CLOROX;1;0,00000000;1061,25
27514;"Av Santa Fe - (AUTOSERVICIOS) 67";LOMAS DE ZAMORA;2026-10-07;07-10-2026;06-10-2026;FAC-A0001-00343763;Venta;LAGOPUELO S.A;60223;8,00;18493,28;22376,87;YAN CHANGRONG;;15,00 %;074;Romina Baez;0742;Aydn Lavda TriPod 8/2l GP2;2311,66;3456;"";AUTOSERVICIO;Autoservicio A;16736,00;NAHUEL MONTOYA;407,94;$;2;GRUPO AYUDIN ARGENTINA S.A;0,00000000;0,00;Contado;;;AYUDIN;CLOROX;;CLOROX;LAVANDINA;LAGO PUELO;LIMPIEZA;109;;300;Bruno Centurion;AXUM;;CLOROX;False;133601;1;Lista General;Autoservicio A - A;44400;06-10-2026;509-LUCAS GODOY;CLOROX;1;0,00000000;2311,66
27514;"Av Santa Fe - (AUTOSERVICIOS) 67";LOMAS DE ZAMORA;2026-10-07;07-10-2026;06-10-2026;FAC-A0001-00343763;Venta;LAGOPUELO S.A;60408;6,00;22886,64;27692,83;YAN CHANGRONG;;0,00 %;074;Romina Baez;0742;Ayudin Ropa Blancos Supremos 15/700ml;3814,44;3456;"";AUTOSERVICIO;Autoservicio A;17208,00;NAHUEL MONTOYA;0,00;$;2;GRUPO AYUDIN ARGENTINA S.A;0,00000000;0,00;Contado;;;AYUDIN;CLOROX;;CLOROX;LAVADO DE ROPA;LAGO PUELO;LIMPIEZA;;;300;Bruno Centurion;AXUM;;CLOROX;False;133601;1;Lista General;Autoservicio A - A;44400;06-10-2026;509-LUCAS GODOY;CLOROX;1;0,00000000;3814,44
27514;"Av Santa Fe - (AUTOSERVICIOS) 67";LOMAS DE ZAMORA;2026-10-07;07-10-2026;06-10-2026;FAC-A0001-00343763;Venta;LAGOPUELO S.A;60402;6,00;22886,64;27692,83;YAN CHANGRONG;;0,00 %;074;Romina Baez;0742;Ayudin Ropa Colores Vivos 15/700ml;3814,44;3456;"";AUTOSERVICIO;Autoservicio A;17208,00;NAHUEL MONTOYA;0,00;$;2;GRUPO AYUDIN ARGENTINA S.A;0,00000000;0,00;Contado;;;AYUDIN;CLOROX;;CLOROX;LAVADO DE ROPA;LAGO PUELO;LIMPIEZA;;;300;Bruno Centurion;AXUM;;CLOROX;False;133601;1;Lista General;Autoservicio A - A;44400;06-10-2026;509-LUCAS GODOY;CLOROX;1;0,00000000;3814,44
27514;"Av Santa Fe - (AUTOSERVICIOS) 67";LOMAS DE ZAMORA;2026-10-07;07-10-2026;06-10-2026;FAC-A0001-00343763;Venta;LAGOPUELO S.A;61577;16,00;22565,92;27304,76;YAN CHANGRONG;;5,00 %;074;Romina Baez;0742;Aydn Coc† Pod Act Or† DoyPk 16/450ml;1410,37;3456;"";AUTOSERVICIO;Autoservicio A;18272,00;NAHUEL MONTOYA;74,23;$;2;GRUPO AYUDIN ARGENTINA S.A;0,00000000;0,00;Contado;;;AYUDIN;CLOROX;;CLOROX;COCINA;LAGO PUELO;LIMPIEZA;119;;300;Bruno Centurion;AXUM;;CLOROX;False;133601;1;Lista General;Autoservicio A - A;44400;06-10-2026;509-LUCAS GODOY;CLOROX;1;0,00000000;1410,37
27514;"Av Santa Fe - (AUTOSERVICIOS) 67";LOMAS DE ZAMORA;2026-10-07;07-10-2026;06-10-2026;FAC-A0001-00343763;Venta;LAGOPUELO S.A;61816;6,00;17091,36;20680,55;YAN CHANGRONG;;20,00 %;074;Romina Baez;0742;Sltn MataMosq Aer AccInst 6/360ml BA;2848,56;3456;"";AUTOSERVICIO;Autoservicio A;16434,00;NAHUEL MONTOYA;712,14;$;2;GRUPO AYUDIN ARGENTINA S.A;0,00000000;0,00;Contado;;;SELTON;CLOROX;;CLOROX;SELTON;LAGO PUELO;LIMPIEZA;130;;300;Bruno Centurion;AXUM;;CLOROX;False;133601;1;Lista General;Autoservicio A - A;44400;06-10-2026;509-LUCAS GODOY;CLOROX;1;0,00000000;2848,56
27512;"Corrientes - (AUTOSERVICIOS) 575";LOMAS DE ZAMORA;2026-10-07;07-10-2026;06-10-2026;FAC-A0001-00343765;Venta;LAGOPUELO S.A;17927;75,00;61287,19;74157,50;Li han;;23,00 %;074;Romina Baez;0742;AYDN LAVDNA OR 15/1L;817,16;3456;"";AUTOSERVICIO;Autoservicio A;63675,00;NAHUEL MONTOYA;244,09;$;2;GRUPO AYUDIN ARGENTINA S.A;0,00000000;0,00;Contado;;;AYUDIN;CLOROX;;CLOROX;LAVANDINA;LAGO PUELO;LIMPIEZA;;;300;Bruno Centurion;AXUM;;CLOROX;False;133754;1;Lista General;Autoservicio A - A;44412;06-10-2026;509-LUCAS GODOY;CLOROX;1;0,00000000;817,16
27512;"Corrientes - (AUTOSERVICIOS) 575";LOMAS DE ZAMORA;2026-10-07;07-10-2026;06-10-2026;FAC-A0001-00343765;Venta;LAGOPUELO S.A;33575;6,00;11387,46;13778,83;Li han;;0,00 %;074;Romina Baez;0742;Aydn Ropa ClrViv DoyPk 16/400ml;1897,91;3456;"";AUTOSERVICIO;Autoservicio A;8562,00;NAHUEL MONTOYA;0,00;$;2;GRUPO AYUDIN ARGENTINA S.A;0,00000000;0,00;Contado;;;AYUDIN;CLOROX;;CLOROX;LAVADO DE ROPA;LAGO PUELO;LIMPIEZA;;;300;Bruno Centurion;AXUM;;CLOROX;False;133754;1;Lista General;Autoservicio A - A;44412;06-10-2026;509-LUCAS GODOY;CLOROX;1;0,00000000;1897,91
27700;"MOLINA ARROTEA - (ARTICULO DE LIMPIEZA) 1973";LOMAS DE ZAMORA;2026-10-07;07-10-2026;06-10-2026;FAC-A0001-00343767;Venta;LAGOPUELO S.A;17927;15,00;15918,75;19261,69;Marta Gabriela pighetti;;0,00 %;074;Romina Baez;0742;AYDN LAVDNA OR 15/1L;1061,25;3456;"Venta modificada el 2026-10-06 17:29:21";ALMACEN;ALMACEN;12735,00;NAHUEL MONTOYA;0,00;$;2;GRUPO AYUDIN ARGENTINA S.A;0,00000000;0,00;Contado;;;AYUDIN;CLOROX;;CLOROX;LAVANDINA;LAGO PUELO;LIMPIEZA;;;300;Bruno Centurion;AXUM;;CLOROX;False;133770;1;Lista General;ALMACEN - A;44414;06-10-2026;509-LUCAS GODOY;CLOROX;1;0,00000000;1061,25
27700;"MOLINA ARROTEA - (ARTICULO DE LIMPIEZA) 1973";LOMAS DE ZAMORA;2026-10-07;07-10-2026;06-10-2026;FAC-A0001-00343767;Venta;LAGOPUELO S.A;36003;8,00;17390,00;21041,90;Marta Gabriela pighetti;;0,00 %;074;Romina Baez;0742;AYDN LAVDNA OR 25g/l 8/2l;2173,75;3456;"Venta modificada el 2026-10-06 17:29:21";ALMACEN;ALMACEN;13912,00;NAHUEL MONTOYA;0,00;$;2;GRUPO AYUDIN ARGENTINA S.A;0,00000000;0,00;Contado;;;AYUDIN;CLOROX;;CLOROX;LAVANDINA;LAGO PUELO;LIMPIEZA;;;300;Bruno Centurion;AXUM;;CLOROX;False;133770;1;Lista General;ALMACEN - A;44414;06-10-2026;509-LUCAS GODOY;CLOROX;1;0,00000000;2173,75
27700;"MOLINA ARROTEA - (ARTICULO DE LIMPIEZA) 1973";LOMAS DE ZAMORA;2026-10-07;07-10-2026;06-10-2026;FAC-A0001-00343767;Venta;LAGOPUELO S.A;34320;6,00;9845,04;11912,50;Marta Gabriela pighetti;;0,00 %;074;Romina Baez;0742;Poett Desinf. Frescura de Lavanda 900ml;1640,84;3456;"Venta modificada el 2026-10-06 17:29:21";ALMACEN;ALMACEN;7752,00;NAHUEL MONTOYA;0,00;$;2;GRUPO AYUDIN ARGENTINA S.A;0,00000000;0,00;Contado;;;POETT;CLOROX;;CLOROX;PISO;LAGO PUELO;LIMPIEZA;;;300;Bruno Centurion;AXUM;;CLOROX;False;133770;1;Lista General;ALMACEN - A;44414;06-10-2026;509-LUCAS GODOY;CLOROX;1;0,00000000;1640,84
27700;"MOLINA ARROTEA - (ARTICULO DE LIMPIEZA) 1973";LOMAS DE ZAMORA;2026-10-07;07-10-2026;06-10-2026;FAC-A0001-00343767;Venta;LAGOPUELO S.A;34324;3,00;4922,52;5956,25;Marta Gabriela pighetti;;0,00 %;074;Romina Baez;0742;Poett Desinf. Flores de Primavera 900ml;1640,84;3456;"Venta modificada el 2026-10-06 17:29:21";ALMACEN;ALMACEN;3876,00;NAHUEL MONTOYA;0,00;$;2;GRUPO AYUDIN ARGENTINA S.A;0,00000000;0,00;Contado;;;POETT;CLOROX;;CLOROX;PISO;LAGO PUELO;LIMPIEZA;;;300;Bruno Centurion;AXUM;;CLOROX;False;133770;1;Lista General;ALMACEN - A;44414;06-10-2026;509-LUCAS GODOY;CLOROX;1;0,00000000;1640,84
27700;"MOLINA ARROTEA - (ARTICULO DE LIMPIEZA) 1973";LOMAS DE ZAMORA;2026-10-07;07-10-2026;06-10-2026;FAC-A0001-00343767;Venta;LAGOPUELO S.A;34334;3,00;4922,52;5956,25;Marta Gabriela pighetti;;0,00 %;074;Romina Baez;0742;Poett Dsnf SuadBebe 12/900ml;1640,84;3456;"Venta modificada el 2026-10-06 17:29:21";ALMACEN;ALMACEN;3876,00;NAHUEL MONTOYA;0,00;$;2;GRUPO AYUDIN ARGENTINA S.A;0,00000000;0,00;Contado;;;POETT;CLOROX;;CLOROX;PISO;LAGO PUELO;LIMPIEZA;;;300;Bruno Centurion;AXUM;;CLOROX;False;133770;1;Lista General;ALMACEN - A;44414;06-10-2026;509-LUCAS GODOY;CLOROX;1;0,00000000;1640,84
27700;"MOLINA ARROTEA - (ARTICULO DE LIMPIEZA) 1973";LOMAS DE ZAMORA;2026-10-07;07-10-2026;06-10-2026;FAC-A0001-00343767;Venta;LAGOPUELO S.A;34338;3,00;4922,52;5956,25;Marta Gabriela pighetti;;0,00 %;074;Romina Baez;0742;Poett Dsnf MscPrmvra 12/900ml;1640,84;3456;"Venta modificada el 2026-10-06 17:29:21";ALMACEN;ALMACEN;3876,00;NAHUEL MONTOYA;0,00;$;2;GRUPO AYUDIN ARGENTINA S.A;0,00000000;0,00;Contado;;;POETT;CLOROX;;CLOROX;PISO;LAGO PUELO;LIMPIEZA;;;300;Bruno Centurion;AXUM;;CLOROX;False;133770;1;Lista General;ALMACEN - A;44414;06-10-2026;509-LUCAS GODOY;CLOROX;1;0,00000000;1640,84
27700;"MOLINA ARROTEA - (ARTICULO DE LIMPIEZA) 1973";LOMAS DE ZAMORA;2026-10-07;07-10-2026;06-10-2026;FAC-A0001-00343767;Venta;LAGOPUELO S.A;60386;3,00;4922,52;5956,25;Marta Gabriela pighetti;;0,00 %;074;Romina Baez;0742;Poett EsptPly 12/900ml;1640,84;3456;"Venta modificada el 2026-10-06 17:29:21";ALMACEN;ALMACEN;3876,00;NAHUEL MONTOYA;0,00;$;2;GRUPO AYUDIN ARGENTINA S.A;0,00000000;0,00;Contado;;;POETT;CLOROX;;CLOROX;PISO;LAGO PUELO;LIMPIEZA;;;300;Bruno Centurion;AXUM;;CLOROX;False;133770;1;Lista General;ALMACEN - A;44414;06-10-2026;509-LUCAS GODOY;CLOROX;1;0,00000000;1640,84
27700;"MOLINA ARROTEA - (ARTICULO DE LIMPIEZA) 1973";LOMAS DE ZAMORA;2026-10-07;07-10-2026;06-10-2026;FAC-A0001-00343767;Venta;LAGOPUELO S.A;36001;3,00;4922,52;5956,25;Marta Gabriela pighetti;;0,00 %;074;Romina Baez;0742;POETT FRSC TROP 12/900;1640,84;3456;"Venta modificada el 2026-10-06 17:29:21";ALMACEN;ALMACEN;3876,00;NAHUEL MONTOYA;0,00;$;2;GRUPO AYUDIN ARGENTINA S.A;0,00000000;0,00;Contado;;;POETT;CLOROX;;CLOROX;PISO;LAGO PUELO;LIMPIEZA;;;300;Bruno Centurion;AXUM;;CLOROX;False;133770;1;Lista General;ALMACEN - A;44414;06-10-2026;509-LUCAS GODOY;CLOROX;1;0,00000000;1640,84
27528;"Frias - (AUTOSERVICIOS) 922";LOMAS DE ZAMORA;2026-10-07;07-10-2026;06-10-2026;FAC-A0001-00343770;Venta;LAGOPUELO S.A;61816;6,00;17091,36;20680,55;Chen Fengyu;;20,00 %;074;Romina Baez;0742;Sltn MataMosq Aer AccInst 6/360ml BA;2848,56;3456;"";AUTOSERVICIO;Autoservicio A;16434,00;NAHUEL MONTOYA;712,14;$;2;GRUPO AYUDIN ARGENTINA S.A;0,00000000;0,00;Contado;;;SELTON;CLOROX;;CLOROX;SELTON;LAGO PUELO;LIMPIEZA;130;;300;Bruno Centurion;AXUM;;CLOROX;False;133803;1;Lista General;Autoservicio A - A;44418;06-10-2026;509-LUCAS GODOY;CLOROX;1;0,00000000;2848,56
27528;"Frias - (AUTOSERVICIOS) 922";LOMAS DE ZAMORA;2026-10-07;07-10-2026;06-10-2026;FAC-A0001-00343770;Venta;LAGOPUELO S.A;60408;3,00;11443,32;13846,42;Chen Fengyu;;0,00 %;074;Romina Baez;0742;Ayudin Ropa Blancos Supremos 15/700ml;3814,44;3456;"";AUTOSERVICIO;Autoservicio A;8604,00;NAHUEL MONTOYA;0,00;$;2;GRUPO AYUDIN ARGENTINA S.A;0,00000000;0,00;Contado;;;AYUDIN;CLOROX;;CLOROX;LAVADO DE ROPA;LAGO PUELO;LIMPIEZA;;;300;Bruno Centurion;AXUM;;CLOROX;False;133803;1;Lista General;Autoservicio A - A;44418;06-10-2026;509-LUCAS GODOY;CLOROX;1;0,00000000;3814,44
27743;"SAAVEDRA ENTRE GORRITI Y LORIA - (PERFUMERIA) 130";LOMAS DE ZAMORA;2026-10-07;07-10-2026;06-10-2026;FAC-A0001-00343774;Venta;LAGOPUELO S.A;34320;4,00;6563,36;7941,67;SERGIO ;;0,00 %;074;Romina Baez;0742;Poett Desinf. Frescura de Lavanda 900ml;1640,84;3456;"Venta modificada el 2026-10-06 17:29:28";Farmacias y PerfumerÌas;Perfumeria;5168,00;NAHUEL MONTOYA;0,00;$;2;GRUPO AYUDIN ARGENTINA S.A;0,00000000;0,00;Contado;;;POETT;CLOROX;;CLOROX;PISO;LAGO PUELO;LIMPIEZA;;;300;Bruno Centurion;AXUM;;CLOROX;False;133856;1;Lista General;Perfumeria - A;44422;06-10-2026;509-LUCAS GODOY;CLOROX;1;0,00000000;1640,84
27743;"SAAVEDRA ENTRE GORRITI Y LORIA - (PERFUMERIA) 130";LOMAS DE ZAMORA;2026-10-07;07-10-2026;06-10-2026;FAC-A0001-00343774;Venta;LAGOPUELO S.A;34342;4,00;6563,36;7941,67;SERGIO ;;0,00 %;074;Romina Baez;0742;Poett Dsnf AlgrDia 12/900ml;1640,84;3456;"Venta modificada el 2026-10-06 17:29:28";Farmacias y PerfumerÌas;Perfumeria;5168,00;NAHUEL MONTOYA;0,00;$;2;GRUPO AYUDIN ARGENTINA S.A;0,00000000;0,00;Contado;;;POETT;CLOROX;;CLOROX;PISO;LAGO PUELO;LIMPIEZA;;;300;Bruno Centurion;AXUM;;CLOROX;False;133856;1;Lista General;Perfumeria - A;44422;06-10-2026;509-LUCAS GODOY;CLOROX;1;0,00000000;1640,84
27743;"SAAVEDRA ENTRE GORRITI Y LORIA - (PERFUMERIA) 130";LOMAS DE ZAMORA;2026-10-07;07-10-2026;06-10-2026;FAC-A0001-00343774;Venta;LAGOPUELO S.A;34338;4,00;6563,36;7941,67;SERGIO ;;0,00 %;074;Romina Baez;0742;Poett Dsnf MscPrmvra 12/900ml;1640,84;3456;"Venta modificada el 2026-10-06 17:29:28";Farmacias y PerfumerÌas;Perfumeria;5168,00;NAHUEL MONTOYA;0,00;$;2;GRUPO AYUDIN ARGENTINA S.A;0,00000000;0,00;Contado;;;POETT;CLOROX;;CLOROX;PISO;LAGO PUELO;LIMPIEZA;;;300;Bruno Centurion;AXUM;;CLOROX;False;133856;1;Lista General;Perfumeria - A;44422;06-10-2026;509-LUCAS GODOY;CLOROX;1;0,00000000;1640,84
27743;"SAAVEDRA ENTRE GORRITI Y LORIA - (PERFUMERIA) 130";LOMAS DE ZAMORA;2026-10-07;07-10-2026;06-10-2026;FAC-A0001-00343774;Venta;LAGOPUELO S.A;36001;3,00;4922,52;5956,25;SERGIO ;;0,00 %;074;Romina Baez;0742;POETT FRSC TROP 12/900;1640,84;3456;"Venta modificada el 2026-10-06 17:29:28";Farmacias y PerfumerÌas;Perfumeria;3876,00;NAHUEL MONTOYA;0,00;$;2;GRUPO AYUDIN ARGENTINA S.A;0,00000000;0,00;Contado;;;POETT;CLOROX;;CLOROX;PISO;LAGO PUELO;LIMPIEZA;;;300;Bruno Centurion;AXUM;;CLOROX;False;133856;1;Lista General;Perfumeria - A;44422;06-10-2026;509-LUCAS GODOY;CLOROX;1;0,00000000;1640,84
27743;"SAAVEDRA ENTRE GORRITI Y LORIA - (PERFUMERIA) 130";LOMAS DE ZAMORA;2026-10-07;07-10-2026;06-10-2026;FAC-A0001-00343774;Venta;LAGOPUELO S.A;60386;3,00;4922,52;5956,25;SERGIO ;;0,00 %;074;Romina Baez;0742;Poett EsptPly 12/900ml;1640,84;3456;"Venta modificada el 2026-10-06 17:29:28";Farmacias y PerfumerÌas;Perfumeria;3876,00;NAHUEL MONTOYA;0,00;$;2;GRUPO AYUDIN ARGENTINA S.A;0,00000000;0,00;Contado;;;POETT;CLOROX;;CLOROX;PISO;LAGO PUELO;LIMPIEZA;;;300;Bruno Centurion;AXUM;;CLOROX;False;133856;1;Lista General;Perfumeria - A;44422;06-10-2026;509-LUCAS GODOY;CLOROX;1;0,00000000;1640,84
27743;"SAAVEDRA ENTRE GORRITI Y LORIA - (PERFUMERIA) 130";LOMAS DE ZAMORA;2026-10-07;07-10-2026;06-10-2026;FAC-A0001-00343774;Venta;LAGOPUELO S.A;34327;3,00;4922,52;5956,25;SERGIO ;;0,00 %;074;Romina Baez;0742;Poett Desinf. Solo para ti 900ml;1640,84;3456;"Venta modificada el 2026-10-06 17:29:28";Farmacias y PerfumerÌas;Perfumeria;3876,00;NAHUEL MONTOYA;0,00;$;2;GRUPO AYUDIN ARGENTINA S.A;0,00000000;0,00;Contado;;;POETT;CLOROX;;CLOROX;PISO;LAGO PUELO;LIMPIEZA;;;300;Bruno Centurion;AXUM;;CLOROX;False;133856;1;Lista General;Perfumeria - A;44422;06-10-2026;509-LUCAS GODOY;CLOROX;1;0,00000000;1640,84
27743;"SAAVEDRA ENTRE GORRITI Y LORIA - (PERFUMERIA) 130";LOMAS DE ZAMORA;2026-10-07;07-10-2026;06-10-2026;FAC-A0001-00343774;Venta;LAGOPUELO S.A;27816;5,00;11160,50;13504,21;SERGIO ;;0,00 %;074;Romina Baez;0742;Poett Cnsta 12/27.5g                    ;2232,10;3456;"Venta modificada el 2026-10-06 17:29:28";Farmacias y PerfumerÌas;Perfumeria;8585,00;NAHUEL MONTOYA;0,00;$;2;GRUPO AYUDIN ARGENTINA S.A;0,00000000;0,00;Contado;;;POETT;CLOROX;;CLOROX;BAÒO;LAGO PUELO;LIMPIEZA;;;300;Bruno Centurion;AXUM;;CLOROX;False;133856;1;Lista General;Perfumeria - A;44422;06-10-2026;509-LUCAS GODOY;CLOROX;1;0,00000000;2232,10
27743;"SAAVEDRA ENTRE GORRITI Y LORIA - (PERFUMERIA) 130";LOMAS DE ZAMORA;2026-10-07;07-10-2026;06-10-2026;FAC-A0001-00343774;Venta;LAGOPUELO S.A;17927;15,00;15918,75;19261,69;SERGIO ;;0,00 %;074;Romina Baez;0742;AYDN LAVDNA OR 15/1L;1061,25;3456;"Venta modificada el 2026-10-06 17:29:28";Farmacias y PerfumerÌas;Perfumeria;12735,00;NAHUEL MONTOYA;0,00;$;2;GRUPO AYUDIN ARGENTINA S.A;0,00000000;0,00;Contado;;;AYUDIN;CLOROX;;CLOROX;LAVANDINA;LAGO PUELO;LIMPIEZA;;;300;Bruno Centurion;AXUM;;CLOROX;False;133856;1;Lista General;Perfumeria - A;44422;06-10-2026;509-LUCAS GODOY;CLOROX;1;0,00000000;1061,25
27743;"SAAVEDRA ENTRE GORRITI Y LORIA - (PERFUMERIA) 130";LOMAS DE ZAMORA;2026-10-07;07-10-2026;06-10-2026;FAC-A0001-00343774;Venta;LAGOPUELO S.A;36003;8,00;17390,00;21041,90;SERGIO ;;0,00 %;074;Romina Baez;0742;AYDN LAVDNA OR 25g/l 8/2l;2173,75;3456;"Venta modificada el 2026-10-06 17:29:28";Farmacias y PerfumerÌas;Perfumeria;13912,00;NAHUEL MONTOYA;0,00;$;2;GRUPO AYUDIN ARGENTINA S.A;0,00000000;0,00;Contado;;;AYUDIN;CLOROX;;CLOROX;LAVANDINA;LAGO PUELO;LIMPIEZA;;;300;Bruno Centurion;AXUM;;CLOROX;False;133856;1;Lista General;Perfumeria - A;44422;06-10-2026;509-LUCAS GODOY;CLOROX;1;0,00000000;2173,75
27378;"Caraza - (AUTOSERVICIOS) 138";BANFIELD;2026-10-07;07-10-2026;06-10-2026;FAC-A0001-00343775;Venta;LAGOPUELO S.A;34324;12,00;15161,36;18345,25;Timpano Andrea Alejandra;;23,00 %;073;Florencia Cubilla;0732;Poett Desinf. Flores de Primavera 900ml;1263,45;3456;"";ALMACEN;ALMACEN;15504,00;NAHUEL MONTOYA;377,39;$;2;GRUPO AYUDIN ARGENTINA S.A;0,00000000;0,00;Contado;;;POETT;CLOROX;;CLOROX;PISO;LAGO PUELO;LIMPIEZA;;;300;Bruno Centurion;AXUM;;CLOROX;False;133868;1;Lista General;ALMACEN - A;44423;06-10-2026;509-LUCAS GODOY;CLOROX;1;0,00000000;1263,45
27378;"Caraza - (AUTOSERVICIOS) 138";BANFIELD;2026-10-07;07-10-2026;06-10-2026;FAC-A0001-00343775;Venta;LAGOPUELO S.A;34320;12,00;15161,36;18345,25;Timpano Andrea Alejandra;;23,00 %;073;Florencia Cubilla;0732;Poett Desinf. Frescura de Lavanda 900ml;1263,45;3456;"";ALMACEN;ALMACEN;15504,00;NAHUEL MONTOYA;377,39;$;2;GRUPO AYUDIN ARGENTINA S.A;0,00000000;0,00;Contado;;;POETT;CLOROX;;CLOROX;PISO;LAGO PUELO;LIMPIEZA;;;300;Bruno Centurion;AXUM;;CLOROX;False;133868;1;Lista General;ALMACEN - A;44423;06-10-2026;509-LUCAS GODOY;CLOROX;1;0,00000000;1263,45
27378;"Caraza - (AUTOSERVICIOS) 138";BANFIELD;2026-10-07;07-10-2026;06-10-2026;FAC-A0001-00343775;Venta;LAGOPUELO S.A;34327;12,00;15161,36;18345,25;Timpano Andrea Alejandra;;23,00 %;073;Florencia Cubilla;0732;Poett Desinf. Solo para ti 900ml;1263,45;3456;"";ALMACEN;ALMACEN;15504,00;NAHUEL MONTOYA;377,39;$;2;GRUPO AYUDIN ARGENTINA S.A;0,00000000;0,00;Contado;;;POETT;CLOROX;;CLOROX;PISO;LAGO PUELO;LIMPIEZA;;;300;Bruno Centurion;AXUM;;CLOROX;False;133868;1;Lista General;ALMACEN - A;44423;06-10-2026;509-LUCAS GODOY;CLOROX;1;0,00000000;1263,45
27378;"Caraza - (AUTOSERVICIOS) 138";BANFIELD;2026-10-07;07-10-2026;06-10-2026;FAC-A0001-00343775;Venta;LAGOPUELO S.A;34342;12,00;15161,36;18345,25;Timpano Andrea Alejandra;;23,00 %;073;Florencia Cubilla;0732;Poett Dsnf AlgrDia 12/900ml;1263,45;3456;"";ALMACEN;ALMACEN;15504,00;NAHUEL MONTOYA;377,39;$;2;GRUPO AYUDIN ARGENTINA S.A;0,00000000;0,00;Contado;;;POETT;CLOROX;;CLOROX;PISO;LAGO PUELO;LIMPIEZA;;;300;Bruno Centurion;AXUM;;CLOROX;False;133868;1;Lista General;ALMACEN - A;44423;06-10-2026;509-LUCAS GODOY;CLOROX;1;0,00000000;1263,45
27378;"Caraza - (AUTOSERVICIOS) 138";BANFIELD;2026-10-07;07-10-2026;06-10-2026;FAC-A0001-00343775;Venta;LAGOPUELO S.A;34334;12,00;15161,36;18345,25;Timpano Andrea Alejandra;;23,00 %;073;Florencia Cubilla;0732;Poett Dsnf SuadBebe 12/900ml;1263,45;3456;"";ALMACEN;ALMACEN;15504,00;NAHUEL MONTOYA;377,39;$;2;GRUPO AYUDIN ARGENTINA S.A;0,00000000;0,00;Contado;;;POETT;CLOROX;;CLOROX;PISO;LAGO PUELO;LIMPIEZA;;;300;Bruno Centurion;AXUM;;CLOROX;False;133868;1;Lista General;ALMACEN - A;44423;06-10-2026;509-LUCAS GODOY;CLOROX;1;0,00000000;1263,45
27378;"Caraza - (AUTOSERVICIOS) 138";BANFIELD;2026-10-07;07-10-2026;06-10-2026;FAC-A0001-00343775;Venta;LAGOPUELO S.A;60386;12,00;15161,36;18345,25;Timpano Andrea Alejandra;;23,00 %;073;Florencia Cubilla;0732;Poett EsptPly 12/900ml;1263,45;3456;"";ALMACEN;ALMACEN;15504,00;NAHUEL MONTOYA;377,39;$;2;GRUPO AYUDIN ARGENTINA S.A;0,00000000;0,00;Contado;;;POETT;CLOROX;;CLOROX;PISO;LAGO PUELO;LIMPIEZA;;;300;Bruno Centurion;AXUM;;CLOROX;False;133868;1;Lista General;ALMACEN - A;44423;06-10-2026;509-LUCAS GODOY;CLOROX;1;0,00000000;1263,45
5427;"GARONA - (TRADITIONAL TRADE) 1644";LOMAS DE ZAMORA;2026-10-07;07-10-2026;06-10-2026;FAC-A0001-00343776;Venta;LAGOPUELO S.A;16186;6,00;38790,90;46936,99;QIAOYUN LIN;;0,00 %;074;Romina Baez;0742;Plomero Liq 12/1L;6465,15;3456;"";AUTOSERVICIO;Autoservicio A;28734,00;NAHUEL MONTOYA;0,00;$;2;GRUPO AYUDIN ARGENTINA S.A;0,00000000;0,00;Contado;;;AYUDIN;CLOROX;;CLOROX;BAÒO;LAGO PUELO;LIMPIEZA;;;300;Bruno Centurion;AXUM;;CLOROX;False;133880;1;Lista General;Autoservicio A - A;44425;06-10-2026;509-LUCAS GODOY;CLOROX;1;0,00000000;6465,15
27706;"AV. SAN MARTIN - (PERFUMERIA) 3607";LANUS;2026-10-07;07-10-2026;06-10-2026;FAC-A0001-00343781;Venta;LAGOPUELO S.A;61814;60,00;211302,83;255676,42;ARIEL MONTESANTI;;20,01 %;27;Samanta Dogliotti;272;Sltn MataMosq Aer s/OlrQmc 6/360ml BA;3521,71;3454;"";Farmacias y PerfumerÌas;Perfumeria;211320,00;SIMON OLIVERA;880,79;$;2;GRUPO AYUDIN ARGENTINA S.A;0,00000000;0,00;Contado;;;SELTON;CLOROX;;CLOROX;SELTON;LAGO PUELO;LIMPIEZA;132;;25;JOHANA VIGIL;AXUM;;CLOROX;False;133559;1;Lista General;Perfumeria - A;44347;06-10-2026;759-GABRIEL PEREZ;CLOROX;1;0,00000000;3521,71
27706;"AV. SAN MARTIN - (PERFUMERIA) 3607";LANUS;2026-10-07;07-10-2026;06-10-2026;FAC-A0001-00343781;Venta;LAGOPUELO S.A;61816;60,00;170913,60;206805,46;ARIEL MONTESANTI;;20,00 %;27;Samanta Dogliotti;272;Sltn MataMosq Aer AccInst 6/360ml BA;2848,56;3454;"";Farmacias y PerfumerÌas;Perfumeria;164340,00;SIMON OLIVERA;712,14;$;2;GRUPO AYUDIN ARGENTINA S.A;0,00000000;0,00;Contado;;;SELTON;CLOROX;;CLOROX;SELTON;LAGO PUELO;LIMPIEZA;130;;25;JOHANA VIGIL;AXUM;;CLOROX;False;133559;1;Lista General;Perfumeria - A;44347;06-10-2026;759-GABRIEL PEREZ;CLOROX;1;0,00000000;2848,56
102414;"San Martin 3385 0";LANUS;2026-10-07;07-10-2026;06-10-2026;FAC-A0001-00343783;Venta;LAGOPUELO S.A;61046;15,00;22306,05;26990,32;Wei Chengle;;18,00 %;28;Nadia Diaz;282;Aydn RopQuitMnch BlncInt 15/1l;1487,07;3454;"";AUTOSERVICIO;AUTOSERVICIO;20925,00;SIMON OLIVERA;326,43;$;2;GRUPO AYUDIN ARGENTINA S.A;0,00000000;0,00;Efectivo;;;AYUDIN;CLOROX;;CLOROX;LAVADO DE ROPA;LAGO PUELO;LIMPIEZA;135;;25;JOHANA VIGIL;AXUM;;CLOROX;False;133592;1;Lista General;AUTOSERVICIO - A;44350;06-10-2026;759-GABRIEL PEREZ;CLOROX;1;0,00000000;1487,07
102414;"San Martin 3385 0";LANUS;2026-10-07;07-10-2026;06-10-2026;FAC-A0001-00343783;Venta;LAGOPUELO S.A;60231;15,00;24339,00;29450,19;Wei Chengle;;0,00 %;28;Nadia Diaz;282;Aydn A-Sp Trad 15/1l GP2;1622,60;3454;"";AUTOSERVICIO;AUTOSERVICIO;18300,00;SIMON OLIVERA;0,00;$;2;GRUPO AYUDIN ARGENTINA S.A;0,00000000;0,00;Efectivo;;;AYUDIN;CLOROX;;CLOROX;LAVANDINA;LAGO PUELO;LIMPIEZA;;;25;JOHANA VIGIL;AXUM;;CLOROX;False;133592;1;Lista General;AUTOSERVICIO - A;44350;06-10-2026;759-GABRIEL PEREZ;CLOROX;1;0,00000000;1622,60
102414;"San Martin 3385 0";LANUS;2026-10-07;07-10-2026;06-10-2026;FAC-A0001-00343783;Venta;LAGOPUELO S.A;61047;8,00;23682,26;28655,53;Wei Chengle;;18,00 %;28;Nadia Diaz;282;Aydn RopQuitMnch BlncInt 8/2l;2960,28;3454;"";AUTOSERVICIO;AUTOSERVICIO;22216,00;SIMON OLIVERA;649,82;$;2;GRUPO AYUDIN ARGENTINA S.A;0,00000000;0,00;Efectivo;;;AYUDIN;CLOROX;;CLOROX;LAVADO DE ROPA;LAGO PUELO;LIMPIEZA;136;;25;JOHANA VIGIL;AXUM;;CLOROX;False;133592;1;Lista General;AUTOSERVICIO - A;44350;06-10-2026;759-GABRIEL PEREZ;CLOROX;1;0,00000000;2960,28
102414;"San Martin 3385 0";LANUS;2026-10-07;07-10-2026;06-10-2026;FAC-A0001-00343783;Venta;LAGOPUELO S.A;34321;8,00;25771,20;31183,15;Wei Chengle;;0,00 %;28;Nadia Diaz;282;Poett Desinf. Frescura de Lavanda 1.8ml;3221,40;3454;"";AUTOSERVICIO;AUTOSERVICIO;19824,00;SIMON OLIVERA;0,00;$;2;GRUPO AYUDIN ARGENTINA S.A;0,00000000;0,00;Efectivo;;;POETT;CLOROX;;CLOROX;PISO;LAGO PUELO;LIMPIEZA;;;25;JOHANA VIGIL;AXUM;;CLOROX;False;133592;1;Lista General;AUTOSERVICIO - A;44350;06-10-2026;759-GABRIEL PEREZ;CLOROX;1;0,00000000;3221,40
102414;"San Martin 3385 0";LANUS;2026-10-07;07-10-2026;06-10-2026;FAC-A0001-00343783;Venta;LAGOPUELO S.A;33575;6,00;11387,46;13778,83;Wei Chengle;;0,00 %;28;Nadia Diaz;282;Aydn Ropa ClrViv DoyPk 16/400ml;1897,91;3454;"";AUTOSERVICIO;AUTOSERVICIO;8562,00;SIMON OLIVERA;0,00;$;2;GRUPO AYUDIN ARGENTINA S.A;0,00000000;0,00;Efectivo;;;AYUDIN;CLOROX;;CLOROX;LAVADO DE ROPA;LAGO PUELO;LIMPIEZA;;;25;JOHANA VIGIL;AXUM;;CLOROX;False;133592;1;Lista General;AUTOSERVICIO - A;44350;06-10-2026;759-GABRIEL PEREZ;CLOROX;1;0,00000000;1897,91
695;"AV SAN MARTIN 4142";Lan˙s;2026-10-07;07-10-2026;06-10-2026;FAC-A0001-00343784;Venta;LAGOPUELO S.A;61047;8,00;23682,26;28655,53;Weng Xiuxia;;18,00 %;27;Samanta Dogliotti;272;Aydn RopQuitMnch BlncInt 8/2l;2960,28;3454;"";AUTOSERVICIO;AUTOSERVICIO;22216,00;SIMON OLIVERA;649,82;$;2;GRUPO AYUDIN ARGENTINA S.A;0,00000000;0,00;Efectivo;;;AYUDIN;CLOROX;;CLOROX;LAVADO DE ROPA;LAGO PUELO;LIMPIEZA;136;;25;JOHANA VIGIL;AXUM;;CLOROX;False;133629;1;Lista General;AUTOSERVICIO - A;44351;06-10-2026;759-GABRIEL PEREZ;CLOROX;1;0,00000000;2960,28
695;"AV SAN MARTIN 4142";Lan˙s;2026-10-07;07-10-2026;06-10-2026;FAC-A0001-00343784;Venta;LAGOPUELO S.A;17994;12,00;32015,76;38739,07;Weng Xiuxia;;0,00 %;27;Samanta Dogliotti;272;ArcIris DoyPk 12/500ml                  ;2667,98;3454;"";AUTOSERVICIO;AUTOSERVICIO;24072,00;SIMON OLIVERA;0,00;$;2;GRUPO AYUDIN ARGENTINA S.A;0,00000000;0,00;Efectivo;;;ARCOIRIS;CLOROX;;CLOROX;OTROS LIMPIADORES;LAGO PUELO;LIMPIEZA;;;25;JOHANA VIGIL;AXUM;;CLOROX;False;133629;1;Lista General;AUTOSERVICIO - A;44351;06-10-2026;759-GABRIEL PEREZ;CLOROX;1;0,00000000;2667,98
107796;"Mendoza 3259 0";LANUS;2026-10-07;07-10-2026;06-10-2026;FAC-A0001-00343785;Venta;LAGOPUELO S.A;60233;15,00;37086,05;44874,12;Feng Teng;;15,00 %;28;Nadia Diaz;282;Aydn Lavdna Gel Or 15/700ml GP2;2472,40;3454;"";AUTOSERVICIO;AUTOSERVICIO;32805,00;SIMON OLIVERA;436,31;$;2;GRUPO AYUDIN ARGENTINA S.A;0,00000000;0,00;Efectivo;;;AYUDIN;CLOROX;;CLOROX;LAVANDINA;LAGO PUELO;LIMPIEZA;110;;25;JOHANA VIGIL;AXUM;;CLOROX;False;133685;1;Lista General;AUTOSERVICIO - A;44355;06-10-2026;759-GABRIEL PEREZ;CLOROX;1;0,00000000;2472,40
107796;"Mendoza 3259 0";LANUS;2026-10-07;07-10-2026;06-10-2026;FAC-A0001-00343785;Venta;LAGOPUELO S.A;60234;15,00;37086,05;44874,12;Feng Teng;;15,00 %;28;Nadia Diaz;282;Aydn Lavdna Gel Ctra 15/700ml GP2;2472,40;3454;"";AUTOSERVICIO;AUTOSERVICIO;32805,00;SIMON OLIVERA;436,31;$;2;GRUPO AYUDIN ARGENTINA S.A;0,00000000;0,00;Efectivo;;;AYUDIN;CLOROX;;CLOROX;LAVANDINA;LAGO PUELO;LIMPIEZA;113;;25;JOHANA VIGIL;AXUM;;CLOROX;False;133685;1;Lista General;AUTOSERVICIO - A;44355;06-10-2026;759-GABRIEL PEREZ;CLOROX;1;0,00000000;2472,40
107796;"Mendoza 3259 0";LANUS;2026-10-07;07-10-2026;06-10-2026;FAC-A0001-00343785;Venta;LAGOPUELO S.A;60237;15,00;37086,05;44874,12;Feng Teng;;15,00 %;28;Nadia Diaz;282;Aydn Lavdna Gel Flr 15/700ml GP2;2472,40;3454;"";AUTOSERVICIO;AUTOSERVICIO;32805,00;SIMON OLIVERA;436,31;$;2;GRUPO AYUDIN ARGENTINA S.A;0,00000000;0,00;Efectivo;;;AYUDIN;CLOROX;;CLOROX;LAVANDINA;LAGO PUELO;LIMPIEZA;114;;25;JOHANA VIGIL;AXUM;;CLOROX;False;133685;1;Lista General;AUTOSERVICIO - A;44355;06-10-2026;759-GABRIEL PEREZ;CLOROX;1;0,00000000;2472,40
107563;"Gobernador Yrigoyen 68 0";LANUS;2026-10-07;07-10-2026;06-10-2026;FAC-A0001-00343788;Venta;LAGOPUELO S.A;17927;75,00;61287,19;74157,50;Bibiana Rabena;;23,00 %;30;Oriana Songini;302;AYDN LAVDNA OR 15/1L;817,16;3454;"";AUTOSERVICIO;AUTOSERVICIO;63675,00;SIMON OLIVERA;244,09;$;2;GRUPO AYUDIN ARGENTINA S.A;0,00000000;0,00;Efectivo;;;AYUDIN;CLOROX;;CLOROX;LAVANDINA;LAGO PUELO;LIMPIEZA;;;25;JOHANA VIGIL;AXUM;;CLOROX;False;133717;1;Lista General;AUTOSERVICIO - A;44358;06-10-2026;759-GABRIEL PEREZ;CLOROX;1;0,00000000;817,16
107563;"Gobernador Yrigoyen 68 0";LANUS;2026-10-07;07-10-2026;06-10-2026;FAC-A0001-00343788;Venta;LAGOPUELO S.A;61046;15,00;22306,05;26990,32;Bibiana Rabena;;18,00 %;30;Oriana Songini;302;Aydn RopQuitMnch BlncInt 15/1l;1487,07;3454;"";AUTOSERVICIO;AUTOSERVICIO;20925,00;SIMON OLIVERA;326,43;$;2;GRUPO AYUDIN ARGENTINA S.A;0,00000000;0,00;Efectivo;;;AYUDIN;CLOROX;;CLOROX;LAVADO DE ROPA;LAGO PUELO;LIMPIEZA;135;;25;JOHANA VIGIL;AXUM;;CLOROX;False;133717;1;Lista General;AUTOSERVICIO - A;44358;06-10-2026;759-GABRIEL PEREZ;CLOROX;1;0,00000000;1487,07
102485;"Marco Avellaneda 5524 0";LANUS;2026-10-07;07-10-2026;06-10-2026;FAC-A0001-00343793;Venta;LAGOPUELO S.A;60233;3,00;8726,13;10558,62;Roberto Jimenez;;0,00 %;26;Sabrina Pereyra;262;Aydn Lavdna Gel Or 15/700ml GP2;2908,71;3454;"";Tradicionales;Almacen;6561,00;SIMON OLIVERA;0,00;$;2;GRUPO AYUDIN ARGENTINA S.A;0,00000000;0,00;Efectivo;;;AYUDIN;CLOROX;;CLOROX;LAVANDINA;LAGO PUELO;LIMPIEZA;;;25;JOHANA VIGIL;AXUM;;CLOROX;False;133777;1;Lista General;Almacen - A;44363;06-10-2026;759-GABRIEL PEREZ;CLOROX;1;0,00000000;2908,71
102485;"Marco Avellaneda 5524 0";LANUS;2026-10-07;07-10-2026;06-10-2026;FAC-A0001-00343793;Venta;LAGOPUELO S.A;61046;6,00;10881,00;13166,01;Roberto Jimenez;;0,00 %;26;Sabrina Pereyra;262;Aydn RopQuitMnch BlncInt 15/1l;1813,50;3454;"";Tradicionales;Almacen;8370,00;SIMON OLIVERA;0,00;$;2;GRUPO AYUDIN ARGENTINA S.A;0,00000000;0,00;Efectivo;;;AYUDIN;CLOROX;;CLOROX;LAVADO DE ROPA;LAGO PUELO;LIMPIEZA;;;25;JOHANA VIGIL;AXUM;;CLOROX;False;133777;1;Lista General;Almacen - A;44363;06-10-2026;759-GABRIEL PEREZ;CLOROX;1;0,00000000;1813,50
102301;"Jujuy (tocar Timbre) 2061 0";LANUS;2026-10-07;07-10-2026;06-10-2026;FAC-A0001-00343794;Venta;LAGOPUELO S.A;36003;8,00;13912,00;16833,52;Zheng Muzhu;;20,00 %;29;Camila Navarrete;292;AYDN LAVDNA OR 25g/l 8/2l;1739,00;3454;"";AUTOSERVICIO;AUTOSERVICIO;13912,00;SIMON OLIVERA;434,75;$;2;GRUPO AYUDIN ARGENTINA S.A;0,00000000;0,00;Efectivo;;;AYUDIN;CLOROX;;CLOROX;LAVANDINA;LAGO PUELO;LIMPIEZA;;;25;JOHANA VIGIL;AXUM;;CLOROX;False;133790;1;Lista General;AUTOSERVICIO - A;44364;06-10-2026;759-GABRIEL PEREZ;CLOROX;1;0,00000000;1739,00
102301;"Jujuy (tocar Timbre) 2061 0";LANUS;2026-10-07;07-10-2026;06-10-2026;FAC-A0001-00343794;Venta;LAGOPUELO S.A;60222;15,00;17403,75;21058,54;Zheng Muzhu;;15,00 %;29;Camila Navarrete;292;Aydn Lavda TriPod 15/1l GP2;1160,25;3454;"";AUTOSERVICIO;AUTOSERVICIO;15750,00;SIMON OLIVERA;204,75;$;2;GRUPO AYUDIN ARGENTINA S.A;0,00000000;0,00;Efectivo;;;AYUDIN;CLOROX;;CLOROX;LAVANDINA;LAGO PUELO;LIMPIEZA;108;;25;JOHANA VIGIL;AXUM;;CLOROX;False;133790;1;Lista General;AUTOSERVICIO - A;44364;06-10-2026;759-GABRIEL PEREZ;CLOROX;1;0,00000000;1160,25
27745;"Tagle E/Olazabal y 1 de Mayo - (PERFUMERIA) 3938";LANUS;2026-10-07;07-10-2026;06-10-2026;FAC-A0001-00343802;Venta;LAGOPUELO S.A;36012;48,00;68905,08;83375,15;Brito Patricia Claudia;;15,00 %;27;Samanta Dogliotti;272;Selton espirales 48x 12u;1435,52;3454;"";Farmacias y PerfumerÌas;Perfumeria;60048,00;SIMON OLIVERA;253,33;$;2;GRUPO AYUDIN ARGENTINA S.A;0,00000000;0,00;Contado;;;SELTON;CLOROX;;CLOROX;SELTON;LAGO PUELO;LIMPIEZA;133;;25;JOHANA VIGIL;AXUM;;CLOROX;False;133956;1;Lista General;Perfumeria - A;44377;06-10-2026;759-GABRIEL PEREZ;CLOROX;1;0,00000000;1435,52
101115;"Gral. Olazabal N 4282 1 0";LANUS;2026-10-07;07-10-2026;06-10-2026;FAC-A0001-00343806;Venta;LAGOPUELO S.A;61576;10,00;17459,00;21125,39;He Yangxing;;0,00 %;27;Samanta Dogliotti;272;Aydn Bn Limp† Act Or DoyPk 16/450ml;1745,90;3454;"";AUTOSERVICIO;AUTOSERVICIO;13430,00;SIMON OLIVERA;0,00;$;2;GRUPO AYUDIN ARGENTINA S.A;0,00000000;0,00;Efectivo;;;AYUDIN;CLOROX;;CLOROX;BAÒO;LAGO PUELO;LIMPIEZA;;;25;JOHANA VIGIL;AXUM;;CLOROX;False;133974;1;Lista General;AUTOSERVICIO - A;44385;06-10-2026;759-GABRIEL PEREZ;CLOROX;1;0,00000000;1745,90
101115;"Gral. Olazabal N 4282 1 0";LANUS;2026-10-07;07-10-2026;06-10-2026;FAC-A0001-00343806;Venta;LAGOPUELO S.A;61577;10,00;14846,00;17963,66;He Yangxing;;0,00 %;27;Samanta Dogliotti;272;Aydn Coc† Pod Act Or† DoyPk 16/450ml;1484,60;3454;"";AUTOSERVICIO;AUTOSERVICIO;11420,00;SIMON OLIVERA;0,00;$;2;GRUPO AYUDIN ARGENTINA S.A;0,00000000;0,00;Efectivo;;;AYUDIN;CLOROX;;CLOROX;COCINA;LAGO PUELO;LIMPIEZA;;;25;JOHANA VIGIL;AXUM;;CLOROX;False;133974;1;Lista General;AUTOSERVICIO - A;44385;06-10-2026;759-GABRIEL PEREZ;CLOROX;1;0,00000000;1484,60
101115;"Gral. Olazabal N 4282 1 0";LANUS;2026-10-07;07-10-2026;06-10-2026;FAC-A0001-00343806;Venta;LAGOPUELO S.A;16186;3,00;19395,45;23468,49;He Yangxing;;0,00 %;27;Samanta Dogliotti;272;Plomero Liq 12/1L;6465,15;3454;"";AUTOSERVICIO;AUTOSERVICIO;14367,00;SIMON OLIVERA;0,00;$;2;GRUPO AYUDIN ARGENTINA S.A;0,00000000;0,00;Efectivo;;;AYUDIN;CLOROX;;CLOROX;BAÒO;LAGO PUELO;LIMPIEZA;;;25;JOHANA VIGIL;AXUM;;CLOROX;False;133974;1;Lista General;AUTOSERVICIO - A;44385;06-10-2026;759-GABRIEL PEREZ;CLOROX;1;0,00000000;6465,15
101115;"Gral. Olazabal N 4282 1 0";LANUS;2026-10-07;07-10-2026;06-10-2026;FAC-A0001-00343806;Venta;LAGOPUELO S.A;34324;12,00;15161,36;18345,25;He Yangxing;;23,00 %;27;Samanta Dogliotti;272;Poett Desinf. Flores de Primavera 900ml;1263,45;3454;"";AUTOSERVICIO;AUTOSERVICIO;15504,00;SIMON OLIVERA;377,39;$;2;GRUPO AYUDIN ARGENTINA S.A;0,00000000;0,00;Efectivo;;;POETT;CLOROX;;CLOROX;PISO;LAGO PUELO;LIMPIEZA;;;25;JOHANA VIGIL;AXUM;;CLOROX;False;133974;1;Lista General;AUTOSERVICIO - A;44385;06-10-2026;759-GABRIEL PEREZ;CLOROX;1;0,00000000;1263,45
101115;"Gral. Olazabal N 4282 1 0";LANUS;2026-10-07;07-10-2026;06-10-2026;FAC-A0001-00343806;Venta;LAGOPUELO S.A;34320;12,00;15161,36;18345,25;He Yangxing;;23,00 %;27;Samanta Dogliotti;272;Poett Desinf. Frescura de Lavanda 900ml;1263,45;3454;"";AUTOSERVICIO;AUTOSERVICIO;15504,00;SIMON OLIVERA;377,39;$;2;GRUPO AYUDIN ARGENTINA S.A;0,00000000;0,00;Efectivo;;;POETT;CLOROX;;CLOROX;PISO;LAGO PUELO;LIMPIEZA;;;25;JOHANA VIGIL;AXUM;;CLOROX;False;133974;1;Lista General;AUTOSERVICIO - A;44385;06-10-2026;759-GABRIEL PEREZ;CLOROX;1;0,00000000;1263,45
101115;"Gral. Olazabal N 4282 1 0";LANUS;2026-10-07;07-10-2026;06-10-2026;FAC-A0001-00343806;Venta;LAGOPUELO S.A;34327;12,00;15161,36;18345,25;He Yangxing;;23,00 %;27;Samanta Dogliotti;272;Poett Desinf. Solo para ti 900ml;1263,45;3454;"";AUTOSERVICIO;AUTOSERVICIO;15504,00;SIMON OLIVERA;377,39;$;2;GRUPO AYUDIN ARGENTINA S.A;0,00000000;0,00;Efectivo;;;POETT;CLOROX;;CLOROX;PISO;LAGO PUELO;LIMPIEZA;;;25;JOHANA VIGIL;AXUM;;CLOROX;False;133974;1;Lista General;AUTOSERVICIO - A;44385;06-10-2026;759-GABRIEL PEREZ;CLOROX;1;0,00000000;1263,45
101115;"Gral. Olazabal N 4282 1 0";LANUS;2026-10-07;07-10-2026;06-10-2026;FAC-A0001-00343806;Venta;LAGOPUELO S.A;60386;12,00;15161,36;18345,25;He Yangxing;;23,00 %;27;Samanta Dogliotti;272;Poett EsptPly 12/900ml;1263,45;3454;"";AUTOSERVICIO;AUTOSERVICIO;15504,00;SIMON OLIVERA;377,39;$;2;GRUPO AYUDIN ARGENTINA S.A;0,00000000;0,00;Efectivo;;;POETT;CLOROX;;CLOROX;PISO;LAGO PUELO;LIMPIEZA;;;25;JOHANA VIGIL;AXUM;;CLOROX;False;133974;1;Lista General;AUTOSERVICIO - A;44385;06-10-2026;759-GABRIEL PEREZ;CLOROX;1;0,00000000;1263,45
101115;"Gral. Olazabal N 4282 1 0";LANUS;2026-10-07;07-10-2026;06-10-2026;FAC-A0001-00343806;Venta;LAGOPUELO S.A;34338;12,00;15161,36;18345,25;He Yangxing;;23,00 %;27;Samanta Dogliotti;272;Poett Dsnf MscPrmvra 12/900ml;1263,45;3454;"";AUTOSERVICIO;AUTOSERVICIO;15504,00;SIMON OLIVERA;377,39;$;2;GRUPO AYUDIN ARGENTINA S.A;0,00000000;0,00;Efectivo;;;POETT;CLOROX;;CLOROX;PISO;LAGO PUELO;LIMPIEZA;;;25;JOHANA VIGIL;AXUM;;CLOROX;False;133974;1;Lista General;AUTOSERVICIO - A;44385;06-10-2026;759-GABRIEL PEREZ;CLOROX;1;0,00000000;1263,45
27441;"Venezuela - (AUTOSERVICIOS) 1276";EZEIZA;2026-10-07;07-10-2026;05-10-2026;FAC-A0001-00343807;Venta;LAGOPUELO S.A;18026;4,00;10285,60;12445,58;Yan Cheng;;0,00 %;075;Julieta Yegros;0751;Aydn Dsnf PstWC 36/16g                  ;2571,40;3458;"Venta modificada el 2026-10-06 17:45:07";AUTOSERVICIO;Autoservicio A;7912,00;WALTER JANIUK;0,00;$;2;GRUPO AYUDIN ARGENTINA S.A;0,00000000;0,00;Contado;;;AYUDIN;CLOROX;;CLOROX;COCINA;LAGO PUELO;LIMPIEZA;;;300;Bruno Centurion;AXUM;;CLOROX;False;132868;1;Lista General;Autoservicio A - A;44533;06-10-2026;759-GABRIEL PEREZ;CLOROX;1;0,00000000;2571,40
23664;"TOMAS A EDISON - (AUTOSERVICIOS) 555";EL JAGUEL;2026-10-07;07-10-2026;06-10-2026;FAC-A0001-00343811;Venta;LAGOPUELO S.A;60226;15,00;17403,75;21058,54;YAN SHIYUMEI;;15,00 %;064;Karina Fernandez;0642;Aydn PurGlac TriPod 15/1l GP2;1160,25;3458;"";AUTOSERVICIO;Autoservicio A;15750,00;WALTER JANIUK;204,75;$;2;GRUPO AYUDIN ARGENTINA S.A;0,00000000;0,00;Contado;;;AYUDIN;CLOROX;;CLOROX;LAVANDINA;LAGO PUELO;LIMPIEZA;111;;300;Bruno Centurion;AXUM;;CLOROX;False;133403;1;Lista General;Autoservicio A - A;44537;06-10-2026;759-GABRIEL PEREZ;CLOROX;1;0,00000000;1160,25
23664;"TOMAS A EDISON - (AUTOSERVICIOS) 555";EL JAGUEL;2026-10-07;07-10-2026;06-10-2026;FAC-A0001-00343811;Venta;LAGOPUELO S.A;36003;120,00;195637,50;236721,38;YAN SHIYUMEI;;25,00 %;064;Karina Fernandez;0642;AYDN LAVDNA OR 25g/l 8/2l;1630,31;3458;"";AUTOSERVICIO;Autoservicio A;208680,00;WALTER JANIUK;543,44;$;2;GRUPO AYUDIN ARGENTINA S.A;0,00000000;0,00;Contado;;;AYUDIN;CLOROX;;CLOROX;LAVANDINA;LAGO PUELO;LIMPIEZA;;;300;Bruno Centurion;AXUM;;CLOROX;False;133403;1;Lista General;Autoservicio A - A;44537;06-10-2026;759-GABRIEL PEREZ;CLOROX;1;0,00000000;1630,31
27660;"TUYUTI - (TRADICIONAL) 1098";EZEIZA;2026-10-07;07-10-2026;06-10-2026;FAC-A0001-00343812;Venta;LAGOPUELO S.A;36003;8,00;13912,00;16833,52;FABRICIO ESCURRA ILJUSZYK;;20,00 %;075;Julieta Yegros;0752;AYDN LAVDNA OR 25g/l 8/2l;1739,00;3458;"";AUTOSERVICIO;Autoservicio B;13912,00;WALTER JANIUK;434,75;$;2;GRUPO AYUDIN ARGENTINA S.A;0,00000000;0,00;Contado;;;AYUDIN;CLOROX;;CLOROX;LAVANDINA;LAGO PUELO;LIMPIEZA;;;300;Bruno Centurion;AXUM;;CLOROX;False;133441;1;Lista General;Autoservicio B - A;44554;06-10-2026;759-GABRIEL PEREZ;CLOROX;1;0,00000000;1739,00
23665;"ESQUIU - (AUTOSERVICIOS) 1278";ESTEBAN ECHEVERR√¬çA;2026-10-07;07-10-2026;06-10-2026;FAC-A0001-00343818;Venta;LAGOPUELO S.A;17927;675,00;501440,63;606743,16;LUCAS (SUPERLUNA);;30,00 %;064;Karina Fernandez;0642;AYDN LAVDNA OR 15/1L;742,88;3458;"";AUTOSERVICIO;Autoservicio A;573075,00;WALTER JANIUK;318,38;$;2;GRUPO AYUDIN ARGENTINA S.A;0,00000000;0,00;Contado;;;AYUDIN;CLOROX;;CLOROX;LAVANDINA;LAGO PUELO;LIMPIEZA;;;300;Bruno Centurion;AXUM;;CLOROX;False;133531;1;Lista General;Autoservicio A - A;44542;06-10-2026;759-GABRIEL PEREZ;CLOROX;1;0,00000000;742,88
27464;"Diego Laure - (AUTOSERVICIOS) 278";EZEIZA;2026-10-07;07-10-2026;06-10-2026;FAC-A0001-00343820;Venta;LAGOPUELO S.A;60234;30,00;74172,11;89748,25;Zhang Baojin;;15,00 %;075;Julieta Yegros;0752;Aydn Lavdna Gel Ctra 15/700ml GP2;2472,40;3458;"";AUTOSERVICIO;Autoservicio A;65610,00;WALTER JANIUK;436,31;$;2;GRUPO AYUDIN ARGENTINA S.A;0,00000000;0,00;Contado;;;AYUDIN;CLOROX;;CLOROX;LAVANDINA;LAGO PUELO;LIMPIEZA;113;;300;Bruno Centurion;AXUM;;CLOROX;False;133546;1;Lista General;Autoservicio A - A;44543;06-10-2026;759-GABRIEL PEREZ;CLOROX;1;0,00000000;2472,40
27464;"Diego Laure - (AUTOSERVICIOS) 278";EZEIZA;2026-10-07;07-10-2026;06-10-2026;FAC-A0001-00343820;Venta;LAGOPUELO S.A;60237;30,00;74172,11;89748,25;Zhang Baojin;;15,00 %;075;Julieta Yegros;0752;Aydn Lavdna Gel Flr 15/700ml GP2;2472,40;3458;"";AUTOSERVICIO;Autoservicio A;65610,00;WALTER JANIUK;436,31;$;2;GRUPO AYUDIN ARGENTINA S.A;0,00000000;0,00;Contado;;;AYUDIN;CLOROX;;CLOROX;LAVANDINA;LAGO PUELO;LIMPIEZA;114;;300;Bruno Centurion;AXUM;;CLOROX;False;133546;1;Lista General;Autoservicio A - A;44543;06-10-2026;759-GABRIEL PEREZ;CLOROX;1;0,00000000;2472,40
27464;"Diego Laure - (AUTOSERVICIOS) 278";EZEIZA;2026-10-07;07-10-2026;06-10-2026;FAC-A0001-00343820;Venta;LAGOPUELO S.A;60240;30,00;74172,11;89748,25;Zhang Baojin;;15,00 %;075;Julieta Yegros;0752;Aydn Lavdna Gel Lavda EXPRT 15/700ml GP2;2472,40;3458;"";AUTOSERVICIO;Autoservicio A;65610,00;WALTER JANIUK;436,31;$;2;GRUPO AYUDIN ARGENTINA S.A;0,00000000;0,00;Contado;;;AYUDIN;CLOROX;;CLOROX;LAVANDINA;LAGO PUELO;LIMPIEZA;116;;300;Bruno Centurion;AXUM;;CLOROX;False;133546;1;Lista General;Autoservicio A - A;44543;06-10-2026;759-GABRIEL PEREZ;CLOROX;1;0,00000000;2472,40
27464;"Diego Laure - (AUTOSERVICIOS) 278";EZEIZA;2026-10-07;07-10-2026;06-10-2026;FAC-A0001-00343820;Venta;LAGOPUELO S.A;60239;30,00;74172,11;89748,25;Zhang Baojin;;15,00 %;075;Julieta Yegros;0752;Aydn Lavdna Gel MntFrs 15/700ml GP2;2472,40;3458;"";AUTOSERVICIO;Autoservicio A;65610,00;WALTER JANIUK;436,31;$;2;GRUPO AYUDIN ARGENTINA S.A;0,00000000;0,00;Contado;;;AYUDIN;CLOROX;;CLOROX;LAVANDINA;LAGO PUELO;LIMPIEZA;115;;300;Bruno Centurion;AXUM;;CLOROX;False;133546;1;Lista General;Autoservicio A - A;44543;06-10-2026;759-GABRIEL PEREZ;CLOROX;1;0,00000000;2472,40
27464;"Diego Laure - (AUTOSERVICIOS) 278";EZEIZA;2026-10-07;07-10-2026;06-10-2026;FAC-A0001-00343820;Venta;LAGOPUELO S.A;19874;3,00;12295,80;14877,92;Zhang Baojin;;0,00 %;075;Julieta Yegros;0752;Poett Frgnz SvdBeb 12/250ml AR          ;4098,60;3458;"";AUTOSERVICIO;Autoservicio A;9108,00;WALTER JANIUK;0,00;$;2;GRUPO AYUDIN ARGENTINA S.A;0,00000000;0,00;Contado;;;POETT;CLOROX;;CLOROX;AERO POETT;LAGO PUELO;LIMPIEZA;;;300;Bruno Centurion;AXUM;;CLOROX;False;133546;1;Lista General;Autoservicio A - A;44543;06-10-2026;759-GABRIEL PEREZ;CLOROX;1;0,00000000;4098,60
27464;"Diego Laure - (AUTOSERVICIOS) 278";EZEIZA;2026-10-07;07-10-2026;06-10-2026;FAC-A0001-00343820;Venta;LAGOPUELO S.A;50087;3,00;12295,80;14877,92;Zhang Baojin;;0,00 %;075;Julieta Yegros;0752;Poett Frgnz Huellitas 12/250ml AR;4098,60;3458;"";AUTOSERVICIO;Autoservicio A;9108,00;WALTER JANIUK;0,00;$;2;GRUPO AYUDIN ARGENTINA S.A;0,00000000;0,00;Contado;;;POETT;CLOROX;;CLOROX;AERO POETT;LAGO PUELO;LIMPIEZA;;;300;Bruno Centurion;AXUM;;CLOROX;False;133546;1;Lista General;Autoservicio A - A;44543;06-10-2026;759-GABRIEL PEREZ;CLOROX;1;0,00000000;4098,60
27464;"Diego Laure - (AUTOSERVICIOS) 278";EZEIZA;2026-10-07;07-10-2026;06-10-2026;FAC-A0001-00343820;Venta;LAGOPUELO S.A;60402;15,00;53211,44;64385,84;Zhang Baojin;;7,00 %;075;Julieta Yegros;0752;Ayudin Ropa Colores Vivos 15/700ml;3547,43;3458;"";AUTOSERVICIO;Autoservicio A;43020,00;WALTER JANIUK;267,01;$;2;GRUPO AYUDIN ARGENTINA S.A;0,00000000;0,00;Contado;;;AYUDIN;CLOROX;;CLOROX;LAVADO DE ROPA;LAGO PUELO;LIMPIEZA;;;300;Bruno Centurion;AXUM;;CLOROX;False;133546;1;Lista General;Autoservicio A - A;44543;06-10-2026;759-GABRIEL PEREZ;CLOROX;1;0,00000000;3547,43
27464;"Diego Laure - (AUTOSERVICIOS) 278";EZEIZA;2026-10-07;07-10-2026;06-10-2026;FAC-A0001-00343820;Venta;LAGOPUELO S.A;34321;8,00;25771,20;31183,15;Zhang Baojin;;0,00 %;075;Julieta Yegros;0752;Poett Desinf. Frescura de Lavanda 1.8ml;3221,40;3458;"";AUTOSERVICIO;Autoservicio A;19824,00;WALTER JANIUK;0,00;$;2;GRUPO AYUDIN ARGENTINA S.A;0,00000000;0,00;Contado;;;POETT;CLOROX;;CLOROX;PISO;LAGO PUELO;LIMPIEZA;;;300;Bruno Centurion;AXUM;;CLOROX;False;133546;1;Lista General;Autoservicio A - A;44543;06-10-2026;759-GABRIEL PEREZ;CLOROX;1;0,00000000;3221,40
29055;"EDISON - (TRADICIONAL) 1476";EL JAGUEL;2026-10-07;07-10-2026;06-10-2026;FAC-A0001-00343822;Venta;LAGOPUELO S.A;17927;15,00;15918,75;19261,69;VERONICA VIVIANA ALVAREZ;;0,00 %;064;Karina Fernandez;0642;AYDN LAVDNA OR 15/1L;1061,25;3458;"";AUTOSERVICIO;Autoservicio B;12735,00;WALTER JANIUK;0,00;$;2;GRUPO AYUDIN ARGENTINA S.A;0,00000000;0,00;Contado;;;AYUDIN;CLOROX;;CLOROX;LAVANDINA;LAGO PUELO;LIMPIEZA;;;300;Bruno Centurion;AXUM;;CLOROX;False;133594;1;Lista General;Autoservicio B - A;44547;06-10-2026;759-GABRIEL PEREZ;CLOROX;1;0,00000000;1061,25
23785;"CABILDO - (TRADICIONAL) 513";ESTEBAN ECHEVERR√¬çA;2026-10-07;07-10-2026;06-10-2026;FAC-A0001-00343824;Venta;LAGOPUELO S.A;36003;16,00;26780,60;32404,53;MONTIEL ELPIDIO ANTOLIN;;23,00 %;064;Karina Fernandez;0642;AYDN LAVDNA OR 25g/l 8/2l;1673,79;3458;"";ALMACEN;ALMACEN;27824,00;WALTER JANIUK;499,96;$;2;GRUPO AYUDIN ARGENTINA S.A;0,00000000;0,00;Contado;;;AYUDIN;CLOROX;;CLOROX;LAVANDINA;LAGO PUELO;LIMPIEZA;;;300;Bruno Centurion;AXUM;;CLOROX;False;133634;1;Lista General;ALMACEN - A;44557;06-10-2026;759-GABRIEL PEREZ;CLOROX;1;0,00000000;1673,79
23785;"CABILDO - (TRADICIONAL) 513";ESTEBAN ECHEVERR√¬çA;2026-10-07;07-10-2026;06-10-2026;FAC-A0001-00343824;Venta;LAGOPUELO S.A;17927;45,00;36772,31;44494,50;MONTIEL ELPIDIO ANTOLIN;;23,00 %;064;Karina Fernandez;0642;AYDN LAVDNA OR 15/1L;817,16;3458;"";ALMACEN;ALMACEN;38205,00;WALTER JANIUK;244,09;$;2;GRUPO AYUDIN ARGENTINA S.A;0,00000000;0,00;Contado;;;AYUDIN;CLOROX;;CLOROX;LAVANDINA;LAGO PUELO;LIMPIEZA;;;300;Bruno Centurion;AXUM;;CLOROX;False;133634;1;Lista General;ALMACEN - A;44557;06-10-2026;759-GABRIEL PEREZ;CLOROX;1;0,00000000;817,16
23785;"CABILDO - (TRADICIONAL) 513";ESTEBAN ECHEVERR√¬çA;2026-10-07;07-10-2026;06-10-2026;FAC-A0001-00343824;Venta;LAGOPUELO S.A;60885;6,00;14924,13;18058,20;MONTIEL ELPIDIO ANTOLIN;;15,00 %;064;Karina Fernandez;0642;Poett Aer FlrLavda ExtFrag 6/360ml;2487,36;3458;"";ALMACEN;ALMACEN;13506,00;WALTER JANIUK;438,95;$;2;GRUPO AYUDIN ARGENTINA S.A;0,00000000;0,00;Contado;;;POETT;CLOROX;;CLOROX;AERO POETT;LAGO PUELO;LIMPIEZA;120;;300;Bruno Centurion;AXUM;;CLOROX;False;133634;1;Lista General;ALMACEN - A;44557;06-10-2026;759-GABRIEL PEREZ;CLOROX;1;0,00000000;2487,36
23785;"CABILDO - (TRADICIONAL) 513";ESTEBAN ECHEVERR√¬çA;2026-10-07;07-10-2026;06-10-2026;FAC-A0001-00343824;Venta;LAGOPUELO S.A;60886;6,00;14924,13;18058,20;MONTIEL ELPIDIO ANTOLIN;;15,00 %;064;Karina Fernandez;0642;Poett Aer FlrPrm ExtFrag 6/360ml;2487,36;3458;"";ALMACEN;ALMACEN;13506,00;WALTER JANIUK;438,95;$;2;GRUPO AYUDIN ARGENTINA S.A;0,00000000;0,00;Contado;;;POETT;CLOROX;;CLOROX;AERO POETT;LAGO PUELO;LIMPIEZA;121;;300;Bruno Centurion;AXUM;;CLOROX;False;133634;1;Lista General;ALMACEN - A;44557;06-10-2026;759-GABRIEL PEREZ;CLOROX;1;0,00000000;2487,36
23785;"CABILDO - (TRADICIONAL) 513";ESTEBAN ECHEVERR√¬çA;2026-10-07;07-10-2026;06-10-2026;FAC-A0001-00343824;Venta;LAGOPUELO S.A;60888;6,00;14924,13;18058,20;MONTIEL ELPIDIO ANTOLIN;;15,00 %;064;Karina Fernandez;0642;Poett Aer SvdAlg ExtFrag 6/360ml;2487,36;3458;"";ALMACEN;ALMACEN;13506,00;WALTER JANIUK;438,95;$;2;GRUPO AYUDIN ARGENTINA S.A;0,00000000;0,00;Contado;;;POETT;CLOROX;;CLOROX;AERO POETT;LAGO PUELO;LIMPIEZA;123;;300;Bruno Centurion;AXUM;;CLOROX;False;133634;1;Lista General;ALMACEN - A;44557;06-10-2026;759-GABRIEL PEREZ;CLOROX;1;0,00000000;2487,36
23785;"CABILDO - (TRADICIONAL) 513";ESTEBAN ECHEVERR√¬çA;2026-10-07;07-10-2026;06-10-2026;FAC-A0001-00343824;Venta;LAGOPUELO S.A;60887;6,00;14924,13;18058,20;MONTIEL ELPIDIO ANTOLIN;;15,00 %;064;Karina Fernandez;0642;Poett Aer SvdBb ExtFrag 6/360ml;2487,36;3458;"";ALMACEN;ALMACEN;13506,00;WALTER JANIUK;438,95;$;2;GRUPO AYUDIN ARGENTINA S.A;0,00000000;0,00;Contado;;;POETT;CLOROX;;CLOROX;AERO POETT;LAGO PUELO;LIMPIEZA;122;;300;Bruno Centurion;AXUM;;CLOROX;False;133634;1;Lista General;ALMACEN - A;44557;06-10-2026;759-GABRIEL PEREZ;CLOROX;1;0,00000000;2487,36
27466;"Maipu - (AUTOSERVICIOS) 448";EZEIZA;2026-10-07;07-10-2026;06-10-2026;FAC-A0001-00343829;Venta;LAGOPUELO S.A;34321;24,00;77313,60;93549,46;Lin Weiwei;;0,00 %;075;Julieta Yegros;0752;Poett Desinf. Frescura de Lavanda 1.8ml;3221,40;3458;"";AUTOSERVICIO;Autoservicio A;59472,00;WALTER JANIUK;0,00;$;2;GRUPO AYUDIN ARGENTINA S.A;0,00000000;0,00;Contado;;;POETT;CLOROX;;CLOROX;PISO;LAGO PUELO;LIMPIEZA;;;300;Bruno Centurion;AXUM;;CLOROX;False;133706;1;Lista General;Autoservicio A - A;44552;06-10-2026;759-GABRIEL PEREZ;CLOROX;1;0,00000000;3221,40
27466;"Maipu - (AUTOSERVICIOS) 448";EZEIZA;2026-10-07;07-10-2026;06-10-2026;FAC-A0001-00343829;Venta;LAGOPUELO S.A;61046;60,00;89224,20;107961,28;Lin Weiwei;;18,00 %;075;Julieta Yegros;0752;Aydn RopQuitMnch BlncInt 15/1l;1487,07;3458;"";AUTOSERVICIO;Autoservicio A;83700,00;WALTER JANIUK;326,43;$;2;GRUPO AYUDIN ARGENTINA S.A;0,00000000;0,00;Contado;;;AYUDIN;CLOROX;;CLOROX;LAVADO DE ROPA;LAGO PUELO;LIMPIEZA;135;;300;Bruno Centurion;AXUM;;CLOROX;False;133706;1;Lista General;Autoservicio A - A;44552;06-10-2026;759-GABRIEL PEREZ;CLOROX;1;0,00000000;1487,07
27466;"Maipu - (AUTOSERVICIOS) 448";EZEIZA;2026-10-07;07-10-2026;06-10-2026;FAC-A0001-00343829;Venta;LAGOPUELO S.A;61047;8,00;23682,26;28655,53;Lin Weiwei;;18,00 %;075;Julieta Yegros;0752;Aydn RopQuitMnch BlncInt 8/2l;2960,28;3458;"";AUTOSERVICIO;Autoservicio A;22216,00;WALTER JANIUK;649,82;$;2;GRUPO AYUDIN ARGENTINA S.A;0,00000000;0,00;Contado;;;AYUDIN;CLOROX;;CLOROX;LAVADO DE ROPA;LAGO PUELO;LIMPIEZA;136;;300;Bruno Centurion;AXUM;;CLOROX;False;133706;1;Lista General;Autoservicio A - A;44552;06-10-2026;759-GABRIEL PEREZ;CLOROX;1;0,00000000;2960,28
27466;"Maipu - (AUTOSERVICIOS) 448";EZEIZA;2026-10-07;07-10-2026;06-10-2026;FAC-A0001-00343829;Venta;LAGOPUELO S.A;60237;15,00;37086,05;44874,12;Lin Weiwei;;15,00 %;075;Julieta Yegros;0752;Aydn Lavdna Gel Flr 15/700ml GP2;2472,40;3458;"";AUTOSERVICIO;Autoservicio A;32805,00;WALTER JANIUK;436,31;$;2;GRUPO AYUDIN ARGENTINA S.A;0,00000000;0,00;Contado;;;AYUDIN;CLOROX;;CLOROX;LAVANDINA;LAGO PUELO;LIMPIEZA;114;;300;Bruno Centurion;AXUM;;CLOROX;False;133706;1;Lista General;Autoservicio A - A;44552;06-10-2026;759-GABRIEL PEREZ;CLOROX;1;0,00000000;2472,40
27466;"Maipu - (AUTOSERVICIOS) 448";EZEIZA;2026-10-07;07-10-2026;06-10-2026;FAC-A0001-00343829;Venta;LAGOPUELO S.A;60234;15,00;37086,05;44874,12;Lin Weiwei;;15,00 %;075;Julieta Yegros;0752;Aydn Lavdna Gel Ctra 15/700ml GP2;2472,40;3458;"";AUTOSERVICIO;Autoservicio A;32805,00;WALTER JANIUK;436,31;$;2;GRUPO AYUDIN ARGENTINA S.A;0,00000000;0,00;Contado;;;AYUDIN;CLOROX;;CLOROX;LAVANDINA;LAGO PUELO;LIMPIEZA;113;;300;Bruno Centurion;AXUM;;CLOROX;False;133706;1;Lista General;Autoservicio A - A;44552;06-10-2026;759-GABRIEL PEREZ;CLOROX;1;0,00000000;2472,40
27466;"Maipu - (AUTOSERVICIOS) 448";EZEIZA;2026-10-07;07-10-2026;06-10-2026;FAC-A0001-00343829;Venta;LAGOPUELO S.A;60240;15,00;37086,05;44874,12;Lin Weiwei;;15,00 %;075;Julieta Yegros;0752;Aydn Lavdna Gel Lavda EXPRT 15/700ml GP2;2472,40;3458;"";AUTOSERVICIO;Autoservicio A;32805,00;WALTER JANIUK;436,31;$;2;GRUPO AYUDIN ARGENTINA S.A;0,00000000;0,00;Contado;;;AYUDIN;CLOROX;;CLOROX;LAVANDINA;LAGO PUELO;LIMPIEZA;116;;300;Bruno Centurion;AXUM;;CLOROX;False;133706;1;Lista General;Autoservicio A - A;44552;06-10-2026;759-GABRIEL PEREZ;CLOROX;1;0,00000000;2472,40
27466;"Maipu - (AUTOSERVICIOS) 448";EZEIZA;2026-10-07;07-10-2026;06-10-2026;FAC-A0001-00343829;Venta;LAGOPUELO S.A;60239;15,00;37086,05;44874,12;Lin Weiwei;;15,00 %;075;Julieta Yegros;0752;Aydn Lavdna Gel MntFrs 15/700ml GP2;2472,40;3458;"";AUTOSERVICIO;Autoservicio A;32805,00;WALTER JANIUK;436,31;$;2;GRUPO AYUDIN ARGENTINA S.A;0,00000000;0,00;Contado;;;AYUDIN;CLOROX;;CLOROX;LAVANDINA;LAGO PUELO;LIMPIEZA;115;;300;Bruno Centurion;AXUM;;CLOROX;False;133706;1;Lista General;Autoservicio A - A;44552;06-10-2026;759-GABRIEL PEREZ;CLOROX;1;0,00000000;2472,40
27466;"Maipu - (AUTOSERVICIOS) 448";EZEIZA;2026-10-07;07-10-2026;06-10-2026;FAC-A0001-00343829;Venta;LAGOPUELO S.A;60233;15,00;37086,05;44874,12;Lin Weiwei;;15,00 %;075;Julieta Yegros;0752;Aydn Lavdna Gel Or 15/700ml GP2;2472,40;3458;"";AUTOSERVICIO;Autoservicio A;32805,00;WALTER JANIUK;436,31;$;2;GRUPO AYUDIN ARGENTINA S.A;0,00000000;0,00;Contado;;;AYUDIN;CLOROX;;CLOROX;LAVANDINA;LAGO PUELO;LIMPIEZA;110;;300;Bruno Centurion;AXUM;;CLOROX;False;133706;1;Lista General;Autoservicio A - A;44552;06-10-2026;759-GABRIEL PEREZ;CLOROX;1;0,00000000;2472,40
5813;"DARDO ROCHA 2598";EL JAGUEL;2026-10-07;07-10-2026;06-10-2026;FAC-A0001-00343831;Venta;LAGOPUELO S.A;34320;12,00;19690,08;23825,00;MATIAS MAXIMILIANO TOMAINO;;0,00 %;064;Karina Fernandez;0642;Poett Desinf. Frescura de Lavanda 900ml;1640,84;3458;"";MAYORISTA;MAYORISTA;15504,00;WALTER JANIUK;0,00;$;2;GRUPO AYUDIN ARGENTINA S.A;0,00000000;0,00;Contado;;;POETT;CLOROX;;CLOROX;PISO;LAGO PUELO;LIMPIEZA;;;300;Bruno Centurion;AXUM;;CLOROX;False;133771;1;Lista General;MAYORISTA - A;44564;06-10-2026;759-GABRIEL PEREZ;CLOROX;1;0,00000000;1640,84
5813;"DARDO ROCHA 2598";EL JAGUEL;2026-10-07;07-10-2026;06-10-2026;FAC-A0001-00343831;Venta;LAGOPUELO S.A;34324;12,00;19690,08;23825,00;MATIAS MAXIMILIANO TOMAINO;;0,00 %;064;Karina Fernandez;0642;Poett Desinf. Flores de Primavera 900ml;1640,84;3458;"";MAYORISTA;MAYORISTA;15504,00;WALTER JANIUK;0,00;$;2;GRUPO AYUDIN ARGENTINA S.A;0,00000000;0,00;Contado;;;POETT;CLOROX;;CLOROX;PISO;LAGO PUELO;LIMPIEZA;;;300;Bruno Centurion;AXUM;;CLOROX;False;133771;1;Lista General;MAYORISTA - A;44564;06-10-2026;759-GABRIEL PEREZ;CLOROX;1;0,00000000;1640,84
5813;"DARDO ROCHA 2598";EL JAGUEL;2026-10-07;07-10-2026;06-10-2026;FAC-A0001-00343831;Venta;LAGOPUELO S.A;60386;12,00;19690,08;23825,00;MATIAS MAXIMILIANO TOMAINO;;0,00 %;064;Karina Fernandez;0642;Poett EsptPly 12/900ml;1640,84;3458;"";MAYORISTA;MAYORISTA;15504,00;WALTER JANIUK;0,00;$;2;GRUPO AYUDIN ARGENTINA S.A;0,00000000;0,00;Contado;;;POETT;CLOROX;;CLOROX;PISO;LAGO PUELO;LIMPIEZA;;;300;Bruno Centurion;AXUM;;CLOROX;False;133771;1;Lista General;MAYORISTA - A;44564;06-10-2026;759-GABRIEL PEREZ;CLOROX;1;0,00000000;1640,84
5813;"DARDO ROCHA 2598";EL JAGUEL;2026-10-07;07-10-2026;06-10-2026;FAC-A0001-00343831;Venta;LAGOPUELO S.A;34334;12,00;19690,08;23825,00;MATIAS MAXIMILIANO TOMAINO;;0,00 %;064;Karina Fernandez;0642;Poett Dsnf SuadBebe 12/900ml;1640,84;3458;"";MAYORISTA;MAYORISTA;15504,00;WALTER JANIUK;0,00;$;2;GRUPO AYUDIN ARGENTINA S.A;0,00000000;0,00;Contado;;;POETT;CLOROX;;CLOROX;PISO;LAGO PUELO;LIMPIEZA;;;300;Bruno Centurion;AXUM;;CLOROX;False;133771;1;Lista General;MAYORISTA - A;44564;06-10-2026;759-GABRIEL PEREZ;CLOROX;1;0,00000000;1640,84
5813;"DARDO ROCHA 2598";EL JAGUEL;2026-10-07;07-10-2026;06-10-2026;FAC-A0001-00343831;Venta;LAGOPUELO S.A;34342;12,00;19690,08;23825,00;MATIAS MAXIMILIANO TOMAINO;;0,00 %;064;Karina Fernandez;0642;Poett Dsnf AlgrDia 12/900ml;1640,84;3458;"";MAYORISTA;MAYORISTA;15504,00;WALTER JANIUK;0,00;$;2;GRUPO AYUDIN ARGENTINA S.A;0,00000000;0,00;Contado;;;POETT;CLOROX;;CLOROX;PISO;LAGO PUELO;LIMPIEZA;;;300;Bruno Centurion;AXUM;;CLOROX;False;133771;1;Lista General;MAYORISTA - A;44564;06-10-2026;759-GABRIEL PEREZ;CLOROX;1;0,00000000;1640,84
5813;"DARDO ROCHA 2598";EL JAGUEL;2026-10-07;07-10-2026;06-10-2026;FAC-A0001-00343831;Venta;LAGOPUELO S.A;60886;6,00;14924,13;18058,20;MATIAS MAXIMILIANO TOMAINO;;15,00 %;064;Karina Fernandez;0642;Poett Aer FlrPrm ExtFrag 6/360ml;2487,36;3458;"";MAYORISTA;MAYORISTA;13506,00;WALTER JANIUK;438,95;$;2;GRUPO AYUDIN ARGENTINA S.A;0,00000000;0,00;Contado;;;POETT;CLOROX;;CLOROX;AERO POETT;LAGO PUELO;LIMPIEZA;121;;300;Bruno Centurion;AXUM;;CLOROX;False;133771;1;Lista General;MAYORISTA - A;44564;06-10-2026;759-GABRIEL PEREZ;CLOROX;1;0,00000000;2487,36
5813;"DARDO ROCHA 2598";EL JAGUEL;2026-10-07;07-10-2026;06-10-2026;FAC-A0001-00343831;Venta;LAGOPUELO S.A;60888;6,00;14924,13;18058,20;MATIAS MAXIMILIANO TOMAINO;;15,00 %;064;Karina Fernandez;0642;Poett Aer SvdAlg ExtFrag 6/360ml;2487,36;3458;"";MAYORISTA;MAYORISTA;13506,00;WALTER JANIUK;438,95;$;2;GRUPO AYUDIN ARGENTINA S.A;0,00000000;0,00;Contado;;;POETT;CLOROX;;CLOROX;AERO POETT;LAGO PUELO;LIMPIEZA;123;;300;Bruno Centurion;AXUM;;CLOROX;False;133771;1;Lista General;MAYORISTA - A;44564;06-10-2026;759-GABRIEL PEREZ;CLOROX;1;0,00000000;2487,36
27446;"Pte Peron - (AUTOSERVICIOS) 17";EZEIZA;2026-10-07;07-10-2026;06-10-2026;FAC-A0001-00343832;Venta;LAGOPUELO S.A;36003;120,00;195637,50;236721,38;Li Haijin;;25,00 %;075;Julieta Yegros;0751;AYDN LAVDNA OR 25g/l 8/2l;1630,31;3458;"";AUTOSERVICIO;Autoservicio A;208680,00;WALTER JANIUK;543,44;$;2;GRUPO AYUDIN ARGENTINA S.A;0,00000000;0,00;Contado;;;AYUDIN;CLOROX;;CLOROX;LAVANDINA;LAGO PUELO;LIMPIEZA;;;300;Bruno Centurion;AXUM;;CLOROX;False;133786;1;Lista General;Autoservicio A - A;44565;06-10-2026;759-GABRIEL PEREZ;CLOROX;1;0,00000000;1630,31
103790;"Estanislao Zeballos 1097 0";BERNAL ;2026-10-07;07-10-2026;06-10-2026;FAC-B0001-00018734;Venta;LAGOPUELO S.A;34327;12,00;19690,08;23825,00;Romero Veronica;;0,00 %;054;Leonel Caruso;0542;Poett Desinf. Solo para ti 900ml;1640,84;3459;"";Tradicionales;Almacen;15504,00;LEONARDO SANTA CRUZ;0,00;$;2;GRUPO AYUDIN ARGENTINA S.A;0,00000000;0,00;Efectivo;;;POETT;CLOROX;;CLOROX;PISO;LAGO PUELO;LIMPIEZA;;;300;Bruno Centurion;AXUM;;CLOROX;False;133641;1;Lista General;Almacen - A;44505;06-10-2026;5553-JORGE MONZON;CLOROX;1;0,00000000;1640,84
4678;"OTAMENDI 1160";Quilmes;2026-10-07;07-10-2026;06-10-2026;FAC-B0001-00018738;Venta;LAGOPUELO S.A;34320;12,00;15752,06;19060,00;NIEVA CLAUDIA;;20,00 %;2;Fernanda Cejas;22;Poett Desinf. Frescura de Lavanda 900ml;1312,67;3459;"";ALMACEN;ALMACEN;15504,00;LEONARDO SANTA CRUZ;328,17;$;2;GRUPO AYUDIN ARGENTINA S.A;0,00000000;0,00;Contado;;;POETT;CLOROX;;CLOROX;PISO;LAGO PUELO;LIMPIEZA;;;25;JOHANA VIGIL;AXUM;;CLOROX;False;133945;1;Lista General;ALMACEN - A;44530;06-10-2026;5553-JORGE MONZON;CLOROX;1;0,00000000;1312,67
4678;"OTAMENDI 1160";Quilmes;2026-10-07;07-10-2026;06-10-2026;FAC-B0001-00018738;Venta;LAGOPUELO S.A;34324;12,00;15752,06;19060,00;NIEVA CLAUDIA;;20,00 %;2;Fernanda Cejas;22;Poett Desinf. Flores de Primavera 900ml;1312,67;3459;"";ALMACEN;ALMACEN;15504,00;LEONARDO SANTA CRUZ;328,17;$;2;GRUPO AYUDIN ARGENTINA S.A;0,00000000;0,00;Contado;;;POETT;CLOROX;;CLOROX;PISO;LAGO PUELO;LIMPIEZA;;;25;JOHANA VIGIL;AXUM;;CLOROX;False;133945;1;Lista General;ALMACEN - A;44530;06-10-2026;5553-JORGE MONZON;CLOROX;1;0,00000000;1312,67
27704;"ALVEAR - (TRADICIONAL) 1028";LOMAS DE ZAMORA;2026-10-07;07-10-2026;06-10-2026;FAC-B0001-00018744;Venta;LAGOPUELO S.A;17927;15,00;15918,75;19261,69;DANIEL ALTAMIRANO ;;0,00 %;073;Florencia Cubilla;0732;AYDN LAVDNA OR 15/1L;1061,25;3456;"";AUTOSERVICIO;Autoservicio B;12735,00;NAHUEL MONTOYA;0,00;$;2;GRUPO AYUDIN ARGENTINA S.A;0,00000000;0,00;Contado;;;AYUDIN;CLOROX;;CLOROX;LAVANDINA;LAGO PUELO;LIMPIEZA;;;300;Bruno Centurion;AXUM;;CLOROX;False;133456;1;Lista General;Autoservicio B - A;44391;06-10-2026;509-LUCAS GODOY;CLOROX;1;0,00000000;1061,25
27704;"ALVEAR - (TRADICIONAL) 1028";LOMAS DE ZAMORA;2026-10-07;07-10-2026;06-10-2026;FAC-B0001-00018744;Venta;LAGOPUELO S.A;36003;8,00;17390,00;21041,90;DANIEL ALTAMIRANO ;;0,00 %;073;Florencia Cubilla;0732;AYDN LAVDNA OR 25g/l 8/2l;2173,75;3456;"";AUTOSERVICIO;Autoservicio B;13912,00;NAHUEL MONTOYA;0,00;$;2;GRUPO AYUDIN ARGENTINA S.A;0,00000000;0,00;Contado;;;AYUDIN;CLOROX;;CLOROX;LAVANDINA;LAGO PUELO;LIMPIEZA;;;300;Bruno Centurion;AXUM;;CLOROX;False;133456;1;Lista General;Autoservicio B - A;44391;06-10-2026;509-LUCAS GODOY;CLOROX;1;0,00000000;2173,75
27704;"ALVEAR - (TRADICIONAL) 1028";LOMAS DE ZAMORA;2026-10-07;07-10-2026;06-10-2026;FAC-B0001-00018744;Venta;LAGOPUELO S.A;19861;3,00;12295,80;14877,92;DANIEL ALTAMIRANO ;;0,00 %;073;Florencia Cubilla;0732;Poett Frgnz Suad Alg 12/250ml AR        ;4098,60;3456;"";AUTOSERVICIO;Autoservicio B;9108,00;NAHUEL MONTOYA;0,00;$;2;GRUPO AYUDIN ARGENTINA S.A;0,00000000;0,00;Contado;;;POETT;CLOROX;;CLOROX;AERO POETT;LAGO PUELO;LIMPIEZA;;;300;Bruno Centurion;AXUM;;CLOROX;False;133456;1;Lista General;Autoservicio B - A;44391;06-10-2026;509-LUCAS GODOY;CLOROX;1;0,00000000;4098,60
27746;"LAS HERAS E/SAN MARTIN Y ALVEAR - (TRADICIONAL) 708";LOMAS DE ZAMORA;2026-10-07;07-10-2026;06-10-2026;FAC-B0001-00018746;Venta;LAGOPUELO S.A;17927;15,00;15918,75;19261,69;MARCASOLI KARINA;;0,00 %;073;Florencia Cubilla;0732;AYDN LAVDNA OR 15/1L;1061,25;3456;"";ALMACEN;ALMACEN;12735,00;NAHUEL MONTOYA;0,00;$;2;GRUPO AYUDIN ARGENTINA S.A;0,00000000;0,00;Contado;;;AYUDIN;CLOROX;;CLOROX;LAVANDINA;LAGO PUELO;LIMPIEZA;;;300;Bruno Centurion;AXUM;;CLOROX;False;133657;1;Lista General;ALMACEN - A;44402;06-10-2026;509-LUCAS GODOY;CLOROX;1;0,00000000;1061,25
27746;"LAS HERAS E/SAN MARTIN Y ALVEAR - (TRADICIONAL) 708";LOMAS DE ZAMORA;2026-10-07;07-10-2026;06-10-2026;FAC-B0001-00018746;Venta;LAGOPUELO S.A;32288;3,00;5518,50;6677,39;MARCASOLI KARINA;;0,00 %;073;Florencia Cubilla;0732;Tren Oxi DoyPk 16/400ml                 ;1839,50;3456;"";ALMACEN;ALMACEN;4245,00;NAHUEL MONTOYA;0,00;$;2;GRUPO AYUDIN ARGENTINA S.A;0,00000000;0,00;Contado;;;TRENET;CLOROX;;CLOROX;LAVADO DE ROPA;LAGO PUELO;LIMPIEZA;;;300;Bruno Centurion;AXUM;;CLOROX;False;133657;1;Lista General;ALMACEN - A;44402;06-10-2026;509-LUCAS GODOY;CLOROX;1;0,00000000;1839,50
27746;"LAS HERAS E/SAN MARTIN Y ALVEAR - (TRADICIONAL) 708";LOMAS DE ZAMORA;2026-10-07;07-10-2026;06-10-2026;FAC-B0001-00018746;Venta;LAGOPUELO S.A;61814;3,00;13207,50;15981,08;MARCASOLI KARINA;;0,00 %;073;Florencia Cubilla;0732;Sltn MataMosq Aer s/OlrQmc 6/360ml BA;4402,50;3456;"";ALMACEN;ALMACEN;10566,00;NAHUEL MONTOYA;0,00;$;2;GRUPO AYUDIN ARGENTINA S.A;0,00000000;0,00;Contado;;;SELTON;CLOROX;;CLOROX;SELTON;LAGO PUELO;LIMPIEZA;;;300;Bruno Centurion;AXUM;;CLOROX;False;133657;1;Lista General;ALMACEN - A;44402;06-10-2026;509-LUCAS GODOY;CLOROX;1;0,00000000;4402,50
27689;"LAPRIDA - (TRADICIONAL) 861";LOMAS DE ZAMORA;2026-10-07;07-10-2026;06-10-2026;FAC-B0001-00018748;Venta;LAGOPUELO S.A;34320;4,00;6563,36;7941,67;CARMEN VILLANUEVA;;0,00 %;074;Romina Baez;0742;Poett Desinf. Frescura de Lavanda 900ml;1640,84;3456;"Venta modificada el 2026-10-06 17:29:32";ALMACEN;ALMACEN;5168,00;NAHUEL MONTOYA;0,00;$;2;GRUPO AYUDIN ARGENTINA S.A;0,00000000;0,00;Contado;;;POETT;CLOROX;;CLOROX;PISO;LAGO PUELO;LIMPIEZA;;;300;Bruno Centurion;AXUM;;CLOROX;False;133876;1;Lista General;ALMACEN - A;44424;06-10-2026;509-LUCAS GODOY;CLOROX;1;0,00000000;1640,84
27689;"LAPRIDA - (TRADICIONAL) 861";LOMAS DE ZAMORA;2026-10-07;07-10-2026;06-10-2026;FAC-B0001-00018748;Venta;LAGOPUELO S.A;34324;4,00;6563,36;7941,67;CARMEN VILLANUEVA;;0,00 %;074;Romina Baez;0742;Poett Desinf. Flores de Primavera 900ml;1640,84;3456;"Venta modificada el 2026-10-06 17:29:32";ALMACEN;ALMACEN;5168,00;NAHUEL MONTOYA;0,00;$;2;GRUPO AYUDIN ARGENTINA S.A;0,00000000;0,00;Contado;;;POETT;CLOROX;;CLOROX;PISO;LAGO PUELO;LIMPIEZA;;;300;Bruno Centurion;AXUM;;CLOROX;False;133876;1;Lista General;ALMACEN - A;44424;06-10-2026;509-LUCAS GODOY;CLOROX;1;0,00000000;1640,84
27689;"LAPRIDA - (TRADICIONAL) 861";LOMAS DE ZAMORA;2026-10-07;07-10-2026;06-10-2026;FAC-B0001-00018748;Venta;LAGOPUELO S.A;34334;4,00;6563,36;7941,67;CARMEN VILLANUEVA;;0,00 %;074;Romina Baez;0742;Poett Dsnf SuadBebe 12/900ml;1640,84;3456;"Venta modificada el 2026-10-06 17:29:32";ALMACEN;ALMACEN;5168,00;NAHUEL MONTOYA;0,00;$;2;GRUPO AYUDIN ARGENTINA S.A;0,00000000;0,00;Contado;;;POETT;CLOROX;;CLOROX;PISO;LAGO PUELO;LIMPIEZA;;;300;Bruno Centurion;AXUM;;CLOROX;False;133876;1;Lista General;ALMACEN - A;44424;06-10-2026;509-LUCAS GODOY;CLOROX;1;0,00000000;1640,84
27689;"LAPRIDA - (TRADICIONAL) 861";LOMAS DE ZAMORA;2026-10-07;07-10-2026;06-10-2026;FAC-B0001-00018748;Venta;LAGOPUELO S.A;34338;4,00;6563,36;7941,67;CARMEN VILLANUEVA;;0,00 %;074;Romina Baez;0742;Poett Dsnf MscPrmvra 12/900ml;1640,84;3456;"Venta modificada el 2026-10-06 17:29:32";ALMACEN;ALMACEN;5168,00;NAHUEL MONTOYA;0,00;$;2;GRUPO AYUDIN ARGENTINA S.A;0,00000000;0,00;Contado;;;POETT;CLOROX;;CLOROX;PISO;LAGO PUELO;LIMPIEZA;;;300;Bruno Centurion;AXUM;;CLOROX;False;133876;1;Lista General;ALMACEN - A;44424;06-10-2026;509-LUCAS GODOY;CLOROX;1;0,00000000;1640,84
27689;"LAPRIDA - (TRADICIONAL) 861";LOMAS DE ZAMORA;2026-10-07;07-10-2026;06-10-2026;FAC-B0001-00018748;Venta;LAGOPUELO S.A;34342;4,00;6563,36;7941,67;CARMEN VILLANUEVA;;0,00 %;074;Romina Baez;0742;Poett Dsnf AlgrDia 12/900ml;1640,84;3456;"Venta modificada el 2026-10-06 17:29:32";ALMACEN;ALMACEN;5168,00;NAHUEL MONTOYA;0,00;$;2;GRUPO AYUDIN ARGENTINA S.A;0,00000000;0,00;Contado;;;POETT;CLOROX;;CLOROX;PISO;LAGO PUELO;LIMPIEZA;;;300;Bruno Centurion;AXUM;;CLOROX;False;133876;1;Lista General;ALMACEN - A;44424;06-10-2026;509-LUCAS GODOY;CLOROX;1;0,00000000;1640,84
27689;"LAPRIDA - (TRADICIONAL) 861";LOMAS DE ZAMORA;2026-10-07;07-10-2026;06-10-2026;FAC-B0001-00018748;Venta;LAGOPUELO S.A;36003;8,00;17390,00;21041,90;CARMEN VILLANUEVA;;0,00 %;074;Romina Baez;0742;AYDN LAVDNA OR 25g/l 8/2l;2173,75;3456;"Venta modificada el 2026-10-06 17:29:32";ALMACEN;ALMACEN;13912,00;NAHUEL MONTOYA;0,00;$;2;GRUPO AYUDIN ARGENTINA S.A;0,00000000;0,00;Contado;;;AYUDIN;CLOROX;;CLOROX;LAVANDINA;LAGO PUELO;LIMPIEZA;;;300;Bruno Centurion;AXUM;;CLOROX;False;133876;1;Lista General;ALMACEN - A;44424;06-10-2026;509-LUCAS GODOY;CLOROX;1;0,00000000;2173,75
29093;"CABILDO - (TRADICIONAL) 770";EL JAGUEL;2026-10-07;07-10-2026;06-10-2026;FAC-B0001-00018751;Venta;LAGOPUELO S.A;34320;12,00;19690,08;23825,00;COLQUE SILVIA ;;0,00 %;064;Karina Fernandez;0642;Poett Desinf. Frescura de Lavanda 900ml;1640,84;3458;"";ALMACEN;ALMACEN;15504,00;WALTER JANIUK;0,00;$;2;GRUPO AYUDIN ARGENTINA S.A;0,00000000;0,00;Contado;;;POETT;CLOROX;;CLOROX;PISO;LAGO PUELO;LIMPIEZA;;;300;Bruno Centurion;AXUM;;CLOROX;False;133584;1;Lista General;ALMACEN - A;44544;06-10-2026;759-GABRIEL PEREZ;CLOROX;1;0,00000000;1640,84
29093;"CABILDO - (TRADICIONAL) 770";EL JAGUEL;2026-10-07;07-10-2026;06-10-2026;FAC-B0001-00018751;Venta;LAGOPUELO S.A;34324;12,00;19690,08;23825,00;COLQUE SILVIA ;;0,00 %;064;Karina Fernandez;0642;Poett Desinf. Flores de Primavera 900ml;1640,84;3458;"";ALMACEN;ALMACEN;15504,00;WALTER JANIUK;0,00;$;2;GRUPO AYUDIN ARGENTINA S.A;0,00000000;0,00;Contado;;;POETT;CLOROX;;CLOROX;PISO;LAGO PUELO;LIMPIEZA;;;300;Bruno Centurion;AXUM;;CLOROX;False;133584;1;Lista General;ALMACEN - A;44544;06-10-2026;759-GABRIEL PEREZ;CLOROX;1;0,00000000;1640,84
29093;"CABILDO - (TRADICIONAL) 770";EL JAGUEL;2026-10-07;07-10-2026;06-10-2026;FAC-B0001-00018751;Venta;LAGOPUELO S.A;17927;15,00;15918,75;19261,69;COLQUE SILVIA ;;0,00 %;064;Karina Fernandez;0642;AYDN LAVDNA OR 15/1L;1061,25;3458;"";ALMACEN;ALMACEN;12735,00;WALTER JANIUK;0,00;$;2;GRUPO AYUDIN ARGENTINA S.A;0,00000000;0,00;Contado;;;AYUDIN;CLOROX;;CLOROX;LAVANDINA;LAGO PUELO;LIMPIEZA;;;300;Bruno Centurion;AXUM;;CLOROX;False;133584;1;Lista General;ALMACEN - A;44544;06-10-2026;759-GABRIEL PEREZ;CLOROX;1;0,00000000;1061,25
29093;"CABILDO - (TRADICIONAL) 770";EL JAGUEL;2026-10-07;07-10-2026;06-10-2026;FAC-B0001-00018751;Venta;LAGOPUELO S.A;60887;6,00;14924,13;18058,20;COLQUE SILVIA ;;15,00 %;064;Karina Fernandez;0642;Poett Aer SvdBb ExtFrag 6/360ml;2487,36;3458;"";ALMACEN;ALMACEN;13506,00;WALTER JANIUK;438,95;$;2;GRUPO AYUDIN ARGENTINA S.A;0,00000000;0,00;Contado;;;POETT;CLOROX;;CLOROX;AERO POETT;LAGO PUELO;LIMPIEZA;122;;300;Bruno Centurion;AXUM;;CLOROX;False;133584;1;Lista General;ALMACEN - A;44544;06-10-2026;759-GABRIEL PEREZ;CLOROX;1;0,00000000;2487,36
23662;"EVITA - (PERFUMERIA) 633";EL JAGUEL;2026-10-07;07-10-2026;06-10-2026;FAC-B0001-00018756;Venta;LAGOPUELO S.A;17927;45,00;36772,31;44494,50;ELIZABETH BUSTAMANTE;;23,00 %;064;Karina Fernandez;0642;AYDN LAVDNA OR 15/1L;817,16;3458;"";Farmacias y PerfumerÌas;Perfumeria;38205,00;WALTER JANIUK;244,09;$;2;GRUPO AYUDIN ARGENTINA S.A;0,00000000;0,00;Contado;;;AYUDIN;CLOROX;;CLOROX;LAVANDINA;LAGO PUELO;LIMPIEZA;;;300;Bruno Centurion;AXUM;;CLOROX;False;133837;1;Lista General;Perfumeria - A;44567;06-10-2026;759-GABRIEL PEREZ;CLOROX;1;0,00000000;817,16
23662;"EVITA - (PERFUMERIA) 633";EL JAGUEL;2026-10-07;07-10-2026;06-10-2026;FAC-B0001-00018756;Venta;LAGOPUELO S.A;36003;16,00;26780,60;32404,53;ELIZABETH BUSTAMANTE;;23,00 %;064;Karina Fernandez;0642;AYDN LAVDNA OR 25g/l 8/2l;1673,79;3458;"";Farmacias y PerfumerÌas;Perfumeria;27824,00;WALTER JANIUK;499,96;$;2;GRUPO AYUDIN ARGENTINA S.A;0,00000000;0,00;Contado;;;AYUDIN;CLOROX;;CLOROX;LAVANDINA;LAGO PUELO;LIMPIEZA;;;300;Bruno Centurion;AXUM;;CLOROX;False;133837;1;Lista General;Perfumeria - A;44567;06-10-2026;759-GABRIEL PEREZ;CLOROX;1;0,00000000;1673,79
27609;"Lavalle - (AUTOSERVICIOS) 74";TRISTAN SUAREZ;2026-10-07;06-10-2026;07-10-2026;NCR-A0001-00048875;DevoluciÛn por Rechazo;LAGOPUELO S.A;33576;-3,00;-5693,73;-6889,41;Huang Xiuzhen;NO QUIERE EL CLIENTE;0,00 %;075;Julieta Yegros;;Aydn Ropa BlncSprms DoyPk 16/400ml;1897,91;3446;"";AUTOSERVICIO;Autoservicio A;-4281,00;IVAN MONTOYA;0,00;$;2;GRUPO AYUDIN ARGENTINA S.A;0,00000000;0,00;Contado;07-10-2026 08:10;;AYUDIN;CLOROX;;CLOROX;LAVADO DE ROPA;LAGO PUELO;LIMPIEZA;;;300;Bruno Centurion;Gescom;FAC-A0001-00343604;;True;134005;0;Lista General;Autoservicio A - A;;01-01-2000;;CLOROX;1;0,00000000;1897,91
27609;"Lavalle - (AUTOSERVICIOS) 74";TRISTAN SUAREZ;2026-10-07;06-10-2026;07-10-2026;NCR-A0001-00048875;DevoluciÛn por Rechazo;LAGOPUELO S.A;33575;-3,00;-5693,73;-6889,41;Huang Xiuzhen;NO QUIERE EL CLIENTE;0,00 %;075;Julieta Yegros;;Aydn Ropa ClrViv DoyPk 16/400ml;1897,91;3446;"";AUTOSERVICIO;Autoservicio A;-4281,00;IVAN MONTOYA;0,00;$;2;GRUPO AYUDIN ARGENTINA S.A;0,00000000;0,00;Contado;07-10-2026 08:10;;AYUDIN;CLOROX;;CLOROX;LAVADO DE ROPA;LAGO PUELO;LIMPIEZA;;;300;Bruno Centurion;Gescom;FAC-A0001-00343604;;True;134005;0;Lista General;Autoservicio A - A;;01-01-2000;;CLOROX;1;0,00000000;1897,91
27446;"Pte Peron - (AUTOSERVICIOS) 17";EZEIZA;2026-10-07;06-10-2026;07-10-2026;NCR-A0001-00048877;DevoluciÛn por Rechazo;LAGOPUELO S.A;17927;-225,00;-179085,94;-216693,98;Li Haijin;NO HIZO PEDIDO;25,00 %;075;Julieta Yegros;;AYDN LAVDNA OR 15/1L;795,94;3446;"";AUTOSERVICIO;Autoservicio A;-191025,00;IVAN MONTOYA;265,31;$;2;GRUPO AYUDIN ARGENTINA S.A;0,00000000;0,00;Contado;07-10-2026 08:10;;AYUDIN;CLOROX;;CLOROX;LAVANDINA;LAGO PUELO;LIMPIEZA;;;300;Bruno Centurion;Gescom;FAC-A0001-00343625;;True;134009;0;Lista General;Autoservicio A - A;;01-01-2000;;CLOROX;1;0,00000000;795,94
27607;"Roque S. Pe√±a - 338";TRISTAN SUAREZ;2026-10-07;06-10-2026;07-10-2026;NCR-A0001-00048878;DevoluciÛn por Rechazo;LAGOPUELO S.A;60223;-16,00;-35246,02;-42647,68;He Daiying;NO HIZO PEDIDO;19,00 %;075;Julieta Yegros;;Aydn Lavda TriPod 8/2l GP2;2202,88;3446;"";AUTOSERVICIO;Autoservicio A;-33472,00;IVAN MONTOYA;516,72;$;2;GRUPO AYUDIN ARGENTINA S.A;0,00000000;0,00;Contado;07-10-2026 08:10;;AYUDIN;CLOROX;;CLOROX;LAVANDINA;LAGO PUELO;LIMPIEZA;;;300;Bruno Centurion;Gescom;FAC-A0001-00343602;;True;134010;0;Lista General;Autoservicio A - A;;01-01-2000;;CLOROX;1;0,00000000;2202,88
27607;"Roque S. Pe√±a - 338";TRISTAN SUAREZ;2026-10-07;06-10-2026;07-10-2026;NCR-A0001-00048878;DevoluciÛn por Rechazo;LAGOPUELO S.A;60227;-24,00;-52869,02;-63971,52;He Daiying;NO HIZO PEDIDO;19,00 %;075;Julieta Yegros;;Aydn PurGlac TriPod 8/2l GP2;2202,88;3446;"";AUTOSERVICIO;Autoservicio A;-50208,00;IVAN MONTOYA;516,72;$;2;GRUPO AYUDIN ARGENTINA S.A;0,00000000;0,00;Contado;07-10-2026 08:10;;AYUDIN;CLOROX;;CLOROX;LAVANDINA;LAGO PUELO;LIMPIEZA;;;300;Bruno Centurion;Gescom;FAC-A0001-00343602;;True;134010;0;Lista General;Autoservicio A - A;;01-01-2000;;CLOROX;1;0,00000000;2202,88
27607;"Roque S. Pe√±a - 338";TRISTAN SUAREZ;2026-10-07;06-10-2026;07-10-2026;NCR-A0001-00048878;DevoluciÛn por Rechazo;LAGOPUELO S.A;36004;-15,00;-59596,68;-72111,98;He Daiying;NO HIZO PEDIDO;12,00 %;075;Julieta Yegros;;AYDN LAVDNA OR 25 g/l 3/4l;3973,11;3446;"";AUTOSERVICIO;Autoservicio A;-52095,00;IVAN MONTOYA;541,79;$;2;GRUPO AYUDIN ARGENTINA S.A;0,00000000;0,00;Contado;07-10-2026 08:10;;AYUDIN;CLOROX;;CLOROX;LAVANDINA;LAGO PUELO;LIMPIEZA;;;300;Bruno Centurion;Gescom;FAC-A0001-00343602;;True;134010;0;Lista General;Autoservicio A - A;;01-01-2000;;CLOROX;1;0,00000000;3973,11
27607;"Roque S. Pe√±a - 338";TRISTAN SUAREZ;2026-10-07;06-10-2026;07-10-2026;NCR-A0001-00048878;DevoluciÛn por Rechazo;LAGOPUELO S.A;61575;-7,00;-11610,24;-14048,38;He Daiying;NO HIZO PEDIDO;5,00 %;075;Julieta Yegros;;Aydn A.hongos Removedor Activo Doy Pack 16/450ml;1658,61;3446;"";AUTOSERVICIO;Autoservicio A;-9401,00;IVAN MONTOYA;87,30;$;2;GRUPO AYUDIN ARGENTINA S.A;0,00000000;0,00;Contado;07-10-2026 08:10;;AYUDIN;CLOROX;;CLOROX;BAÒO;LAGO PUELO;LIMPIEZA;;;300;Bruno Centurion;Gescom;FAC-A0001-00343602;;True;134010;0;Lista General;Autoservicio A - A;;01-01-2000;;CLOROX;1;0,00000000;1658,61
27607;"Roque S. Pe√±a - 338";TRISTAN SUAREZ;2026-10-07;06-10-2026;07-10-2026;NCR-A0001-00048878;DevoluciÛn por Rechazo;LAGOPUELO S.A;61577;-8,00;-11282,96;-13652,38;He Daiying;NO HIZO PEDIDO;5,00 %;075;Julieta Yegros;;Aydn Coc† Pod Act Or† DoyPk 16/450ml;1410,37;3446;"";AUTOSERVICIO;Autoservicio A;-9136,00;IVAN MONTOYA;74,23;$;2;GRUPO AYUDIN ARGENTINA S.A;0,00000000;0,00;Contado;07-10-2026 08:10;;AYUDIN;CLOROX;;CLOROX;COCINA;LAGO PUELO;LIMPIEZA;;;300;Bruno Centurion;Gescom;FAC-A0001-00343602;;True;134010;0;Lista General;Autoservicio A - A;;01-01-2000;;CLOROX;1;0,00000000;1410,37
27607;"Roque S. Pe√±a - 338";TRISTAN SUAREZ;2026-10-07;06-10-2026;07-10-2026;NCR-A0001-00048878;DevoluciÛn por Rechazo;LAGOPUELO S.A;61576;-8,00;-13268,84;-16055,30;He Daiying;NO HIZO PEDIDO;5,00 %;075;Julieta Yegros;;Aydn Bn Limp† Act Or DoyPk 16/450ml;1658,61;3446;"";AUTOSERVICIO;Autoservicio A;-10744,00;IVAN MONTOYA;87,30;$;2;GRUPO AYUDIN ARGENTINA S.A;0,00000000;0,00;Contado;07-10-2026 08:10;;AYUDIN;CLOROX;;CLOROX;BAÒO;LAGO PUELO;LIMPIEZA;;;300;Bruno Centurion;Gescom;FAC-A0001-00343602;;True;134010;0;Lista General;Autoservicio A - A;;01-01-2000;;CLOROX;1;0,00000000;1658,61
27598;"El Canario - (AUTOSERVICIOS) 245";TRISTAN SUAREZ;2026-10-07;06-10-2026;07-10-2026;NCR-A0001-00048880;DevoluciÛn por Rechazo;LAGOPUELO S.A;33576;-1,00;-1897,91;-2296,47;Chen Xiaoqing;NO HIZO PEDIDO;0,00 %;075;Julieta Yegros;;Aydn Ropa BlncSprms DoyPk 16/400ml;1897,91;3446;"";AUTOSERVICIO;Autoservicio A;-1427,00;IVAN MONTOYA;0,00;$;2;GRUPO AYUDIN ARGENTINA S.A;0,00000000;0,00;Contado;07-10-2026 08:10;;AYUDIN;CLOROX;;CLOROX;LAVADO DE ROPA;LAGO PUELO;LIMPIEZA;;;300;Bruno Centurion;Gescom;FAC-A0001-00343606;;True;134012;0;Lista General;Autoservicio A - A;;01-01-2000;;CLOROX;1;0,00000000;1897,91
27433;"25 De Mayo 1314";CARLOS SPEGAZZINI;2026-10-07;06-10-2026;07-10-2026;NCR-A0001-00048881;DevoluciÛn por Rechazo;LAGOPUELO S.A;60231;-30,00;-48678,00;-58900,38;Caiyun Zheng;NO QUIERE EL CLIENTE;0,00 %;075;Julieta Yegros;;Aydn A-Sp Trad 15/1l GP2;1622,60;3446;"";AUTOSERVICIO;Autoservicio A;-36600,00;IVAN MONTOYA;0,00;$;2;GRUPO AYUDIN ARGENTINA S.A;0,00000000;0,00;Contado;07-10-2026 08:10;;AYUDIN;CLOROX;;CLOROX;LAVANDINA;LAGO PUELO;LIMPIEZA;;;300;Bruno Centurion;Gescom;FAC-A0001-00343615;;True;134013;0;Lista General;Autoservicio A - A;;01-01-2000;;CLOROX;1;0,00000000;1622,60
27433;"25 De Mayo 1314";CARLOS SPEGAZZINI;2026-10-07;06-10-2026;07-10-2026;NCR-A0001-00048881;DevoluciÛn por Rechazo;LAGOPUELO S.A;61047;-24,00;-86642,40;-104837,30;Caiyun Zheng;NO QUIERE EL CLIENTE;0,00 %;075;Julieta Yegros;;Aydn RopQuitMnch BlncInt 8/2l;3610,10;3446;"";AUTOSERVICIO;Autoservicio A;-66648,00;IVAN MONTOYA;0,00;$;2;GRUPO AYUDIN ARGENTINA S.A;0,00000000;0,00;Contado;07-10-2026 08:10;;AYUDIN;CLOROX;;CLOROX;LAVADO DE ROPA;LAGO PUELO;LIMPIEZA;;;300;Bruno Centurion;Gescom;FAC-A0001-00343615;;True;134013;0;Lista General;Autoservicio A - A;;01-01-2000;;CLOROX;1;0,00000000;3610,10
27979;"MU√‚ÄòOZ ASPIRI - (TRADICIONAL) 3628";SAN JOSE;2026-10-07;05-10-2026;07-10-2026;NCR-A0001-00048887;DevoluciÛn por Rechazo;LAGOPUELO S.A;36003;-16,00;-27824,00;-33667,04;LAURA ELBA ELIZABETH LESTRADA;CERRADO DENTRO DE HORARIO;20,00 %;074;Romina Baez;;AYDN LAVDNA OR 25g/l 8/2l;1739,00;3427;"";ALMACEN;ALMACEN;-27824,00;NAHUEL MONTOYA;434,75;$;2;GRUPO AYUDIN ARGENTINA S.A;0,00000000;0,00;Contado;07-10-2026 08:19;;AYUDIN;CLOROX;;CLOROX;LAVANDINA;LAGO PUELO;LIMPIEZA;;;300;Bruno Centurion;Gescom;FAC-A0001-00343267;;True;134022;0;Lista General;ALMACEN - A;;01-01-2000;;CLOROX;1;0,00000000;1739,00
27409;"Derqui - (AUTOSERVICIOS) 1325";LOMAS DE ZAMORA;2026-10-07;05-10-2026;07-10-2026;NCR-A0001-00048890;DevoluciÛn por Rechazo;LAGOPUELO S.A;61730;-6,00;-26795,52;-32422,58;Yau Yuping;NO QUIERE EL CLIENTE;0,00 %;073;Florencia Cubilla;;Sltn MataMosq Aer AccEfct 6/360ml BA;4465,92;3427;"";AUTOSERVICIO;Autoservicio B;-20934,00;NAHUEL MONTOYA;0,00;$;2;GRUPO AYUDIN ARGENTINA S.A;0,00000000;0,00;Contado;07-10-2026 08:19;;SELTON;CLOROX;;CLOROX;SELTON;LAGO PUELO;LIMPIEZA;;;300;Bruno Centurion;Gescom;FAC-A0001-00343251;;True;134025;0;Lista General;Autoservicio B - A;;01-01-2000;;CLOROX;1;0,00000000;4465,92
27409;"Derqui - (AUTOSERVICIOS) 1325";LOMAS DE ZAMORA;2026-10-07;05-10-2026;07-10-2026;NCR-A0001-00048890;DevoluciÛn por Rechazo;LAGOPUELO S.A;61814;-6,00;-22452,75;-27167,83;Yau Yuping;NO QUIERE EL CLIENTE;15,00 %;073;Florencia Cubilla;;Sltn MataMosq Aer s/OlrQmc 6/360ml BA;3742,13;3427;"";AUTOSERVICIO;Autoservicio B;-21132,00;NAHUEL MONTOYA;660,38;$;2;GRUPO AYUDIN ARGENTINA S.A;0,00000000;0,00;Contado;07-10-2026 08:19;;SELTON;CLOROX;;CLOROX;SELTON;LAGO PUELO;LIMPIEZA;;;300;Bruno Centurion;Gescom;FAC-A0001-00343251;;True;134025;0;Lista General;Autoservicio B - A;;01-01-2000;;CLOROX;1;0,00000000;3742,13
3086;"AVDA SANTA FE Y CALLE 889";SAN FRANCISCO SOLANO;2026-10-07;06-10-2026;07-10-2026;NCR-A0001-00048893;DevoluciÛn por Rechazo;LAGOPUELO S.A;60233;-15,00;-37086,05;-44874,12;EVELIN GISEL GAUNA;NO QUIERE EL CLIENTE;15,00 %;056;Ezequiel Ferreira;;Aydn Lavdna Gel Or 15/700ml GP2;2472,40;3445;"";AUTOSERVICIO;AUTOSERVICIO;-32805,00;LEONARDO SANTA CRUZ;436,31;$;2;GRUPO AYUDIN ARGENTINA S.A;0,00000000;0,00;Contado;07-10-2026 08:44;;AYUDIN;CLOROX;;CLOROX;LAVANDINA;LAGO PUELO;LIMPIEZA;;;300;Bruno Centurion;Gescom;FAC-A0001-00343635;;True;134032;0;Lista General;AUTOSERVICIO - A;;01-01-2000;;CLOROX;1;0,00000000;2472,40
3086;"AVDA SANTA FE Y CALLE 889";SAN FRANCISCO SOLANO;2026-10-07;06-10-2026;07-10-2026;NCR-A0001-00048893;DevoluciÛn por Rechazo;LAGOPUELO S.A;36003;-8,00;-13912,00;-16833,52;EVELIN GISEL GAUNA;NO QUIERE EL CLIENTE;20,00 %;056;Ezequiel Ferreira;;AYDN LAVDNA OR 25g/l 8/2l;1739,00;3445;"";AUTOSERVICIO;AUTOSERVICIO;-13912,00;LEONARDO SANTA CRUZ;434,75;$;2;GRUPO AYUDIN ARGENTINA S.A;0,00000000;0,00;Contado;07-10-2026 08:44;;AYUDIN;CLOROX;;CLOROX;LAVANDINA;LAGO PUELO;LIMPIEZA;;;300;Bruno Centurion;Gescom;FAC-A0001-00343635;;True;134032;0;Lista General;AUTOSERVICIO - A;;01-01-2000;;CLOROX;1;0,00000000;1739,00
3086;"AVDA SANTA FE Y CALLE 889";SAN FRANCISCO SOLANO;2026-10-07;06-10-2026;07-10-2026;NCR-A0001-00048893;DevoluciÛn por Rechazo;LAGOPUELO S.A;34324;-12,00;-15752,06;-19060,00;EVELIN GISEL GAUNA;NO QUIERE EL CLIENTE;20,00 %;056;Ezequiel Ferreira;;Poett Desinf. Flores de Primavera 900ml;1312,67;3445;"";AUTOSERVICIO;AUTOSERVICIO;-15504,00;LEONARDO SANTA CRUZ;328,17;$;2;GRUPO AYUDIN ARGENTINA S.A;0,00000000;0,00;Contado;07-10-2026 08:44;;POETT;CLOROX;;CLOROX;PISO;LAGO PUELO;LIMPIEZA;;;300;Bruno Centurion;Gescom;FAC-A0001-00343635;;True;134032;0;Lista General;AUTOSERVICIO - A;;01-01-2000;;CLOROX;1;0,00000000;1312,67
3086;"AVDA SANTA FE Y CALLE 889";SAN FRANCISCO SOLANO;2026-10-07;06-10-2026;07-10-2026;NCR-A0001-00048893;DevoluciÛn por Rechazo;LAGOPUELO S.A;34320;-12,00;-15752,06;-19060,00;EVELIN GISEL GAUNA;NO QUIERE EL CLIENTE;20,00 %;056;Ezequiel Ferreira;;Poett Desinf. Frescura de Lavanda 900ml;1312,67;3445;"";AUTOSERVICIO;AUTOSERVICIO;-15504,00;LEONARDO SANTA CRUZ;328,17;$;2;GRUPO AYUDIN ARGENTINA S.A;0,00000000;0,00;Contado;07-10-2026 08:44;;POETT;CLOROX;;CLOROX;PISO;LAGO PUELO;LIMPIEZA;;;300;Bruno Centurion;Gescom;FAC-A0001-00343635;;True;134032;0;Lista General;AUTOSERVICIO - A;;01-01-2000;;CLOROX;1;0,00000000;1312,67
3086;"AVDA SANTA FE Y CALLE 889";SAN FRANCISCO SOLANO;2026-10-07;06-10-2026;07-10-2026;NCR-A0001-00048893;DevoluciÛn por Rechazo;LAGOPUELO S.A;60386;-12,00;-15752,06;-19060,00;EVELIN GISEL GAUNA;NO QUIERE EL CLIENTE;20,00 %;056;Ezequiel Ferreira;;Poett EsptPly 12/900ml;1312,67;3445;"";AUTOSERVICIO;AUTOSERVICIO;-15504,00;LEONARDO SANTA CRUZ;328,17;$;2;GRUPO AYUDIN ARGENTINA S.A;0,00000000;0,00;Contado;07-10-2026 08:44;;POETT;CLOROX;;CLOROX;PISO;LAGO PUELO;LIMPIEZA;;;300;Bruno Centurion;Gescom;FAC-A0001-00343635;;True;134032;0;Lista General;AUTOSERVICIO - A;;01-01-2000;;CLOROX;1;0,00000000;1312,67
3086;"AVDA SANTA FE Y CALLE 889";SAN FRANCISCO SOLANO;2026-10-07;06-10-2026;07-10-2026;NCR-A0001-00048893;DevoluciÛn por Rechazo;LAGOPUELO S.A;61731;-6,00;-20145,41;-24375,94;EVELIN GISEL GAUNA;NO QUIERE EL CLIENTE;15,00 %;056;Ezequiel Ferreira;;Sltn MataCuca Aer AccProl 6/360ml BA;3357,57;3445;"";AUTOSERVICIO;AUTOSERVICIO;-18516,00;LEONARDO SANTA CRUZ;592,51;$;2;GRUPO AYUDIN ARGENTINA S.A;0,00000000;0,00;Contado;07-10-2026 08:44;;SELTON;CLOROX;;CLOROX;SELTON;LAGO PUELO;LIMPIEZA;;;300;Bruno Centurion;Gescom;FAC-A0001-00343635;;True;134032;0;Lista General;AUTOSERVICIO - A;;01-01-2000;;CLOROX;1;0,00000000;3357,57
3086;"AVDA SANTA FE Y CALLE 889";SAN FRANCISCO SOLANO;2026-10-07;06-10-2026;07-10-2026;NCR-A0001-00048893;DevoluciÛn por Rechazo;LAGOPUELO S.A;32288;-8,00;-14716,00;-17806,36;EVELIN GISEL GAUNA;NO QUIERE EL CLIENTE;0,00 %;056;Ezequiel Ferreira;;Tren Oxi DoyPk 16/400ml                 ;1839,50;3445;"";AUTOSERVICIO;AUTOSERVICIO;-11320,00;LEONARDO SANTA CRUZ;0,00;$;2;GRUPO AYUDIN ARGENTINA S.A;0,00000000;0,00;Contado;07-10-2026 08:44;;TRENET;CLOROX;;CLOROX;LAVADO DE ROPA;LAGO PUELO;LIMPIEZA;;;300;Bruno Centurion;Gescom;FAC-A0001-00343635;;True;134032;0;Lista General;AUTOSERVICIO - A;;01-01-2000;;CLOROX;1;0,00000000;1839,50
29529;"LOS MOLINOS E/LOS ALAMOS Y HUGO AGUILAR - (TRADICIONAL) 829";LA UNION;2026-10-07;06-10-2026;07-10-2026;NCR-B0001-00002614;DevoluciÛn por Rechazo;LAGOPUELO S.A;17927;-30,00;-25470,00;-30818,70;GABRIELA CECILIA ALFONSO;CERRADO DENTRO DE HORARIO;20,00 %;075;Julieta Yegros;;AYDN LAVDNA OR 15/1L;849,00;3446;"";KIOSCO;KIOSCO;-25470,00;IVAN MONTOYA;212,25;$;2;GRUPO AYUDIN ARGENTINA S.A;0,00000000;0,00;Contado;07-10-2026 08:10;;AYUDIN;CLOROX;;CLOROX;LAVANDINA;LAGO PUELO;LIMPIEZA;;;300;Bruno Centurion;Gescom;FAC-B0001-00018714;;True;134008;0;Lista General;KIOSCO - A;;01-01-2000;;CLOROX;1;0,00000000;849,00
108922;"Calle 169 2136 0";BERNAL ;2026-10-07;06-10-2026;07-10-2026;NCR-B0001-00002616;DevoluciÛn por Rechazo;LAGOPUELO S.A;34342;-12,00;-19690,08;-23825,00;Cecilia Romero;RECHAZA, MUY CARO;0,00 %;2;Fernanda Cejas;;Poett Dsnf AlgrDia 12/900ml;1640,84;3445;"";Tradicionales;Almacen;-15504,00;LEONARDO SANTA CRUZ;0,00;$;2;GRUPO AYUDIN ARGENTINA S.A;0,00000000;0,00;Efectivo;07-10-2026 08:44;;POETT;CLOROX;;CLOROX;PISO;LAGO PUELO;LIMPIEZA;;;25;JOHANA VIGIL;Gescom;FAC-B0001-00018727;;True;134031;0;Lista General;Almacen - A;;01-01-2000;;CLOROX;1;0,00000000;1640,84
108922;"Calle 169 2136 0";BERNAL ;2026-10-07;06-10-2026;07-10-2026;NCR-B0001-00002616;DevoluciÛn por Rechazo;LAGOPUELO S.A;34320;-12,00;-19690,08;-23825,00;Cecilia Romero;RECHAZA, MUY CARO;0,00 %;2;Fernanda Cejas;;Poett Desinf. Frescura de Lavanda 900ml;1640,84;3445;"";Tradicionales;Almacen;-15504,00;LEONARDO SANTA CRUZ;0,00;$;2;GRUPO AYUDIN ARGENTINA S.A;0,00000000;0,00;Efectivo;07-10-2026 08:44;;POETT;CLOROX;;CLOROX;PISO;LAGO PUELO;LIMPIEZA;;;25;JOHANA VIGIL;Gescom;FAC-B0001-00018727;;True;134031;0;Lista General;Almacen - A;;01-01-2000;;CLOROX;1;0,00000000;1640,84
809;"AV DARDO ROCHA 660";Bernal;2026-10-07;07-10-2026;06-10-2026;FAC-A0006-00000263;Venta;Empresa LAGOPUELO;34320;12,00;15161,36;18345,25;SHI YUECHI;;23,00 %;054;Leonel Caruso;0542;Poett Desinf. Frescura de Lavanda 900ml;1263,45;3459;"Venta modificada el 2026-10-06 13:34:48";AUTOSERVICIO;AUTOSERVICIO;15504,00;LEONARDO SANTA CRUZ;377,39;$;2;GRUPO AYUDIN ARGENTINA S.A;0,00000000;0,00;Contado;;;POETT;CLOROX;;CLOROX;PISO;LAGO PUELO;LIMPIEZA;;;300;Bruno Centurion;AXUM;;CLOROX;False;133703;1;Lista General;AUTOSERVICIO - A;44511;06-10-2026;5553-JORGE MONZON;CLOROX;1;0,00000000;1263,45
809;"AV DARDO ROCHA 660";Bernal;2026-10-07;07-10-2026;06-10-2026;FAC-A0006-00000263;Venta;Empresa LAGOPUELO;34324;12,00;15161,36;18345,25;SHI YUECHI;;23,00 %;054;Leonel Caruso;0542;Poett Desinf. Flores de Primavera 900ml;1263,45;3459;"Venta modificada el 2026-10-06 13:34:48";AUTOSERVICIO;AUTOSERVICIO;15504,00;LEONARDO SANTA CRUZ;377,39;$;2;GRUPO AYUDIN ARGENTINA S.A;0,00000000;0,00;Contado;;;POETT;CLOROX;;CLOROX;PISO;LAGO PUELO;LIMPIEZA;;;300;Bruno Centurion;AXUM;;CLOROX;False;133703;1;Lista General;AUTOSERVICIO - A;44511;06-10-2026;5553-JORGE MONZON;CLOROX;1;0,00000000;1263,45
809;"AV DARDO ROCHA 660";Bernal;2026-10-07;07-10-2026;06-10-2026;FAC-A0006-00000263;Venta;Empresa LAGOPUELO;34327;12,00;15161,36;18345,25;SHI YUECHI;;23,00 %;054;Leonel Caruso;0542;Poett Desinf. Solo para ti 900ml;1263,45;3459;"Venta modificada el 2026-10-06 13:34:48";AUTOSERVICIO;AUTOSERVICIO;15504,00;LEONARDO SANTA CRUZ;377,39;$;2;GRUPO AYUDIN ARGENTINA S.A;0,00000000;0,00;Contado;;;POETT;CLOROX;;CLOROX;PISO;LAGO PUELO;LIMPIEZA;;;300;Bruno Centurion;AXUM;;CLOROX;False;133703;1;Lista General;AUTOSERVICIO - A;44511;06-10-2026;5553-JORGE MONZON;CLOROX;1;0,00000000;1263,45
809;"AV DARDO ROCHA 660";Bernal;2026-10-07;07-10-2026;06-10-2026;FAC-A0006-00000263;Venta;Empresa LAGOPUELO;34334;12,00;15161,36;18345,25;SHI YUECHI;;23,00 %;054;Leonel Caruso;0542;Poett Dsnf SuadBebe 12/900ml;1263,45;3459;"Venta modificada el 2026-10-06 13:34:48";AUTOSERVICIO;AUTOSERVICIO;15504,00;LEONARDO SANTA CRUZ;377,39;$;2;GRUPO AYUDIN ARGENTINA S.A;0,00000000;0,00;Contado;;;POETT;CLOROX;;CLOROX;PISO;LAGO PUELO;LIMPIEZA;;;300;Bruno Centurion;AXUM;;CLOROX;False;133703;1;Lista General;AUTOSERVICIO - A;44511;06-10-2026;5553-JORGE MONZON;CLOROX;1;0,00000000;1263,45
809;"AV DARDO ROCHA 660";Bernal;2026-10-07;07-10-2026;06-10-2026;FAC-A0006-00000263;Venta;Empresa LAGOPUELO;34342;12,00;15161,36;18345,25;SHI YUECHI;;23,00 %;054;Leonel Caruso;0542;Poett Dsnf AlgrDia 12/900ml;1263,45;3459;"Venta modificada el 2026-10-06 13:34:48";AUTOSERVICIO;AUTOSERVICIO;15504,00;LEONARDO SANTA CRUZ;377,39;$;2;GRUPO AYUDIN ARGENTINA S.A;0,00000000;0,00;Contado;;;POETT;CLOROX;;CLOROX;PISO;LAGO PUELO;LIMPIEZA;;;300;Bruno Centurion;AXUM;;CLOROX;False;133703;1;Lista General;AUTOSERVICIO - A;44511;06-10-2026;5553-JORGE MONZON;CLOROX;1;0,00000000;1263,45
2406;"AV PRES DR NESTOR KIRCHNER 5444";Berazategui;2026-10-07;07-10-2026;06-10-2026;FAC-A0002-00011625;Venta;ELEBES;61816;6,00;17091,36;20680,55;VINK VANESA MARIELA;;20,00 %;052;Nicole Sosa;0522;Sltn MataMosq Aer AccInst 6/360ml BA;2848,56;3457;"";AUTOSERVICIO;AUTOSERVICIO;16434,00;JUAN ESCOTO;712,14;$;2;GRUPO AYUDIN ARGENTINA S.A;0,00000000;0,00;Contado;;;SELTON;CLOROX;;CLOROX;SELTON;LAGO PUELO;LIMPIEZA;130;;300;Bruno Centurion;AXUM;;CLOROX;False;133852;1;Lista General;AUTOSERVICIO - A;44456;06-10-2026;757-JUAN PABLO JUAREZ;CLOROX;1;0,00000000;2848,56
2406;"AV PRES DR NESTOR KIRCHNER 5444";Berazategui;2026-10-07;07-10-2026;06-10-2026;FAC-A0002-00011625;Venta;ELEBES;17927;15,00;12735,00;15409,35;VINK VANESA MARIELA;;20,00 %;052;Nicole Sosa;0522;AYDN LAVDNA OR 15/1L;849,00;3457;"";AUTOSERVICIO;AUTOSERVICIO;12735,00;JUAN ESCOTO;212,25;$;2;GRUPO AYUDIN ARGENTINA S.A;0,00000000;0,00;Contado;;;AYUDIN;CLOROX;;CLOROX;LAVANDINA;LAGO PUELO;LIMPIEZA;;;300;Bruno Centurion;AXUM;;CLOROX;False;133852;1;Lista General;AUTOSERVICIO - A;44456;06-10-2026;757-JUAN PABLO JUAREZ;CLOROX;1;0,00000000;849,00
2406;"AV PRES DR NESTOR KIRCHNER 5444";Berazategui;2026-10-07;07-10-2026;06-10-2026;FAC-A0002-00011625;Venta;ELEBES;61046;15,00;22306,05;26990,32;VINK VANESA MARIELA;;18,00 %;052;Nicole Sosa;0522;Aydn RopQuitMnch BlncInt 15/1l;1487,07;3457;"";AUTOSERVICIO;AUTOSERVICIO;20925,00;JUAN ESCOTO;326,43;$;2;GRUPO AYUDIN ARGENTINA S.A;0,00000000;0,00;Contado;;;AYUDIN;CLOROX;;CLOROX;LAVADO DE ROPA;LAGO PUELO;LIMPIEZA;135;;300;Bruno Centurion;AXUM;;CLOROX;False;133852;1;Lista General;AUTOSERVICIO - A;44456;06-10-2026;757-JUAN PABLO JUAREZ;CLOROX;1;0,00000000;1487,07
23863;"CALLE AL 293 ESQUINA 103 - (KIOSCOS/MAXI) 124";GUERNICA;2026-10-07;07-10-2026;06-10-2026;FAC-A0002-00011630;Venta;ELEBES;34320;3,00;4922,52;5956,25;N˙Òez Nancy VerÛnica ;;0,00 %;061;Nailah Guzman;0612;Poett Desinf. Frescura de Lavanda 900ml;1640,84;3462;"";KIOSCO;KIOSCO;3876,00;HERNAN RIVERO;0,00;$;2;GRUPO AYUDIN ARGENTINA S.A;0,00000000;0,00;Contado;;;POETT;CLOROX;;CLOROX;PISO;LAGO PUELO;LIMPIEZA;;;300;Bruno Centurion;AXUM;;CLOROX;False;133912;1;Lista General;KIOSCO - A;44608;06-10-2026;58-ARON BOLLINI;CLOROX;1;0,00000000;1640,84
23863;"CALLE AL 293 ESQUINA 103 - (KIOSCOS/MAXI) 124";GUERNICA;2026-10-07;07-10-2026;06-10-2026;FAC-A0002-00011630;Venta;ELEBES;34324;3,00;4922,52;5956,25;N˙Òez Nancy VerÛnica ;;0,00 %;061;Nailah Guzman;0612;Poett Desinf. Flores de Primavera 900ml;1640,84;3462;"";KIOSCO;KIOSCO;3876,00;HERNAN RIVERO;0,00;$;2;GRUPO AYUDIN ARGENTINA S.A;0,00000000;0,00;Contado;;;POETT;CLOROX;;CLOROX;PISO;LAGO PUELO;LIMPIEZA;;;300;Bruno Centurion;AXUM;;CLOROX;False;133912;1;Lista General;KIOSCO - A;44608;06-10-2026;58-ARON BOLLINI;CLOROX;1;0,00000000;1640,84
23863;"CALLE AL 293 ESQUINA 103 - (KIOSCOS/MAXI) 124";GUERNICA;2026-10-07;07-10-2026;06-10-2026;FAC-A0002-00011630;Venta;ELEBES;34334;3,00;4922,52;5956,25;N˙Òez Nancy VerÛnica ;;0,00 %;061;Nailah Guzman;0612;Poett Dsnf SuadBebe 12/900ml;1640,84;3462;"";KIOSCO;KIOSCO;3876,00;HERNAN RIVERO;0,00;$;2;GRUPO AYUDIN ARGENTINA S.A;0,00000000;0,00;Contado;;;POETT;CLOROX;;CLOROX;PISO;LAGO PUELO;LIMPIEZA;;;300;Bruno Centurion;AXUM;;CLOROX;False;133912;1;Lista General;KIOSCO - A;44608;06-10-2026;58-ARON BOLLINI;CLOROX;1;0,00000000;1640,84
23863;"CALLE AL 293 ESQUINA 103 - (KIOSCOS/MAXI) 124";GUERNICA;2026-10-07;07-10-2026;06-10-2026;FAC-A0002-00011630;Venta;ELEBES;34327;3,00;4922,52;5956,25;N˙Òez Nancy VerÛnica ;;0,00 %;061;Nailah Guzman;0612;Poett Desinf. Solo para ti 900ml;1640,84;3462;"";KIOSCO;KIOSCO;3876,00;HERNAN RIVERO;0,00;$;2;GRUPO AYUDIN ARGENTINA S.A;0,00000000;0,00;Contado;;;POETT;CLOROX;;CLOROX;PISO;LAGO PUELO;LIMPIEZA;;;300;Bruno Centurion;AXUM;;CLOROX;False;133912;1;Lista General;KIOSCO - A;44608;06-10-2026;58-ARON BOLLINI;CLOROX;1;0,00000000;1640,84
23863;"CALLE AL 293 ESQUINA 103 - (KIOSCOS/MAXI) 124";GUERNICA;2026-10-07;07-10-2026;06-10-2026;FAC-A0002-00011630;Venta;ELEBES;34342;3,00;4922,52;5956,25;N˙Òez Nancy VerÛnica ;;0,00 %;061;Nailah Guzman;0612;Poett Dsnf AlgrDia 12/900ml;1640,84;3462;"";KIOSCO;KIOSCO;3876,00;HERNAN RIVERO;0,00;$;2;GRUPO AYUDIN ARGENTINA S.A;0,00000000;0,00;Contado;;;POETT;CLOROX;;CLOROX;PISO;LAGO PUELO;LIMPIEZA;;;300;Bruno Centurion;AXUM;;CLOROX;False;133912;1;Lista General;KIOSCO - A;44608;06-10-2026;58-ARON BOLLINI;CLOROX;1;0,00000000;1640,84
807;"AV EVA PERON 4489";Florencio Varela;2026-10-07;07-10-2026;06-10-2026;FAC-B0006-00000289;Venta;Empresa LAGOPUELO;34320;768,00;919958,81;1113150,17;DISTRIBUIDORA SANTA MARIA SA;;17,44 %;038;GISELA CACERES;0384;Poett Desinf. Frescura de Lavanda 900ml;1197,86;3455;"";MAYORISTA;MAYORISTA;992256,00;IVAN MONTOYA;253,04;$;2;GRUPO AYUDIN ARGENTINA S.A;0,00000000;0,00;15 dÌas fecha de factura;;;POETT;CLOROX;;CLOROX;PISO;LAGO PUELO;LIMPIEZA;;;;;Gescom;;;False;133971;1;Mayorista;MAYORISTA - A;44480;06-10-2026;757-JUAN PABLO JUAREZ;CLOROX;1;0,00000000;1197,86
807;"AV EVA PERON 4489";Florencio Varela;2026-10-07;07-10-2026;06-10-2026;FAC-B0006-00000289;Venta;Empresa LAGOPUELO;34324;192,00;229989,70;278287,54;DISTRIBUIDORA SANTA MARIA SA;;17,44 %;038;GISELA CACERES;0384;Poett Desinf. Flores de Primavera 900ml;1197,86;3455;"";MAYORISTA;MAYORISTA;248064,00;IVAN MONTOYA;253,04;$;2;GRUPO AYUDIN ARGENTINA S.A;0,00000000;0,00;15 dÌas fecha de factura;;;POETT;CLOROX;;CLOROX;PISO;LAGO PUELO;LIMPIEZA;;;;;Gescom;;;False;133971;1;Mayorista;MAYORISTA - A;44480;06-10-2026;757-JUAN PABLO JUAREZ;CLOROX;1;0,00000000;1197,86
807;"AV EVA PERON 4489";Florencio Varela;2026-10-07;07-10-2026;06-10-2026;FAC-B0006-00000289;Venta;Empresa LAGOPUELO;34342;192,00;229989,70;278287,54;DISTRIBUIDORA SANTA MARIA SA;;17,44 %;038;GISELA CACERES;0384;Poett Dsnf AlgrDia 12/900ml;1197,86;3455;"";MAYORISTA;MAYORISTA;248064,00;IVAN MONTOYA;253,04;$;2;GRUPO AYUDIN ARGENTINA S.A;0,00000000;0,00;15 dÌas fecha de factura;;;POETT;CLOROX;;CLOROX;PISO;LAGO PUELO;LIMPIEZA;;;;;Gescom;;;False;133971;1;Mayorista;MAYORISTA - A;44480;06-10-2026;757-JUAN PABLO JUAREZ;CLOROX;1;0,00000000;1197,86
807;"AV EVA PERON 4489";Florencio Varela;2026-10-07;07-10-2026;06-10-2026;FAC-B0006-00000289;Venta;Empresa LAGOPUELO;34322;42,00;257601,96;311698,37;DISTRIBUIDORA SANTA MARIA SA;;0,00 %;038;GISELA CACERES;0384;Poett Deinf. Frescura de Lavanda 4L;6133,38;3455;"";MAYORISTA;MAYORISTA;229278,00;IVAN MONTOYA;0,00;$;2;GRUPO AYUDIN ARGENTINA S.A;0,00000000;0,00;15 dÌas fecha de factura;;;POETT;CLOROX;;CLOROX;PISO;LAGO PUELO;LIMPIEZA;;;;;Gescom;;;False;133971;1;Mayorista;MAYORISTA - A;44480;06-10-2026;757-JUAN PABLO JUAREZ;CLOROX;1;0,00000000;6133,38
807;"AV EVA PERON 4489";Florencio Varela;2026-10-07;07-10-2026;06-10-2026;FAC-B0006-00000289;Venta;Empresa LAGOPUELO;17927;675,00;522706,53;632474,90;DISTRIBUIDORA SANTA MARIA SA;;18,80 %;038;GISELA CACERES;0384;AYDN LAVDNA OR 15/1L;774,38;3455;"";MAYORISTA;MAYORISTA;573075,00;IVAN MONTOYA;179,29;$;2;GRUPO AYUDIN ARGENTINA S.A;0,00000000;0,00;15 dÌas fecha de factura;;;AYUDIN;CLOROX;;CLOROX;LAVANDINA;LAGO PUELO;LIMPIEZA;;;;;Gescom;;;False;133971;1;Mayorista;MAYORISTA - A;44480;06-10-2026;757-JUAN PABLO JUAREZ;CLOROX;1;0,00000000;774,38
807;"AV EVA PERON 4489";Florencio Varela;2026-10-07;07-10-2026;06-10-2026;FAC-B0006-00000289;Venta;Empresa LAGOPUELO;36003;400,00;634727,41;768020,16;DISTRIBUIDORA SANTA MARIA SA;;18,80 %;038;GISELA CACERES;0384;AYDN LAVDNA OR 25g/l 8/2l;1586,82;3455;"";MAYORISTA;MAYORISTA;695600,00;IVAN MONTOYA;367,39;$;2;GRUPO AYUDIN ARGENTINA S.A;0,00000000;0,00;15 dÌas fecha de factura;;;AYUDIN;CLOROX;;CLOROX;LAVANDINA;LAGO PUELO;LIMPIEZA;;;;;Gescom;;;False;133971;1;Mayorista;MAYORISTA - A;44480;06-10-2026;757-JUAN PABLO JUAREZ;CLOROX;1;0,00000000;1586,82
807;"AV EVA PERON 4489";Florencio Varela;2026-10-07;07-10-2026;06-10-2026;FAC-B0006-00000289;Venta;Empresa LAGOPUELO;61046;270,00;372571,06;450810,98;DISTRIBUIDORA SANTA MARIA SA;;12,00 %;038;GISELA CACERES;0384;Aydn RopQuitMnch BlncInt 15/1l;1379,89;3455;"";MAYORISTA;MAYORISTA;376650,00;IVAN MONTOYA;188,17;$;2;GRUPO AYUDIN ARGENTINA S.A;0,00000000;0,00;15 dÌas fecha de factura;;;AYUDIN;CLOROX;;CLOROX;LAVADO DE ROPA;LAGO PUELO;LIMPIEZA;;;;;Gescom;;;False;133971;1;Mayorista;MAYORISTA - A;44480;06-10-2026;757-JUAN PABLO JUAREZ;CLOROX;1;0,00000000;1379,89
807;"AV EVA PERON 4489";Florencio Varela;2026-10-07;07-10-2026;06-10-2026;FAC-B0006-00000289;Venta;Empresa LAGOPUELO;61047;40,00;109810,62;132870,86;DISTRIBUIDORA SANTA MARIA SA;;12,00 %;038;GISELA CACERES;0384;Aydn RopQuitMnch BlncInt 8/2l;2745,27;3455;"";MAYORISTA;MAYORISTA;111080,00;IVAN MONTOYA;374,35;$;2;GRUPO AYUDIN ARGENTINA S.A;0,00000000;0,00;15 dÌas fecha de factura;;;AYUDIN;CLOROX;;CLOROX;LAVADO DE ROPA;LAGO PUELO;LIMPIEZA;;;;;Gescom;;;False;133971;1;Mayorista;MAYORISTA - A;44480;06-10-2026;757-JUAN PABLO JUAREZ;CLOROX;1;0,00000000;2745,27
27942;"LAPRIDA - (TRADICIONAL) 1902";LOMAS DE ZAMORA;2026-10-07;07-10-2026;06-10-2026;FAC-A0002-00011631;Venta;ELEBES;17927;15,00;15918,75;19261,69;MARTINA ESPINDOLA;;0,00 %;074;Romina Baez;0742;AYDN LAVDNA OR 15/1L;1061,25;3456;"";ALMACEN;ALMACEN;12735,00;NAHUEL MONTOYA;0,00;$;2;GRUPO AYUDIN ARGENTINA S.A;0,00000000;0,00;Contado;;;AYUDIN;CLOROX;;CLOROX;LAVANDINA;LAGO PUELO;LIMPIEZA;;;300;Bruno Centurion;AXUM;;CLOROX;False;133465;1;Lista General;ALMACEN - A;44393;06-10-2026;509-LUCAS GODOY;CLOROX;1;0,00000000;1061,25
27942;"LAPRIDA - (TRADICIONAL) 1902";LOMAS DE ZAMORA;2026-10-07;07-10-2026;06-10-2026;FAC-A0002-00011631;Venta;ELEBES;34320;3,00;4922,52;5956,25;MARTINA ESPINDOLA;;0,00 %;074;Romina Baez;0742;Poett Desinf. Frescura de Lavanda 900ml;1640,84;3456;"";ALMACEN;ALMACEN;3876,00;NAHUEL MONTOYA;0,00;$;2;GRUPO AYUDIN ARGENTINA S.A;0,00000000;0,00;Contado;;;POETT;CLOROX;;CLOROX;PISO;LAGO PUELO;LIMPIEZA;;;300;Bruno Centurion;AXUM;;CLOROX;False;133465;1;Lista General;ALMACEN - A;44393;06-10-2026;509-LUCAS GODOY;CLOROX;1;0,00000000;1640,84
27942;"LAPRIDA - (TRADICIONAL) 1902";LOMAS DE ZAMORA;2026-10-07;07-10-2026;06-10-2026;FAC-A0002-00011631;Venta;ELEBES;34324;3,00;4922,52;5956,25;MARTINA ESPINDOLA;;0,00 %;074;Romina Baez;0742;Poett Desinf. Flores de Primavera 900ml;1640,84;3456;"";ALMACEN;ALMACEN;3876,00;NAHUEL MONTOYA;0,00;$;2;GRUPO AYUDIN ARGENTINA S.A;0,00000000;0,00;Contado;;;POETT;CLOROX;;CLOROX;PISO;LAGO PUELO;LIMPIEZA;;;300;Bruno Centurion;AXUM;;CLOROX;False;133465;1;Lista General;ALMACEN - A;44393;06-10-2026;509-LUCAS GODOY;CLOROX;1;0,00000000;1640,84
27942;"LAPRIDA - (TRADICIONAL) 1902";LOMAS DE ZAMORA;2026-10-07;07-10-2026;06-10-2026;FAC-A0002-00011631;Venta;ELEBES;34334;3,00;4922,52;5956,25;MARTINA ESPINDOLA;;0,00 %;074;Romina Baez;0742;Poett Dsnf SuadBebe 12/900ml;1640,84;3456;"";ALMACEN;ALMACEN;3876,00;NAHUEL MONTOYA;0,00;$;2;GRUPO AYUDIN ARGENTINA S.A;0,00000000;0,00;Contado;;;POETT;CLOROX;;CLOROX;PISO;LAGO PUELO;LIMPIEZA;;;300;Bruno Centurion;AXUM;;CLOROX;False;133465;1;Lista General;ALMACEN - A;44393;06-10-2026;509-LUCAS GODOY;CLOROX;1;0,00000000;1640,84
27942;"LAPRIDA - (TRADICIONAL) 1902";LOMAS DE ZAMORA;2026-10-07;07-10-2026;06-10-2026;FAC-A0002-00011631;Venta;ELEBES;36001;3,00;4922,52;5956,25;MARTINA ESPINDOLA;;0,00 %;074;Romina Baez;0742;POETT FRSC TROP 12/900;1640,84;3456;"";ALMACEN;ALMACEN;3876,00;NAHUEL MONTOYA;0,00;$;2;GRUPO AYUDIN ARGENTINA S.A;0,00000000;0,00;Contado;;;POETT;CLOROX;;CLOROX;PISO;LAGO PUELO;LIMPIEZA;;;300;Bruno Centurion;AXUM;;CLOROX;False;133465;1;Lista General;ALMACEN - A;44393;06-10-2026;509-LUCAS GODOY;CLOROX;1;0,00000000;1640,84
29314;"presidente peron 1774";LOMAS DE ZAMORA;2026-10-07;07-10-2026;06-10-2026;FAC-A0006-00000269;Venta;Empresa LAGOPUELO;34320;48,00;59070,24;71474,99;CLAUDIO ROBERTO BAZAN;;25,00 %;074;Romina Baez;0742;Poett Desinf. Frescura de Lavanda 900ml;1230,63;3456;"Venta modificada el 2026-10-06 09:48:37";MAYORISTA;MAYORISTA;62016,00;NAHUEL MONTOYA;410,21;$;2;GRUPO AYUDIN ARGENTINA S.A;0,00000000;0,00;Contado;;;POETT;CLOROX;;CLOROX;PISO;LAGO PUELO;LIMPIEZA;;;300;Bruno Centurion;AXUM;;CLOROX;False;133449;1;Lista General;MAYORISTA - A;44405;06-10-2026;509-LUCAS GODOY;CLOROX;1;0,00000000;1230,63
29314;"presidente peron 1774";LOMAS DE ZAMORA;2026-10-07;07-10-2026;06-10-2026;FAC-A0006-00000269;Venta;Empresa LAGOPUELO;34324;24,00;29535,12;35737,50;CLAUDIO ROBERTO BAZAN;;25,00 %;074;Romina Baez;0742;Poett Desinf. Flores de Primavera 900ml;1230,63;3456;"Venta modificada el 2026-10-06 09:48:37";MAYORISTA;MAYORISTA;31008,00;NAHUEL MONTOYA;410,21;$;2;GRUPO AYUDIN ARGENTINA S.A;0,00000000;0,00;Contado;;;POETT;CLOROX;;CLOROX;PISO;LAGO PUELO;LIMPIEZA;;;300;Bruno Centurion;AXUM;;CLOROX;False;133449;1;Lista General;MAYORISTA - A;44405;06-10-2026;509-LUCAS GODOY;CLOROX;1;0,00000000;1230,63
29314;"presidente peron 1774";LOMAS DE ZAMORA;2026-10-07;07-10-2026;06-10-2026;FAC-A0006-00000269;Venta;Empresa LAGOPUELO;34336;12,00;14767,56;17868,75;CLAUDIO ROBERTO BAZAN;;25,00 %;074;Romina Baez;0742;Poett Dsnf SuadAlg 12/900ml;1230,63;3456;"Venta modificada el 2026-10-06 09:48:37";MAYORISTA;MAYORISTA;15504,00;NAHUEL MONTOYA;410,21;$;2;GRUPO AYUDIN ARGENTINA S.A;0,00000000;0,00;Contado;;;POETT;CLOROX;;CLOROX;PISO;LAGO PUELO;LIMPIEZA;;;300;Bruno Centurion;AXUM;;CLOROX;False;133449;1;Lista General;MAYORISTA - A;44405;06-10-2026;509-LUCAS GODOY;CLOROX;1;0,00000000;1230,63
29314;"presidente peron 1774";LOMAS DE ZAMORA;2026-10-07;07-10-2026;06-10-2026;FAC-A0006-00000269;Venta;Empresa LAGOPUELO;34338;24,00;29535,12;35737,50;CLAUDIO ROBERTO BAZAN;;25,00 %;074;Romina Baez;0742;Poett Dsnf MscPrmvra 12/900ml;1230,63;3456;"Venta modificada el 2026-10-06 09:48:37";MAYORISTA;MAYORISTA;31008,00;NAHUEL MONTOYA;410,21;$;2;GRUPO AYUDIN ARGENTINA S.A;0,00000000;0,00;Contado;;;POETT;CLOROX;;CLOROX;PISO;LAGO PUELO;LIMPIEZA;;;300;Bruno Centurion;AXUM;;CLOROX;False;133449;1;Lista General;MAYORISTA - A;44405;06-10-2026;509-LUCAS GODOY;CLOROX;1;0,00000000;1230,63
29314;"presidente peron 1774";LOMAS DE ZAMORA;2026-10-07;07-10-2026;06-10-2026;FAC-A0006-00000269;Venta;Empresa LAGOPUELO;60386;36,00;44302,68;53606,24;CLAUDIO ROBERTO BAZAN;;25,00 %;074;Romina Baez;0742;Poett EsptPly 12/900ml;1230,63;3456;"Venta modificada el 2026-10-06 09:48:37";MAYORISTA;MAYORISTA;46512,00;NAHUEL MONTOYA;410,21;$;2;GRUPO AYUDIN ARGENTINA S.A;0,00000000;0,00;Contado;;;POETT;CLOROX;;CLOROX;PISO;LAGO PUELO;LIMPIEZA;;;300;Bruno Centurion;AXUM;;CLOROX;False;133449;1;Lista General;MAYORISTA - A;44405;06-10-2026;509-LUCAS GODOY;CLOROX;1;0,00000000;1230,63
29314;"presidente peron 1774";LOMAS DE ZAMORA;2026-10-07;07-10-2026;06-10-2026;FAC-A0006-00000269;Venta;Empresa LAGOPUELO;36001;24,00;29535,12;35737,50;CLAUDIO ROBERTO BAZAN;;25,00 %;074;Romina Baez;0742;POETT FRSC TROP 12/900;1230,63;3456;"Venta modificada el 2026-10-06 09:48:37";MAYORISTA;MAYORISTA;31008,00;NAHUEL MONTOYA;410,21;$;2;GRUPO AYUDIN ARGENTINA S.A;0,00000000;0,00;Contado;;;POETT;CLOROX;;CLOROX;PISO;LAGO PUELO;LIMPIEZA;;;300;Bruno Centurion;AXUM;;CLOROX;False;133449;1;Lista General;MAYORISTA - A;44405;06-10-2026;509-LUCAS GODOY;CLOROX;1;0,00000000;1230,63
29314;"presidente peron 1774";LOMAS DE ZAMORA;2026-10-07;07-10-2026;06-10-2026;FAC-A0006-00000269;Venta;Empresa LAGOPUELO;34342;12,00;14767,56;17868,75;CLAUDIO ROBERTO BAZAN;;25,00 %;074;Romina Baez;0742;Poett Dsnf AlgrDia 12/900ml;1230,63;3456;"Venta modificada el 2026-10-06 09:48:37";MAYORISTA;MAYORISTA;15504,00;NAHUEL MONTOYA;410,21;$;2;GRUPO AYUDIN ARGENTINA S.A;0,00000000;0,00;Contado;;;POETT;CLOROX;;CLOROX;PISO;LAGO PUELO;LIMPIEZA;;;300;Bruno Centurion;AXUM;;CLOROX;False;133449;1;Lista General;MAYORISTA - A;44405;06-10-2026;509-LUCAS GODOY;CLOROX;1;0,00000000;1230,63
29314;"presidente peron 1774";LOMAS DE ZAMORA;2026-10-07;07-10-2026;06-10-2026;FAC-A0006-00000269;Venta;Empresa LAGOPUELO;36003;40,00;65212,50;78907,13;CLAUDIO ROBERTO BAZAN;;25,00 %;074;Romina Baez;0742;AYDN LAVDNA OR 25g/l 8/2l;1630,31;3456;"Venta modificada el 2026-10-06 09:48:37";MAYORISTA;MAYORISTA;69560,00;NAHUEL MONTOYA;543,44;$;2;GRUPO AYUDIN ARGENTINA S.A;0,00000000;0,00;Contado;;;AYUDIN;CLOROX;;CLOROX;LAVANDINA;LAGO PUELO;LIMPIEZA;;;300;Bruno Centurion;AXUM;;CLOROX;False;133449;1;Lista General;MAYORISTA - A;44405;06-10-2026;509-LUCAS GODOY;CLOROX;1;0,00000000;1630,31
29314;"presidente peron 1774";LOMAS DE ZAMORA;2026-10-07;07-10-2026;06-10-2026;FAC-A0006-00000269;Venta;Empresa LAGOPUELO;17927;90,00;71634,38;86677,59;CLAUDIO ROBERTO BAZAN;;25,00 %;074;Romina Baez;0742;AYDN LAVDNA OR 15/1L;795,94;3456;"Venta modificada el 2026-10-06 09:48:37";MAYORISTA;MAYORISTA;76410,00;NAHUEL MONTOYA;265,31;$;2;GRUPO AYUDIN ARGENTINA S.A;0,00000000;0,00;Contado;;;AYUDIN;CLOROX;;CLOROX;LAVANDINA;LAGO PUELO;LIMPIEZA;;;300;Bruno Centurion;AXUM;;CLOROX;False;133449;1;Lista General;MAYORISTA - A;44405;06-10-2026;509-LUCAS GODOY;CLOROX;1;0,00000000;795,94
29314;"presidente peron 1774";LOMAS DE ZAMORA;2026-10-07;07-10-2026;06-10-2026;FAC-A0006-00000269;Venta;Empresa LAGOPUELO;60222;30,00;34807,50;42117,08;CLAUDIO ROBERTO BAZAN;;15,00 %;074;Romina Baez;0742;Aydn Lavda TriPod 15/1l GP2;1160,25;3456;"Venta modificada el 2026-10-06 09:48:37";MAYORISTA;MAYORISTA;31500,00;NAHUEL MONTOYA;204,75;$;2;GRUPO AYUDIN ARGENTINA S.A;0,00000000;0,00;Contado;;;AYUDIN;CLOROX;;CLOROX;LAVANDINA;LAGO PUELO;LIMPIEZA;108;;300;Bruno Centurion;AXUM;;CLOROX;False;133449;1;Lista General;MAYORISTA - A;44405;06-10-2026;509-LUCAS GODOY;CLOROX;1;0,00000000;1160,25
29314;"presidente peron 1774";LOMAS DE ZAMORA;2026-10-07;07-10-2026;06-10-2026;FAC-A0006-00000269;Venta;Empresa LAGOPUELO;60226;30,00;34807,50;42117,08;CLAUDIO ROBERTO BAZAN;;15,00 %;074;Romina Baez;0742;Aydn PurGlac TriPod 15/1l GP2;1160,25;3456;"Venta modificada el 2026-10-06 09:48:37";MAYORISTA;MAYORISTA;31500,00;NAHUEL MONTOYA;204,75;$;2;GRUPO AYUDIN ARGENTINA S.A;0,00000000;0,00;Contado;;;AYUDIN;CLOROX;;CLOROX;LAVANDINA;LAGO PUELO;LIMPIEZA;111;;300;Bruno Centurion;AXUM;;CLOROX;False;133449;1;Lista General;MAYORISTA - A;44405;06-10-2026;509-LUCAS GODOY;CLOROX;1;0,00000000;1160,25
29314;"presidente peron 1774";LOMAS DE ZAMORA;2026-10-07;07-10-2026;06-10-2026;FAC-A0006-00000269;Venta;Empresa LAGOPUELO;11123;1,00;0,10;0,12;CLAUDIO ROBERTO BAZAN;;0,00 %;074;Romina Baez;0742;EXHIBIDOR LIMP Y DESINFECCION;0,10;3456;"Venta modificada el 2026-10-06 09:48:37";MAYORISTA;MAYORISTA;0,10;NAHUEL MONTOYA;0,00;$;2;GRUPO AYUDIN ARGENTINA S.A;0,00000000;0,00;Contado;;;EXHIBIDORES;EXHIBIDORES;;CLOROX;EXHIBIDORES;LAGO PUELO;LIMPIEZA;;;300;Bruno Centurion;AXUM;;CLOROX;False;133449;1;Lista General;MAYORISTA - A;44405;06-10-2026;509-LUCAS GODOY;CLOROX;1;0,00000000;0,10
107602;"Manuel Maza 2755 0";LANUS;2026-10-07;07-10-2026;06-10-2026;FAC-A0002-00011634;Venta;ELEBES;60222;15,00;17403,75;21058,54;Weng de;;15,00 %;26;Sabrina Pereyra;262;Aydn Lavda TriPod 15/1l GP2;1160,25;3454;"";AUTOSERVICIO;AUTOSERVICIO;15750,00;SIMON OLIVERA;204,75;$;2;GRUPO AYUDIN ARGENTINA S.A;0,00000000;0,00;Efectivo;;;AYUDIN;CLOROX;;CLOROX;LAVANDINA;LAGO PUELO;LIMPIEZA;108;;25;JOHANA VIGIL;AXUM;;CLOROX;False;133434;1;Lista General;AUTOSERVICIO - A;44346;06-10-2026;759-GABRIEL PEREZ;CLOROX;1;0,00000000;1160,25
107602;"Manuel Maza 2755 0";LANUS;2026-10-07;07-10-2026;06-10-2026;FAC-A0002-00011634;Venta;ELEBES;61046;15,00;22306,05;26990,32;Weng de;;18,00 %;26;Sabrina Pereyra;262;Aydn RopQuitMnch BlncInt 15/1l;1487,07;3454;"";AUTOSERVICIO;AUTOSERVICIO;20925,00;SIMON OLIVERA;326,43;$;2;GRUPO AYUDIN ARGENTINA S.A;0,00000000;0,00;Efectivo;;;AYUDIN;CLOROX;;CLOROX;LAVADO DE ROPA;LAGO PUELO;LIMPIEZA;135;;25;JOHANA VIGIL;AXUM;;CLOROX;False;133434;1;Lista General;AUTOSERVICIO - A;44346;06-10-2026;759-GABRIEL PEREZ;CLOROX;1;0,00000000;1487,07
23858;"ALSINA - (TRADICIONAL) 380";BURZACO;2026-10-07;06-10-2026;07-10-2026;NCR-A0002-00003857;DevoluciÛn por Rechazo;ELEBES;60234;-3,00;-7417,21;-8974,82;FACUNDO GUILLERMO GARBAGNATI;SIN DINERO;15,00 %;061;Nailah Guzman;;Aydn Lavdna Gel Ctra 15/700ml GP2;2472,40;3447;"";Farmacias y PerfumerÌas;Perfumeria;-6561,00;WALTER JANIUK;436,31;$;2;GRUPO AYUDIN ARGENTINA S.A;0,00000000;0,00;Contado;07-10-2026 08:05;;AYUDIN;CLOROX;;CLOROX;LAVANDINA;LAGO PUELO;LIMPIEZA;;;300;Bruno Centurion;Gescom;FAC-A0002-00011599;;True;134014;0;Lista General;Perfumeria - A;;01-01-2000;;CLOROX;1;0,00000000;2472,40
23858;"ALSINA - (TRADICIONAL) 380";BURZACO;2026-10-07;06-10-2026;07-10-2026;NCR-A0002-00003857;DevoluciÛn por Rechazo;ELEBES;60237;-3,00;-7417,21;-8974,82;FACUNDO GUILLERMO GARBAGNATI;SIN DINERO;15,00 %;061;Nailah Guzman;;Aydn Lavdna Gel Flr 15/700ml GP2;2472,40;3447;"";Farmacias y PerfumerÌas;Perfumeria;-6561,00;WALTER JANIUK;436,31;$;2;GRUPO AYUDIN ARGENTINA S.A;0,00000000;0,00;Contado;07-10-2026 08:05;;AYUDIN;CLOROX;;CLOROX;LAVANDINA;LAGO PUELO;LIMPIEZA;;;300;Bruno Centurion;Gescom;FAC-A0002-00011599;;True;134014;0;Lista General;Perfumeria - A;;01-01-2000;;CLOROX;1;0,00000000;2472,40
23858;"ALSINA - (TRADICIONAL) 380";BURZACO;2026-10-07;06-10-2026;07-10-2026;NCR-A0002-00003857;DevoluciÛn por Rechazo;ELEBES;60240;-3,00;-7417,21;-8974,82;FACUNDO GUILLERMO GARBAGNATI;SIN DINERO;15,00 %;061;Nailah Guzman;;Aydn Lavdna Gel Lavda EXPRT 15/700ml GP2;2472,40;3447;"";Farmacias y PerfumerÌas;Perfumeria;-6561,00;WALTER JANIUK;436,31;$;2;GRUPO AYUDIN ARGENTINA S.A;0,00000000;0,00;Contado;07-10-2026 08:05;;AYUDIN;CLOROX;;CLOROX;LAVANDINA;LAGO PUELO;LIMPIEZA;;;300;Bruno Centurion;Gescom;FAC-A0002-00011599;;True;134014;0;Lista General;Perfumeria - A;;01-01-2000;;CLOROX;1;0,00000000;2472,40
23858;"ALSINA - (TRADICIONAL) 380";BURZACO;2026-10-07;06-10-2026;07-10-2026;NCR-A0002-00003857;DevoluciÛn por Rechazo;ELEBES;60239;-3,00;-7417,21;-8974,82;FACUNDO GUILLERMO GARBAGNATI;SIN DINERO;15,00 %;061;Nailah Guzman;;Aydn Lavdna Gel MntFrs 15/700ml GP2;2472,40;3447;"";Farmacias y PerfumerÌas;Perfumeria;-6561,00;WALTER JANIUK;436,31;$;2;GRUPO AYUDIN ARGENTINA S.A;0,00000000;0,00;Contado;07-10-2026 08:05;;AYUDIN;CLOROX;;CLOROX;LAVANDINA;LAGO PUELO;LIMPIEZA;;;300;Bruno Centurion;Gescom;FAC-A0002-00011599;;True;134014;0;Lista General;Perfumeria - A;;01-01-2000;;CLOROX;1;0,00000000;2472,40
23858;"ALSINA - (TRADICIONAL) 380";BURZACO;2026-10-07;06-10-2026;07-10-2026;NCR-A0002-00003857;DevoluciÛn por Rechazo;ELEBES;60233;-3,00;-7417,21;-8974,82;FACUNDO GUILLERMO GARBAGNATI;SIN DINERO;15,00 %;061;Nailah Guzman;;Aydn Lavdna Gel Or 15/700ml GP2;2472,40;3447;"";Farmacias y PerfumerÌas;Perfumeria;-6561,00;WALTER JANIUK;436,31;$;2;GRUPO AYUDIN ARGENTINA S.A;0,00000000;0,00;Contado;07-10-2026 08:05;;AYUDIN;CLOROX;;CLOROX;LAVANDINA;LAGO PUELO;LIMPIEZA;;;300;Bruno Centurion;Gescom;FAC-A0002-00011599;;True;134014;0;Lista General;Perfumeria - A;;01-01-2000;;CLOROX;1;0,00000000;2472,40
23858;"ALSINA - (TRADICIONAL) 380";BURZACO;2026-10-07;06-10-2026;07-10-2026;NCR-A0002-00003857;DevoluciÛn por Rechazo;ELEBES;18098;-6,00;-9120,60;-11035,93;FACUNDO GUILLERMO GARBAGNATI;SIN DINERO;0,00 %;061;Nailah Guzman;;Mort Esp DobCara 4/24c                  ;1520,10;3447;"";Farmacias y PerfumerÌas;Perfumeria;-6756,00;WALTER JANIUK;0,00;$;2;GRUPO AYUDIN ARGENTINA S.A;0,00000000;0,00;Contado;07-10-2026 08:05;;MORTIMER;CLOROX;;CLOROX;MORTIMER;LAGO PUELO;LIMPIEZA;;;300;Bruno Centurion;Gescom;FAC-A0002-00011599;;True;134014;0;Lista General;Perfumeria - A;;01-01-2000;;CLOROX;1;0,00000000;1520,10
